"SAMPLE","DateTime","DATE","TIME","Timepoint","CYT","CYTSN","OP","FSC-A_Gain","SSC-A_Gain","R670-A_Gain","R730-A_Gain","R780-A_Gain","B530-A_Gain","B710-A_Gain","V450-A_Gain","V525-A_Gain","V610-A_Gain","V670-A_Gain","Y590-A_Gain","Y615-A_Gain","Y710-A_Gain","Y780-A_Gain","FSC-A-% rCV","SSC-A-% rCV","R670-A-% rCV","R730-A-% rCV","R780-A-% rCV","B530-A-% rCV","B710-A-% rCV","V450-A-% rCV","V525-A-% rCV","V610-A-% rCV","V670-A-% rCV","Y590-A-% rCV","Y615-A-% rCV","Y710-A-% rCV","Y780-A-% rCV","FSC-A","SSC-A","R670-A","R730-A","R780-A","B530-A","B710-A","V450-A","V525-A","V610-A","V670-A","Y590-A","Y615-A","Y710-A","Y780-A","Red_LaserDelay","Blue_LaserDelay","Violet_LaserDelay","yellow green_LaserDelay","Red_AreaScalingFactor","Blue_AreaScalingFactor","Violet_AreaScalingFactor","yellow green_AreaScalingFactor","FSC-H_Gain","FSC-W_Gain","SSC-H_Gain","SSC-W_Gain","R670-H_Gain","R730-H_Gain","R780-H_Gain","B530-H_Gain","B710-H_Gain","V450-H_Gain","V525-H_Gain","V610-H_Gain","V670-H_Gain","Y590-H_Gain","Y615-H_Gain","Y710-H_Gain","Y780-H_Gain","FSC-H-% rCV","FSC-W-% rCV","SSC-H-% rCV","SSC-W-% rCV","R670-H-% rCV","R730-H-% rCV","R780-H-% rCV","B530-H-% rCV","B710-H-% rCV","V450-H-% rCV","V525-H-% rCV","V610-H-% rCV","V670-H-% rCV","Y590-H-% rCV","Y615-H-% rCV","Y710-H-% rCV","Y780-H-% rCV","FSC-H","FSC-W","SSC-H","SSC-W","R670-H","R730-H","R780-H","B530-H","B710-H","V450-H","V525-H","V610-H","V670-H","Y590-H","Y615-H","Y710-H","Y780-H","Time_Gain"
"23-DEC-2021",2021-12-23 09:00:42,"2021-12-23","9H 0M 42S","Unknown","2.16.0","Unknown","Unknown",570,260,467,473,408,518,532,491,439,554,461,688,664,597,489,3.13,4.1,3.06,3.07,3.09,2.77,4.47,2.78,2.25,6.38,4.04,4.13,5.66,4.69,4.26,32640.66015625,78660,9328.689453125,6588.7998046875,7148.27978515625,11064,11295.2001953125,9190.7998046875,10176.48046875,8542.560546875,11442.990234375,17604.630859375,7980.80029296875,10201.75,9539.98046875,NA,NA,NA,NA,NA,NA,NA,NA,570,570,260,260,467,473,408,518,532,491,439,554,461,688,664,597,489,0.81,3.39,0.81,3.56,3.97,3.64,3.68,3.09,5.37,2.97,2.42,6.91,4.63,4.43,5.94,4.81,4.34,66648.84375,32108,66088.015625,77841,9737,6927,7577,10880,11092,9145,10361,8521,9414,17376,7888,10008,9403,NA
"23-DEC-2021",2021-12-23 08:57:42,"2021-12-23","8H 57M 42S","Unknown","2.16.0","Unknown","Unknown",570,260,467,473,408,518,532,491,439,554,461,688,664,597,489,3.14,3.78,4.36,4.14,4.33,2.79,4.44,2.8,2.25,5.96,4.07,5.15,6.5,5.59,5.25,32608.1005859375,77610.3984375,8407.8193359375,6014.7646484375,6553.65478515625,10984,11174.8002929688,8873.33984375,9885.66015625,8266.72509765625,10652.115234375,14297.9306640625,6485.90502929688,8187.84497070312,7715.490234375,NA,NA,NA,NA,NA,NA,NA,NA,570,570,260,260,467,473,408,518,532,491,439,554,461,688,664,597,489,0.84,3.31,0.81,3.25,3.84,3.45,3.73,3.17,5.28,3.05,2.49,6.55,4.4,4.52,6.07,4.81,4.32,66521.90234375,32108.5,65533.998046875,77477.5,9748,6906.5,7547,10913,11112.5,9132,10313.5,8512,9400,17320.5,7866.5,10013,9377,NA
"22-DEC-2021",2021-12-22 08:47:18,"2021-12-22","8H 47M 18S","Unknown","2.16.0","Unknown","Unknown",570,260,467,473,408,518,532,491,439,554,461,688,664,597,489,2.47,3.64,2.72,2.8,3.04,2.76,4.2,2.54,2.1,5.85,3.79,3.81,5.22,4.19,3.81,31618.3505859375,78336.40234375,9352.830078125,6580.27978515625,7115.974609375,11029.2001953125,11315.2001953125,9186.3603515625,10120.98046875,8574.75,11415.240234375,17682.4609375,7987.46508789062,10263.8852539062,9681.88037109375,NA,NA,NA,NA,NA,NA,NA,NA,570,570,260,260,467,473,408,518,532,491,439,554,461,688,664,597,489,0.8,2.63,0.75,3.67,3.61,3.29,3.55,3.11,5.05,2.88,2.36,6.19,4.36,4,5.69,4.51,3.91,66327.07421875,31230,65741.453125,78186,9788,6938,7551,10923.5,11146.5,9187.5,10371,8634.5,9387,17341.5,7850.5,10016,9482.5,NA
"22-DEC-2021",2021-12-22 08:45:49,"2021-12-22","8H 45M 49S","Unknown","2.16.0","Unknown","Unknown",570,260,467,473,408,518,532,491,439,554,461,688,664,597,489,2.38,3.72,5.34,5.46,4.81,2.85,4.31,2.58,2.09,6.07,3.97,5.01,6.38,5.48,4.94,31655.720703125,77222.40234375,8062.759765625,5561.4296875,6219.95458984375,10952.7998046875,11160.3999023438,8907.19482421875,9978.900390625,8337.2099609375,10656,14169.5751953125,6301.86499023438,7950.91528320312,7711.18994140625,NA,NA,NA,NA,NA,NA,NA,NA,570,570,260,260,467,473,408,518,532,491,439,554,461,688,664,597,489,0.8,2.62,0.8,3.68,3.53,3.35,3.4,3.16,5.34,2.84,2.33,6.68,4.41,4.1,5.81,4.49,4.13,66269.2265625,31294.5,65155.203125,77771,9756,6914,7550,10945,11161,9199,10455,8617,9383,17329,7853,10014,9476,NA
"21-DEC-2021",2021-12-21 08:09:26,"2021-12-21","8H 9M 26S","Unknown","2.16.0","Unknown","Unknown",570,260,467,473,408,518,532,491,439,554,461,688,664,597,489,2.57,3.51,2.8,2.75,2.87,2.62,4.23,2.61,2.15,5.82,3.75,3.97,5.33,4.34,3.91,31777.8203125,78688.8046875,9524.6494140625,6855.759765625,7437.25,11156.7998046875,11483.2001953125,9193.0205078125,10173.150390625,8652.4501953125,11447.4296875,17884.990234375,8099.47998046875,10571.98046875,10066.2998046875,NA,NA,NA,NA,NA,NA,NA,NA,570,570,260,260,467,473,408,518,532,491,439,554,461,688,664,597,489,0.79,2.79,0.66,3.62,3.56,3.33,3.53,2.84,5.37,2.82,2.26,6.32,4.15,4.17,5.95,4.59,4.04,66360.84375,31398,65695.1953125,78589,9881,7169,7822,11054,11330,9160,10366,8679,9430,17504,7945,10295,9840,NA
"21-DEC-2021",2021-12-21 08:07:57,"2021-12-21","8H 7M 57S","Unknown","2.16.0","Unknown","Unknown",570,260,467,473,408,518,532,491,439,554,461,688,664,597,489,2.64,3.79,6.01,6.32,6.29,2.68,4.64,2.93,2.35,6.16,3.83,5.28,6.77,5.79,5.69,31756.361328125,77320.8046875,8322.6201171875,5878.08984375,6404.90966796875,11027.2001953125,11276.7998046875,8862.240234375,9924.509765625,8368.2900390625,10623.810546875,14302.66015625,6372.60009765625,8197.9501953125,7874.16015625,NA,NA,NA,NA,NA,NA,NA,NA,570,570,260,260,467,473,408,518,532,491,439,554,461,688,664,597,489,0.82,2.68,0.77,3.69,3.6,3.55,3.59,3.06,5.35,3.14,2.57,6.54,4.17,4.13,5.93,4.61,4.06,66158.0625,31504,65052.4140625,77966,9837,7150,7804,11062,11329,9149,10371,8654,9426,17425,7905,10261,9813,NA
"20-DEC-2021",2021-12-20 15:45:52,"2021-12-20","15H 45M 52S","Unknown","LSRII","1","Administrator",570,260,467,473,408,518,532,491,439,554,461,688,664,597,489,4.07,3.73,2.66,2.7,2.88,2.48,3.99,2.72,2.14,5.55,3.74,4.2,5.38,4.45,4,32114.8896484375,80330.80078125,9500.509765625,6849.0146484375,7465.64990234375,11292.7998046875,11654.0004882812,9393.9296875,10254.1796875,8719.0498046875,11652.7802734375,18036.99609375,8128.72021484375,10679.0502929688,10111.4501953125,61.11,0,20.66,40.87,0.71,0.8,1.11,0.43,570,570,260,260,467,473,408,518,532,491,439,554,461,688,664,597,489,0.78,4.34,0.69,4.04,3.55,3.44,3.48,3.03,5.03,2.94,2.29,6.23,4.15,4.34,5.93,4.64,4.2,67330.28515625,31290.5,66979.26953125,78767.5,9796.5,7124.5,7830,10961,11303.5,9315,10398,8691,9492,17590.5,7913,10324,9806,NA
"20-DEC-2021",2021-12-20 15:43:35,"2021-12-20","15H 43M 35S","Unknown","2.16.0","Unknown","Unknown",570,260,467,473,408,518,532,491,439,554,461,688,664,597,489,3.13,3.52,3.09,2.97,3.15,2.61,4.1,2.51,2.08,5.68,3.96,4.13,5.48,4.52,3.98,32072.33984375,79685.6015625,9129.8896484375,6563.23974609375,7158.2197265625,11192,11555.2001953125,9111.990234375,10038.83984375,8518.1396484375,10971.240234375,15374.650390625,6961.7001953125,9036.8798828125,8621.5,NA,NA,NA,NA,NA,NA,NA,NA,570,570,260,260,467,473,408,518,532,491,439,554,461,688,664,597,489,0.79,3.3,0.58,3.76,3.65,3.47,3.47,3.12,5.07,2.73,2.29,6.34,4.35,4.12,5.75,4.5,3.85,67270.8203125,31243,66482.328125,78684,9843,7131,7811,10992,11335,9335,10436,8751,9515,17536,7939,10317,9848,NA
"16-DEC-2021",2021-12-16 08:23:14,"2021-12-16","8H 23M 14S","Unknown","2.16.0","Unknown","Unknown",570,260,467,473,408,518,532,491,439,554,461,688,664,597,489,1.96,5.28,3.5,3.71,3.57,3.91,5.12,4.55,4.22,7.42,4.63,4.36,5.95,4.67,4.13,45244.33984375,73154.3984375,9893.1396484375,7290.98974609375,8231.740234375,10125.6005859375,10548.7998046875,9143.0703125,9992.2197265625,8383.830078125,11278.7099609375,17126.900390625,7452.76025390625,10618.419921875,10221.5302734375,NA,NA,NA,NA,NA,NA,NA,NA,570,570,260,260,467,473,408,518,532,491,439,554,461,688,664,597,489,0.75,2.15,0.99,4.49,4.44,4.63,4.28,3.9,5.93,5.8,5.51,8.6,5.71,4.66,6.34,4.89,4.17,65890.46875,45060,64545.171875,74048,9680,7203,8179,10186,10598,8923,9947,8133,8887,16932,7369,10432,10067,NA
"16-DEC-2021",2021-12-16 08:22:15,"2021-12-16","8H 22M 15S","Unknown","2.16.0","Unknown","Unknown",570,260,467,473,408,518,532,491,439,554,461,688,664,597,489,2.14,5.25,4.33,4.27,4.23,4.05,5.34,4.83,4.45,7.7,5.02,4.65,6.41,5.05,4.96,44133.970703125,70299.203125,9062.439453125,6657.669921875,7548.7197265625,9732.7998046875,10121.6005859375,8662.4404296875,9583.740234375,7908.75,10069.919921875,12943.4306640625,5661.38012695312,7949.41015625,7692.48510742188,NA,NA,NA,NA,NA,NA,NA,NA,570,570,260,260,467,473,408,518,532,491,439,554,461,688,664,597,489,0.74,2.27,0.99,4.48,4.58,4.56,4.44,3.99,5.96,5.94,5.54,8.84,5.84,4.55,6.48,4.83,4.42,64283.287109375,45048,62182.076171875,73922,9711,7191,8175,10210,10559,8914,9952,8126,8880,16916,7373,10444.5,10057,NA
"15-DEC-2021",2021-12-15 08:41:25,"2021-12-15","8H 41M 25S","Unknown","2.16.0","Unknown","Unknown",570,260,467,473,408,518,532,491,439,554,461,688,664,597,489,1.51,4.29,3.15,3.31,3.4,3.11,4.97,2.98,2.34,6.53,4.3,3.85,5.55,4.58,4.03,45729.78125,72876.00390625,9851.9599609375,7398.90966796875,8412.080078125,10100.7998046875,10592,9322.8896484375,10278.6005859375,8607.4951171875,11293.140625,17338.4609375,7543.48999023438,10755.58984375,10480.60546875,NA,NA,NA,NA,NA,NA,NA,NA,570,570,260,260,467,473,408,518,532,491,439,554,461,688,664,597,489,0.63,1.51,0.57,3.91,3.72,4.07,3.86,3.51,6.1,3.15,2.57,7.27,4.73,4.07,5.96,4.65,4.05,65688.78515625,45635,64261.916015625,74276.5,9612.5,7290,8326,10217,10674,9368,10563,8638.5,9332,17322.5,7533,10665,10445,NA
"15-DEC-2021",2021-12-15 08:38:39,"2021-12-15","8H 38M 39S","Unknown","2.16.0","Unknown","Unknown",570,260,467,473,408,518,532,491,439,554,461,688,664,597,489,1.56,4.69,3.7,3.55,3.67,3.26,5.05,2.97,2.43,6.4,4.64,4.35,6.16,4.97,4.53,44678.98046875,70790.3984375,9046.8193359375,6813.15966796875,7748.93994140625,9759.2001953125,10145.6005859375,8875.560546875,9839.0400390625,8172.93017578125,10135.41015625,13198.419921875,5693.6298828125,8023.3701171875,7972.63037109375,NA,NA,NA,NA,NA,NA,NA,NA,570,570,260,260,467,473,408,518,532,491,439,554,461,688,664,597,489,0.64,1.57,0.6,4.29,3.9,3.83,3.84,3.56,5.99,3.12,2.52,7.14,4.96,4.2,6.37,4.7,4.18,64189.03125,45631,62450.875,74290,9682,7315,8371,10273,10722,9374,10547,8662,9328,17368,7561,10729,10505,NA
"14-DEC-2021",2021-12-14 08:01:03,"2021-12-14","8H 1M 3S","Unknown","2.16.0","Unknown","Unknown",570,260,467,473,408,518,532,491,439,554,461,688,664,597,489,1.65,4.17,2.97,3.08,3.17,2.84,4.77,2.83,2.22,6.63,4.19,3.94,5.97,4.66,4.11,48315.33984375,73929.6015625,10191.33984375,7717.69970703125,8862.9296875,10268,10865.6005859375,9417.240234375,10391.8203125,8610.2705078125,11421.900390625,17300.189453125,7541.77001953125,11051.4306640625,10814.0703125,NA,NA,NA,NA,NA,NA,NA,NA,570,570,260,260,467,473,408,518,532,491,439,554,461,688,664,597,489,0.58,1.73,0.55,3.76,3.64,3.77,3.8,3.27,5.74,3.15,2.4,6.99,4.72,4.35,6.58,4.78,4.24,65779.734375,48143,64266.60546875,75321,9990,7637,8816,10394,10978,9368,10568,8587,9360,17023,7432,10805,10601,NA
"14-DEC-2021",2021-12-14 07:58:21,"2021-12-14","7H 58M 21S","Unknown","2.16.0","Unknown","Unknown",570,260,467,473,408,518,532,491,439,554,461,688,664,597,489,1.65,3.91,3.27,3.41,3.24,2.8,4.76,2.79,2.26,6.32,4.41,4.22,5.97,4.76,4.31,47177.21875,71781.6015625,9401.109375,7077.27978515625,8182.03955078125,10034.400390625,10565.6005859375,8962.1396484375,9974.4599609375,8179.59033203125,10235.310546875,13192.400390625,5751.68017578125,8395.3203125,8255.140625,NA,NA,NA,NA,NA,NA,NA,NA,570,570,260,260,467,473,408,518,532,491,439,554,461,688,664,597,489,0.62,1.75,0.51,3.67,3.68,3.71,3.63,3.31,5.87,3.04,2.39,6.9,4.71,4.28,6.47,4.73,4.09,64242.3671875,48128,62706.640625,75049,10075,7679,8863,10431,11007,9368,10565,8570,9350,16901,7380,10784,10580,NA
"13-DEC-2021",2021-12-13 09:39:01,"2021-12-13","9H 39M 1S","Unknown","2.16.0","Unknown","Unknown",570,260,467,473,408,518,532,491,439,554,461,688,664,597,489,1.69,4.17,3.11,3.24,3.31,2.87,5.09,2.91,2.32,6.58,4.54,4.1,5.99,4.46,3.98,46025.78125,73832,9970.529296875,7591.31982421875,8470.2998046875,10358.400390625,10699.2001953125,9686.9697265625,10553.8798828125,8750.1298828125,11498.490234375,16638.849609375,7297.5302734375,10724.6298828125,10475.23046875,NA,NA,NA,NA,NA,NA,NA,NA,570,570,260,260,467,473,408,518,532,491,439,554,461,688,664,597,489,0.68,1.7,0.61,3.74,3.86,3.95,3.95,3.47,6.13,3.25,2.55,7.11,4.78,4.46,6.4,4.59,4.1,65955.859375,45749,64584.6171875,74847,9826,7541,8473,10430,10738,9729,10835,8779,9461,16533,7256,10588,10373,NA
"13-DEC-2021",2021-12-13 09:36:28,"2021-12-13","9H 36M 28S","Unknown","2.16.0","Unknown","Unknown",570,260,467,473,408,518,532,491,439,554,461,688,664,597,489,1.71,3.93,3.26,3.4,3.41,2.8,4.74,2.76,2.09,6.1,4.23,3.99,5.67,4.69,4.1,44948.7109375,71974,9159.7099609375,6990.3046875,7807.15966796875,10099.6000976562,10348.7998046875,9213.55517578125,10113.7651367188,8331.66015625,10277.490234375,12706.9306640625,5611.71508789062,8134.31005859375,7983.38037109375,NA,NA,NA,NA,NA,NA,NA,NA,570,570,260,260,467,473,408,518,532,491,439,554,461,688,664,597,489,0.71,1.67,0.57,3.52,3.78,3.86,3.73,3.3,5.8,2.99,2.31,6.74,4.66,4.22,5.98,4.51,3.88,64419.3046875,45710,63014.228515625,74817,9835,7547.5,8458,10435,10742.5,9716,10798,8776,9422,16520,7264,10598.5,10371.5,NA
"10-DEC-2021",2021-12-10 08:22:10,"2021-12-10","8H 22M 10S","Unknown","2.16.0","Unknown","Unknown",570,260,467,473,408,518,532,491,439,554,461,688,664,597,489,1.54,4.36,2.97,3.23,3.27,3.08,4.85,2.83,2.28,6.33,4.23,3.73,5.77,4.5,4.03,46107.181640625,73991.6015625,9919.41015625,7655.9296875,8646.3798828125,10305.6005859375,10741.6005859375,9609.2705078125,10385.16015625,8624.7001953125,11449.0952148438,16750.650390625,7331.93017578125,10913.615234375,10699.044921875,NA,NA,NA,NA,NA,NA,NA,NA,570,570,260,260,467,473,408,518,532,491,439,554,461,688,664,597,489,0.64,1.6,0.57,4.14,3.7,3.92,3.81,3.43,5.83,3.01,2.35,6.91,4.81,4.1,6.19,4.68,4.12,65800.9609375,45915.5,64395.412109375,75298,9728,7572,8612,10406,10817,9592,10605,8577,9376,16649,7284,10793,10608,NA
"10-DEC-2021",2021-12-10 08:19:58,"2021-12-10","8H 19M 58S","Unknown","2.16.0","Unknown","Unknown",570,260,467,473,408,518,532,491,439,554,461,688,664,597,489,1.61,4.28,3.52,3.72,3.45,3.05,4.96,2.89,2.3,6.67,4.58,4.28,5.9,4.79,4.35,44991.630859375,71342,9116.3994140625,7009.11962890625,7952,9988,10344,9139.740234375,9998.8798828125,8188.47021484375,10316.33984375,12766.2705078125,5614.94018554688,8282.22998046875,8157.53002929688,NA,NA,NA,NA,NA,NA,NA,NA,570,570,260,260,467,473,408,518,532,491,439,554,461,688,664,597,489,0.67,1.59,0.57,3.97,3.87,3.95,3.65,3.55,6,3.03,2.41,7.45,4.78,4.26,6.09,4.66,3.98,64188.748046875,45914.5,62459.18359375,74877,9766,7573,8617,10431.5,10852,9592,10623,8626.5,9389,16637.5,7291.5,10825,10638.5,NA
"09-DEC-2021",2021-12-09 12:03:42,"2021-12-09","12H 3M 42S","Unknown","2.16.0","Unknown","Unknown",570,260,467,473,408,518,532,491,439,554,461,688,664,597,489,3.28,4.39,3.28,3.45,3.59,3.12,5.23,3.07,2.71,6.48,4.18,4.47,6.03,4.87,4.54,46600.01953125,75343.203125,10179.9794921875,7075.14990234375,7883.83984375,10424.7998046875,10364.7998046875,9811.2900390625,10457.310546875,8683.5302734375,11603.9404296875,16788.919921875,7319.89013671875,9966.1103515625,9291.4404296875,NA,NA,NA,NA,NA,NA,NA,NA,570,570,260,260,467,473,408,518,532,491,439,554,461,688,664,597,489,0.74,3.76,0.95,4.16,4.39,4.39,4.18,3.74,6.38,3.42,3.07,7.16,4.81,4.72,6.41,5.12,4.65,66930.9296875,45656,65885.6640625,74961,9986,6990,7842,10299,10198,9668,10533,8572,9310,16574,7236,9755,9158,NA
"09-DEC-2021",2021-12-09 12:01:37,"2021-12-09","12H 1M 37S","Unknown","2.16.0","Unknown","Unknown",570,260,467,473,408,518,532,491,439,554,461,688,664,597,489,2.67,4.37,5.39,5.68,5.74,3.08,5.1,3,2.52,6.29,4.31,4.77,6.41,5.16,4.69,45658,73734.3984375,8555.5,5928.5,6622.169921875,10123.2001953125,10047.2001953125,9337.3203125,10045.5,8288.3701171875,10578.2998046875,12443.33984375,5428.3203125,7488.4501953125,6910.5302734375,NA,NA,NA,NA,NA,NA,NA,NA,570,570,260,260,467,473,408,518,532,491,439,554,461,688,664,597,489,0.73,2.78,0.71,3.98,4,4.18,4.18,3.48,6.29,3.38,2.74,6.98,4.79,4.54,6.21,5.02,4.36,65287.046875,45852,64157.55859375,75262,9935,6955,7795,10344,10249,9708,10566,8622,9315,16579,7234,9768,9157,NA
"08-DEC-2021",2021-12-08 17:16:09,"2021-12-08","17H 16M 9S","Unknown","2.16.0","Unknown","Unknown",570,260,467,473,408,518,532,491,439,554,461,688,664,597,489,2.5,5.22,4.71,4.93,4.89,3.58,5.17,3.52,3.15,6.71,4.6,4.82,6.55,5.11,4.8,50482.0625,72041.6015625,9025.51953125,6554.009765625,7344.23974609375,9896,9961.6005859375,9256.2900390625,9983.33984375,8214,10412.91015625,12942.5703125,5674.7099609375,7792.4599609375,7497.47998046875,NA,NA,NA,NA,NA,NA,NA,NA,570,570,260,260,467,473,408,518,532,491,439,554,461,688,664,597,489,0.82,2.61,1.05,4.55,5,5.28,5.1,3.81,6.37,3.74,3.39,7.5,5.01,4.71,6.6,5.06,4.45,64931.375,51011,63245.1953125,74554,9735,7129,7999,10263,10318,9719,10630,8644,9447,16693,7282,10029,9618,NA
"08-DEC-2021",2021-12-08 16:33:29,"2021-12-08","16H 33M 29S","Unknown","2.16.0","Unknown","Unknown",570,260,467,473,408,518,532,491,439,554,461,688,664,597,489,1.56,4.1,3,3.38,3.36,3.04,5.07,3.13,2.47,6.75,4.31,4.27,5.92,4.43,4.36,51971.625,76552.14453125,10145.9052734375,7446.72998046875,8373.10009765625,10787.9248046875,10997.0849609375,9853.03466796875,10736.1298828125,8965.98486328125,11876.8647460938,17093.5595703125,7430.5,10663.8403320312,10387.9599609375,NA,NA,NA,NA,NA,NA,NA,NA,570,570,260,260,467,473,408,518,532,491,439,554,461,688,664,597,489,0.58,1.61,0.61,4.23,3.8,3.64,4.09,3.69,6.45,3.06,2.69,7.42,4.54,4.71,6.18,4.73,4.46,66758.29296875,51050.5,66720.08203125,75325.5,9978.5,7383,8364.5,10497.5,10738.5,9728,10819,8879.5,9602,16409,7139,10176.5,9943,NA
"06-DEC-2021",2021-12-06 09:29:24,"2021-12-06","9H 29M 24S","Unknown","2.16.0","Unknown","Unknown",570,260,467,473,408,518,532,491,439,554,461,688,664,597,489,2,5.13,3.29,3.47,3.69,3.53,5.5,3.03,2.46,6.69,4.47,4.1,6.1,4.6,4.02,50184,70244.97265625,9634.17529296875,7044.5,7685.4404296875,9853.3447265625,10147.9951171875,9065.42529296875,10064.91015625,8478.95458984375,11518.6547851562,16111.4799804688,7052.53979492188,10041.8999023438,9531.93994140625,NA,NA,NA,NA,NA,NA,NA,NA,570,570,260,260,467,473,408,518,532,491,439,554,461,688,664,597,489,0.79,1.69,0.61,4.67,3.95,4.1,4.1,3.81,6.32,3.36,2.75,7.27,4.89,4.35,6.47,4.68,4.09,64679.6484375,50840,63725.640625,72138,9575,7059,7748.5,10041,10311,9103,10338,8528.5,9478.5,16195,7102,10034,9549.5,NA
"06-DEC-2021",2021-12-06 09:27:50,"2021-12-06","9H 27M 50S","Unknown","2.16.0","Unknown","Unknown",570,260,467,473,408,518,532,491,439,554,461,688,664,597,489,2.14,5.13,8.21,7.07,7.23,3.75,5.23,3.06,2.57,6.44,4.68,7.12,8.52,7.69,7.51,49065,67420.0703125,7873.7802734375,5930.52001953125,6492.98510742188,9576.5400390625,9711.830078125,8495.33984375,9591.4404296875,7903.2197265625,10013.4946289062,10806.3999023438,4594.26000976562,6605.49975585938,6149.21997070312,NA,NA,NA,NA,NA,NA,NA,NA,570,570,260,260,467,473,408,518,532,491,439,554,461,688,664,597,489,0.79,1.76,0.81,4.5,3.79,4.02,4.22,3.78,6.18,3.17,2.58,7.03,4.71,4.28,6.24,4.61,4.11,63284.86328125,50785,61689.970703125,71552.5,9542,7026,7723.5,10017.5,10294,9096,10358,8473.5,9450.5,16170,7080.5,10015,9513.5,NA
"03-DEC-2021",2021-12-03 08:50:46,"2021-12-03","8H 50M 46S","Unknown","2.16.0","Unknown","Unknown",570,260,467,473,408,518,532,491,439,554,461,688,664,597,489,1.57,4.7,3.37,3.48,3.61,3.2,5.04,3.12,2.49,6.76,4.6,4.17,6.18,4.66,4.06,52192.5,71032.640625,9850.6201171875,7609.52001953125,8721.310546875,9876.169921875,10602.419921875,9084.0703125,10142.8798828125,8487.4296875,11584.759765625,16406.0595703125,7178.16015625,10881.8598632812,10804.6396484375,NA,NA,NA,NA,NA,NA,NA,NA,570,570,260,260,467,473,408,518,532,491,439,554,461,688,664,597,489,0.57,1.53,0.8,4.65,4.06,4.02,4.14,3.66,5.88,3.32,2.69,7.19,5.06,4.5,6.67,4.64,4.1,64531.56640625,53016,63686.875,73197.5,9777,7609,8803,10082,10796.5,9208.5,10509,8641.5,9690.5,16229.5,7108,10711,10658.5,NA
"03-DEC-2021",2021-12-03 08:49:47,"2021-12-03","8H 49M 47S","Unknown","2.16.0","Unknown","Unknown",570,260,467,473,408,518,532,491,439,554,461,688,664,597,489,1.65,4.7,5.69,5.58,6.43,3.4,5.2,3.15,2.57,6.71,4.59,5.94,7.01,6.61,6.13,51221.25,69412.8984375,8583.33984375,6637.16015625,7520.4599609375,9651.240234375,10247.1796875,8603.8203125,9719.1298828125,8062.5498046875,10179.0400390625,11928.83984375,5229.39990234375,7643.23974609375,7648.52001953125,NA,NA,NA,NA,NA,NA,NA,NA,570,570,260,260,467,473,408,518,532,491,439,554,461,688,664,597,489,0.62,1.48,0.83,4.43,3.81,3.95,3.87,3.61,6.11,3.22,2.55,7.05,4.56,4.51,6.37,4.66,4,63265.90234375,53047,62499.19140625,72775,9765,7589,8782,10099,10772,9200,10522,8646,9651,16221,7104,10728,10664,NA
"02-DEC-2021",2021-12-02 11:49:20,"2021-12-02","11H 49M 20S","Unknown","2.16.0","Unknown","Unknown",570,260,467,473,408,518,532,491,439,554,461,688,664,597,489,1.59,4.66,3.21,3.23,3.23,3.31,5.24,3.01,2.43,6.84,4.51,4.19,6.33,4.83,4.13,51144,70723.46875,9130.1103515625,7111.66015625,8132.2001953125,9746.689453125,10606.5693359375,9142.830078125,10079.599609375,8377.8203125,11438.990234375,16277.7998046875,7101.16015625,10732.4794921875,10682.3203125,NA,NA,NA,NA,NA,NA,NA,NA,570,570,260,260,467,473,408,518,532,491,439,554,461,688,664,597,489,0.62,1.49,0.51,4.51,3.85,3.8,3.76,3.73,6,3.29,2.77,7.32,5.03,4.45,6.67,4.96,4.11,65219.03515625,51401,64301.64453125,72117,9587,7534,8667,9854,10653,9140,10293,8401,9366,16381,7158,10729,10714,NA
"02-DEC-2021",2021-12-02 11:48:06,"2021-12-02","11H 48M 6S","Unknown","2.16.0","Unknown","Unknown",570,260,467,473,408,518,532,491,439,554,461,688,664,597,489,1.56,4.63,3.63,3.46,3.53,3.28,4.98,2.92,2.46,6.57,4.62,5.38,6.76,5.79,5.07,49935,68752.21875,8123.07543945312,6335.30493164062,7267.150390625,9457.01953125,10205.6796875,8651.2802734375,9548.5,7930.33984375,9990.330078125,11779.4599609375,5263.27978515625,7646.97998046875,7849.38012695312,NA,NA,NA,NA,NA,NA,NA,NA,570,570,260,260,467,473,408,518,532,491,439,554,461,688,664,597,489,0.63,1.45,0.62,4.36,3.77,3.75,3.73,3.58,5.8,3.19,2.61,7.28,4.92,4.39,6.38,4.81,4.03,63807.716796875,51281,62666.9921875,71888,9563,7515,8651,9806,10639.5,9111,10228,8383.5,9335,16345,7156,10716,10701,NA
"01-DEC-2021",2021-12-01 08:56:27,"2021-12-01","8H 56M 27S","Unknown","2.16.0","Unknown","Unknown",570,260,467,473,408,518,532,491,439,554,461,688,664,597,489,1.93,5.05,3.42,3.65,4,3.57,5.46,3.52,3.07,6.99,4.3,4.29,6.23,4.8,4.5,57173.625,70522.19140625,9709.73046875,6891.56518554688,7552.580078125,9890.69482421875,9968.71484375,9076.16015625,10136.099609375,8493.080078125,11483.0595703125,16463.259765625,7187.39990234375,9864.580078125,9269.919921875,NA,NA,NA,NA,NA,NA,NA,NA,570,570,260,260,467,473,408,518,532,491,439,554,461,688,664,597,489,0.53,1.71,0.65,4.5,4.1,4.42,4.5,3.83,6.38,3.54,3.06,7.41,4.6,4.33,6.5,4.88,4.55,64903.732421875,57684.5,63763.44921875,72355.5,9522.5,6829.5,7538,10057,10113.5,9169,10479,8626.5,9632,16555,7240.5,9874,9303.5,NA
"01-DEC-2021",2021-12-01 08:55:08,"2021-12-01","8H 55M 8S","Unknown","2.16.0","Unknown","Unknown",570,260,467,473,408,518,532,491,439,554,461,688,664,597,489,2.27,5.3,6.63,6.21,7.05,3.7,5.46,4.14,3.63,6.94,4.94,6.88,8.69,7.96,7.56,55742.625,68225.16796875,8502.67529296875,6130.90502929688,6654.31518554688,9551.6396484375,9531.7197265625,8597.60498046875,9674.49462890625,7998.705078125,10279.6103515625,11932.3598632812,5207.83984375,6886.65991210938,6541.919921875,NA,NA,NA,NA,NA,NA,NA,NA,570,570,260,260,467,473,408,518,532,491,439,554,461,688,664,597,489,0.71,1.88,0.79,4.63,4.05,4.37,4.66,3.8,6.08,3.9,3.37,7.36,4.78,4.42,6.67,5.16,4.73,63553.966796875,57477,62251.724609375,71742.5,9506.5,6791,7507,10031,10063,9116,10416,8545.5,9609.5,16486,7227,9850,9278.5,NA
"30-NOV-2021",2021-11-30 09:11:34,"2021-11-30","9H 11M 34S","Unknown","2.16.0","Unknown","Unknown",570,260,467,473,408,518,532,491,439,554,461,688,664,597,489,2.62,5.17,3.51,4.01,4.21,3.83,5.42,3.87,3.54,6.91,4.46,4.18,6.03,4.75,4.18,57582.75,69336.5390625,9423.5703125,6647.38037109375,7435.7802734375,9678.6298828125,9776.5693359375,8957.509765625,9951.91015625,8272.7294921875,11306.7802734375,16052.51953125,7013.60009765625,9565.599609375,9074.1201171875,NA,NA,NA,NA,NA,NA,NA,NA,570,570,260,260,467,473,408,518,532,491,439,554,461,688,664,597,489,0.55,2.44,0.74,4.87,4.17,4.6,4.57,4.09,6.38,3.96,3.51,7.39,4.75,4.46,6.42,5.08,4.35,64565.6015625,58435,63290.546875,71789,9431,6706,7528,9934,9987,9088,10311,8429,9574,16188,7088,9593,9129,NA
"30-NOV-2021",2021-11-30 09:10:13,"2021-11-30","9H 10M 13S","Unknown","LSRII","1","Administrator",570,260,467,473,408,518,532,491,439,554,461,688,664,597,489,2.6,5.41,5.37,6.12,5.49,3.77,5.58,3.69,3.45,7.17,4.54,5.14,6.97,5.85,5.41,56506.5,68332.2421875,7171.52001953125,4895.38037109375,5753.13037109375,9510.1396484375,9463.66015625,8538.2802734375,9571.099609375,7871.580078125,9925.919921875,10657.6796875,4517.47998046875,6006.8798828125,5979.60009765625,58.58,0,19.88,39.6,0.73,0.83,1.13,0.44,570,570,260,260,467,473,408,518,532,491,439,554,461,688,664,597,489,0.59,2.37,0.68,4.98,4.04,4.46,4.73,3.93,6.57,3.74,3.32,7.69,4.64,4.52,6.4,5.07,4.39,63441.18359375,58384,62087.6875,72079,9439,6750,7582,9951,10018,9106,10351,8467,9591,16253,7116,9644,9176,NA
"29-NOV-2021",2021-11-29 09:14:06,"2021-11-29","9H 14M 6S","Unknown","LSRII","1","Administrator",570,260,467,473,408,518,532,491,439,554,461,688,664,597,489,1.66,4.62,3.34,3.48,3.58,3.17,5.34,3.42,2.83,6.96,4.41,4.15,6.06,4.6,4.12,56938.5,71127.6796875,9981.2900390625,7613.900390625,8523.48046875,10087.8193359375,10528.5498046875,9117.9697265625,10258.1396484375,8643.3701171875,11631.08984375,16531.6796875,7234.0400390625,10684.51953125,10512.0400390625,58.58,0,19.88,39.6,0.73,0.83,1.13,0.44,570,570,260,260,467,473,408,518,532,491,439,554,461,688,664,597,489,0.58,1.53,0.62,4.54,3.9,4.06,4.1,3.56,6.29,3.54,2.88,7.54,4.82,4.35,6.5,4.8,4.07,64860.921875,57499,63696.078125,73255,9873,7593,8561,10275,10705,9160,10547,8733,9721,16333,7141,10493,10349,NA
"29-NOV-2021",2021-11-29 09:11:55,"2021-11-29","9H 11M 55S","Unknown","2.16.0","Unknown","Unknown",570,260,467,473,408,518,532,491,439,554,461,688,664,597,489,1.63,4.36,3.77,3.94,4.02,3.14,5.07,3.49,2.83,6.73,4.51,4.56,6.54,5.11,4.58,55909.5,69725.8125,8841.759765625,6754.68994140625,7592.72998046875,9870.359375,10150.8994140625,8689.7001953125,9873.9404296875,8288.5498046875,10523.6904296875,12499.51953125,5392.64013671875,7844.31982421875,7917.7998046875,NA,NA,NA,NA,NA,NA,NA,NA,570,570,260,260,467,473,408,518,532,491,439,554,461,688,664,597,489,0.62,1.43,0.65,4.41,4.01,3.91,4.06,3.46,6.24,3.49,2.83,7.29,4.68,4.52,6.6,4.83,4.15,63730.796875,57459,62379.53515625,73355,9917,7616,8592,10293,10711,9170,10542,8780,9735,16337,7139,10488,10360,NA
"28-NOV-2021",2021-11-28 15:35:21,"2021-11-28","15H 35M 21S","Unknown","2.16.0","Unknown","Unknown",570,260,467,473,408,518,532,491,439,554,461,688,664,597,489,1.57,4.29,3.16,3.38,3.44,3.15,5.23,3.22,2.72,6.79,4.41,4.16,6.13,4.8,4.3,58249.125,70733.015625,10036.7705078125,7183.2001953125,7910.64526367188,10035.9448242188,10227.6748046875,9106.669921875,10189.7749023438,8660.3203125,11547.4697265625,16409.7998046875,7173.31982421875,10121.3203125,9646.33984375,NA,NA,NA,NA,NA,NA,NA,NA,570,570,260,260,467,473,408,518,532,491,439,554,461,688,664,597,489,0.58,1.38,0.8,4.27,3.76,3.89,3.85,3.48,6.33,3.45,2.74,7.53,4.82,4.45,6.34,4.86,4.42,64686.28125,58991,63412.294921875,73158.5,10044,7262.5,8033.5,10267,10455.5,9188,10508.5,8781,9701,16170,7063,9898.5,9483,NA
"28-NOV-2021",2021-11-28 15:34:12,"2021-11-28","15H 34M 12S","Unknown","2.16.0","Unknown","Unknown",570,260,467,473,408,518,532,491,439,554,461,688,664,597,489,1.63,4.37,4.17,4.23,4.3,3.29,5.2,3.28,2.7,6.47,4.33,4.46,6.38,5.2,4.73,57177,69543.2109375,8296.4501953125,5777.22021484375,6615.26025390625,9869.5302734375,10010.6298828125,8686.3095703125,9798.2294921875,8235.4404296875,10257.009765625,11868.5595703125,5309.0400390625,7343.16015625,7066.83984375,NA,NA,NA,NA,NA,NA,NA,NA,570,570,260,260,467,473,408,518,532,491,439,554,461,688,664,597,489,0.59,1.44,0.75,4.3,3.8,3.91,4.13,3.5,6.26,3.4,2.7,7.15,4.71,4.23,6.42,4.91,4.35,63566.76953125,58915,62383.37890625,73114,10024,7247,8037,10284,10488,9190,10501,8769,9702,16134,7090,9906,9466,NA
"24-NOV-2021",2021-11-24 08:18:38,"2021-11-24","8H 18M 38S","Unknown","2.16.0","Unknown","Unknown",570,260,467,473,408,518,532,491,439,554,461,688,664,597,489,1.4,4.12,3.24,3.45,3.45,2.68,5.01,3.23,2.51,6.68,4.19,4.16,5.75,4.34,4.03,64063.5,76706.109375,9955.740234375,7348.91015625,8305.2099609375,10736.0498046875,11042.3193359375,9293.1201171875,10407.2998046875,8672.75,11635.6103515625,16931.19921875,7397.27978515625,10615.8798828125,10230.4404296875,NA,NA,NA,NA,NA,NA,NA,NA,570,570,260,260,467,473,408,518,532,491,439,554,461,688,664,597,489,0.5,1.46,0.63,4.42,3.81,4.17,3.96,3.38,6.07,3.28,2.6,7.26,4.78,4.45,6.29,4.48,4.2,66031.5078125,63596,65142.6328125,77421,9809,7317,8309,10717,11008,9275,10615,8703,9647,16755,7331,10462,10122,NA
"24-NOV-2021",2021-11-24 08:17:41,"2021-11-24","8H 17M 41S","Unknown","2.16.0","Unknown","Unknown",570,260,467,473,408,518,532,491,439,554,461,688,664,597,489,1.54,4.32,3.5,3.79,3.8,2.89,4.77,3.32,2.76,6.46,4.26,4.11,6.01,4.91,4.22,63181.5,75494.72265625,9203.47509765625,6761.62524414062,7687.99536132812,10515.26953125,10774.2294921875,8870.5,10059.259765625,8332.05517578125,10609.5703125,13474.1201171875,5887.86010742188,8431.2802734375,8140,NA,NA,NA,NA,NA,NA,NA,NA,570,570,260,260,467,473,408,518,532,491,439,554,461,688,664,597,489,0.64,1.38,0.83,4.34,3.86,4.08,3.92,3.38,5.8,3.42,2.87,6.97,4.38,4.11,6.29,4.74,3.99,64988.625,63718,63994.52734375,77435.5,9796,7264,8264,10770.5,10986.5,9251,10593,8676,9628.5,16789,7327,10498,10129.5,NA
"23-NOV-2021",2021-11-23 08:31:35,"2021-11-23","8H 31M 35S","Unknown","2.16.0","Unknown","Unknown",570,260,467,473,408,518,532,491,439,554,461,688,664,597,489,1.53,4.72,3.46,3.7,3.69,3.03,5.06,3.43,3.03,6.72,4.58,4.15,6.24,4.8,4.07,62239.875,76207.69140625,9539.640625,7106.18530273438,8089.8603515625,10667.990234375,11005.7998046875,9146.2197265625,10286.3896484375,8545.0595703125,11566.6796875,16691.1796875,7307.52001953125,10498.400390625,10220.759765625,NA,NA,NA,NA,NA,NA,NA,NA,570,570,260,260,467,473,408,518,532,491,439,554,461,688,664,597,489,0.53,1.33,0.75,4.15,4.16,4.31,3.97,3.39,6.04,3.45,3,7.33,4.89,4.32,6.59,4.94,4.23,65741.9765625,62032,64579.69921875,77196.5,9546,7162,8187,10712,11040.5,9284,10678,8727.5,9744,16527,7257,10349,10108.5,NA
"23-NOV-2021",2021-11-23 08:30:27,"2021-11-23","8H 30M 27S","Unknown","2.16.0","Unknown","Unknown",570,260,467,473,408,518,532,491,439,554,461,688,664,597,489,1.57,4.58,3.81,3.89,4,3.11,5.07,3.4,2.91,6.47,4.63,4.57,6.3,4.84,4.44,61260.75,74360.53125,8751.970703125,6459.77001953125,7446.72998046875,10406.5400390625,10743.51953125,8729.25,9892.01953125,8184.58984375,10463.7998046875,13082.9599609375,5716.0400390625,8153.2001953125,8002.27978515625,NA,NA,NA,NA,NA,NA,NA,NA,570,570,260,260,467,473,408,518,532,491,439,554,461,688,664,597,489,0.58,1.36,0.7,3.93,4.02,3.98,4.02,3.41,6.03,3.39,2.92,7.1,4.82,4.42,6.52,4.69,4.1,64688.578125,62039,63128.33203125,77080,9554,7157,8190,10728,11062,9278,10655,8730,9730,16552,7234,10360,10129,NA
"22-NOV-2021",2021-11-22 07:49:59,"2021-11-22","7H 49M 59S","Unknown","2.16.0","Unknown","Unknown",570,260,467,473,408,518,532,491,439,554,461,688,664,597,489,1.38,4.38,3.18,3.29,3.21,3.01,4.81,3.26,2.52,6.75,4.55,4.17,5.98,4.58,4.17,64243.5,77277.1484375,10072.5400390625,7798.59033203125,8837.3798828125,10858.8896484375,11561.0693359375,9199.330078125,10362.099609375,8642.240234375,11528.259765625,16532.560546875,7271,10975.3603515625,11019.7998046875,NA,NA,NA,NA,NA,NA,NA,NA,570,570,260,260,467,473,408,518,532,491,439,554,461,688,664,597,489,0.56,1.24,0.65,4.38,3.77,3.65,3.52,3.29,5.64,3.88,3.19,7.52,5.2,4.36,6.5,4.69,4.19,65791.6328125,63971,64700.2890625,78359,10056,7842,8939,10896,11594,9028,10407,8542,9261,16136,7090,10647,10721,NA
"22-NOV-2021",2021-11-22 07:49:17,"2021-11-22","7H 49M 17S","Unknown","2.16.0","Unknown","Unknown",570,260,467,473,408,518,532,491,439,554,461,688,664,597,489,1.67,4.53,3.53,3.51,3.62,2.93,5.03,3.16,2.51,6.64,4.41,4.58,6.27,4.92,4.16,63386.625,76435.11328125,9314.7998046875,7239.41015625,8253.3798828125,10655.5400390625,11322.4448242188,8836.03466796875,10041.1796875,8317.36474609375,10577.9296875,13063.3798828125,5731,8653.259765625,8724.31982421875,NA,NA,NA,NA,NA,NA,NA,NA,570,570,260,260,467,473,408,518,532,491,439,554,461,688,664,597,489,0.68,1.37,0.82,4.49,3.39,3.67,3.77,3.32,5.96,3.53,2.88,7.24,4.8,4.41,6.4,4.5,3.74,64858.6640625,64035,63783.869140625,78639,10038,7858.5,8987,10926,11574.5,9060,10435.5,8557.5,9271,16135,7091,10711,10779,NA
"19-NOV-2021",2021-11-19 15:48:20,"2021-11-19","15H 48M 20S","Unknown","2.16.0","Unknown","Unknown",570,260,467,473,408,518,532,491,439,554,461,688,664,597,489,1.29,4.19,3.22,3.49,3.46,2.83,4.9,2.95,2.29,6.71,4.26,4.09,6.07,4.56,4.03,63106.5,75677.7421875,9593.66015625,7466.4404296875,8664.3701171875,10470.4501953125,11330.330078125,9358.66015625,10385.830078125,8609.4697265625,11597.1904296875,16818.560546875,7350.2001953125,10992.080078125,10924.3203125,NA,NA,NA,NA,NA,NA,NA,NA,570,570,260,260,467,473,408,518,532,491,439,554,461,688,664,597,489,0.53,1.41,0.8,4.65,3.87,4.01,3.96,3.41,5.88,3.21,2.56,7.21,4.78,4.37,6.4,4.67,3.99,66295.4609375,62394,65375.5625,76116,9578,7513,8766,10421,11249,9378,10641,8676,9555,16741,7319,10886,10839,NA
"19-NOV-2021",2021-11-19 15:47:38,"2021-11-19","15H 47M 38S","Unknown","2.16.0","Unknown","Unknown",570,260,467,473,408,518,532,491,439,554,461,688,664,597,489,1.32,4.18,3.55,3.67,3.71,2.84,4.79,2.94,2.32,6.6,4.5,4.24,6.28,4.8,4.29,62037.75,74568.03125,8842.490234375,6871.490234375,8019.7802734375,10263.7802734375,11083.8193359375,8960.900390625,10046.830078125,8305.5,10607.3095703125,13350.919921875,5839.23974609375,8675.4794921875,8635,NA,NA,NA,NA,NA,NA,NA,NA,570,570,260,260,467,473,408,518,532,491,439,554,461,688,664,597,489,0.55,1.33,0.77,4.37,3.86,3.87,4.04,3.36,5.81,3.08,2.54,7.38,4.74,4.37,6.55,4.64,4.02,65183.16015625,62379,64457.76953125,76022,9533,7476,8733,10414,11244,9379,10642,8702,9569,16682,7288,10843,10809,NA
"19-NOV-2021",2021-11-19 09:53:41,"2021-11-19","9H 53M 41S","Unknown","2.16.0","Unknown","Unknown",570,260,467,473,408,518,532,491,439,554,461,688,664,597,489,12.35,9.65,3.66,4.16,4.34,10.35,10.85,3.37,2.94,6.55,3.98,5.3,6.54,5.45,5.66,36875.25,68639.8046875,10119.75,7059.75,7775.625,9199.5751953125,9068.76025390625,9428.16015625,10554.8798828125,8538.8798828125,11502.400390625,15983.66015625,6936.60009765625,9241.5400390625,8637.85986328125,NA,NA,NA,NA,NA,NA,NA,NA,570,570,260,260,467,473,408,518,532,491,439,554,461,688,664,597,489,0.87,12.5,1.11,10.41,4.64,5.36,5.13,11.47,12.16,3.28,2.94,7.01,4.43,5.24,6.78,5.52,5.52,66241.90234375,36534.5,64596.775390625,69747.5,9949,7010.5,7780.5,9255,9064,9508.5,10891,8670.5,9537,15889.5,6914,9138,8574.5,NA
"19-NOV-2021",2021-11-19 09:52:53,"2021-11-19","9H 52M 53S","Unknown","LSRII","1","Administrator",630,270,467,473,408,518,532,491,439,554,461,688,664,597,489,23.83,17.7,4.56,5.25,4.95,19.52,20.55,5.06,4.73,7.78,4.57,8.94,10.26,9.21,9.62,53722.125,83940.30078125,9500.625,6645.375,7334.625,8426.8349609375,8119.43994140625,8913.52001953125,10086.7197265625,8108.7998046875,10392.4799804688,12120.0200195312,5252.5,6955.52001953125,6512.43994140625,58.05,0,19.39,39.08,0.74,0.82,1.14,0.44,630,630,270,270,467,473,408,518,532,491,439,554,461,688,664,597,489,1.17,23.35,0.93,17.94,4.83,5.47,5.11,20.26,21.27,5.46,5.05,8.74,5.23,6.64,8.22,7.1,6.92,63887.91796875,54852,63101.1796875,86989,10076.5,7121,7865,8672,8449,9384,10765,8533,9429.5,15583.5,6778.5,8954,8398,NA
"18-NOV-2021",2021-11-18 09:43:50,"2021-11-18","9H 43M 50S","Unknown","2.16.0","Unknown","Unknown",570,270,467,473,408,509,524,491,439,554,461,688,664,597,489,3.49,4.53,2.99,3.31,3.4,3.55,5.64,2.96,2.42,6.24,4.34,3.99,6.07,4.8,4.43,40413.7578125,98388.92578125,9793.16015625,6655.56005859375,7220.55004882812,9035.169921875,8796.9599609375,9412.9794921875,10744.5,8584.2001953125,11454.7197265625,16545.3203125,7168.69995117188,9165.6396484375,8431.27978515625,NA,NA,NA,NA,NA,NA,NA,NA,570,570,270,270,467,473,408,509,524,491,439,554,461,688,664,597,489,0.79,3.41,0.62,4.69,3.79,4.02,3.98,4.23,6.53,3.49,2.93,7.04,4.86,4.38,6.3,5.02,4.47,67224.80859375,39443.5,65448.134765625,98721,9786,6711,7325.5,9029.5,8775,8752,10210,8018.5,8672,16418,7116,9036,8362,NA
"18-NOV-2021",2021-11-18 09:41:25,"2021-11-18","9H 41M 25S","Unknown","2.16.0","Unknown","Unknown",570,270,467,473,408,509,524,491,439,554,461,688,664,597,489,3.62,4.48,4.26,4.64,4.58,3.6,5.57,3.03,2.48,6.16,4.28,5,6.37,5.73,5.36,39770.419921875,94657.109375,8902.9404296875,6048.02001953125,6617.080078125,8698.5595703125,8493.5595703125,8900.5498046875,10230.3603515625,8151,10098.1201171875,12458.3798828125,5415.73999023438,6762.35986328125,6290.68017578125,NA,NA,NA,NA,NA,NA,NA,NA,570,570,270,270,467,473,408,509,524,491,439,554,461,688,664,597,489,0.91,3.68,0.75,4.57,3.73,4.06,3.99,4.11,6.42,3.27,2.77,6.82,4.8,4.4,6.17,4.86,4.49,65279.84375,39973.5,62833.5625,99097.5,9749.5,6677,7327,9084,8826.5,8786,10221,8037,8686.5,16471,7148.5,9045.5,8386,NA
"17-NOV-2021",2021-11-17 08:51:12,"2021-11-17","8H 51M 12S","Unknown","2.16.0","Unknown","Unknown",570,270,467,473,408,509,524,491,439,554,461,688,664,597,489,3.34,4.44,3.05,3.18,3.12,3.52,5.44,3.65,3.23,6.63,4.38,4.02,6.04,4.62,4.38,41456.48046875,99190.4765625,10127.6396484375,7414.06005859375,8223.6201171875,9055.259765625,9257.7998046875,9264.7802734375,10629.3603515625,8495.2802734375,11536.7998046875,16426.080078125,7162.759765625,10133.6396484375,9691.8798828125,NA,NA,NA,NA,NA,NA,NA,NA,570,570,270,270,467,473,408,509,524,491,439,554,461,688,664,597,489,0.79,3.55,0.59,4.5,3.76,3.85,3.87,4.21,6.46,3.63,3.18,7.11,4.69,4.36,6.63,4.74,4.34,67065.46875,40537,65159.77734375,99920,10018,7399,8247,9089,9251,9225,10828,8526,9480,16260,7088,9999,9574,NA
"17-NOV-2021",2021-11-17 08:48:24,"2021-11-17","8H 48M 24S","Unknown","2.16.0","Unknown","Unknown",570,270,467,473,408,509,524,491,439,554,461,688,664,597,489,3.49,4.54,3.29,3.26,3.33,3.67,5.62,3.58,3.15,6.33,4.27,4.58,6.43,5.14,4.82,40252.640625,95662.8359375,9323.259765625,6838.34033203125,7613.85986328125,8839.599609375,8981.4599609375,8790.5400390625,10179.0595703125,8116.7998046875,10323.83984375,12476.6396484375,5434.8798828125,7658.64013671875,7381.43994140625,NA,NA,NA,NA,NA,NA,NA,NA,570,570,270,270,467,473,408,509,524,491,439,554,461,688,664,597,489,0.79,3.48,0.52,4.47,3.63,3.62,3.68,4.2,6.45,3.62,3.16,7.15,4.51,4.49,6.38,5.03,4.48,65212.3046875,40515,63168.53125,99428,10011,7407,8254,9100,9287,9216,10795,8519,9462,16279,7087,10030,9607,NA
"16-NOV-2021",2021-11-16 11:39:16,"2021-11-16","11H 39M 16S","Unknown","2.16.0","Unknown","Unknown",570,270,467,473,408,509,524,491,439,554,461,688,664,597,489,5.01,5.3,3.13,3,3.24,4.81,5.73,3.91,2.77,6.94,4.37,4.47,6.04,4.55,4.51,40134.458984375,96922.359375,10062.8901367188,7304.91015625,8033.07006835938,8829.76025390625,8861.73974609375,9271.61962890625,10632.7802734375,8547.14990234375,11622.2998046875,16534.98046875,7196.64013671875,9882.83984375,9370.23974609375,NA,NA,NA,NA,NA,NA,NA,NA,570,570,270,270,467,473,408,509,524,491,439,554,461,688,664,597,489,0.83,5.05,0.6,5.12,3.95,3.83,3.65,5.21,6.68,4.37,2.86,8.16,4.75,4.99,6.48,4.69,4.61,67397.09765625,39105,65642.734375,96839,10088,7339.5,8129.5,8801,8773,9291,10875.5,8593.5,9647.5,16435,7159.5,9754.5,9262.5,NA
"16-NOV-2021",2021-11-16 11:38:40,"2021-11-16","11H 38M 40S","Unknown","2.16.0","Unknown","Unknown",570,270,467,473,408,509,524,491,439,554,461,688,664,597,489,4.5,5.25,3.48,3.52,3.23,3.98,5.74,3.57,3.14,6.08,4.26,4.82,6.76,4.95,4.74,39013.83984375,94074.5,9356.56005859375,6765.080078125,7473.26000976562,8515.28955078125,8514.4697265625,8806.5,10228.6499023438,8101.97998046875,10463.4897460938,12534.7197265625,5454.01977539062,7367.13989257812,7078.93994140625,NA,NA,NA,NA,NA,NA,NA,NA,570,570,270,270,467,473,408,509,524,491,439,554,461,688,664,597,489,0.85,4.58,0.54,5.22,3.6,3.68,3.67,4.45,6.36,3.54,3.03,6.93,4.52,4.74,6.53,4.58,4.59,65410.8046875,39138,63593.51953125,97198,10079.5,7355.5,8142.5,8771.5,8802.5,9274,10908,8603.5,9591.5,16412,7085.5,9623,9263,NA
"16-NOV-2021",2021-11-16 11:18:39,"2021-11-16","11H 18M 39S","Unknown","2.16.0","Unknown","Unknown",570,270,467,473,408,509,524,491,439,554,461,688,664,597,489,4.56,6.16,3.68,3.52,3.94,5.13,6.41,3.14,3.21,5.27,4.05,6.29,8.3,6.64,6.52,38236.359375,94206.65625,9530.0400390625,6988.7998046875,7786.73974609375,8446.91015625,8523.26953125,6864.8798828125,7928.7998046875,6317.52001953125,8094.23974609375,7940,3445.19995117188,4806,4684.39990234375,NA,NA,NA,NA,NA,NA,NA,NA,570,570,270,270,467,473,408,509,524,491,439,554,461,688,664,597,489,0.8,4.66,0.69,6.01,3.71,3.56,3.73,5.33,6.79,3.37,3.17,5.85,4.28,4.44,6.2,4.8,4.65,65425.72265625,38272,64701.33203125,95504,10183,7497,8276,8601,8652,9358,10946,8611,9558,16177,6982,9627,9253,NA
"16-NOV-2021",2021-11-16 11:17:54,"2021-11-16","11H 17M 54S","Unknown","2.16.0","Unknown","Unknown",570,270,467,473,408,509,524,491,439,554,461,688,664,597,489,3.61,5.22,3,3.54,3.71,4.01,5.95,3.69,2.97,7.04,4.59,4.21,6.75,4.74,4.79,39827.80078125,96711.6015625,10690.6796875,7735.259765625,8516.8193359375,8900.919921875,8849.4599609375,7147.35986328125,8160.23974609375,6593.83984375,8898.5595703125,14875.6005859375,6502,8932.400390625,8494.7998046875,NA,NA,NA,NA,NA,NA,NA,NA,570,570,270,270,467,473,408,509,524,491,439,554,461,688,664,597,489,0.77,4.15,0.69,5.1,4.16,3.88,3.75,4.58,6.25,3.67,2.9,7.87,4.5,4.46,7.06,4.75,5.01,67275.65625,38798,66180.078125,95888,10133,7377,8232,8734,8760,9241,10847,8662,9556,16177,7034,9623,9263,NA
"15-NOV-2021",2021-11-15 09:20:49,"2021-11-15","9H 20M 49S","Unknown","2.16.0","Unknown","Unknown",570,270,467,473,408,509,524,491,439,554,461,688,664,597,489,3.51,4.66,2.93,3.11,3.26,3.84,5.68,3.69,3.3,6.65,4.21,4.24,5.93,4.79,4.3,40906.619140625,98323.875,10435.619140625,7721.99951171875,8525.3994140625,8978.109375,9149.5048828125,7107.759765625,8115.35986328125,6500.1201171875,8829.0400390625,14999.2001953125,6527.00024414062,9168,8850.2001953125,NA,NA,NA,NA,NA,NA,NA,NA,570,570,270,270,467,473,408,509,524,491,439,554,461,688,664,597,489,0.75,3.56,0.7,4.73,3.62,3.73,3.89,4.52,6.63,3.65,3.2,7.1,4.46,4.49,6.27,4.97,4.33,66898.46484375,40134,66049.19921875,97699,10068,7521,8342,8878,9028,9233,10777.5,8497,9507,16299,7097,9913,9602,NA
"15-NOV-2021",2021-11-15 09:18:43,"2021-11-15","9H 18M 43S","Unknown","2.16.0","Unknown","Unknown",570,270,467,473,408,509,524,491,439,554,461,688,664,597,489,3.65,4.84,7.55,7.49,6.66,4.01,5.67,3.91,3.62,6.86,4.42,7.3,8.65,7.68,7.26,40052.759765625,95390.65234375,7563.65966796875,5628.86987304688,6548.099609375,8782.64453125,8828.294921875,6714.39990234375,7763.7998046875,6160.8798828125,7906.35986328125,7420.40014648438,3223.40002441406,4608.19995117188,4319.80004882812,NA,NA,NA,NA,NA,NA,NA,NA,570,570,270,270,467,473,408,509,524,491,439,554,461,688,664,597,489,0.78,3.72,0.61,4.92,3.79,3.99,3.99,4.57,6.63,3.88,3.52,7.38,4.51,4.94,6.7,5.41,4.88,64983.2734375,40392.5,63917.8046875,97991,10044.5,7502.5,8356,8938.5,9101,9182,10716,8423,9490,15984,6954.5,9798,9428.5,NA
"12-NOV-2021",2021-11-12 09:19:15,"2021-11-12","9H 19M 15S","Unknown","2.16.0","Unknown","Unknown",570,270,467,473,408,509,524,491,439,554,461,688,664,597,489,5.42,5.4,3.54,4.16,4.26,5.11,6.62,7.65,7.49,9.53,5.26,4.91,6.49,5.52,5.27,40059.98046875,98931.01953125,10463.3095703125,7080.83984375,7414.6796875,9025.419921875,8675.990234375,6612.31982421875,7260,5996.31982421875,8460.3203125,14321,6219.60009765625,7975.2001953125,7224.60009765625,NA,NA,NA,NA,NA,NA,NA,NA,570,570,270,270,467,473,408,509,524,491,439,554,461,688,664,597,489,0.81,5.75,0.62,5.43,4.39,4.85,4.94,5.78,7.53,7.86,7.69,10.21,5.57,5.21,6.76,5.45,5.14,67611.9375,38849.5,66624.296875,97542,10005,6841,7228,8824.5,8488,6986,7858,6395,7386,15351.5,6665,8488,7729,NA
"12-NOV-2021",2021-11-12 09:17:15,"2021-11-12","9H 17M 15S","Unknown","2.16.0","Unknown","Unknown",570,270,467,473,408,509,524,491,439,554,461,688,664,597,489,4.97,5.6,8.54,8.98,8.1,4.89,6.58,7.59,7.79,9.2,5.17,9.8,10.49,9.88,9.77,39131.640625,95794.4453125,8459.099609375,5733.77978515625,6208.01953125,8740.7294921875,8269.2900390625,6240.080078125,7013.60009765625,5713.83984375,7603.2001953125,7652.80029296875,3448.80004882812,4297.2001953125,3783.19995117188,NA,NA,NA,NA,NA,NA,NA,NA,570,570,270,270,467,473,408,509,524,491,439,554,461,688,664,597,489,0.84,5.06,0.64,5.45,4.15,4.79,4.85,5.46,7.67,7.65,7.7,9.99,5.66,5.16,6.87,5.75,5.68,65433.16796875,39263,64223.4296875,97891,9968,6783,7180,8906,8548,7078,8048,6501,7442,15281,6665,8489,7703,NA
"11-NOV-2021",2021-11-11 08:27:23,"2021-11-11","8H 27M 23S","Unknown","2.16.0","Unknown","Unknown",570,270,467,473,408,509,524,491,439,554,461,688,664,597,489,2.16,4.04,2.9,3.65,3.88,2.87,5.29,3.05,2.66,6.44,4.16,4.12,5.83,4.82,4.53,41559.83984375,100317.1171875,10361.51953125,6967.73974609375,7370.99951171875,9251.1796875,8951.5498046875,7233.60009765625,8145.27978515625,6649.27978515625,8806.16015625,14977.6005859375,6496.39990234375,8283.2001953125,7576.80029296875,NA,NA,NA,NA,NA,NA,NA,NA,570,570,270,270,467,473,408,509,524,491,439,554,461,688,664,597,489,0.76,2.08,0.55,3.85,3.33,4.18,4.44,3.43,6.15,3.21,2.62,7.08,4.5,4.27,6.15,4.93,4.65,66762.7109375,40817,65606.359375,100316,9829,6676,7116,9218,8899,9295,10698,8611,9366,16199,7034,8906,8186,NA
"11-NOV-2021",2021-11-11 08:22:14,"2021-11-11","8H 22M 14S","Unknown","2.16.0","Unknown","Unknown",570,270,467,473,408,509,524,491,439,554,461,688,664,597,489,2.58,4.4,5.82,6.84,6.98,3.23,5.28,3.11,2.62,6.38,4.49,6.22,7.89,7.08,6.93,40586.66015625,97405.0625,7757.8798828125,5011.88989257812,5329.73974609375,8883.490234375,8613.740234375,6848.16015625,7858.39990234375,6320.16015625,7751.0400390625,7051.2001953125,3057.19995117188,3779.60009765625,3506.40014648438,NA,NA,NA,NA,NA,NA,NA,NA,570,570,270,270,467,473,408,509,524,491,439,554,461,688,664,597,489,0.78,2.4,0.53,4.28,3.54,4.06,4.16,3.62,6.2,3.11,2.53,6.92,4.64,4.57,6.53,5.57,5.09,64889.556640625,40988.5,63656.552734375,100397.5,9893,6689.5,7133,9225.5,8900.5,9288,10818.5,8610,9338,15674.5,6814,8550.5,7907.5,NA
"05-NOV-2021",2021-11-05 09:29:33,"2021-11-05","9H 29M 33S","Unknown","2.16.0","Unknown","Unknown",570,270,467,473,408,509,524,491,439,554,461,688,664,597,489,3.18,4.56,3.22,3.38,3.49,3.38,5.39,6.01,5.83,8.04,4.88,4.18,6.02,4.73,4.23,42357.458984375,102048.0859375,10457.4599609375,7912.70971679688,8867.0400390625,9326.7099609375,9684.439453125,6578,7502.43994140625,6145.0400390625,8555.3603515625,15433.2001953125,6696.19995117188,9760.2001953125,9507.60009765625,NA,NA,NA,NA,NA,NA,NA,NA,570,570,270,270,467,473,408,509,524,491,439,554,461,688,664,597,489,0.74,3.44,0.73,4.64,3.89,4.05,4.02,4.11,6.12,6.08,5.84,8.42,4.74,4.42,6.27,4.93,4.32,67152.55078125,41347,65964.83984375,101623.5,9825.5,7499,8451,9232,9579,8551,9996,8034,9360.5,16404.5,7123,10339,10102,NA
"05-NOV-2021",2021-11-05 09:27:56,"2021-11-05","9H 27M 56S","Unknown","2.16.0","Unknown","Unknown",570,270,467,473,408,509,524,491,439,554,461,688,664,597,489,3.14,4.53,6.29,6.25,5.61,3.62,5.19,6.74,6.49,8.68,4.82,8.26,9.19,8.42,8.04,41150.9609375,97474.78125,8899.7998046875,6718.919921875,7703.27978515625,8967.734375,9180.21484375,6084.76000976562,6989.83984375,5723.52001953125,7579,8715.60009765625,3779,5391.40014648438,5327.80004882812,NA,NA,NA,NA,NA,NA,NA,NA,570,570,270,270,467,473,408,509,524,491,439,554,461,688,664,597,489,0.76,3.22,0.74,4.4,3.89,3.96,3.94,4.07,5.94,6.62,6.13,8.84,4.66,4.43,6.26,5,4.37,65094.380859375,41446,63045.2734375,101474,9795,7430,8398,9211,9590.5,8355,9751,7897,9273,16291,7107,10311,10063,NA
"04-NOV-2021",2021-11-04 08:29:48,"2021-11-04","8H 29M 48S","Unknown","2.16.0","Unknown","Unknown",570,270,467,473,408,509,524,491,439,554,461,688,664,597,489,3.32,4.43,3.27,3.32,3.36,3.47,5.3,5.49,5.2,7.92,4.61,4.2,6.05,4.7,4.24,41578.458984375,100111.28125,10287.8095703125,7775.03955078125,8811.66015625,9174.40478515625,9477.3544921875,6683.60009765625,7796.35986328125,6251.52001953125,8624,15234.7998046875,6606,9549.2001953125,9368.80029296875,NA,NA,NA,NA,NA,NA,NA,NA,570,570,270,270,467,473,408,509,524,491,439,554,461,688,664,597,489,0.77,3.4,0.69,4.58,3.83,4.15,4.02,3.99,6.04,5.36,5.11,8.27,4.74,4.39,6.38,4.89,4.27,66774.6640625,40855.5,65477.373046875,100440,9822,7499,8519,9159.5,9425.5,8723.5,10424.5,8232,9448,16319,7095.5,10187,10027,NA
"04-NOV-2021",2021-11-04 08:28:19,"2021-11-04","8H 28M 19S","Unknown","2.16.0","Unknown","Unknown",570,270,467,473,408,509,524,491,439,554,461,688,664,597,489,3.25,4.29,6.25,6.33,6.43,3.61,5.48,6.11,5.78,7.95,4.98,6.75,8.47,7.24,6.68,40799.83984375,97306.7109375,7663.49951171875,5776.6796875,6603.47998046875,9021.26953125,9236.240234375,6255.0400390625,7354.16015625,5855.52001953125,7517.83984375,7850,3418.40014648438,4782,4767.60009765625,NA,NA,NA,NA,NA,NA,NA,NA,570,570,270,270,467,473,408,509,524,491,439,554,461,688,664,597,489,0.81,3.19,0.64,4.46,3.9,4,4.11,4.14,6.52,6.09,5.62,8.25,4.69,4.57,6.48,5.24,4.41,64880.05859375,41228,63484.80859375,100704,9835,7441,8483,9247,9480,8622,10312,8102,9384,16223,7050,10096,9958,NA
"03-NOV-2021",2021-11-03 09:10:37,"2021-11-03","9H 10M 37S","Unknown","2.16.0","Unknown","Unknown",570,270,467,473,408,509,524,491,439,554,461,688,664,597,489,3.5,5.2,3.16,3.28,3.55,4.14,5.63,4.12,3.76,6.93,4.57,4.26,6.06,4.74,4.4,41176.80078125,100362.765625,10391.939453125,8137.73974609375,9129.1201171875,9093.4794921875,9525.91015625,7127.1201171875,8179.60009765625,6606.16015625,8885.3603515625,15210.7998046875,6621.60009765625,9785.6005859375,9768,NA,NA,NA,NA,NA,NA,NA,NA,570,570,270,270,467,473,408,509,524,491,439,554,461,688,664,597,489,0.75,3.44,0.71,5.28,3.86,3.95,4.24,4.54,6.77,3.98,3.51,7.17,4.66,4.53,6.54,4.94,4.35,67276.765625,40107,66372.21875,99330,9873,7803,8814,8949,9371,9047,10617,8442,9377,16105,7027,10317,10316,NA
"03-NOV-2021",2021-11-03 09:08:55,"2021-11-03","9H 8M 55S","Unknown","2.16.0","Unknown","Unknown",570,270,467,473,408,509,524,491,439,554,461,688,664,597,489,3.44,4.86,4.59,5.25,5.17,3.82,5.89,4.25,3.97,6.86,4.46,6.14,7.92,6.61,6.37,40270.12109375,97335.7578125,8899.01953125,6832.7998046875,7738.3798828125,8837.009765625,9217.9794921875,6721.43994140625,7856.64013671875,6221.60009765625,7842.56005859375,8792,3819.60009765625,5706,5775.60009765625,NA,NA,NA,NA,NA,NA,NA,NA,570,570,270,270,467,473,408,509,524,491,439,554,461,688,664,597,489,0.78,3.29,0.64,5.01,3.85,3.96,3.98,4.37,6.82,4.1,3.64,7.26,4.47,4.34,6.37,4.8,4.34,65391.33203125,40359,64260.87109375,99427,9850,7746,8787,8992,9417,9011,10682,8391,9347,16165,7032,10348,10345,NA
"02-NOV-2021",2021-11-02 09:13:06,"2021-11-02","9H 13M 6S","Unknown","2.16.0","Unknown","Unknown",570,270,467,473,408,509,524,491,439,554,461,688,664,597,489,2.55,3.93,3.24,3.82,4.37,2.96,5.14,6.51,6.36,8.45,4.91,4,6,4.71,4.57,42690.33984375,101517.7109375,9939.9296875,6059.03955078125,6118.31982421875,9470.2998046875,8713.33984375,6746.080078125,7816.16015625,6242.27978515625,8550.9599609375,15318.400390625,6670.39990234375,7735.60009765625,6659.60009765625,NA,NA,NA,NA,NA,NA,NA,NA,570,570,270,270,467,473,408,509,524,491,439,554,461,688,664,597,489,0.83,2.75,0.71,4.08,3.91,4.41,4.88,3.67,6.3,6.48,6.2,8.68,4.93,4.13,6.35,4.86,4.54,66682.98046875,42001,65477.91796875,101830.5,9437,5797,5907.5,9450,8665,8461,10050.5,7898,8994.5,16350,7110.5,8203,7079,NA
"02-NOV-2021",2021-11-02 09:09:23,"2021-11-02","9H 9M 23S","Unknown","2.16.0","Unknown","Unknown",570,270,467,473,408,509,524,491,439,554,461,688,664,597,489,2.55,3.92,5.42,5.61,5.8,2.96,5.34,7,6.78,8.81,5.07,6.15,7.5,6.84,6.45,41669.28125,98589.0546875,7697.81982421875,4888.259765625,4963.1396484375,9298.490234375,8432.7998046875,6338.64013671875,7464.16015625,5896,7466.7998046875,8392.7998046875,3812.40014648438,4126.80029296875,3611.19995117188,NA,NA,NA,NA,NA,NA,NA,NA,570,570,270,270,467,473,408,509,524,491,439,554,461,688,664,597,489,0.82,2.7,0.7,3.88,3.86,4.57,4.71,3.46,6.46,6.84,6.5,9.18,4.99,4.2,5.99,4.88,4.66,64886.27734375,42096,63599.50390625,101830,9454,5808,5912,9506,8724,8405,10038,7830,8979,16331,7130,8208,7094,NA
"28-OCT-2021",2021-10-28 10:40:35,"2021-10-28","10H 40M 35S","Unknown","2.16.0","Unknown","Unknown",570,270,467,473,408,509,524,491,439,554,461,688,664,597,489,3.59,4.43,3.04,3.74,4.06,3.55,5.69,2.62,2.05,5.93,3.84,4.15,5.83,4.96,4.76,40891.80078125,99822.4375,10091.6396484375,6304.73974609375,6509.48974609375,9145.76953125,8515.384765625,7679.759765625,8481,7010.080078125,9116.35986328125,15043.2001953125,6511.60009765625,7719.2001953125,6796.60009765625,NA,NA,NA,NA,NA,NA,NA,NA,570,570,270,270,467,473,408,509,524,491,439,554,461,688,664,597,489,0.78,3.75,0.58,4.5,3.75,4.44,4.66,4.18,6.72,3.07,2.49,7.11,4.75,4.44,6.23,5.14,4.84,67692.17578125,39636,66699.11328125,98299.5,9956,6272,6524,8964,8320,8298,9337,7613,8060,15800,6854,8037.5,7110,NA
"28-OCT-2021",2021-10-28 10:37:17,"2021-10-28","10H 37M 17S","Unknown","2.16.0","Unknown","Unknown",570,270,467,473,408,509,524,491,439,554,461,688,664,597,489,3.93,4.73,3.83,4.15,4.52,3.97,5.96,2.72,2.29,6.07,4.19,4.68,6.65,5.47,5.27,39724.44140625,97696.8046875,8972.33984375,5631.599609375,5835.1796875,8855.26953125,8235.259765625,7244.16015625,8146.16015625,6658.080078125,8032.64013671875,11046.7998046875,4740.80029296875,5500,4944.39990234375,NA,NA,NA,NA,NA,NA,NA,NA,570,570,270,270,467,473,408,509,524,491,439,554,461,688,664,597,489,0.77,3.96,0.48,4.73,3.93,4.39,4.65,4.37,6.64,3.08,2.71,7.16,4.87,4.5,6.38,5.31,4.84,65862.8046875,39578,65099.09375,98398,9964,6284,6530,8964,8303,8280,9372,7598,8032,15826,6879,8034,7107,NA
"26-OCT-2021",2021-10-26 09:01:11,"2021-10-26","9H 1M 11S","Unknown","2.16.0","Unknown","Unknown",570,270,467,473,408,509,524,491,439,554,461,688,664,597,489,3.61,4.79,3.03,3.29,3.28,3.65,5.57,6.87,6.62,8.54,5.21,4.21,6.07,4.63,4.24,41113.71875,100781.921875,10303.01953125,7701.7197265625,8594.0400390625,9111.740234375,9368.2099609375,6917.68017578125,7610.23974609375,6203.1201171875,8867.759765625,15056,6520.39990234375,9254.400390625,9058.400390625,NA,NA,NA,NA,NA,NA,NA,NA,570,570,270,270,467,473,408,509,524,491,439,554,461,688,664,597,489,0.73,3.93,0.66,4.93,3.93,3.89,3.95,4.33,6.6,7.77,7.65,10.68,6.23,4.37,6.33,4.73,4.31,67386.2890625,39993,66328.390625,99795,10260,7732,8697,8967,9189,5804,6516,5275,6688,15709,6818,9597,9434,NA
"26-OCT-2021",2021-10-26 09:00:24,"2021-10-26","9H 0M 24S","Unknown","2.16.0","Unknown","Unknown",570,270,467,473,408,509,524,491,439,554,461,688,664,597,489,3.86,4.83,3.9,4.22,4.19,3.75,5.51,7.18,6.8,8.96,5.14,5.29,7.05,5.88,5.31,39936.48046875,98456.2578125,8859.2392578125,6527.03955078125,7475.51953125,8827.8798828125,9017.1201171875,6450.39990234375,7174.64013671875,5823.83984375,7818.7998046875,9203.6005859375,3868.80004882812,5344.80029296875,5491.60009765625,NA,NA,NA,NA,NA,NA,NA,NA,570,570,270,270,467,473,408,509,524,491,439,554,461,688,664,597,489,0.75,3.96,0.52,4.91,4.02,4.06,4.26,4.15,6.52,7.88,7.5,10.47,6.07,4.34,6.24,4.72,4.28,65465.0625,39989,64649.4921875,99995,10259,7712,8698,8995,9181,5817,6520,5284,6691,15697,6815,9613,9432,NA
"22-OCT-2021",2021-10-22 09:01:54,"2021-10-22","9H 1M 54S","Unknown","2.16.0","Unknown","Unknown",570,270,467,473,408,509,524,491,439,554,461,688,664,597,489,3.77,4.83,3.33,3.5,3.59,4.12,5.96,4.12,3.76,6.84,4.25,5.47,6.94,5.67,5.42,41542.359375,103173.5625,10810.01953125,7682.99951171875,8479.77001953125,9405.14453125,9365.7197265625,7336.56005859375,8307.2001953125,6811.2001953125,9082.03955078125,14422.2001953125,6231.80004882812,8606.2001953125,8109.80004882812,NA,NA,NA,NA,NA,NA,NA,NA,570,570,270,270,467,473,408,509,524,491,439,554,461,688,664,597,489,0.72,3.97,0.47,4.95,3.93,4.13,4.18,4.74,6.89,4.93,4.52,7.73,5.15,5.7,7.64,5.83,5.36,66757.171875,40807,65637.77734375,103263,10295,7394,8214.5,9360,9303,8093,9356,7570,8176,14380,6219,8525,8083.5,NA
"22-OCT-2021",2021-10-22 09:00:09,"2021-10-22","9H 0M 9S","Unknown","2.16.0","Unknown","Unknown",570,270,467,473,408,509,524,491,439,554,461,688,664,597,489,4.06,5.06,5.57,5.43,5.47,4.24,5.83,4.02,3.68,6.62,4.21,6.62,8.31,6.81,6.93,40406.16015625,100019.1484375,8720.3994140625,6404.57958984375,7127.6396484375,9020.439453125,8968.9794921875,6881.60009765625,7948.16015625,6424.8798828125,7810,9442.7998046875,4073.19995117188,5521.60009765625,5146.80029296875,NA,NA,NA,NA,NA,NA,NA,NA,570,570,270,270,467,473,408,509,524,491,439,554,461,688,664,597,489,0.7,4.04,0.49,5.06,3.78,4.17,4.04,4.94,6.52,4.77,4.39,7.98,5.02,5.62,7.96,5.81,5.63,64909.75,40854,63664.32421875,103105,10325,7403,8230,9369,9271,8080,9413,7542,8173,14221,6164,8448,8025,NA
"21-OCT-2021",2021-10-21 08:50:18,"2021-10-21","8H 50M 18S","Unknown","2.16.0","Unknown","Unknown",570,270,467,473,408,509,524,491,439,554,461,688,664,597,489,3.15,4.27,3.2,3.38,3.52,3.52,5.31,2.67,2.22,6.01,3.95,4.25,6.14,4.8,4.52,42669.44140625,103509.296875,10522.19921875,7692.35986328125,8452.859375,9496.859375,9642.939453125,7516.9599609375,8510.4794921875,6942.31982421875,9174,14945.2001953125,6500,9180.7998046875,8691.6005859375,NA,NA,NA,NA,NA,NA,NA,NA,570,570,270,270,467,473,408,509,524,491,439,554,461,688,664,597,489,0.69,3.33,0.48,4.33,3.76,4.02,4.07,4.07,6.29,2.84,2.42,6.48,4.49,4.54,6.8,5.06,4.61,66930.3203125,41794,65551.65625,103630,9981,7377,8157,9463,9596,8912,10306,8288,8883,15175,6607,9259,8804,NA
"21-OCT-2021",2021-10-21 08:48:26,"2021-10-21","8H 48M 26S","Unknown","2.16.0","Unknown","Unknown",570,270,467,473,408,509,524,491,439,554,461,688,664,597,489,3.27,4.42,3.49,3.53,3.76,3.61,5.24,2.78,2.23,6.11,4.17,4.81,6.7,5.18,4.8,41676.87890625,101303.984375,9418.5,6941.99951171875,7714.9794921875,9242.0498046875,9399.75,7076.9599609375,8136.47998046875,6602.64013671875,8000.9599609375,10396.400390625,4576,6508.80029296875,6163.2001953125,NA,NA,NA,NA,NA,NA,NA,NA,570,570,270,270,467,473,408,509,524,491,439,554,461,688,664,597,489,0.67,3.32,0.45,4.46,3.79,3.88,4.08,4.06,6.22,3.02,2.46,6.95,4.56,4.54,6.86,4.91,4.62,65100.48046875,41965,64071.35546875,103800,9937,7377,8149,9503,9633,8932,10351,8320,8900,15196,6595,9266,8818,NA
"20-OCT-2021",2021-10-20 08:44:05,"2021-10-20","8H 44M 5S","Unknown","2.16.0","Unknown","Unknown",570,270,467,473,408,509,524,491,439,554,461,688,664,597,489,5.1,5.3,3.1,3.79,4.06,4.69,6.28,2.83,2.32,5.98,4.23,5.04,6.64,5.71,5.61,40597.6796875,100750.375,10680.5400390625,6593.33984375,6887.39990234375,9238.7294921875,8568.08984375,7552.16015625,8565.919921875,7084.8798828125,9158.16015625,14807.6005859375,6413.60009765625,7740.39990234375,6696.80029296875,NA,NA,NA,NA,NA,NA,NA,NA,570,570,270,270,467,473,408,509,524,491,439,554,461,688,664,597,489,0.74,5.55,0.52,5.42,3.79,4.26,4.75,5.44,7.01,2.99,2.38,6.78,4.51,5.28,7.23,5.92,5.62,67190.2265625,39590,66024.65625,100284,10167,6337,6680,9134,8455,9259,10731,8746,9175,14928,6460,7745,6757,NA
"20-OCT-2021",2021-10-20 08:41:40,"2021-10-20","8H 41M 40S","Unknown","2.16.0","Unknown","Unknown",570,270,467,473,408,509,524,491,439,554,461,688,664,597,489,4.86,5.29,3.83,4.53,4.82,4.65,6.21,2.82,2.33,5.86,4.15,5.58,7.53,6.5,6.03,39705.8203125,97759.0546875,8981.69921875,5412.419921875,5693.60986328125,9036.625,8210.7744140625,7119.2001953125,8227.1201171875,6718.7998046875,7805.60009765625,9403.80029296875,4077,4813.40014648438,4328.80029296875,NA,NA,NA,NA,NA,NA,NA,NA,570,570,270,270,467,473,408,509,524,491,439,554,461,688,664,597,489,0.71,5,0.45,5.37,3.62,4.44,4.72,5.03,6.97,2.99,2.44,6.76,4.41,5.01,7.24,5.88,5.33,65312.931640625,39832.5,63965.751953125,100330,10150,6318,6663,9232,8530,9276,10860,8787,9171,14953,6503.5,7765,6781,NA
"15-OCT-2021",2021-10-15 08:35:16,"2021-10-15","8H 35M 16S","Unknown","2.16.0","Unknown","Unknown",570,270,467,473,408,509,524,491,439,554,461,688,664,597,489,3.13,4.35,3.16,3.55,3.58,3.39,5.17,3.69,3.23,6.53,4.06,4.12,6.17,4.62,4.28,43595.12109375,105090.4453125,10397.3994140625,7065.23974609375,7523.8798828125,9665.349609375,9383.9794921875,7597.919921875,8803.51953125,6915.919921875,9262.8798828125,15082.400390625,6569.2001953125,8506.7998046875,7702.39990234375,NA,NA,NA,NA,NA,NA,NA,NA,570,570,270,270,467,473,408,509,524,491,439,554,461,688,664,597,489,0.75,3.41,0.59,4.5,3.96,4.18,4,4.03,6.32,4.71,4.26,8.5,5.24,4.6,6.57,4.91,4.38,67179.78125,42549,65977.9375,104648,9921,6809,7297,9577,9239,6386,7510,5860,7157,14947,6518,8367,7619,NA
"15-OCT-2021",2021-10-15 08:33:40,"2021-10-15","8H 33M 40S","Unknown","2.16.0","Unknown","Unknown",570,270,467,473,408,509,524,491,439,554,461,688,664,597,489,3.26,4.42,3.83,4.06,3.98,3.45,5.34,4.05,3.59,6.55,4.34,4.72,6.4,5.39,4.91,42313.37890625,102005.75,9049.94970703125,6045,6597.23974609375,9428.7998046875,9094.3095703125,7143.83984375,8348.5595703125,6529.60009765625,8245.599609375,10019.2001953125,4454,5664.39990234375,5071.60009765625,NA,NA,NA,NA,NA,NA,NA,NA,570,570,270,270,467,473,408,509,524,491,439,554,461,688,664,597,489,0.73,3.46,0.56,4.54,3.98,4.15,4.2,3.97,6.49,4.93,4.42,8.66,5.32,4.55,6.42,5.05,4.43,65481.271484375,42360.5,64176.3125,104388,9953,6816,7308,9623,9245,6396,7502,5873,7131,14938,6514.5,8366,7606.5,NA
"14-OCT-2021",2021-10-14 09:01:29,"2021-10-14","9H 1M 29S","Unknown","2.16.0","Unknown","Unknown",570,270,467,473,408,509,524,491,439,554,461,688,664,597,489,3.44,4.62,3.04,3.36,3.48,3.48,5.27,4.31,4.1,6.79,4.29,3.96,5.86,4.61,4.17,42336.939453125,102591.31640625,10340.4599609375,7049.6396484375,7535.57958984375,9361.5693359375,9141.6201171875,7473.39990234375,8505.2001953125,6684.47998046875,9179.2802734375,15069.2001953125,6542,8484.60009765625,7711.40014648438,NA,NA,NA,NA,NA,NA,NA,NA,570,570,270,270,467,473,408,509,524,491,439,554,461,688,664,597,489,0.7,3.64,0.61,4.83,3.53,3.83,3.94,4.08,6.42,5.65,5.51,8.96,5.81,4.36,6.37,4.79,4.29,67211.41015625,41314,66079.1328125,101979,9942.5,6855,7367,9259.5,8985,5981,6942,5434,7038,15120,6584,8457,7740,NA
"14-OCT-2021",2021-10-14 08:58:54,"2021-10-14","8H 58M 54S","Unknown","2.16.0","Unknown","",570,270,467,473,408,509,524,491,439,554,461,688,664,597,489,3.43,4.53,4.6,4.75,4.77,3.58,5.42,4.55,4.39,7.2,4.44,4.97,6.85,5.49,5.14,41302.9609375,99883.859375,8020.73974609375,5526.2998046875,5916.2998046875,9110.91015625,8827.0498046875,7028.56005859375,8107.43994140625,6309.60009765625,8051.1201171875,9192,4007.19995117188,5076,4819.2001953125,NA,NA,NA,NA,NA,NA,NA,NA,570,570,270,270,467,473,408,509,524,491,439,554,461,688,664,597,489,0.7,3.54,0.53,4.67,3.62,3.95,3.99,4.02,6.19,5.81,5.34,8.91,5.57,4.3,6.42,4.89,4.15,65453.859375,41382,64199.140625,102207,9939,6862,7351,9290,9010,6019,6990,5442,7029,15125,6603,8484,7748,NA
"12-OCT-2021",2021-10-12 11:02:50,"2021-10-12","11H 2M 50S","Unknown","2.16.0","Unknown","Unknown",570,270,467,473,408,509,524,491,439,554,461,688,664,597,489,3.34,4.53,4.99,5.23,5.21,3.55,5.44,4.85,4.6,7.21,4.18,5.46,7.07,5.71,5.4,40916.87890625,101564.609375,8163.4794921875,5814.89990234375,6461.51953125,9332.51953125,9235.41015625,6859.60009765625,7997.43994140625,6373.83984375,7990.39990234375,9522,4237.60009765625,5731.2001953125,5328.39990234375,NA,NA,NA,NA,NA,NA,NA,NA,570,570,270,270,467,473,408,509,524,491,439,554,461,688,664,597,489,0.78,3.53,0.5,4.56,5.06,5.55,5.61,4.02,6.21,5.74,5.48,8.74,4.93,5,6.99,5.4,4.76,65013.4765625,41262,63640.95703125,104790,9848,7025,7816,9690,9621,6823,8015,6346,7345,14340,6256,8561,8097,NA
"12-OCT-2021",2021-10-12 11:01:05,"2021-10-12","11H 1M 5S","Unknown","2.16.0","Unknown","Unknown",570,270,467,473,408,509,524,491,439,554,461,688,664,597,489,3.41,4.5,4.07,4.38,4.48,3.5,5.2,4.79,4.69,7.48,4.47,4.79,6.56,5.21,4.8,41881.3203125,104223.9296875,10392.3295898438,7367.099609375,8111.99951171875,9701.0400390625,9719.71484375,7263.080078125,8464.7197265625,6761.47998046875,9123.39990234375,14700.400390625,6401.40014648438,8802.39990234375,8272,NA,NA,NA,NA,NA,NA,NA,NA,570,570,270,270,467,473,408,509,524,491,439,554,461,688,664,597,489,0.84,3.78,0.55,4.63,5.42,5.87,5.76,4.04,6.15,5.85,5.43,9.09,5.22,5.15,7.36,5.23,4.84,66799.265625,41128.5,65408.20703125,104638,9868,7077,7833,9697,9634,6812,8066,6372.5,7355,14287.5,6233,8516.5,8064,NA
"08-OCT-2021",2021-10-08 08:39:35,"2021-10-08","8H 39M 35S","Unknown","2.16.0","Unknown","Unknown",570,270,467,473,408,509,524,491,439,554,461,688,664,597,489,2.16,4.25,4.12,4.56,4.74,2.82,4.82,7.24,7.19,8.66,5.01,4.78,7.32,5.28,4.63,42240.419921875,108335.74609375,9034.349609375,6327.74975585938,6608.93994140625,9947.5498046875,9718.884765625,6909.31982421875,7553.47998046875,6278.7998046875,8964.11962890625,9679.6005859375,4234,5592.39990234375,4923.00024414062,NA,NA,NA,NA,NA,NA,NA,NA,570,570,270,270,467,473,408,509,524,491,439,554,461,688,664,597,489,0.8,2.33,0.69,4.2,4.29,4.66,4.9,3.47,6.04,8.01,7.76,10.32,5.81,5.5,8.31,5.97,5.2,67043.9921875,41319.5,66026.55859375,107686.5,8676,6113,6444,9856,9603.5,6248,6945.5,5681,7117,8704,3810.5,4956,4452,NA
"08-OCT-2021",2021-10-08 08:38:14,"2021-10-08","8H 38M 14S","Unknown","2.16.0","Unknown","Unknown",570,270,467,473,408,509,524,491,439,554,461,688,664,597,489,2,3.86,5.55,5.94,6.37,2.9,4.96,6.37,6.26,8.46,4.7,5.28,7.76,5.97,5.33,41195.80078125,104872.15625,7901.39990234375,5467.7998046875,5754.0595703125,9661.2001953125,9284.3798828125,6653.68017578125,7396.39990234375,6015.68017578125,7850.47998046875,6605.60009765625,2890.40014648438,3796.40014648438,3379.60009765625,NA,NA,NA,NA,NA,NA,NA,NA,570,570,270,270,467,473,408,509,524,491,439,554,461,688,664,597,489,0.83,1.98,0.69,3.74,4.56,5.02,5.33,3.43,5.9,7.25,7.04,10.27,5.72,5.22,8.48,5.93,5.15,65105.890625,41516,63915.046875,107646,8552,6024,6345,9911,9648,6423,7224,5832,7201,8777,3848,5004,4493,NA
"07-OCT-2021",2021-10-07 09:23:23,"2021-10-07","9H 23M 23S","Unknown","2.16.0","Unknown","Unknown",570,270,467,473,408,509,524,491,439,554,461,688,664,597,489,1.89,3.93,3.92,4.37,4.42,2.76,4.73,6.32,6.14,8.35,4.82,4.63,7.12,5.38,4.91,43500.87890625,108273.5,9327.2392578125,6377.27978515625,6619.85986328125,9958.33984375,9784.8701171875,7229.2001953125,7910.31982421875,6642.23974609375,9173.1201171875,9444,4138.39990234375,5520.39990234375,4834.80029296875,NA,NA,NA,NA,NA,NA,NA,NA,570,570,270,270,467,473,408,509,524,491,439,554,461,688,664,597,489,0.76,2.01,0.58,3.77,4.2,4.72,4.78,3.3,5.81,7.12,6.97,9.98,5.77,5.56,8.17,5.94,5.14,66749.0859375,42742,65497.69140625,108378,8820,6065,6354,9936,9730,6334,7041,5793,7193,8367,3685,4839,4327,NA
"07-OCT-2021",2021-10-07 09:21:42,"2021-10-07","9H 21M 42S","Unknown","2.16.0","Unknown","Unknown",570,270,467,473,408,509,524,491,439,554,461,688,664,597,489,1.91,4.09,5.61,6.08,6.69,2.81,4.63,6.1,5.76,7.63,4.5,5.22,7.9,5.72,5.12,42352.51953125,104754.296875,8304.66015625,5649.53955078125,5861.69970703125,9563.259765625,9410.5400390625,6906.23974609375,7629.60009765625,6290.23974609375,7943.759765625,6482.39990234375,2830,3744,3314.40014648438,NA,NA,NA,NA,NA,NA,NA,NA,570,570,270,270,467,473,408,509,524,491,439,554,461,688,664,597,489,0.83,1.84,0.71,3.71,4.58,4.93,5.16,3.22,5.72,6.93,6.93,9.44,5.57,5.79,8.7,5.91,5.09,64924.92578125,42779,63587.75,108013,8805,6016,6316,9949,9740,6463,7209,5907,7270,8405,3697,4863,4344,NA
"05-OCT-2021",2021-10-05 11:39:09,"2021-10-05","11H 39M 9S","Unknown","2.16.0","Unknown","Unknown",570,270,467,473,408,509,524,491,439,554,461,688,664,597,489,2.56,4.01,3.29,3.9,3.94,2.98,5.01,11.46,11.52,13.05,6.55,6.99,8.02,6.81,6.14,42212.6796875,106923.5,11519.8193359375,7956.3896484375,8440.3798828125,9787.359375,9741.7099609375,7021.080078125,7653.35986328125,6224.67993164062,9039.3603515625,13892.400390625,6049.60009765625,8067.60009765625,7304,NA,NA,NA,NA,NA,NA,NA,NA,570,570,270,270,467,473,408,509,524,491,439,554,461,688,664,597,489,0.95,3.12,0.93,4.09,3.83,4.27,4.32,3.69,6.24,13.39,13.54,15.12,7.96,6.34,7.93,6.44,5.88,67211.02734375,41218,66102.953125,106289.5,10451,7302,7818,9686,9598,6006.5,6660.5,5343.5,7041,13942,6094.5,8040,7376.5,NA
"05-OCT-2021",2021-10-05 11:36:50,"2021-10-05","11H 36M 50S","Unknown","2.16.0","Unknown","Unknown",570,270,467,473,408,509,524,491,439,554,461,688,664,597,489,2.76,4.32,6.13,6.75,6.98,3.27,5.16,11.37,11.41,13.02,6.2,9.6,10.03,9.21,9.31,41003.51953125,103276.8984375,9991.01953125,6943.16967773438,7384.64965820312,9427.9697265625,9342.89453125,6582.39990234375,7253.39990234375,5863.8798828125,7849.60009765625,9076.2001953125,4060.40002441406,5294.19995117188,4756.19995117188,NA,NA,NA,NA,NA,NA,NA,NA,570,570,270,270,467,473,408,509,524,491,439,554,461,688,664,597,489,0.98,3,0.94,4.22,3.98,4.51,4.59,3.83,6.28,13.68,13.77,14.81,8.01,6.29,7.76,6.42,6.06,65246.171875,41260,64010.857421875,106010.5,10478,7350.5,7830,9752,9599.5,6026,6697,5405,7056,13908,6078,8020.5,7364,NA
"04-OCT-2021",2021-10-04 09:06:54,"2021-10-04","9H 6M 54S","Unknown","2.16.0","Unknown","Unknown",570,270,467,473,408,509,524,491,439,554,461,688,664,597,489,1.91,4.34,3.34,4.03,4.28,2.62,4.95,6.28,6.18,8.33,4.76,6.1,7.29,6.24,6.01,42126.80078125,108358.984375,9583.080078125,6050.4599609375,6271.19970703125,9997.349609375,9493.5400390625,7357.68017578125,8028.23974609375,6548.080078125,9131.759765625,14864,6480.80029296875,8025.2001953125,7005.2001953125,NA,NA,NA,NA,NA,NA,NA,NA,570,570,270,270,467,473,408,509,524,491,439,554,461,688,664,597,489,0.83,1.87,0.67,4.19,4.49,5.16,5.39,3.13,5.93,7.34,7.14,10.05,5.74,6.18,7.41,6.58,6.17,66614.453125,41472,65198.8828125,109028,8114,5170,5423,10007,9479,7032,7806,6255,7512,14597,6380,7821,6920,NA
"04-OCT-2021",2021-10-04 09:04:42,"2021-10-04","9H 4M 42S","Unknown","2.16.0","Unknown","Unknown",570,270,467,473,408,509,524,491,439,554,461,688,664,597,489,2.07,4.34,6.98,7,7.38,2.86,4.9,5.83,5.84,8.15,4.61,8.32,9.51,8.22,7.94,40964.37890625,105230.71875,7550.009765625,4879.28979492188,5075.4599609375,9756.6494140625,9158.2197265625,6999.080078125,7724.19995117188,6252.83984375,7988.19995117188,10042.6000976562,4385.2001953125,5403.40014648438,4694.19995117188,NA,NA,NA,NA,NA,NA,NA,NA,570,570,270,270,467,473,408,509,524,491,439,554,461,688,664,597,489,0.93,1.88,0.72,4.03,4.72,5.26,5.79,3.27,5.83,6.93,6.79,9.65,5.39,6.51,8.14,6.91,6.64,64722.1171875,41517.5,63658.66015625,108389,8038,5130,5355,10023,9459,7151.5,7943,6389.5,7566,14482.5,6337,7729,6842.5,NA
"01-OCT-2021",2021-10-01 09:45:52,"2021-10-01","9H 45M 52S","Unknown","2.16.0","Unknown","Unknown",570,270,467,473,408,509,524,491,439,554,461,688,664,597,489,2.03,3.96,2.96,3.51,3.84,2.68,5.08,2.65,2.1,5.83,3.82,3.9,5.54,4.86,4.5,42000.640625,107592.484375,10886.849609375,6961.10961914062,7355.009765625,9902.314453125,9463.66015625,8357.80029296875,9176.6396484375,7346.23974609375,9674.7197265625,15651.8002929688,6837.80004882812,8515.2001953125,7526.60009765625,NA,NA,NA,NA,NA,NA,NA,NA,570,570,270,270,467,473,408,509,524,491,439,554,461,688,664,597,489,0.74,2.12,0.57,3.88,3.46,3.98,4.22,3.31,6,2.82,2.22,6.31,4.19,4.29,6.05,5.03,4.56,66593.09765625,41363,65415.126953125,107958,11023.5,7112.5,7587,9897,9470,10531,11811.5,9316.5,9897,16105,7038,8722,7750.5,NA
"01-OCT-2021",2021-10-01 09:44:39,"2021-10-01","9H 44M 39S","Unknown","2.16.0","Unknown","Unknown",570,270,467,473,408,509,524,491,439,554,461,688,664,597,489,2.05,4.28,6.66,5.99,6.1,2.86,4.99,2.95,2.42,5.78,4.25,6.24,7.59,6.99,6.51,40837.078125,103959.15625,9226.6201171875,6045.77978515625,6442.7998046875,9679.4599609375,9165.689453125,7733.43994140625,8628.400390625,6843.759765625,8050.23974609375,10238.7998046875,4463.2001953125,5314.80029296875,4883.2001953125,NA,NA,NA,NA,NA,NA,NA,NA,570,570,270,270,467,473,408,509,524,491,439,554,461,688,664,597,489,0.83,2.08,0.68,4.04,3.65,4.15,4.41,3.34,6.02,2.81,2.33,6.28,4.33,4.25,6.51,4.82,4.61,64640.3125,41439,63315.05078125,107771,11022,7068,7563,9941,9475,10515,11893,9299,9903,16191,7059,8763,7785,NA
"31-AUG-2021",2021-08-31 08:53:47,"2021-08-31","8H 53M 47S","Unknown","2.16.0","Unknown","Unknown",570,270,467,473,408,509,524,491,439,554,461,688,664,597,489,4.72,7.09,9.02,9.34,9.58,3.57,5.57,6.12,5.42,8.41,5.12,4.65,6.73,5.21,4.85,43196.12109375,107652.2421875,9995.8701171875,7008.88037109375,7772.4150390625,9780.7197265625,10005.6494140625,7117.77978515625,7560.85986328125,6416.6796875,8356.2001953125,15446,6809.2001953125,9294.400390625,9062.400390625,NA,NA,NA,NA,NA,NA,NA,NA,570,570,270,270,467,473,408,509,524,491,439,554,461,688,664,597,489,1.13,4.31,0.81,6.71,8.55,8.98,9.16,3.86,6.51,6.94,6.39,10.4,6.25,5.09,7.33,5.35,4.87,66338.92578125,42808.5,64579.73046875,109341.5,10002.5,7046,7849.5,9909,10117,7239,7815,6598,7784,15537,6859,9285,9128,NA
"31-AUG-2021",2021-08-31 08:51:49,"2021-08-31","8H 51M 49S","Unknown","2.16.0","Unknown","Unknown",570,270,467,473,408,509,524,491,439,554,461,688,664,597,489,4.96,7.92,9.55,10.13,10.39,3.89,6.1,6.83,5.96,8.69,5.79,6.12,8.59,6.87,6.49,41942.87890625,104744.3359375,9540.0400390625,6703.93994140625,7392.0302734375,9584.83984375,9676.1396484375,6733.60009765625,7238.23974609375,6104.31982421875,7355.27978515625,11301.2001953125,4996.39990234375,6779.2001953125,6651.60009765625,NA,NA,NA,NA,NA,NA,NA,NA,570,570,270,270,467,473,408,509,524,491,439,554,461,688,664,597,489,1.26,4.57,0.94,7.34,8.59,9.39,9.66,4.15,6.67,7.64,6.61,10.43,6.6,5.1,7.74,5.8,5.24,64614.36328125,42641,62746.48828125,109548,10147,7119,7933,9959,10136,7292,7891,6653,7845,15581,6876,9324,9165,NA
"30-AUG-2021",2021-08-30 11:00:36,"2021-08-30","11H 0M 36S","Unknown","2.16.0","Unknown","Unknown",570,270,467,473,408,509,524,491,439,554,461,688,664,597,489,3.17,5.28,8.83,9.3,9.56,3.34,5.37,6.15,5.85,8.2,4.73,4.23,6.23,4.86,4.42,43125.44140625,106103.046875,9950.44482421875,7056.2802734375,7827.3203125,9789.01953125,10079.1044921875,7013.27978515625,7478.39990234375,6347.51977539062,8364.5595703125,15438.6005859375,6796.19995117188,9429.80029296875,9301.2001953125,NA,NA,NA,NA,NA,NA,NA,NA,570,570,270,270,467,473,408,509,524,491,439,554,461,688,664,597,489,0.92,2.94,0.66,4.84,8.43,8.92,8.97,3.47,6.18,7.22,6.94,10.31,5.91,4.71,6.62,5.18,4.57,65878.02734375,42968,64329.232421875,108127,9991,7106,7922.5,9945,10219,6952.5,7540,6365,7720.5,15492,6828,9381,9353,NA
"30-AUG-2021",2021-08-30 10:58:19,"2021-08-30","10H 58M 19S","Unknown","2.16.0","Unknown","Unknown",570,270,467,473,408,509,524,491,439,554,461,688,664,597,489,2.74,4.73,4.81,4.87,4.67,2.77,4.64,3.16,2.87,6.74,4.36,4.92,6.68,5.97,5.02,40620.48046875,103410.11328125,9379.27490234375,6567.6650390625,7341.47021484375,9607.25,9710.99951171875,6498.3798828125,7041.39990234375,5953.83984375,7330.9599609375,11220.8002929688,4881.40014648438,6843.60009765625,6769.2001953125,NA,NA,NA,NA,NA,NA,NA,NA,570,570,270,270,467,473,408,509,524,491,439,554,461,688,664,597,489,0.87,2.45,0.61,4.49,4.98,5.31,4.56,3.33,5.33,4.23,3.61,7.4,4.6,4.59,6.51,5.57,4.42,64283.625,41465,62888.630859375,107780,9970.5,7079.5,7846,10032,10184,6852,7487,6307,7718,15567.5,6810,9475,9367.5,NA
"27-AUG-2021",2021-08-27 09:23:22,"2021-08-27","9H 23M 22S","Unknown","2.16.0","Unknown","Unknown",570,270,467,473,408,509,524,491,439,554,461,688,664,597,489,2.4,4.17,8.48,8.97,9.08,3.42,4.75,3.4,3.05,6.36,3.92,3.96,5.68,4.26,3.98,42608.640625,103995.6796875,9982.4404296875,7237.1904296875,8013.76025390625,9578.2001953125,10067.8994140625,7320.31982421875,7873.60009765625,6676.60009765625,8612.3203125,15295.6005859375,6700.39990234375,9546.7998046875,9464.7998046875,NA,NA,NA,NA,NA,NA,NA,NA,570,570,270,270,467,473,408,509,524,491,439,554,461,688,664,597,489,0.76,2.22,0.54,3.89,7.37,8.03,8.36,3.62,5.74,4.2,3.92,7.59,5.08,4.4,6.36,4.5,4.05,65495.01171875,42699,63937.23828125,106656,10137,7385,8214,9784,10256,8007,8744,7341,8281,15532,6829,9617,9592,NA
"27-AUG-2021",2021-08-27 09:21:51,"2021-08-27","9H 21M 51S","Unknown","2.16.0","Unknown","Unknown",570,270,467,473,408,509,524,491,439,554,461,688,664,597,489,2.52,4.42,8.71,9.1,9.43,3.36,4.85,3.62,3.15,6.2,4.05,4.52,6.31,4.91,4.35,41586.44140625,101009.3359375,9296.720703125,6771.88037109375,7535.81005859375,9343.3095703125,9749.1796875,6904.60009765625,7500.43994140625,6320.919921875,7559.7197265625,11083.6005859375,4878.80029296875,6894,6813.60009765625,NA,NA,NA,NA,NA,NA,NA,NA,570,570,270,270,467,473,408,509,524,491,439,554,461,688,664,597,489,0.81,2.2,0.61,4.05,7.87,7.97,8.66,3.51,5.74,4.38,3.99,8,4.99,4.32,6.38,4.77,4.08,63790.26953125,42748,62138.2578125,106556,10066,7349,8197,9847,10228,8021,8762,7362,8284,15517,6836,9639,9585,NA
"26-AUG-2021",2021-08-26 09:31:03,"2021-08-26","9H 31M 3S","Unknown","2.16.0","Unknown","Unknown",570,270,467,473,408,509,524,491,439,554,461,688,664,597,489,17.9,30.53,12.79,13.84,13.93,5.22,7.96,8.8,6.37,9.98,6.93,6.76,8.81,7.93,7.18,43743.69921875,128679.4609375,10082.7705078125,7017.5703125,7783.8701171875,9861.2294921875,10141.3544921875,7655.47998046875,8014.57983398438,6879.13989257812,8712.6396484375,15536.8002929688,6881.00024414062,9404.39990234375,9165.6005859375,NA,NA,NA,NA,NA,NA,NA,NA,570,570,270,270,467,473,408,509,524,491,439,554,461,688,664,597,489,2.72,17.43,2.3,27.55,11.42,12.46,12.54,5.27,8.68,8.62,7.15,11.76,8.04,6.64,9.49,7.89,7.22,66646.4375,43395,64900.044921875,128260.5,10248,7145.5,7984,10012,10284,8144.5,8699.5,7421,8276,15736.5,7000,9457,9276.5,NA
"26-AUG-2021",2021-08-26 09:28:50,"2021-08-26","9H 28M 50S","Unknown","2.16.0","Unknown","Unknown",570,270,467,473,408,509,524,491,439,554,461,688,664,597,489,19.13,28.66,14.11,14.88,15.27,6.08,8.68,9.49,7.13,10.83,8.61,11.15,12.47,12.24,11.26,42759.87890625,121374.21875,9592.970703125,6578.330078125,7339.89013671875,9612.2294921875,9819.7294921875,7195.6796875,7612.15966796875,6494.19970703125,7573.39990234375,11491.6005859375,5103.60009765625,6857.2001953125,6739.60009765625,NA,NA,NA,NA,NA,NA,NA,NA,570,570,270,270,467,473,408,509,524,491,439,554,461,688,664,597,489,2.96,17.84,2.77,26.17,12.57,13.24,13.19,5.63,8.9,8.62,7.49,12.62,7.85,6.95,9.51,7.78,7.06,64867.9296875,43473,62562.93359375,126440,10333,7168,7989,10035,10316,8139,8709,7436,8286,15788,7014,9473,9302,NA
"25-AUG-2021",2021-08-25 08:54:00,"2021-08-25","8H 54M 0S","Unknown","2.16.0","Unknown","Unknown",570,270,467,473,408,509,524,491,439,554,461,688,664,597,489,8.31,11.44,10.14,10.85,11.21,4.01,6.33,6.53,5.42,8.64,5.51,5.13,7.25,5.94,5.4,43016.7578125,110341.03125,10029.83984375,7057.0703125,7791.77001953125,9766.609375,10044.66015625,7369.7197265625,7796.83984375,6611.23974609375,8493.759765625,15305.6005859375,6774,9308,9111.2001953125,NA,NA,NA,NA,NA,NA,NA,NA,570,570,270,270,467,473,408,509,524,491,439,554,461,688,664,597,489,1.44,7.93,1.08,10.86,9.06,9.95,10,4.25,7.05,7.45,6.13,10.46,6.47,5.53,7.61,6.12,5.59,66331.9375,42659,64579.734375,112193,10225,7225,8021,9912,10181,7663,8221,6917,7973,15575,6897,9401,9249,NA
"25-AUG-2021",2021-08-25 08:52:08,"2021-08-25","8H 52M 8S","Unknown","2.16.0","Unknown","Unknown",570,270,467,473,408,509,524,491,439,554,461,688,664,597,489,8.62,11.61,10.55,11.04,11.22,4.51,6.55,6.74,5.44,8.66,6.33,7.55,9.58,8.19,7.86,41935.28125,106802.734375,9479.2099609375,6607.56005859375,7425.2099609375,9391.4501953125,9597.2900390625,6904.60009765625,7416.080078125,6294.31982421875,7302.080078125,11166.7998046875,4908,6665.2001953125,6577.2001953125,NA,NA,NA,NA,NA,NA,NA,NA,570,570,270,270,467,473,408,509,524,491,439,554,461,688,664,597,489,1.48,8.01,1.26,10.89,9.21,9.7,10.12,4.12,7.05,7.02,6.09,10.15,6.44,5.41,7.83,5.92,5.65,64526.9765625,42731,62746.9296875,111795,10282,7262,8105,9920,10184,7670,8258,6994,7960,15601,6896,9389,9241,NA
"24-AUG-2021",2021-08-24 09:07:13,"2021-08-24","9H 7M 13S","Unknown","2.16.0","Unknown","Unknown",570,270,467,473,408,509,524,491,439,554,461,688,664,597,489,2.71,4.64,9.25,9.77,9.69,2.99,4.91,4.56,4.46,6.99,4.21,3.85,5.68,4.6,3.94,42595.33984375,104526.046875,10706.8701171875,7471.8203125,8500.79541015625,9592.3095703125,9820.5595703125,7220,7660.0400390625,6469.5,8372.5400390625,14975.3999023438,6596.19995117188,9122.2001953125,8991.2001953125,NA,NA,NA,NA,NA,NA,NA,NA,570,570,270,270,467,473,408,509,524,491,439,554,461,688,664,597,489,0.83,2.54,0.53,4.34,8.29,8.58,8.81,3.32,5.65,5.64,5.49,8.97,5.2,4.16,6.19,4.73,4.1,65995.07421875,42358,64318.189453125,106537.5,10636,7470.5,8536,9744,9965,7249,7814,6552,7775,15185.5,6710,9170,9090.5,NA
"24-AUG-2021",2021-08-24 09:05:09,"2021-08-24","9H 5M 9S","Unknown","2.16.0","Unknown","Unknown",570,270,467,473,408,509,524,491,439,554,461,688,664,597,489,2.72,4.2,9.61,9.52,9.8,3.21,4.73,4.69,4.48,7.07,4.27,4.16,6.14,4.78,4.44,41490.6796875,100634.1796875,9979.2802734375,6963.85009765625,7891.31005859375,9302.6396484375,9367.3798828125,6757.16015625,7248.1201171875,6086.83984375,7236.7197265625,10855.2001953125,4782.39990234375,6563.60009765625,6490.80029296875,NA,NA,NA,NA,NA,NA,NA,NA,570,570,270,270,467,473,408,509,524,491,439,554,461,688,664,597,489,0.82,2.47,0.67,3.91,8.35,8.45,8.57,3.39,5.56,5.75,5.34,8.57,5.23,4.19,6.38,4.68,4.16,64281.61328125,42348,61972.9296875,106541,10565,7420,8511,9744,9948,7241,7795,6553,7762,15159,6667,9151,9096,NA
"23-AUG-2021",2021-08-23 09:10:39,"2021-08-23","9H 10M 39S","Unknown","2.16.0","Unknown","Unknown",570,270,467,473,408,509,524,491,439,554,461,688,664,597,489,2.1,4.22,3.35,3.66,3.78,3.09,4.95,5.75,5.7,7.56,4.31,4.03,5.67,4.63,3.98,42377.59765625,104771.7265625,11225.1103515625,8395.330078125,9440.5,9707.6796875,10296.1494140625,6976.7998046875,7452.56005859375,6350.56005859375,8360.759765625,14850.400390625,6551.60009765625,9756.400390625,9874,NA,NA,NA,NA,NA,NA,NA,NA,570,570,270,270,467,473,408,509,524,491,439,554,461,688,664,597,489,0.75,1.95,0.53,3.86,3.71,3.86,4.05,3.41,5.67,7.09,6.82,9.83,5.59,4.31,6.45,4.87,4.04,65813.7421875,42236,64159.4765625,106992,10996,8292,9381,9873,10452,6795,7374,6228,7698,14639,6455,9506,9714,NA
"23-AUG-2021",2021-08-23 09:09:11,"2021-08-23","9H 9M 11S","Unknown","2.16.0","Unknown","Unknown",570,270,467,473,408,509,524,491,439,554,461,688,664,597,489,2.32,4.66,3.51,3.89,3.76,3.24,4.84,5.77,5.49,7.83,4.43,4.69,6.36,4.84,4.42,41240.640625,101584.11328125,10527.5400390625,7895.26025390625,8841.6806640625,9414.2744140625,9912.689453125,6558.7998046875,7112.4599609375,6003.23974609375,7419.5,10582.7998046875,4679.2001953125,6922,7058,NA,NA,NA,NA,NA,NA,NA,NA,570,570,270,270,467,473,408,509,524,491,439,554,461,688,664,597,489,0.81,2.04,0.67,4.27,3.65,4,3.77,3.35,5.77,6.97,6.48,9.5,5.54,4.51,6.51,4.71,4.02,63942.818359375,42279,62250.26171875,106891,11109,8371,9407,9901,10449,6868,7474,6303,7703,14629.5,6466,9526,9734,NA
"20-AUG-2021",2021-08-20 10:40:25,"2021-08-20","10H 40M 25S","Unknown","2.16.0","Unknown","Unknown",570,270,467,473,408,509,524,491,439,554,461,688,664,597,489,2.2,3.73,3.11,3.48,3.64,2.9,4.94,8.42,8.42,10.16,5.2,4.03,6.08,4.5,4.06,43144.44140625,106518.046875,10443.0107421875,7260.89013671875,8163.0703125,9645.4296875,9792.33984375,6279.8798828125,6693.31982421875,5581.81982421875,7784.67993164062,14807.2001953125,6480.80029296875,8846.7998046875,8682.60009765625,NA,NA,NA,NA,NA,NA,NA,NA,570,570,270,270,467,473,408,509,524,491,439,554,461,688,664,597,489,0.8,2.59,0.75,3.92,3.75,4.03,4.02,3.55,6.07,9.71,9.73,11.75,6.53,4.48,6.63,4.76,4.07,67167.6484375,42139,65873.17578125,106283.5,10150,7120.5,8067,9570,9686,6048.5,6581.5,5430.5,7090,14921.5,6538.5,8803.5,8716.5,NA
"20-AUG-2021",2021-08-20 10:39:19,"2021-08-20","10H 39M 19S","Unknown","2.16.0","Unknown","Unknown",570,270,467,473,408,509,524,491,439,554,461,688,664,597,489,2.01,3.84,3.24,3.49,3.66,2.76,4.81,7.89,7.78,9.26,4.88,4.11,5.96,4.74,4.25,42309.958984375,102585.5078125,9780.59521484375,6787.68017578125,7685.1201171875,9374.849609375,9464.490234375,6171.19970703125,6667.09985351562,5502.78002929688,7093.080078125,10885.400390625,4755.60009765625,6456,6385.80004882812,NA,NA,NA,NA,NA,NA,NA,NA,570,570,270,270,467,473,408,509,524,491,439,554,461,688,664,597,489,0.86,2.14,0.76,3.8,3.55,3.75,3.92,3.16,6.01,9.23,8.76,11.5,6.22,4.23,6.22,4.81,4.14,65177.0234375,42562.5,63122.75390625,106672,10239,7162,8126,9633,9762.5,6395,6957,5747.5,7292,14992.5,6553,8849,8768,NA
"19-AUG-2021",2021-08-19 09:15:49,"2021-08-19","9H 15M 49S","Unknown","2.16.0","Unknown","Unknown",570,270,467,473,408,509,524,491,439,554,461,688,664,597,489,2.48,4.39,2.93,3.4,3.36,3.61,4.96,4.32,3.97,6.92,3.99,3.91,5.91,4.36,3.89,42245.740234375,103724.26953125,10928.8603515625,7861.2900390625,8774.5302734375,9536.28515625,9919.330078125,7255.7197265625,7796.4599609375,6640.8798828125,8458.419921875,14854.6000976562,6544.39990234375,9347.6005859375,9226,NA,NA,NA,NA,NA,NA,NA,NA,570,570,270,270,467,473,408,509,524,491,439,554,461,688,664,597,489,0.72,2.31,0.54,4,3.56,3.65,3.53,3.59,5.78,5.31,4.9,8.4,5.15,4.16,6.61,4.71,4.11,65454.4296875,42331.5,63848.3828125,106434,10316,7484.5,8393,9745,10144,7546.5,8235,6938,7950,14688,6485,9133,9088,NA
"19-AUG-2021",2021-08-19 09:14:38,"2021-08-19","9H 14M 38S","Unknown","2.16.0","Unknown","Unknown",570,270,467,473,408,509,524,491,439,554,461,688,664,597,489,2.61,4.27,3.09,3.3,3.5,3.62,4.67,4.29,3.97,6.54,4.15,4.38,6.14,4.52,4.22,41050.259765625,100300.1015625,9801.13525390625,7022.31005859375,7862.8701171875,9239.5595703125,9629.2451171875,6809.97998046875,7414.17993164062,6239.60009765625,7422.15966796875,10592.7998046875,4670.80029296875,6613.60009765625,6571.2001953125,NA,NA,NA,NA,NA,NA,NA,NA,570,570,270,270,467,473,408,509,524,491,439,554,461,688,664,597,489,0.7,2.33,0.62,3.93,3.38,3.47,3.79,3.69,5.48,5.31,4.99,8.34,5.18,4.4,6.58,4.46,3.95,63659.8125,42290.5,61978.23828125,106060.5,10360.5,7488,8397,9755,10123,7548.5,8265.5,6936,7903,14660.5,6475.5,9101.5,9073,NA
"18-AUG-2021",2021-08-18 08:28:11,"2021-08-18","8H 28M 11S","Unknown","2.16.0","Unknown","Unknown",570,270,467,473,408,509,524,491,439,554,461,688,664,597,489,2.22,4.11,2.85,3.15,3.19,3.22,4.7,4.47,4.2,6.79,4.01,4.05,5.82,4.32,3.71,42472.21875,103776.97265625,11113.3256835938,8280.7802734375,9300.669921875,9522.58984375,10076.2001953125,7159.19970703125,7695.3798828125,6523.4599609375,8434.4794921875,14909.2001953125,6536.80029296875,9629,9716.2001953125,NA,NA,NA,NA,NA,NA,NA,NA,570,570,270,270,467,473,408,509,524,491,439,554,461,688,664,597,489,0.7,2.15,0.51,3.89,3.5,3.69,3.72,3.56,5.4,5.67,5.24,8.32,5.36,4.18,6.46,4.7,3.75,65666.30078125,42414.5,64206.775390625,105902.5,9350,7027,7939,9688.5,10245,7218,7874.5,6613,7843.5,14868,6540,9497,9660,NA
"18-AUG-2021",2021-08-18 08:26:58,"2021-08-18","8H 26M 58S","Unknown","2.16.0","Unknown","Unknown",570,270,467,473,408,509,524,491,439,554,461,688,664,597,489,2.52,4.48,3.42,3.36,3.6,3.59,5.16,4.27,3.98,6.89,4.23,4.53,6.37,5.03,4.28,41172.23828125,99984.703125,9062.48486328125,6772.275390625,7622.71044921875,9209.6796875,9711.4150390625,6814.16015625,7450.27978515625,6244.16015625,7519.05981445312,10684,4698.39990234375,6874.60009765625,6984.19995117188,NA,NA,NA,NA,NA,NA,NA,NA,570,570,270,270,467,473,408,509,524,491,439,554,461,688,664,597,489,0.75,2.29,0.68,4.05,3.71,3.66,3.9,3.74,5.96,5.29,5.11,8.7,5.36,4.51,6.74,4.76,3.99,63899.673828125,42242.5,62273.78515625,105234,9402,7028,7953,9681,10222,7370,8087.5,6775.5,7900,14806,6529,9493,9649.5,NA
"17-AUG-2021",2021-08-17 12:07:38,"2021-08-17","12H 7M 38S","Unknown","2.16.0","Unknown","Unknown",570,270,467,473,408,509,524,491,439,554,461,688,664,597,489,2.45,4.23,3.13,3.26,3.38,3.4,4.92,4.19,3.97,6.67,4.14,3.86,5.75,4.36,3.89,42031.0390625,103636.703125,10858.55078125,7965.5703125,9085,9457.4345703125,10137.205078125,7110.56005859375,7729.19970703125,6562.97998046875,8364.93994140625,14646.400390625,6444,9511.60009765625,9556.60009765625,NA,NA,NA,NA,NA,NA,NA,NA,570,570,270,270,467,473,408,509,524,491,439,554,461,688,664,597,489,0.73,2.17,0.5,3.95,3.57,3.69,3.48,3.64,5.55,5.17,4.67,8.33,5.15,4.19,6.5,4.53,4.04,65286.884765625,42202,63524.40234375,106879,9584.5,7094.5,8134,9717,10403,7818.5,8632,7247,8061,14466,6391,9306.5,9427,NA
"17-AUG-2021",2021-08-17 12:06:27,"2021-08-17","12H 6M 27S","Unknown","2.16.0","Unknown","Unknown",570,270,467,473,408,509,524,491,439,554,461,688,664,597,489,2.39,4.29,3.36,3.46,3.82,3.44,4.68,4.31,4.05,6.76,4.24,4.07,6.02,4.67,4.11,40922.9609375,99576.34375,8935.29541015625,6574.38037109375,7458.39013671875,9206.359375,9673.234375,6672.419921875,7323.35986328125,6153.33984375,7280.7998046875,10418.7998046875,4597.00024414062,6707.60009765625,6787.2001953125,NA,NA,NA,NA,NA,NA,NA,NA,570,570,270,270,467,473,408,509,524,491,439,554,461,688,664,597,489,0.76,2.05,0.73,3.9,3.52,3.5,3.57,3.39,5.41,5.03,4.73,8.17,4.92,4.07,6.41,4.51,3.83,63610.2421875,42172,61185.419921875,106586.5,9574,7074,8099,9749,10396,7783,8612,7203,7977,14434,6386,9307,9414,NA
"16-AUG-2021",2021-08-16 11:41:40,"2021-08-16","11H 41M 40S","Unknown","2.16.0","Unknown","Unknown",570,270,467,473,408,509,524,491,439,554,461,688,664,597,489,1.91,4.24,3.4,3.59,3.76,3,4.62,4.5,4.24,7.07,4.23,3.79,5.65,4.29,3.65,43428.6796875,106000.125,9908.1806640625,7704.080078125,8884.33984375,9508.4794921875,10521.080078125,7207.080078125,7724.64013671875,6392.35986328125,8501.3603515625,15128.400390625,6658,10159.2001953125,10536.7998046875,NA,NA,NA,NA,NA,NA,NA,NA,570,570,270,270,467,473,408,509,524,491,439,554,461,688,664,597,489,0.68,1.82,0.59,4.1,3.8,3.94,4.04,3.34,5.61,5.67,5.45,8.82,5.41,4.07,6.27,4.62,3.72,66325.46875,42961,64957.12109375,107096,9870,7719,8948,9574,10577,7324,7970,6554,7942,15408,6791,10245,10668,NA
"16-AUG-2021",2021-08-16 11:40:04,"2021-08-16","11H 40M 4S","Unknown","2.16.0","Unknown","Unknown",570,270,467,473,408,509,524,491,439,554,461,688,664,597,489,1.91,4.16,3.6,3.73,3.71,3.13,4.61,4.7,4.39,6.93,4.16,4.18,5.87,4.41,3.98,42325.16015625,103530.046875,9244.580078125,7186.63037109375,8302.1103515625,9278.5693359375,10221.4501953125,6784.52001953125,7348.43994140625,6045.7998046875,7536.15966796875,11077.6005859375,4879.60009765625,7408.80029296875,7710,NA,NA,NA,NA,NA,NA,NA,NA,570,570,270,270,467,473,408,509,524,491,439,554,461,688,664,597,489,0.71,1.78,0.61,3.96,3.74,3.87,3.77,3.38,5.49,5.68,5.29,8.57,5.22,4.07,6.18,4.4,3.69,64586.859375,42985,63449.15234375,107010,9868,7710,8934,9561,10560,7308,7963,6542,7958,15358,6768,10232,10658,NA
"13-AUG-2021",2021-08-13 08:50:55,"2021-08-13","8H 50M 55S","Unknown","2.16.0","Unknown","Unknown",570,270,467,473,408,509,524,491,439,554,461,688,664,597,489,2.49,4.59,3.52,3.92,3.93,3.56,4.93,2.71,2.31,6.01,3.81,3.83,5.79,4.58,3.94,40469.76171875,99792.8046875,8209.6396484375,6043.16015625,6725.2001953125,9163.2001953125,9695.2001953125,6907.58984375,7474.77001953125,6296.93994140625,7790.7900390625,15655.0302734375,6898.66015625,9869.51953125,9941.6796875,NA,NA,NA,NA,NA,NA,NA,NA,570,570,270,270,467,473,408,509,524,491,439,554,461,688,664,597,489,0.69,2.24,0.63,4.29,4.12,4.3,4.17,3.81,5.73,3.57,3.23,7.52,4.89,4.12,6.28,4.7,3.95,62309.3984375,42582,61950.1640625,105587,9670,7142,8004,9662,10215,8139,8946,7450,8222,15594,6897,9747,9875,NA
"13-AUG-2021",2021-08-13 08:48:50,"2021-08-13","8H 48M 50S","Unknown","2.16.0","Unknown","Unknown",570,270,467,473,408,509,524,491,439,554,461,688,664,597,489,2.67,4.77,4.73,4.64,4.84,3.77,4.75,2.73,2.33,5.74,4.06,4.13,5.59,4.7,4.1,39343.6796875,96362.3984375,7387.52001953125,5432.52001953125,6088.0400390625,8882.400390625,9306.400390625,6490.830078125,7098.72021484375,5936.06982421875,6748.89013671875,11423.21484375,5025.1650390625,7176.64013671875,7263.56005859375,NA,NA,NA,NA,NA,NA,NA,NA,570,570,270,270,467,473,408,509,524,491,439,554,461,688,664,597,489,0.79,2.3,0.78,4.29,3.81,3.95,4.08,3.72,5.49,3.57,3.19,7.14,5,4.05,5.98,4.6,3.8,60632.826171875,42551,60146.740234375,104934.5,9651,7127,7995,9675,10169.5,8135,8974,7475,8200.5,15566,6869,9744,9874,NA
"12-AUG-2021",2021-08-12 08:32:36,"2021-08-12","8H 32M 36S","Unknown","2.16.0","Unknown","Unknown",570,270,467,473,408,509,524,491,439,554,461,688,664,597,489,2.52,4.69,3.41,3.53,3.89,3.78,4.97,2.68,2.29,5.73,3.82,3.88,5.71,4.45,3.78,39757.322265625,98488.80078125,8551.33984375,6232.8798828125,7017.60009765625,9044,9608,6877.57495117188,7473.39013671875,6311.0849609375,7795.6201171875,15569.544921875,6875.69970703125,9888.1748046875,9995.3896484375,NA,NA,NA,NA,NA,NA,NA,NA,570,570,270,270,467,473,408,509,524,491,439,554,461,688,664,597,489,0.71,2.29,0.63,4.25,3.74,3.99,4.09,3.84,5.68,3.43,2.93,7.21,4.93,4.25,6.11,4.73,3.82,61985.375,42087,61446.61328125,105003,9957.5,7305,8271,9603,10177,8286.5,9146,7654.5,8310.5,15314.5,6765,9624,9786,NA
"12-AUG-2021",2021-08-12 08:30:43,"2021-08-12","8H 30M 43S","Unknown","2.16.0","Unknown","Unknown",570,270,467,473,408,509,524,491,439,554,461,688,664,597,489,2.48,4.57,3.63,3.79,4.04,3.79,4.89,2.6,2.19,5.9,3.91,4.2,6.1,4.62,4.13,38653.921875,95749.203125,7708.47998046875,5662.35986328125,6359.35986328125,8844.7998046875,9304.39990234375,6482.5498046875,7115.97021484375,5965.39477539062,6780.6298828125,11237.0751953125,4932.30004882812,7096.48486328125,7195.91015625,NA,NA,NA,NA,NA,NA,NA,NA,570,570,270,270,467,473,408,509,524,491,439,554,461,688,664,597,489,0.73,2.22,0.67,4.17,3.8,4.02,3.94,3.78,5.83,3.34,2.82,7.2,4.72,4.24,6.28,4.52,3.84,60381.060546875,41974.5,60086.88671875,104408,9986,7315.5,8275,9621.5,10158.5,8315.5,9196,7687,8317,15266.5,6748,9622,9778.5,NA
"11-AUG-2021",2021-08-11 09:31:17,"2021-08-11","9H 31M 17S","Unknown","2.16.0","Unknown","Unknown",570,270,467,473,408,509,524,491,439,554,461,688,664,597,489,2.19,4.19,3.88,4.23,4.33,3.2,4.7,3.92,3.53,6.75,4.07,3.83,5.87,4.44,4.09,40623.12109375,99740.80078125,8113.76025390625,5904.78002929688,6692.90014648438,9088.7998046875,9645.6005859375,6638.8349609375,7192.21508789062,6013.00512695312,7531.35009765625,15336.6650390625,6750.03491210938,9580.6748046875,9753.89990234375,NA,NA,NA,NA,NA,NA,NA,NA,570,570,270,270,467,473,408,509,524,491,439,554,461,688,664,597,489,0.77,1.94,0.62,3.96,4.46,4.52,4.62,3.42,5.62,5.11,4.65,8.28,5.18,4.27,6.26,4.82,4.1,62304.421875,42737.5,61835.390625,105753.5,9516,6950,7918.5,9603.5,10150.5,7511,8266,6850,7892,15289,6735.5,9470,9689,NA
"11-AUG-2021",2021-08-11 09:28:49,"2021-08-11","9H 28M 49S","Unknown","LSRII","1","Administrator",570,270,467,473,408,509,524,491,439,554,461,688,664,597,489,1.93,4.13,4.45,4.66,4.83,3.08,4.94,4.98,4.82,7.32,4.57,4.23,6.04,4.91,4.36,39989.5234375,99162.3984375,6795.240234375,5038.80029296875,5736.47998046875,8974.400390625,9402.400390625,5977.47021484375,6559.830078125,5450.31005859375,6332.81982421875,11162.66015625,4907.7001953125,6931.0498046875,7046.669921875,58.29,0,19.39,39.81,0.68,0.8,0.69,0.41,570,570,270,270,467,473,408,509,524,491,439,554,461,688,664,597,489,0.84,1.7,0.6,3.92,4.39,4.77,4.79,3.25,5.55,6.08,5.79,9.1,5.42,4.31,6.44,4.72,3.93,61017.3359375,42955,60739.5234375,107014,9280,6781,7710,9723,10226,7189,7933,6568,7686,15281,6726,9427,9648,NA
"10-AUG-2021",2021-08-10 14:21:21,"2021-08-10","14H 21M 21S","Unknown","2.16.0","Unknown","Unknown",570,270,467,473,408,509,524,491,439,554,461,688,664,597,489,2.31,3.9,2.7,2.93,2.83,3.3,3.97,3.2,2.53,5.81,3.69,3.41,5.67,3.4,3.31,39357.36328125,95784.8046875,8255.8798828125,6323.31982421875,7166.52001953125,8637.6005859375,9469.6005859375,6610.2001953125,7147.02001953125,5986.43994140625,7643.81982421875,15119.9794921875,6651.83984375,9882.6396484375,10124.9501953125,NA,NA,NA,NA,NA,NA,NA,NA,570,570,270,270,467,473,408,509,524,491,439,554,461,688,664,597,489,0.8,1.97,0.82,3.87,3.05,3.1,3.47,3.58,4.55,4.17,4.11,7.07,4.28,3.92,6.07,3.71,3.37,62080.98828125,41537,61371.23828125,102288,9930,7642,8681,9156,9965,7116,7824,6440,7927,15265,6745,9861,10169,NA
"10-AUG-2021",2021-08-10 08:29:50,"2021-08-10","8H 29M 50S","Unknown","2.16.0","Unknown","Unknown",570,270,467,473,408,509,524,491,439,554,461,688,664,597,489,2.75,4.58,3.26,3.76,4.09,3.63,5.12,3,2.44,6.02,3.81,3.73,5.6,4.63,4.14,39723.48046875,98374.3984375,8728.8203125,5773.8798828125,6243.42016601562,9141.6005859375,9156.7998046875,6948.2998046875,7496.16015625,6351.79516601562,7868.06982421875,15400.419921875,6786.32006835938,8957.06494140625,8523.080078125,NA,NA,NA,NA,NA,NA,NA,NA,570,570,270,270,467,473,408,509,524,491,439,554,461,688,664,597,489,0.69,2.53,0.59,4.24,3.66,3.99,4.35,3.87,5.81,3.89,3.24,7.68,4.93,4.11,6.29,4.83,4.34,61834.5234375,42131.5,61320.861328125,105136,10443,6945,7549,9727,9712.5,8165,8949.5,7521,8307,15082.5,6672,8692,8337,NA
"10-AUG-2021",2021-08-10 08:28:18,"2021-08-10","8H 28M 18S","Unknown","2.16.0","Unknown","Unknown",570,270,467,473,408,509,524,491,439,554,461,688,664,597,489,2.88,4.62,4.05,4.56,4.71,3.73,4.9,3.01,2.58,5.68,4.19,4.21,6.15,5.06,4.47,38668.3203125,95144.8046875,7773.080078125,5133.31982421875,5669.83984375,8860,8884,6519.1201171875,7110.4501953125,5976.77978515625,6764.06982421875,11093.7802734375,4906.06005859375,6396,6126.2197265625,NA,NA,NA,NA,NA,NA,NA,NA,570,570,270,270,467,473,408,509,524,491,439,554,461,688,664,597,489,0.69,2.56,0.64,4.2,3.67,4.06,4.42,3.73,5.75,3.75,3.31,7.24,5.02,4.13,6.33,4.99,4.22,60165.9453125,42127,59551.421875,104705,10469,6939,7541,9729,9696,8144,8948,7497,8236,15069,6673,8676,8300,NA
"09-AUG-2021",2021-08-09 08:54:29,"2021-08-09","8H 54M 29S","Unknown","2.16.0","Unknown","Unknown",570,270,467,473,408,509,524,491,439,554,461,688,664,597,489,2.73,4.71,3.02,3.65,3.72,3.79,5.27,4.76,4.65,7.14,4.35,4.23,5.89,4.59,4.22,39710.880859375,99366.40234375,10008.240234375,6609.60009765625,7121.64013671875,9183.2001953125,9248,6507.39013671875,7021.43994140625,5891.91015625,7480.2900390625,15328.669921875,6775.65991210938,8962.599609375,8573.3046875,NA,NA,NA,NA,NA,NA,NA,NA,570,570,270,270,467,473,408,509,524,491,439,554,461,688,664,597,489,0.67,2.47,0.58,4.19,3.64,4.17,4.23,3.92,5.99,5.8,5.61,9.01,5.28,4.43,6.4,4.94,4.32,62337.912109375,41801.5,61761.8515625,105414.5,8665,5775.5,6268,9709,9745.5,7651.5,8399.5,6977,7833,14875,6594.5,8612,8278,NA
"09-AUG-2021",2021-08-09 08:52:51,"2021-08-09","8H 52M 51S","Unknown","2.16.0","Unknown","Unknown",570,270,467,473,408,509,524,491,439,554,461,688,664,597,489,3.13,5.05,4.57,4.98,5.62,4.09,5.32,4.86,4.69,7.31,4.98,5.14,6.56,5.4,5.24,38640.2421875,95345.6015625,7199.16015625,4854.52001953125,5188.39990234375,8908.7998046875,8903.2001953125,6083.72998046875,6637.10986328125,5524.830078125,6341.7900390625,10908.4599609375,4829.7998046875,6341.8798828125,6119.25,NA,NA,NA,NA,NA,NA,NA,NA,570,570,270,270,467,473,408,509,524,491,439,554,461,688,664,597,489,0.89,2.78,0.9,4.56,3.55,4.19,4.22,3.92,5.99,5.65,5.52,8.88,5.41,4.47,6.38,4.84,4.56,60650.3203125,41795,59409.30078125,105132,8676,5800,6286,9722,9749,7682,8431,7042,7805,14859,6575,8611,8294,NA
"06-AUG-2021",2021-08-06 08:55:39,"2021-08-06","8H 55M 39S","Unknown","2.16.0","Unknown","Unknown",570,270,467,473,408,509,524,491,439,554,461,688,664,597,489,2.92,4.67,4.32,4.74,4.96,3.51,4.92,3.06,2.68,5.97,3.75,3.81,5.71,4.39,3.94,40556.16015625,100165.6015625,6448.43994140625,4445.16015625,4921.83984375,9187.2001953125,9471.2001953125,6644.7001953125,7165.64990234375,5998.85986328125,7507.2001953125,15636.580078125,6884.7197265625,9393.099609375,9086.009765625,NA,NA,NA,NA,NA,NA,NA,NA,570,570,270,270,467,473,408,509,524,491,439,554,461,688,664,597,489,0.7,2.7,0.57,4.23,5.36,5.84,5.98,3.71,5.6,3.77,3.55,7.09,4.55,4.23,6.21,4.61,4.06,61944.296875,42947,61584.09375,106572,7773,5357,5972,9746,10007,8932,9818,8117,8481,15378,6785,9136,8909,NA
"06-AUG-2021",2021-08-06 08:54:04,"2021-08-06","8H 54M 4S","Unknown","2.16.0","Unknown","Unknown",570,270,467,473,408,509,524,491,439,554,461,688,664,597,489,2.87,4.57,5.34,5.63,5.98,3.68,5.13,3.06,2.72,6.33,4.12,4.11,6.33,4.82,4.3,39515.40234375,97060.80078125,5842.56005859375,4041.57995605469,4483.919921875,8955.60009765625,9138.400390625,6227.25,6742.68017578125,5626.259765625,6305.22021484375,11345.1103515625,5006.10009765625,6783.85986328125,6603.8701171875,NA,NA,NA,NA,NA,NA,NA,NA,570,570,270,270,467,473,408,509,524,491,439,554,461,688,664,597,489,0.73,2.53,0.67,4.16,5.64,6.05,6.27,3.67,5.75,3.78,3.39,7.42,4.53,4.14,6.32,4.89,4.12,60357.509765625,42908.5,59894.662109375,106227.5,7764.5,5379.5,5980,9768,10001,8940,9811.5,8141,8457.5,15352,6777,9150.5,8920,NA
"05-AUG-2021",2021-08-05 09:02:10,"2021-08-05","9H 2M 10S","Unknown","2.16.0","Unknown","Unknown",570,270,467,473,408,509,524,491,439,554,461,688,664,597,489,2.35,4.27,4.76,4.93,5.24,3.31,4.68,3.17,2.77,6.28,3.96,4,5.73,4.22,3.82,40878.361328125,100766.80078125,6305.97998046875,4656.97998046875,5255.0400390625,9242.400390625,9891.2001953125,6683.33984375,7186.00512695312,6039.22485351562,7563.08984375,15564.21484375,6858.27490234375,10072.4697265625,10213.919921875,NA,NA,NA,NA,NA,NA,NA,NA,570,570,270,270,467,473,408,509,524,491,439,554,461,688,664,597,489,0.75,2.08,0.56,3.92,5.48,5.75,5.86,3.47,5.85,3.83,3.43,7.72,4.93,4.48,6.21,4.38,4,62334.70703125,43021,61938.9609375,106633.5,7656,5676,6443,9741,10353.5,8720,9561,7929,8378.5,15410,6799.5,9859,10075,NA
"05-AUG-2021",2021-08-05 09:00:21,"2021-08-05","9H 0M 21S","Unknown","2.16.0","Unknown","Unknown",570,270,467,473,408,509,524,491,439,554,461,688,664,597,489,2.41,4.35,5.73,5.92,6.05,3.54,5.15,3.1,2.76,6.26,4.16,4.09,6.22,4.46,4.14,39774.2421875,97657.6015625,5858.8798828125,4327.52001953125,4885.80029296875,9047.2001953125,9493.6005859375,6301.77001953125,6856.52978515625,5735.27978515625,6497.72998046875,11369.2998046875,5020.85986328125,7334.48974609375,7438.2197265625,NA,NA,NA,NA,NA,NA,NA,NA,570,570,270,270,467,473,408,509,524,491,439,554,461,688,664,597,489,0.77,2.17,0.65,3.93,5.61,5.87,6.23,3.68,5.81,3.88,3.42,7.37,4.82,4.05,6.54,4.49,3.82,60795.6875,42885,60300.296875,106148,7694,5712,6445,9751,10328,8754,9576,7961,8373,15438,6822,9903,10095,NA
"04-AUG-2021",2021-08-04 08:52:14,"2021-08-04","8H 52M 14S","Unknown","2.16.0","Unknown","Unknown",570,270,467,473,408,509,524,491,439,554,461,688,664,597,489,2.31,4.48,5.28,5.32,5.71,3.46,4.83,3.24,2.86,6.2,3.9,3.96,5.77,4.31,3.64,40752.72265625,100776,6511,4836.83984375,5438.64013671875,9228.7998046875,9890.400390625,6715.080078125,7178.759765625,6054.75,7562.39990234375,15609.9296875,6879.7998046875,10161.0302734375,10330.76953125,NA,NA,NA,NA,NA,NA,NA,NA,570,570,270,270,467,473,408,509,524,491,439,554,461,688,664,597,489,0.7,2.1,0.59,4.18,5.52,5.85,5.93,3.58,5.72,3.85,3.65,7.49,4.79,4.19,6.19,4.64,3.85,62396.71484375,42845,61973.1015625,106616,7952,5908,6696,9724,10368,8736,9503,7918,8353,15430,6806,9906,10134,NA
"04-AUG-2021",2021-08-04 08:50:15,"2021-08-04","8H 50M 15S","Unknown","2.16.0","Unknown","Unknown",570,270,467,473,408,509,524,491,439,554,461,688,664,597,489,2.44,4.43,6.04,6.15,6.16,3.51,4.87,3.37,2.79,6.03,4.39,4.13,6.03,4.59,4.18,39554.642578125,96746.40234375,6001.34008789062,4482.90014648438,5055.1201171875,8869.2001953125,9407.2001953125,6263.47485351562,6790.2900390625,5686.97998046875,6343.85986328125,11366.01953125,5035.2099609375,7350.68505859375,7500.74487304688,NA,NA,NA,NA,NA,NA,NA,NA,570,570,270,270,467,473,408,509,524,491,439,554,461,688,664,597,489,0.78,2.13,0.69,3.98,5.92,5.96,6.01,3.62,5.66,4.09,3.48,7.39,4.92,4.09,6.16,4.56,3.87,60734.87890625,42699.5,59681.521484375,106202.5,7982.5,5936,6709,9725.5,10363.5,8762,9530,7939,8363.5,15410,6831,9928.5,10125,NA
"03-AUG-2021",2021-08-03 08:22:33,"2021-08-03","8H 22M 33S","Unknown","2.16.0","Unknown","Unknown",570,270,467,473,408,509,524,491,439,554,461,688,664,597,489,2.54,4.45,5.4,5.74,5.99,3.54,4.9,2.95,2.51,5.94,3.78,3.84,5.86,4.26,3.77,40094.28125,100007.203125,6719.080078125,4971.47998046875,5624.2802734375,9188.7998046875,9817.60009765625,6814.78491210938,7262.25,6145.14013671875,7811.48974609375,15589.4296875,6862.98974609375,10298.9951171875,10536.1796875,NA,NA,NA,NA,NA,NA,NA,NA,570,570,270,270,467,473,408,509,524,491,439,554,461,688,664,597,489,0.69,2.29,0.58,3.97,4.98,5.45,5.85,3.71,5.62,3.61,3.17,7.02,4.51,4.2,6.31,4.53,3.95,62164.9609375,42308.5,61632.84375,106362.5,8089.5,6011.5,6844.5,9735.5,10369,8942,9718.5,8125.5,8608,15276.5,6746,9939,10222,NA
"03-AUG-2021",2021-08-03 08:20:36,"2021-08-03","8H 20M 36S","Unknown","2.16.0","Unknown","Unknown",570,270,467,473,408,509,524,491,439,554,461,688,664,597,489,2.62,4.44,5.5,5.83,6.04,3.5,4.92,2.92,2.43,5.7,4.01,4.12,5.88,4.64,4.2,38925.36328125,97574.3984375,6230.16015625,4583.2001953125,5226.47998046875,8916.7998046875,9471.2001953125,6403.2001953125,6903.4501953125,5819.4599609375,6681.27001953125,11208.580078125,4904.009765625,7343.509765625,7548.919921875,NA,NA,NA,NA,NA,NA,NA,NA,570,570,270,270,467,473,408,509,524,491,439,554,461,688,664,597,489,0.76,2.34,0.6,4.1,5.19,5.5,5.72,3.59,5.68,3.48,3.05,6.95,4.6,4.09,6.22,4.59,3.77,60588.55859375,42124,60287.484375,106133,8117,6014,6845,9743,10389,8953,9714,8126,8599,15251,6750,9926,10226,NA
"02-AUG-2021",2021-08-02 08:18:33,"2021-08-02","8H 18M 33S","Unknown","2.16.0","Unknown","Unknown",570,270,467,473,408,509,524,491,439,554,461,688,664,597,489,1.75,3.71,2.86,3.11,3.29,2.69,4.75,9.52,9.52,10.9,5.56,4.56,6.38,4.92,4.75,41258.16015625,104636,9726.7197265625,7157.68017578125,8139.60009765625,9562.400390625,10156,5471.7001953125,5834.64013671875,4956.27001953125,7024.89013671875,15092.919921875,6626.419921875,9973.66015625,10265.580078125,NA,NA,NA,NA,NA,NA,NA,NA,570,570,270,270,467,473,408,509,524,491,439,554,461,688,664,597,489,0.81,1.98,0.73,3.7,3.76,3.81,3.83,3.3,5.59,10.55,10.52,12.34,6.39,4.98,7.23,4.97,4.62,63061,42929,62637.99609375,109677,8783,6537,7513,9973,10573,6481,7059,5901,7398,14392,6333,9464,9860,NA
"02-AUG-2021",2021-08-02 08:16:45,"2021-08-02","8H 16M 45S","Unknown","2.16.0","Unknown","Unknown",570,270,467,473,408,509,524,491,439,554,461,688,664,597,489,1.81,3.61,3.41,3.43,3.53,2.72,4.58,10.01,10.22,11.44,5.41,4.92,6.74,5.21,5.09,40350.2421875,101994.3984375,7562.9599609375,5605.919921875,6428.0400390625,9304,9823.2001953125,5183.97021484375,5605.56005859375,4719.60009765625,6299.7001953125,10487.3896484375,4592.41015625,7033.5498046875,7302.919921875,NA,NA,NA,NA,NA,NA,NA,NA,570,570,270,270,467,473,408,509,524,491,439,554,461,688,664,597,489,0.79,1.92,0.74,3.71,3.84,3.77,3.86,3.24,5.35,10.98,11.03,13,6.32,4.9,7.12,5.13,4.73,61462.18359375,43077,60950.1640625,109906,8808,6570,7533,9990,10609,6548,7139,5966,7435,14409,6333,9488,9900,NA
"30-JUL-2021",2021-07-30 14:16:28,"2021-07-30","14H 16M 28S","Unknown","2.16.0","Unknown","Unknown",570,270,467,473,408,509,524,491,439,554,461,688,664,597,489,5.77,8.09,4.64,4.8,5.05,6.81,6.12,4.02,3.06,5.96,3.81,4.32,6.58,5.12,4.62,39526.5625,98805.6015625,6642.240234375,4684.52001953125,5293.1201171875,8660,9422.400390625,7107.68994140625,7515.47998046875,6287.27978515625,8010.89990234375,15810.009765625,7117.18994140625,9880.58984375,10003.1796875,NA,NA,NA,NA,NA,NA,NA,NA,570,570,270,270,467,473,408,509,524,491,439,554,461,688,664,597,489,1.43,4.96,2.01,6.36,5.94,5.5,6.23,5.34,6.53,3.74,3.15,8.42,5.05,4.47,6.68,4.91,4.36,64021.54296875,40571,63353.64453125,101884,6987,4959,5615,8855,9510,7926,8527,7081,8226,16121,7256,9864,10068,NA
"30-JUL-2021",2021-07-30 08:57:27,"2021-07-30","8H 57M 27S","Unknown","2.16.0","Unknown","Unknown",570,270,467,473,408,509,524,491,439,554,461,688,664,597,489,5.73,8.41,4.11,4.22,4.59,4.78,5.94,6.96,5.99,8.96,5.22,5.31,7.39,6.16,5.99,40895.642578125,105579.19921875,6531.39990234375,4537.64013671875,5085.38012695312,9645.6005859375,9943.2001953125,6825.82495117188,7287.08984375,6123.06005859375,7742.14477539062,15726.5751953125,6941.2998046875,9812.5302734375,9801.2548828125,NA,NA,NA,NA,NA,NA,NA,NA,570,570,270,270,467,473,408,509,524,491,439,554,461,688,664,597,489,1.24,5.21,1.33,7.29,4.81,4.98,4.94,4.6,6.66,7.94,7.14,10.53,6.23,5.69,7.96,6.06,5.57,63079.32421875,42573,62855.033203125,109959.5,6686,4673,5263,10018,10322,8689,9436.5,7849.5,8317,15296.5,6740,9426,9479.5,NA
"30-JUL-2021",2021-07-30 08:55:59,"2021-07-30","8H 55M 59S","Unknown","2.16.0","Unknown","Unknown",570,270,467,473,408,509,524,491,439,554,461,688,664,597,489,5.69,7.59,5.38,5.8,5.66,4.74,5.9,7.6,6.92,9.61,6.31,7.25,9.67,8.08,7.72,39862.802734375,102162.80078125,5229.2001953125,3597.19995117188,4084.76000976562,9451.60009765625,9598.400390625,6432.8701171875,6977.97021484375,5782.2001953125,6789.25512695312,10702.0249023438,4795.56494140625,6806.205078125,6688.53491210938,NA,NA,NA,NA,NA,NA,NA,NA,570,570,270,270,467,473,408,509,524,491,439,554,461,688,664,597,489,1.46,4.79,1.45,6.55,4.63,4.94,4.88,4.33,6.35,7.97,7.34,10.71,6.33,5.31,7.63,6.13,5.81,61426.619140625,42606.5,61496.208984375,108692.5,6708.5,4683,5267,10042.5,10291.5,8646,9448,7781,8264,15197,6715.5,9400,9452,NA
"29-JUL-2021",2021-07-29 08:42:28,"2021-07-29","8H 42M 28S","Unknown","2.16.0","Unknown","Unknown",570,270,467,473,408,509,524,491,439,554,461,688,664,597,489,2.95,4.67,3.46,3.59,3.74,3.71,4.93,3.7,3.43,6.76,4.02,3.95,5.66,4.51,3.91,43507.80078125,105638.3984375,6172.35986328125,4434.9599609375,4993.240234375,9787.60009765625,10368.7998046875,6657.1201171875,7062.14990234375,6020.93994140625,7632.08984375,15733.75,6924.69482421875,10150.7802734375,10380.9951171875,NA,NA,NA,NA,NA,NA,NA,NA,570,570,270,270,467,473,408,509,524,491,439,554,461,688,664,597,489,0.71,2.85,0.6,4.31,4.45,4.35,4.25,3.83,5.75,4.6,4.45,8.42,5.01,4.24,6.26,4.85,3.96,63168.837890625,45184.5,62600.43359375,110592.5,6326,4548.5,5151,10241,10802,8384,9070,7654,8363.5,15672.5,6912,9970,10245.5,NA
"29-JUL-2021",2021-07-29 08:40:35,"2021-07-29","8H 40M 35S","Unknown","2.16.0","Unknown","Unknown",570,270,467,473,408,509,524,491,439,554,461,688,664,597,489,3.43,5.33,4.24,4.27,4.63,3.95,5.4,3.49,3.27,6.5,4.61,4.75,6.47,5.36,4.84,42042.2421875,102676.8046875,5164.60009765625,3703.9599609375,4199,9460.7998046875,10040,6338.33984375,6850.31982421875,5742.8701171875,6608.1298828125,11557.080078125,5144.68017578125,7409.52001953125,7628.4599609375,NA,NA,NA,NA,NA,NA,NA,NA,570,570,270,270,467,473,408,509,524,491,439,554,461,688,664,597,489,0.78,3.1,0.7,4.71,4.4,4.57,4.46,4,5.92,4.43,4.18,7.89,5.01,4.26,6.27,4.69,4.15,61438.84375,44881,61208.76953125,109871,6330,4543,5154,10203,10762,8502,9268,7724,8396,15624,6933,9985,10265,NA
"28-JUL-2021",2021-07-28 10:38:30,"2021-07-28","10H 38M 30S","Unknown","2.16.0","Unknown","Unknown",570,270,467,473,408,509,524,491,439,554,461,688,664,597,489,2.93,4.26,4.16,3.67,3.89,3.38,4.73,2.98,2.73,6.22,3.75,3.95,6.45,4.26,4.37,43302.2421875,104308,5016.35986328125,3603.32006835938,4068.43994140625,9508.7998046875,10035.2001953125,6382.5,6902.759765625,5655.23974609375,6568.7998046875,11603,5095.89013671875,7212.7197265625,7533.75,NA,NA,NA,NA,NA,NA,NA,NA,570,570,270,270,467,473,408,509,524,491,439,554,461,688,664,597,489,0.79,2.56,0.72,3.84,4.45,4.07,4.73,3.56,5.63,3.9,3.59,8.85,4.93,3.94,6.6,4.06,3.93,62064.234375,45731,61598.703125,110954,6292,4521,5140,10119,10700,8634,9362,7702,8488,15796,7012,9944,10212,NA
"28-JUL-2021",2021-07-28 10:35:26,"2021-07-28","10H 35M 26S","Unknown","2.16.0","Unknown","Unknown",570,270,467,473,408,509,524,491,439,554,461,688,664,597,489,2.6,4.32,3.84,4.4,4.03,3.79,4.71,3.17,3.12,6.96,4.03,4.22,5.42,4.44,4.07,44261.28125,107012.40234375,5958.15991210938,4263.26000976562,4814.40014648438,9832.39990234375,10402.0004882812,6786.14990234375,7289.16015625,6088.56005859375,7714.88989257812,15773.3149414062,6971.43505859375,10061.1948242188,10277.8798828125,NA,NA,NA,NA,NA,NA,NA,NA,570,570,270,270,467,473,408,509,524,491,439,554,461,688,664,597,489,0.78,2.27,0.76,3.6,4.9,4.82,4.74,3.68,5.11,3.84,4.2,8.2,5.01,4.39,6.02,4.79,4.07,63487.115234375,45706,63125.966796875,110967,6320.5,4504,5140.5,10168,10711.5,8651.5,9429.5,7838.5,8491,15856.5,7026.5,9974.5,10233,NA
"28-JUL-2021",2021-07-28 10:17:05,"2021-07-28","10H 17M 5S","Unknown","2.16.0","Unknown","Unknown",570,270,467,473,408,509,524,491,439,554,461,688,664,597,489,75.8,158.14,-1193.49,-247.1,-277.99,574.51,264.29,971.93,-724.83,1350.81,-1472.01,3607.66,-547.92,-228.8,1015.01,11094.1201171875,42,-6.80000019073486,-6.12000012397766,-8.16000032424927,6.40000009536743,18.3999996185303,3.10499998927116,-3.10499995946884,3.10500001907349,-4.83000004291534,1.23000001907349,-4.71499991416931,-16.6049995422363,2.66499996185303,NA,NA,NA,NA,NA,NA,NA,NA,570,570,270,270,467,473,408,509,524,491,439,554,461,688,664,597,489,12.68,70.39,54.5,37.47,24.94,27.23,25.95,33.23,32.3,34.1,43.34,33.25,28.97,41.85,42.01,49.42,51.99,63159.14453125,11911,53258.041015625,45.5,107,24.5,40,58,89.5,50,32.5,82.5,87,62,60,49.5,38.5,NA
"28-JUL-2021",2021-07-28 09:14:31,"2021-07-28","9H 14M 31S","Unknown","2.16.0","Unknown","Unknown",570,270,467,473,408,509,524,491,439,554,461,688,664,597,489,2.49,5.2,3.9,4.15,4.16,3.52,5.13,3.34,3.06,6.42,4.25,4.39,6.5,4.96,4.71,83336.40625,106689.6015625,5952.72021484375,4304.39990234375,4844.31982421875,9884,10446.400390625,6863.43017578125,7226.3701171875,6171.35986328125,7756.2900390625,15683.7294921875,6933.10009765625,10145.0400390625,10402.1103515625,NA,NA,NA,NA,NA,NA,NA,NA,570,570,270,270,467,473,408,509,524,491,439,554,461,688,664,597,489,0.59,2.19,0.71,4.69,4.9,4.88,4.95,3.85,5.9,4.29,3.9,7.81,5.18,4.68,6.92,5.14,4.68,64118.53515625,85322,62813.140625,111215,6293,4561,5151,10293,10849,9148,9815,8282,8791,15476,6852,9866,10144,NA
"28-JUL-2021",2021-07-28 09:12:46,"2021-07-28","9H 12M 46S","Unknown","2.16.0","Unknown","Unknown",570,270,467,473,408,509,524,491,439,554,461,688,664,597,489,2.8,5.14,4.43,4.31,4.63,3.71,5.13,3.45,3.07,6.39,4.36,4.75,6.69,5.24,4.77,82086.484375,104243.203125,5193.16015625,3765.16015625,4243.2001953125,9692.7998046875,10212.7998046875,6499.7998046875,6942.08984375,5876.72998046875,6709.56005859375,12370.51953125,5404.2099609375,7857.64990234375,8161.8701171875,NA,NA,NA,NA,NA,NA,NA,NA,570,570,270,270,467,473,408,509,524,491,439,554,461,688,664,597,489,0.65,2.39,0.78,4.42,4.81,4.67,4.91,3.87,6,4.1,3.87,7.72,5.09,4.63,6.88,4.86,4.26,63366.39453125,85002,61773.515625,110392,6292,4572,5160,10275,10844,9148,9850,8273,8741,15430,6809,9859,10126,NA
"27-JUL-2021",2021-07-27 09:06:17,"2021-07-27","9H 6M 17S","Unknown","2.16.0","Unknown","Unknown",570,270,467,473,408,509,524,491,439,554,461,688,664,597,489,2.32,4.81,3.96,4.18,4.28,3.52,4.85,4.91,4.81,7.38,4.42,4.26,6.04,4.97,4.38,83424.2421875,106152,5781.35986328125,4312.56005859375,4895.31982421875,9709.6005859375,10536.7998046875,6582.60009765625,6884.81982421875,5822.91015625,7656.93017578125,15478.3203125,6838.39013671875,10339.3798828125,10697.7197265625,NA,NA,NA,NA,NA,NA,NA,NA,570,570,270,270,467,473,408,509,524,491,439,554,461,688,664,597,489,0.53,2.12,0.75,4.39,5,4.91,5.04,3.75,5.58,6.33,6.23,9.42,5.66,4.45,6.58,5.02,4.36,64345.50390625,85040,63269.90234375,109984,6165,4593,5236,10031,10861,7890,8381,7019,8200,15448,6851,10186,10568,NA
"27-JUL-2021",2021-07-27 09:04:36,"2021-07-27","9H 4M 36S","Unknown","2.16.0","Unknown","Unknown",570,270,467,473,408,509,524,491,439,554,461,688,664,597,489,2.31,4.69,4.4,4.39,4.44,3.45,4.77,4.77,4.38,7.13,4.4,4.57,6.3,4.88,4.53,82368,104553.6015625,5109.52001953125,3814.80004882812,4332.9599609375,9536.7998046875,10294.400390625,6279.68994140625,6655.73974609375,5592.4501953125,6882.75,12231.5302734375,5434.9599609375,8139.72998046875,8475.1103515625,NA,NA,NA,NA,NA,NA,NA,NA,570,570,270,270,467,473,408,509,524,491,439,554,461,688,664,597,489,0.53,2.1,0.7,4.13,4.89,4.87,5.05,3.68,5.77,6.21,5.7,9.08,5.7,4.55,6.63,4.68,4.1,63554.5703125,85020,62456.421875,109613,6161,4599,5225,10037,10849,7908,8433,7040,8225,15426,6816,10162,10559,NA
"26-JUL-2021",2021-07-26 08:39:28,"2021-07-26","8H 39M 28S","Unknown","2.16.0","Unknown","Unknown",570,270,467,473,408,509,524,491,439,554,461,688,664,597,489,2.56,4.72,4.06,4.13,4.25,3.43,5.07,6.87,6.73,8.61,5.05,4.17,6.45,4.88,4.41,83100.6015625,106909.203125,5909.8798828125,4343.16015625,4909.60009765625,9981.6005859375,10660.7998046875,6265.89013671875,6505.31982421875,5596.59008789062,7374.72021484375,15411.8994140625,6818.5048828125,10227.4501953125,10686.03515625,NA,NA,NA,NA,NA,NA,NA,NA,570,570,270,270,467,473,408,509,524,491,439,554,461,688,664,597,489,0.57,2.21,0.6,4.33,5.13,4.89,4.96,3.78,5.91,8.22,8.2,10.83,6.35,4.67,6.89,5.11,4.44,64276.9375,84820,63071.5546875,111043.5,6170,4545,5166,10345.5,11018.5,7424.5,7840.5,6693,7851.5,15106.5,6694.5,9883,10346,NA
"26-JUL-2021",2021-07-26 08:37:56,"2021-07-26","8H 37M 56S","Unknown","2.16.0","Unknown","Unknown",570,270,467,473,408,509,524,491,439,554,461,688,664,597,489,2.6,4.71,4.71,4.53,4.64,3.45,5.05,6.06,5.98,8.18,4.61,4.57,6.16,5.16,4.67,81644.40625,104178.3984375,5163.919921875,3803.919921875,4301.68017578125,9732.7998046875,10303.2001953125,6027.83984375,6324.5400390625,5386.830078125,6494.97021484375,12161.419921875,5329.18017578125,7943.75,8338.169921875,NA,NA,NA,NA,NA,NA,NA,NA,570,570,270,270,467,473,408,509,524,491,439,554,461,688,664,597,489,0.62,2.21,0.67,4.21,4.89,5.05,5.03,3.63,5.9,7.48,7.3,9.94,5.87,4.39,6.39,4.94,4.16,63437.39453125,84452,61988.02734375,110142,6211,4579,5186,10293,10978,7551,7983,6772,7904,15106,6682,9942,10398,NA
"23-JUL-2021",2021-07-23 08:57:51,"2021-07-23","8H 57M 51S","Unknown","2.16.0","Unknown","Unknown",570,270,467,473,408,509,524,491,439,554,461,688,664,597,489,3.38,5.32,3.59,4.01,4.33,3.86,5.3,3.02,2.64,6.42,4.08,4.22,6.09,5.16,4.75,82185.84375,106796,5816.72021484375,4018.1201171875,4512.47998046875,9934.400390625,10173.6005859375,6935.8798828125,7247.06982421875,6196.89013671875,7748.009765625,15714.0703125,6962.2099609375,9681.740234375,9717.8203125,NA,NA,NA,NA,NA,NA,NA,NA,570,570,270,270,467,473,408,509,524,491,439,554,461,688,664,597,489,0.55,3.13,0.73,4.79,4.99,5.16,5.25,4.01,6.02,3.79,3.4,7.63,4.85,4.55,6.81,5.32,4.69,64097.3359375,84148,62806.32421875,111367,5617,3880,4380,10342,10573,9830,10459,8820,9102,15413,6837,9419,9515,NA
"23-JUL-2021",2021-07-23 08:56:24,"2021-07-23","8H 56M 24S","Unknown","2.16.0","Unknown","Unknown",570,270,467,473,408,509,524,491,439,554,461,688,664,597,489,3.34,5.15,4.11,4.06,4.19,3.83,5.36,2.95,2.42,5.8,4.25,4.46,6.14,5.05,4.9,80492.04296875,104094.80078125,4988.14013671875,3453.71997070312,3914.080078125,9676.7998046875,9906.80029296875,6561.2099609375,6962.7900390625,5899.84497070312,6716.4599609375,12303.0751953125,5468.375,7579.259765625,7603.85986328125,NA,NA,NA,NA,NA,NA,NA,NA,570,570,270,270,467,473,408,509,524,491,439,554,461,688,664,597,489,0.61,3.03,0.78,4.61,4.76,4.62,4.76,3.9,5.98,3.34,3.04,6.84,4.55,4.26,6.43,5.04,4.38,63104.076171875,83707.5,61781.916015625,110304,5604,3884,4388,10280.5,10518,9852,10517,8852.5,9129,15368.5,6798,9426.5,9501,NA
"22-JUL-2021",2021-07-22 08:01:34,"2021-07-22","8H 1M 34S","Unknown","2.16.0","Unknown","Unknown",570,270,467,473,408,509,524,491,439,554,461,688,664,597,489,2.19,4.92,3.74,4.33,4.64,3.19,5.26,3.92,3.73,7.02,4.42,4.82,6.63,5.64,5.31,83922.84375,108920.40234375,5975.16015625,3725.71997070312,4043.28002929688,10276,9962.400390625,6868.259765625,7177.72485351562,6186.5400390625,7733.52001953125,15191.7299804688,6695.5048828125,8609.58984375,8271.955078125,NA,NA,NA,NA,NA,NA,NA,NA,570,570,270,270,467,473,408,509,524,491,439,554,461,688,664,597,489,0.6,1.89,0.74,4.46,5.02,5.36,5.64,3.69,6.34,4.93,4.62,8.41,5.19,5.03,7.49,5.73,5.46,63876.908203125,86178.5,62668.39453125,113874.5,5690.5,3539,3900.5,10733,10391,9267,9860.5,8392.5,8771.5,14718,6503.5,8284,8019.5,NA
"22-JUL-2021",2021-07-22 07:59:52,"2021-07-22","7H 59M 52S","Unknown","2.16.0","Unknown","Unknown",570,270,467,473,408,509,524,491,439,554,461,688,664,597,489,2.15,4.9,4.35,4.8,4.98,3.28,5.01,4.02,3.69,7.05,4.61,4.89,6.77,5.97,5.42,82541.5234375,105643.203125,5146.919921875,3216.40014648438,3504.0400390625,10095.2001953125,9744.7998046875,6515.669921875,6843.419921875,5860.85986328125,6750.9599609375,11899.83984375,5226.68017578125,6677.259765625,6480.4599609375,NA,NA,NA,NA,NA,NA,NA,NA,570,570,270,270,467,473,408,509,524,491,439,554,461,688,664,597,489,0.74,1.78,0.65,4.41,4.94,5.33,5.62,3.53,6.03,4.91,4.61,8.56,5.23,5,7.14,5.75,5.18,63267.81640625,85611,61406.38671875,112716,5699,3559,3902,10714,10371,9201,9811,8310,8709,14633,6458,8231,7963,NA
"21-JUL-2021",2021-07-21 08:54:30,"2021-07-21","8H 54M 30S","Unknown","2.16.0","Unknown","Unknown",570,270,467,473,408,509,524,491,439,554,461,688,664,597,489,2.28,4.85,3.9,4.33,4.64,3.39,5.18,4.72,4.37,7.56,4.46,4.62,6.47,5.15,4.82,83625.48046875,107690,5760.2802734375,3725.71997070312,3999.080078125,10142.0004882812,9990.80029296875,6896.5498046875,7158.75,6160.31982421875,7825.2900390625,15708.5346679688,6943.55493164062,8958.294921875,8756.3701171875,NA,NA,NA,NA,NA,NA,NA,NA,570,570,270,270,467,473,408,509,524,491,439,554,461,688,664,597,489,0.61,2,0.6,4.55,5.18,5.14,5.53,3.84,6.41,5.87,5.63,9.47,5.65,4.92,7.09,5.57,4.93,64538.287109375,85054,63437.515625,111353.5,5584,3605,3914,10483,10310,8407,8891,7569.5,8449,15633,6914.5,8840,8685,NA
"21-JUL-2021",2021-07-21 08:52:49,"2021-07-21","8H 52M 49S","Unknown","2.16.0","Unknown","Unknown",570,270,467,473,408,509,524,491,439,554,461,688,664,597,489,3.13,5.49,4.79,5.37,5.33,3.88,5.45,3.7,3.51,6.75,4.78,5.39,7.37,6.53,6.01,81227.5234375,104139.6015625,4921.16015625,3189.88012695312,3444.88012695312,9765.6005859375,9664.7998046875,6696.4501953125,7003.84497070312,5964.01489257812,6813.75,12343.8701171875,5410.77001953125,6903.78491210938,6885.1298828125,NA,NA,NA,NA,NA,NA,NA,NA,570,570,270,270,467,473,408,509,524,491,439,554,461,688,664,597,489,0.65,2.68,0.82,5,4.93,5.46,5.4,3.89,6.2,4.98,4.69,8.54,5.34,4.49,6.78,5.28,4.79,63625.12890625,83847,62145.326171875,109772.5,5635,3651.5,3956,10356,10209,8685.5,9222,7797,8559,15700.5,6971,8931,8756,NA
"20-JUL-2021",2021-07-20 10:35:34,"2021-07-20","10H 35M 34S","Unknown","2.16.0","Unknown","Unknown",570,270,467,473,408,509,524,491,439,554,461,688,664,597,489,3.74,5.92,6.92,7.4,7.68,4.49,5.47,5.68,5.46,8.11,6.81,8.25,11.25,9.67,9.33,81989.28125,106791.19921875,5097.2802734375,3338.1201171875,3630.52001953125,10005.2001953125,9835.2001953125,6735.08984375,7072.84497070312,6042.330078125,7025.580078125,12435.5048828125,5538.89501953125,7244.0849609375,7133.58984375,NA,NA,NA,NA,NA,NA,NA,NA,570,570,270,270,467,473,408,509,524,491,439,554,461,688,664,597,489,1.01,2.98,1.18,5.19,4.6,5.19,5.1,4.38,6.06,6.78,6.64,9.62,5.55,5.23,7.2,5.73,5.51,63623.056640625,84492.5,62166.00390625,112192,5710,3742,4125,10466.5,10353,8951.5,9529,8044,8573,14953,6614,8648,8533.5,NA
"20-JUL-2021",2021-07-20 10:34:45,"2021-07-20","10H 34M 45S","Unknown","2.16.0","Unknown","Unknown",570,270,467,473,408,509,524,491,439,554,461,688,664,597,489,3.98,6.23,3.92,4.27,4.41,4.5,5.69,4.51,4.08,7.7,4.53,4.84,6.72,5.69,5.66,81558.7265625,106457.6015625,5944.56005859375,3897.76000976562,4226.8798828125,10033.6005859375,9963.2001953125,6978.66015625,7314,6259.68017578125,7769.39990234375,15443.0595703125,6824.44970703125,9001.1396484375,8830.990234375,NA,NA,NA,NA,NA,NA,NA,NA,570,570,270,270,467,473,408,509,524,491,439,554,461,688,664,597,489,0.77,3.19,0.9,5.6,4.96,5.35,5.49,4.41,6.31,6.01,5.43,9.52,5.73,5.06,7.23,6.02,5.47,63854.4296875,84021,62705.20703125,111132,5709,3738,4103,10459,10362,9006,9607,8132,8617,15008,6648,8672,8564,NA
"19-JUL-2021",2021-07-19 09:46:07,"2021-07-19","9H 46M 7S","Unknown","2.16.0","Unknown","Unknown",570,270,467,473,408,509,524,491,439,554,461,688,664,597,489,4.82,6.39,3.68,4.15,4.47,5.96,5.98,5.3,4.89,7.76,4.48,4.78,6.33,5.24,5.4,82496.8828125,105554.3984375,5993.52001953125,3985.47998046875,4350.64013671875,9937.6005859375,9921.6005859375,6966.93017578125,7273.2900390625,6342.47998046875,7921.2001953125,15596.8095703125,6884.31005859375,9272.150390625,9178.259765625,NA,NA,NA,NA,NA,NA,NA,NA,570,570,270,270,467,473,408,509,524,491,439,554,461,688,664,597,489,0.8,4.24,1.07,5.49,5.32,5.65,5.77,5.63,6.59,6.47,6.27,9.75,5.79,4.94,7.03,5.38,5.12,63891.80859375,84781,62643.40234375,110193,5765,3832,4217,10328,10284,8852,9388,8089,8660,15101,6683,8893,8855,NA
"19-JUL-2021",2021-07-19 09:45:01,"2021-07-19","9H 45M 1S","Unknown","2.16.0","Unknown","Unknown",570,270,467,473,408,509,524,491,439,554,461,688,664,597,489,4.85,6.37,5.4,5.39,5.89,5.61,5.97,4.43,3.88,6.92,4.79,4.84,6.58,5.31,5.23,80227.4453125,101976,4983.0400390625,3329.9599609375,3644.1201171875,9666.400390625,9642.400390625,6675.75,7020.06005859375,6094.77001953125,7070.43017578125,12207.33984375,5389.0400390625,7190.169921875,7165.97998046875,NA,NA,NA,NA,NA,NA,NA,NA,570,570,270,270,467,473,408,509,524,491,439,554,461,688,664,597,489,0.88,4.4,1.19,5.51,5.18,5.52,5.58,4.99,6.31,5.31,4.83,8.79,5.27,4.65,6.73,4.95,4.63,62970.40234375,83669,61352.74609375,108606,5809,3865,4252,10287,10228,8903,9459,8117,8698,15160,6702,8899,8861,NA
"14-JUL-2021",2021-07-14 08:32:02,"2021-07-14","8H 32M 2S","Unknown","2.16.0","Unknown","Unknown",570,270,467,473,408,509,524,491,439,554,461,688,664,597,489,3.35,5.97,3.8,4.31,4.62,3.62,5.23,4.39,3.91,6.86,4.41,4.6,6.39,5.22,5.1,83247.84375,107445.6015625,6018.68017578125,4163.64013671875,4626.72021484375,10045.6005859375,10348,7012.47021484375,7222.919921875,6230.7001953125,7892.22021484375,15642.3203125,6928.58984375,9627.2099609375,9774.8095703125,NA,NA,NA,NA,NA,NA,NA,NA,570,570,270,270,467,473,408,509,524,491,439,554,461,688,664,597,489,0.64,3.03,0.71,5.46,5.09,5.3,5.52,3.76,6.14,5.33,5.06,8.68,5.5,4.94,7.07,5.38,5.01,64185.40625,85166,63029.07421875,111748,5648,3917,4381,10440,10717,8534,8945,7653,8552,15373,6812,9377,9549,NA
"14-JUL-2021",2021-07-14 08:30:34,"2021-07-14","8H 30M 34S","Unknown","2.16.0","Unknown","Unknown",570,270,467,473,408,509,524,491,439,554,461,688,664,597,489,3.84,5.93,4.56,4.46,4.58,4.02,5.29,3.71,3.33,6.64,4.39,4.94,6.59,5.33,5.14,81241.203125,103888,5060.56005859375,3529.88012695312,3942.64013671875,9792.7998046875,10051.2001953125,6753.72021484375,7045.58984375,6006.4501953125,7066.2900390625,12369.2900390625,5440.7001953125,7621.080078125,7714.14990234375,NA,NA,NA,NA,NA,NA,NA,NA,570,570,270,270,467,473,408,509,524,491,439,554,461,688,664,597,489,0.66,3.47,0.76,5.4,4.91,4.99,5.11,3.84,5.95,4.71,4.51,8.43,5.11,4.6,6.92,4.89,4.61,63198.55078125,84350,61794.44921875,110102,5649,3952,4409,10337,10657,8691,9142,7774,8613,15389,6815,9460,9644,NA
"13-JUL-2021",2021-07-13 05:58:16,"2021-07-13","5H 58M 16S","Unknown","2.16.0","Unknown","Unknown",570,270,467,473,408,509,524,491,439,554,461,688,664,597,489,2.26,4.72,4.89,5.06,5.23,3.21,4.81,6.05,5.8,7.94,4.76,5.02,6.87,5.36,4.89,83874.9609375,107656,4577.080078125,3209.60009765625,3608.080078125,10134.400390625,10479.2001953125,6290.72998046875,6564.66015625,5617.2900390625,6894.47998046875,11955.189453125,5283.259765625,7578.85009765625,7814.18994140625,NA,NA,NA,NA,NA,NA,NA,NA,570,570,270,270,467,473,408,509,524,491,439,554,461,688,664,597,489,0.7,1.92,0.72,4.21,5.09,5.01,5.05,3.57,5.66,7.51,7.18,9.9,5.76,5.23,7.14,5.45,4.8,63828.58203125,86219,62718.4296875,112351,5240,3673,4141,10582,11005,7742,8141,6920,8004,14610,6482,9242,9535,NA
"13-JUL-2021",2021-07-13 05:57:21,"2021-07-13","5H 57M 21S","Unknown","2.16.0","Unknown","Unknown",570,270,467,473,408,509,524,491,439,554,461,688,664,597,489,3.39,5.3,3.96,4.15,4.31,3.58,5.09,7.43,7.49,9.35,5.16,5.23,7.42,6.08,5.73,83497.68359375,107142.40234375,5803.1201171875,4084.76000976562,4522.68017578125,10147.6000976562,10633.2001953125,6576.04516601562,6826.85986328125,5851.54516601562,7598.27978515625,14959.669921875,6586.23974609375,9603.224609375,9832.0048828125,NA,NA,NA,NA,NA,NA,NA,NA,570,570,270,270,467,473,408,509,524,491,439,554,461,688,664,597,489,0.92,2.57,0.97,4.71,5.43,5.47,5.49,3.73,5.88,9.35,9.13,11.89,6.98,5.61,8.12,6.15,5.6,64173.646484375,85458.5,63199.931640625,110903.5,5241,3683,4130,10492,10951.5,7832,8260,6994.5,8077,14574.5,6446,9256,9538.5,NA
"12-JUL-2021",2021-07-12 08:44:09,"2021-07-12","8H 44M 9S","Unknown","2.16.0","Unknown","Unknown",570,270,467,473,408,509,524,491,439,554,461,688,664,597,489,2.19,4.73,3.93,4.13,4.35,3.17,5.2,6.7,6.32,8.74,4.92,4.48,6.45,5.08,4.58,84421.8046875,108263.19921875,6015.2802734375,4281.2802734375,4773.60009765625,10112,10662.400390625,6340.75512695312,6522.56982421875,5596.58984375,7376.10009765625,15417.4345703125,6834.2900390625,9898.0146484375,10209.41015625,NA,NA,NA,NA,NA,NA,NA,NA,570,570,270,270,467,473,408,509,524,491,439,554,461,688,664,597,489,0.62,1.87,0.61,4.35,4.77,4.94,5.14,3.57,5.86,8.33,7.89,10.98,6.28,4.86,7.09,5.24,4.48,64319.6796875,86147,63250.033203125,112212.5,5506,3933,4424.5,10467,10987,7135,7459,6354,7776.5,15112.5,6693,9603.5,9936,NA
"12-JUL-2021",2021-07-12 08:42:37,"2021-07-12","8H 42M 37S","Unknown","2.16.0","Unknown","Unknown",570,270,467,473,408,509,524,491,439,554,461,688,664,597,489,2.9,5.09,5.12,5.1,5.21,3.6,4.93,5.94,5.65,8.01,4.85,5.55,7.36,5.72,5.45,82686.9609375,105066.3984375,4958.56005859375,3520.36010742188,3950.1201171875,9880,10324.7998046875,6167.22021484375,6432.18017578125,5466.18017578125,6687.47998046875,12186.4296875,5324.259765625,7774.830078125,8004.02001953125,NA,NA,NA,NA,NA,NA,NA,NA,570,570,270,270,467,473,408,509,524,491,439,554,461,688,664,597,489,0.8,2.34,0.77,4.4,4.83,4.68,4.72,3.68,5.62,7.84,7.62,10.35,6.15,4.76,6.43,5.02,4.38,63391.89453125,85626,62049.32421875,110887,5497,3931,4427,10395,10946,7358,7700,6529,7901,15110,6687,9654,9975,NA
"09-JUL-2021",2021-07-09 08:19:30,"2021-07-09","8H 19M 30S","Unknown","2.16.0","Unknown","Unknown",570,270,467,473,408,509,524,491,439,554,461,688,664,597,489,1.83,4.33,4.67,4.81,4.78,2.95,4.91,6.71,6.7,8.8,5.19,5.22,7.51,5.47,5.03,84218.04296875,109920.80078125,5453.60009765625,3991.60009765625,4556,10142.8002929688,10878.0004882812,5789.10009765625,6017.48974609375,5165.33984375,7049.0400390625,12232.96484375,5405.02978515625,8278.31005859375,8664.939453125,NA,NA,NA,NA,NA,NA,NA,NA,570,570,270,270,467,473,408,509,524,491,439,554,461,688,664,597,489,0.48,1.81,0.67,4.19,5.27,5.18,5,3.6,5.89,7.59,7.35,10.12,5.99,5.63,8.34,5.86,5.04,64739.578125,85345.5,63653.302734375,113359.5,5317,3889,4504,10430,11168,7224,7647,6507.5,7699,11879,5261,8001,8471,NA
"09-JUL-2021",2021-07-09 08:18:20,"2021-07-09","8H 18M 20S","Unknown","2.16.0","Unknown","Unknown",570,270,467,473,408,509,524,491,439,554,461,688,664,597,489,2.03,4.44,4.87,4.97,5.12,3,5.17,7.01,6.53,9.1,5.24,5.61,7.67,5.89,5.19,82840.68359375,107484.8046875,4639.30004882812,3418.70007324219,3928.02001953125,9919.2001953125,10629.2001953125,5426.85009765625,5684.91015625,4863.81005859375,6353.52001953125,9512,4209.8798828125,6413.6298828125,6764.17993164062,NA,NA,NA,NA,NA,NA,NA,NA,570,570,270,270,467,473,408,509,524,491,439,554,461,688,664,597,489,0.49,1.99,0.56,4.26,5.09,4.96,4.97,3.43,6.12,7.6,7.05,10.71,5.8,5.64,8.11,5.98,4.84,63997.765625,84903,62310.8828125,113119,5290,3886,4504,10384,11140.5,7066,7465,6369,7598,11711,5193,7933,8355,NA
"08-JUL-2021",2021-07-08 13:22:52,"2021-07-08","13H 22M 52S","Unknown","2.16.0","Unknown","Unknown",570,270,467,473,408,509,524,491,439,554,461,688,664,597,489,1.84,4.31,5.4,5.66,5.88,2.79,4.63,8.19,8.01,9.91,5.37,4.6,6.59,5.13,4.72,85292.640625,109051.203125,5807.2001953125,4325.47998046875,4985.76025390625,10042.400390625,10949.6005859375,6284.52001953125,6478.41015625,5448.93017578125,7240.169921875,13796.5,6109.81982421875,9206.1396484375,9717.41015625,NA,NA,NA,NA,NA,NA,NA,NA,570,570,270,270,467,473,408,509,524,491,439,554,461,688,664,597,489,0.52,1.8,0.75,4.23,5.88,6.07,5.9,3.28,6.02,10.23,9.81,12.13,6.75,5.07,7.43,5.39,4.88,65644.015625,85237,64941.59765625,110213,5543,4125,4799,10128,11014,6885,7196,6012,7529,13794,6130,9139,9682,NA
"08-JUL-2021",2021-07-08 13:21:09,"2021-07-08","13H 21M 9S","Unknown","LSRII","1","Administrator",570,270,467,473,408,509,524,491,439,554,461,688,664,597,489,1.79,4.16,6.01,6.12,6.31,2.75,4.75,8.25,8.31,9.68,5.3,4.94,6.79,5.06,4.7,84424.32421875,107139.6015625,4593.39990234375,3412.23999023438,3896.40014648438,9822.400390625,10697.2001953125,5977.47021484375,6205.85986328125,5179.14013671875,6625.03491210938,11189.5151367188,4969.61010742188,7401.11499023438,7836.125,58.29,0,19.39,39.81,0.68,0.8,0.69,0.41,570,570,270,270,467,473,408,509,524,491,439,554,461,688,664,597,489,0.53,1.7,0.61,4.11,5.89,6.14,6.06,3.31,5.85,10.22,9.95,12.01,6.9,5.32,7.26,5.2,4.6,65028.65234375,85181.5,63973.15625,109848.5,5528,4108,4768,10130,11006.5,6780,7089.5,5898.5,7469.5,13789.5,6122.5,9127,9654.5,NA
"07-JUL-2021",2021-07-07 08:36:07,"2021-07-07","8H 36M 7S","Unknown","2.16.0","Unknown","Unknown",570,270,467,473,408,509,524,491,439,554,461,688,664,597,489,5.07,6.86,3.81,3.97,3.8,6.57,6.36,3.52,3.33,5.73,3.71,5.06,6.15,4.56,4.13,73214.12109375,89182.7890625,7382.55029296875,5257.4501953125,5964.5,8234.849609375,9276.66015625,8913.07958984375,9034.52001953125,8203.3603515625,9943.56005859375,16101.580078125,7228.759765625,10593,11005.7197265625,NA,NA,NA,NA,NA,NA,NA,NA,570,570,270,270,467,473,408,509,524,491,439,554,461,688,664,597,489,0.5,5.04,0.64,6.33,5.48,5.77,5.74,6.58,7.17,3.4,2.88,6.89,4.52,5.05,6.66,4.63,4.05,65085.900390625,73769.5,62760.62890625,93052.5,6656,4729,5400,8532.5,9537,8851,9131.5,8196,8718,14986,6746,9707,10103,NA
"07-JUL-2021",2021-07-07 08:34:12,"2021-07-07","8H 34M 12S","Unknown","2.16.0","Unknown","Unknown",570,270,467,473,408,509,524,491,439,554,461,688,664,597,489,5.75,7.85,4.47,4.64,4.78,7.94,6.76,4.33,4.08,5.86,4.03,5.62,6.75,4.94,4.5,75050.4296875,90228.2890625,5915.52001953125,4168.830078125,4777.919921875,8372.60986328125,9401.2998046875,8563.2802734375,8784.60009765625,7956.52001953125,9228.5595703125,12342.2197265625,5573.69995117188,8173.8798828125,8392.33984375,NA,NA,NA,NA,NA,NA,NA,NA,570,570,270,270,467,473,408,509,524,491,439,554,461,688,664,597,489,0.63,5.52,0.72,7.26,5.06,5.41,5.5,7.52,7.21,3.78,3.42,6.83,4.63,5.56,7.1,4.85,4.14,64296.4609375,76581.5,61862.046875,95601.5,6473,4614.5,5253,8810,9857,8813.5,9121.5,8225,8714,14910.5,6679,9682.5,10071,NA
"06-JUL-2021",2021-07-06 09:53:29,"2021-07-06","9H 53M 29S","Unknown","2.16.0","Unknown","Unknown",570,270,467,473,408,509,524,491,439,554,461,688,664,597,489,8.75,14.28,6.25,6.68,6.95,10.23,8.55,5.11,4.25,8.44,5.06,4.19,6.16,4.86,4.4,81074.3984375,102140.015625,11358.6201171875,8316.330078125,9569.2705078125,9701.419921875,10391.0400390625,9172.240234375,9322.7197265625,8158.47998046875,9929.919921875,16443.240234375,7315.8798828125,10710.4794921875,11247.7197265625,NA,NA,NA,NA,NA,NA,NA,NA,570,570,270,270,467,473,408,509,524,491,439,554,461,688,664,597,489,0.69,8.52,2.28,12.32,6.96,7.42,7.48,9.06,8.6,6.92,6.31,10.93,6.67,4.5,6.9,5.15,4.46,66110.765625,80307,64088.50390625,104148,10978,8089,9352,9831,10464,8286,8549,7380,8296,14971,6685,9679,10198,NA
"06-JUL-2021",2021-07-06 09:51:57,"2021-07-06","9H 51M 57S","Unknown","2.16.0","Unknown","Unknown",570,270,467,473,408,509,524,491,439,554,461,688,664,597,489,7.22,11.49,6,6.28,6.43,8.59,7.77,4.7,4.19,7.88,4.9,4.71,6.17,5.28,4.81,80262.9921875,101532.80859375,10503.0498046875,7637.3251953125,8779.2705078125,9585.3896484375,10172.509765625,8763.919921875,9009.4404296875,7821,9180.60009765625,12104.6201171875,5373.72021484375,7912.080078125,8283,NA,NA,NA,NA,NA,NA,NA,NA,570,570,270,270,467,473,408,509,524,491,439,554,461,688,664,597,489,0.66,7.03,1.55,10.05,6.24,6.6,6.77,7.79,8,6.19,5.84,9.83,6.52,4.49,6.52,4.83,4.36,65286.78125,80560.5,63389.01171875,104823,10951.5,8096.5,9345,9834.5,10477,8309,8570.5,7431,8300.5,15000.5,6686,9690,10199,NA
"02-JUL-2021",2021-07-02 08:22:19,"2021-07-02","8H 22M 19S","Unknown","2.16.0","Unknown","Unknown",570,270,467,473,408,509,524,491,439,554,461,688,664,597,489,4,5.84,4.93,5.41,5.61,4.27,5.67,4.41,3.95,6.61,4.38,4.33,6.05,5.01,4.74,84401.8125,107876.73828125,10081.1904296875,6830.7353515625,7647.2001953125,10164.7197265625,10298.7900390625,8774.03955078125,9064.43994140625,7900.64013671875,9583.64013671875,16536.958984375,7328.64013671875,9967.97998046875,9876.4599609375,NA,NA,NA,NA,NA,NA,NA,NA,570,570,270,270,467,473,408,509,524,491,439,554,461,688,664,597,489,0.63,3.62,0.77,5.22,5.31,5.72,5.75,4.3,6.17,5.38,5.1,8.07,5.33,4.78,6.54,5.31,4.81,66000.35546875,83928.5,64335.9140625,109750,9787.5,6662,7517,10288.5,10412.5,9236,9734,8360.5,8506.5,14985,6644,8974.5,8947.5,NA
"02-JUL-2021",2021-07-02 08:18:05,"2021-07-02","8H 18M 5S","Unknown","2.16.0","Unknown","Unknown",570,270,467,473,408,509,524,491,439,554,461,688,664,597,489,8.16,9.76,6.31,6.56,7.05,8.91,8.39,3.07,2.66,6.11,4.01,4.77,6.44,5.21,4.93,78064.8203125,98218.3671875,9705.150390625,6450.7451171875,7405.85498046875,9352.919921875,9458.7001953125,8550.9599609375,8939.47998046875,7821.43994140625,8988.76025390625,11488.6201171875,5091.23974609375,6915.919921875,6813.83984375,NA,NA,NA,NA,NA,NA,NA,NA,570,570,270,270,467,473,408,509,524,491,439,554,461,688,664,597,489,0.79,7.64,1.09,8.49,6.87,7.52,7.7,8.33,8.32,3.9,3.51,7.5,5.13,4.25,6.38,5.08,4.69,64614.60546875,79146.5,62105.041015625,103428.5,10354,7056,7982.5,9734,9922,9629,10134,8767.5,8742,15045.5,6688,9133,9092,NA
"01-JUL-2021",2021-07-01 08:47:39,"2021-07-01","8H 47M 39S","Unknown","2.16.0","Unknown","Unknown",570,270,467,473,408,509,524,491,439,554,461,688,664,597,489,3.09,5.47,7.49,8.1,8.39,3.79,5.33,9.08,8.88,10.95,5.71,6.5,8.14,6.82,6.82,85653.5234375,111096.8828125,9857.6201171875,6662.8603515625,7361.22021484375,10424.66015625,10406.6201171875,8459.4404296875,8669.759765625,7553.919921875,9506.6396484375,16157.240234375,7125.35986328125,9638.2001953125,9601.240234375,NA,NA,NA,NA,NA,NA,NA,NA,570,570,270,270,467,473,408,509,524,491,439,554,461,688,664,597,489,0.73,2.65,1.16,4.81,7.68,8.46,8.5,3.8,6.26,11.15,11.06,13.01,7.13,6.68,8.46,6.98,6.79,66578.921875,84351,65053.9453125,111627,9596,6539,7254,10446,10415,8867,9235,7943,8418,14933,6603,8875,8884,NA
"01-JUL-2021",2021-07-01 08:46:07,"2021-07-01","8H 46M 7S","Unknown","2.16.0","Unknown","Unknown",570,270,467,473,408,509,524,491,439,554,461,688,664,597,489,7.44,9.68,7.49,8.16,8.37,8.1,7.73,4.08,3.54,6.78,4.29,4.66,6.62,5.29,4.86,80162.34765625,102934.59765625,9911.73486328125,6737.1201171875,7491.17529296875,9698.1396484375,9761.68994140625,8592.3203125,8887.1201171875,7718.0400390625,9077.64013671875,12948.7602539062,5670.27978515625,7684.82006835938,7744.8798828125,NA,NA,NA,NA,NA,NA,NA,NA,570,570,270,270,467,473,408,509,524,491,439,554,461,688,664,597,489,0.99,6.78,1.49,8.32,7.57,8.43,8.45,7.2,7.86,5.45,4.88,8.64,5.82,4.76,6.91,5.49,4.93,65198.32421875,80578,63005.890625,106888,10282.5,7039,7817.5,10071,10102,9649.5,10066.5,8644,8845,15416.5,6836,9181,9181,NA
"30-JUN-2021",2021-06-30 08:44:53,"2021-06-30","8H 44M 53S","Unknown","2.16.0","Unknown","Unknown",570,270,467,473,408,509,524,491,439,554,461,688,664,597,489,2.46,4.49,8.4,8.92,9.52,3.24,5.08,13.45,13.89,14.61,7.25,8.47,9.42,8.31,8.51,85763.78125,110976.74609375,9406.5302734375,6437.31518554688,7080.375,10385.2998046875,10466.4794921875,7853.1201171875,8033.080078125,7072.56005859375,9076.3203125,15346.1000976562,6717.47998046875,9214.7001953125,9231.419921875,NA,NA,NA,NA,NA,NA,NA,NA,570,570,270,270,467,473,408,509,524,491,439,554,461,688,664,597,489,0.65,2.34,1.02,4.48,8.64,9.24,9.37,3.71,6.22,15.22,15.66,16.56,8.28,7.86,9.44,7.82,7.8,66418.390625,84767,65226.1875,111788,9125,6288,6956.5,10415,10481,8447,8808.5,7634.5,8231,14338.5,6307,8587,8662,NA
"30-JUN-2021",2021-06-30 08:43:23,"2021-06-30","8H 43M 23S","Unknown","2.16.0","Unknown","Unknown",570,270,467,473,408,509,524,491,439,554,461,688,664,597,489,2.84,5.32,8.62,9.06,9.34,3.68,5.29,10.58,10.42,12.15,6.21,8.27,9.71,8.32,8.36,84830.2734375,107927.16796875,9047.8701171875,6257.9853515625,6881.29541015625,10147.5,10246.7197265625,7950.35986328125,8243.39990234375,7191.7998046875,8660.52001953125,12521.2998046875,5430.47998046875,7513.8798828125,7495.17993164062,NA,NA,NA,NA,NA,NA,NA,NA,570,570,270,270,467,473,408,509,524,491,439,554,461,688,664,597,489,0.71,2.47,1.07,4.77,8.44,8.99,9.09,3.92,6.12,12.81,12.67,14.19,7.7,7.61,9.51,7.89,7.68,65527.662109375,84960.5,63444.93359375,111401.5,9345,6524,7189,10458,10550.5,8970,9379,8098.5,8478.5,14731,6479.5,8814,8899,NA
"29-JUN-2021",2021-06-29 10:34:25,"2021-06-29","10H 34M 25S","Unknown","LSRII","1","Administrator",570,270,467,473,408,509,524,491,439,554,461,688,664,597,489,5.04,8.76,7.05,7.34,7.66,6.92,6.79,4.7,4.39,7.93,4.68,4.57,6.61,5.19,4.71,83596.3203125,104784.9296875,10185.0756835938,7123.03515625,7836.01025390625,9931.4296875,10182.349609375,8953.56005859375,9114.60009765625,7959.15991210938,9927.2802734375,16641.4599609375,7348.8798828125,9975.4599609375,10122.8598632812,57.5,0,18.8,38.99,0.79,0.82,0.88,0.44,570,570,270,270,467,473,408,509,524,491,439,554,461,688,664,597,489,0.81,4.68,1.48,7.2,7.48,7.8,8.06,6.07,7.23,6.09,5.99,10.11,6.05,4.67,6.8,5.28,4.51,66922.3359375,82040,65173.2734375,104811,10120.5,7116,7858.5,9892,10138,8903,9213.5,7923.5,8589.5,16715,7411,9987,10173.5,NA
"29-JUN-2021",2021-06-29 10:33:37,"2021-06-29","10H 33M 37S","Unknown","2.16.0","Unknown","Unknown",570,270,467,473,408,509,524,491,439,554,461,688,664,597,489,4.88,8.54,7.91,8.49,8.2,7.01,6.65,5.11,4.33,8.06,4.93,4.98,6.37,5.56,5.1,82966.94921875,102604.140625,9545.96533203125,6668.39013671875,7418.10009765625,9701.009765625,9963.41015625,8597.15966796875,8839.599609375,7684.16015625,9075,13667.7202148438,6058.13989257812,8199.6201171875,8339.31982421875,NA,NA,NA,NA,NA,NA,NA,NA,570,570,270,270,467,473,408,509,524,491,439,554,461,688,664,597,489,0.83,4.37,1.49,7.1,7.64,8.43,8.04,6.55,7.31,7.12,6.17,10.2,6.34,4.86,6.6,5.34,4.77,66054.33984375,82426,63657.39453125,105265,10033,7075.5,7878.5,9942.5,10154,8877,9204,7929,8600,16712.5,7406,10004,10189.5,NA
"28-JUN-2021",2021-06-28 09:51:43,"2021-06-28","9H 51M 43S","Unknown","LSRII","1","Administrator",570,270,467,473,408,509,524,491,439,554,461,688,664,597,489,4.78,8.5,14.7,14.1,14.74,7.69,6.5,6.65,6.36,8.66,6.59,7.36,9.43,7.73,7,81139.50390625,100185.66015625,5700,4730.23974609375,5045.26000976562,9286.650390625,10204.78515625,6637.5,6716.625,6051,6781.5,10882.4404296875,4720.10986328125,6843.6650390625,7402.4501953125,58.8,0,19.5,39.76,0.76,0.81,0.75,0.43,570,570,270,270,467,473,408,509,524,491,439,554,461,688,664,597,489,0.92,4.36,1.47,7.15,7.72,8.28,8.48,6.78,6.63,7.47,7.15,10.44,6.78,4.78,6.42,4.92,4.2,64716.80859375,82243,62755.45703125,104161,9896,7582,8671,9665.5,10590.5,8290.5,8510,7474,8266,16083,7148,10599.5,11324,NA
"28-JUN-2021",2021-06-28 09:51:12,"2021-06-28","9H 51M 12S","Unknown","2.16.0","Unknown","Unknown",570,270,467,473,408,509,524,491,439,554,461,688,664,597,489,4.9,8.52,7.25,7.87,8.24,8.13,6.82,5.6,5.29,8.54,5.04,4.72,6.39,4.87,4.18,81783,101349.6328125,9465.0400390625,7234.81982421875,8224.33984375,9449.865234375,10399.1850585938,7235.25,7284.375,6493.5,8112.75,15644.9052734375,6950.09033203125,10378.48046875,11076.5849609375,NA,NA,NA,NA,NA,NA,NA,NA,570,570,270,270,467,473,408,509,524,491,439,554,461,688,664,597,489,0.85,4.4,1.42,7.4,7.51,8.21,8.34,7.04,6.87,7.08,6.73,10.62,6.41,4.96,6.75,4.92,4.28,65354.208984375,82105,63626.248046875,103945,9923.5,7615.5,8684.5,9657.5,10534,8308.5,8526,7467.5,8254,16080,7141,10632,11372,NA
"23-JUN-2021",2021-06-23 08:14:33,"2021-06-23","8H 14M 33S","Unknown","2.16.0","Unknown","Unknown",570,270,467,473,408,509,524,491,439,554,461,688,664,597,489,2.83,5.16,3.95,4.25,4.25,3.67,5.01,2.93,2.48,6.09,3.92,4.46,6.27,4.92,4.51,84497.5,107935.7421875,10744.8798828125,8063.60009765625,9261.3603515625,9984.8701171875,10751.9404296875,7599.75,7849.5,6843,8277.75,16241.5302734375,7166.81005859375,10820.5205078125,11283.2001953125,NA,NA,NA,NA,NA,NA,NA,NA,570,570,270,270,467,473,408,509,524,491,439,554,461,688,664,597,489,0.56,2.48,0.75,4.52,4.44,4.55,4.65,3.85,5.85,3.59,3.28,7.18,4.79,4.66,6.62,5.19,4.53,65088.60546875,85140,63608.5,111097,10692,8077,9336,10250,11020,10113,10680,9165,9169,15050,6655,9967,10439,NA
"23-JUN-2021",2021-06-23 08:12:38,"2021-06-23","8H 12M 38S","Unknown","2.16.0","Unknown","Unknown",570,270,467,473,408,509,524,491,439,554,461,688,664,597,489,3.06,5.35,4.7,4.66,4.99,3.86,5.37,3.03,2.66,6.36,4.43,4.69,6.59,5.28,4.91,83406.8828125,105972.296875,9774.3603515625,7443.43994140625,8486.919921875,9772.650390625,10568.0703125,7271.25,7572,6540.75,7323.75,12885.3798828125,5690.18994140625,8607.740234375,8993.4501953125,NA,NA,NA,NA,NA,NA,NA,NA,570,570,270,270,467,473,408,509,524,491,439,554,461,688,664,597,489,0.58,2.64,0.73,4.74,4.59,4.57,4.7,3.95,6.11,3.78,3.39,7.54,4.98,4.88,6.96,5.43,4.8,64296.5078125,85148,62578.5078125,110854,10699,8103,9344,10277,11072,10162,10729,9217,9175,15082,6671,9990,10470,NA
"22-JUN-2021",2021-06-22 08:10:29,"2021-06-22","8H 10M 29S","Unknown","2.16.0","Unknown","Unknown",570,270,467,473,408,509,524,491,439,554,461,688,664,597,489,4.23,5.98,5.15,5.38,5.68,4.82,5.75,4.72,4.36,7.12,4.51,4.23,6.34,4.6,4.07,80634.34375,102187.98046875,10496.740234375,7998.23974609375,9131.01953125,9497.25,10385.8198242188,7164,7368.75,6481.5,8103.75,16049.75,7113.490234375,10743.5498046875,11314.58984375,NA,NA,NA,NA,NA,NA,NA,NA,570,570,270,270,467,473,408,509,524,491,439,554,461,688,664,597,489,0.56,3.98,0.73,5.23,5.66,5.56,5.66,4.8,6.49,5.86,5.5,9.04,5.59,4.64,6.99,4.82,4.12,64936.314453125,81501.5,63384.224609375,105551.5,10220.5,7836,8987,9784,10663,7924.5,8303,7220,8034,15071,6698,10015,10587.5,NA
"22-JUN-2021",2021-06-22 08:08:54,"2021-06-22","8H 8M 54S","Unknown","2.16.0","Unknown","Unknown",570,270,467,473,408,509,524,491,439,554,461,688,664,597,489,4.42,6,9.89,9.24,9.11,4.73,5.65,4.49,4.07,7.08,4.44,4.83,6.51,5.05,4.6,78794.01171875,99318.15234375,8496.419921875,6638.60009765625,7592.02001953125,9278.955078125,10035.900390625,6871.875,7131,6214.125,7231.5,12624.5849609375,5588.92504882812,8432.30029296875,8878.640625,NA,NA,NA,NA,NA,NA,NA,NA,570,570,270,270,467,473,408,509,524,491,439,554,461,688,664,597,489,0.64,4.1,0.78,5.29,5.45,5.68,5.92,4.71,6.23,5.6,5.25,8.87,5.25,4.56,6.5,4.98,3.99,63885.9453125,80979.5,62263.291015625,104411,10101,7763,8870,9716.5,10598,8010,8384,7275.5,8057.5,15027,6663,10007,10555,NA
"21-JUN-2021",2021-06-21 09:00:24,"2021-06-21","9H 0M 24S","Unknown","2.16.0","Unknown","Unknown",570,270,467,473,408,509,524,491,439,554,461,688,664,597,489,3.7,5.81,6.18,7.03,7.09,4.76,5.76,10.04,10.2,11.57,6.25,4.92,6.62,5.62,5.27,82366.99609375,106272.40625,10773.759765625,9013.2197265625,10565.51953125,9308.5205078125,11010.330078125,6035.625,6113.625,5381.625,7425,15315.0952148438,6804.75,11075.294921875,11831.8798828125,NA,NA,NA,NA,NA,NA,NA,NA,570,570,270,270,467,473,408,509,524,491,439,554,461,688,664,597,489,0.61,3.21,0.69,5.25,6.14,6.89,6.85,4.67,6.28,11.63,11.82,13.77,7.75,5.27,7.48,5.73,5.24,64693.365234375,83618,63225.4296875,110041.5,10834,9129,10736,9613,11329,6674.5,6913,6025,7343.5,14068,6266,10082.5,10829,NA
"21-JUN-2021",2021-06-21 08:58:49,"2021-06-21","8H 58M 49S","Unknown","2.16.0","Unknown","Unknown",570,270,467,473,408,509,524,491,439,554,461,688,664,597,489,3.66,5.79,7.09,8.17,7.83,4.62,5.76,10.48,10.82,12.07,6.04,5.18,7.06,5.93,5.54,81599.765625,104339.33984375,9584.3603515625,7973.15966796875,9474.919921875,9230.759765625,10859.2651367188,5691.75,5839.125,5096.25,6620.25,11973.7802734375,5297.60009765625,8649.02001953125,9249.9453125,NA,NA,NA,NA,NA,NA,NA,NA,570,570,270,270,467,473,408,509,524,491,439,554,461,688,664,597,489,0.63,3.05,0.65,5.29,6.26,7.08,7.19,4.78,6.21,12.06,12.09,14.28,7.6,5.24,7.56,5.9,5.51,63938.55859375,83805,62273.125,109701.5,10709,9081,10633,9656.5,11368,6582.5,6797.5,5902.5,7253,13964.5,6200.5,10057.5,10756,NA
"18-JUN-2021",2021-06-18 09:04:09,"2021-06-18","9H 4M 9S","Unknown","2.16.0","Unknown","Unknown",570,270,467,473,408,509,524,491,439,554,461,688,664,597,489,2.76,5.17,4.02,4.68,4.79,3.9,5.51,2.8,2.38,6,4.07,5.2,7.15,6.23,5.8,86028.67578125,108363.41796875,11590.759765625,10093.5595703125,11679.6796875,9535.3203125,11248.0649414062,7272.75,7479.375,6498.375,8067,14830.7001953125,6552.12524414062,10874.7001953125,11618.8154296875,NA,NA,NA,NA,NA,NA,NA,NA,570,570,270,270,467,473,408,509,524,491,439,554,461,688,664,597,489,0.56,2.42,0.71,4.8,4.23,4.54,4.85,4.29,6.03,3.01,2.65,6.81,4.68,5.76,7.85,6.55,6.07,65304.462890625,86391.5,63885.283203125,111218,11699,10254,11897,9771.5,11502,10672,11225.5,9596.5,9723,13842.5,6121,10096.5,10826.5,NA
"18-JUN-2021",2021-06-18 09:02:49,"2021-06-18","9H 2M 49S","Unknown","2.16.0","Unknown","Unknown",570,270,467,473,408,509,524,491,439,554,461,688,664,597,489,3.25,5.61,6.75,7.64,7.74,4.5,5.57,2.96,2.57,6.77,4.85,5.57,7.67,6.36,5.93,84036.875,105449.0390625,10621.759765625,9154.9599609375,10585.2802734375,9338.490234375,10933.3798828125,6867.75,7128,6109.5,6999.75,11907.990234375,5267.0703125,8727.7099609375,9340.890625,NA,NA,NA,NA,NA,NA,NA,NA,570,570,270,270,467,473,408,509,524,491,439,554,461,688,664,597,489,0.62,2.88,0.78,5.08,4.17,4.69,4.73,4.51,6.25,3.13,2.61,7.28,4.68,5.68,8.17,6.55,6.08,64341.37890625,85695,62592.59765625,110408,11771,10378,11994,9725,11454,10700,11258,9607,9753,13960,6173,10169,10928,NA
"17-JUN-2021",2021-06-17 08:47:09,"2021-06-17","8H 47M 9S","Unknown","2.16.0","Unknown","Unknown",570,270,467,473,408,509,524,491,439,554,461,688,664,597,489,2.69,5.2,3.93,4.58,4.72,4.08,5.27,2.62,2.32,6.31,3.8,5.54,7.26,6.28,6.21,85845.08203125,108618.16796875,11802.0400390625,10387.6796875,11915.2797851562,9600.9296875,11247.66015625,7437.75,7626,6700.5,8156.625,14672.4599609375,6511.27514648438,10754.2998046875,11526.794921875,NA,NA,NA,NA,NA,NA,NA,NA,570,570,270,270,467,473,408,509,524,491,439,554,461,688,664,597,489,0.56,2.38,0.73,4.84,4.17,4.55,4.64,4.22,6.12,2.85,2.54,7.03,4.59,5.92,7.97,6.74,6.25,65308.9375,86206.5,63856.4296875,111452.5,11904,10525,12104,9826.5,11493.5,10705,11218,9697,9687,13554,6025,9856,10621,NA
"17-JUN-2021",2021-06-17 08:45:55,"2021-06-17","8H 45M 55S","Unknown","2.16.0","Unknown","Unknown",570,270,467,473,408,509,524,491,439,554,461,688,664,597,489,3.21,5.54,5.92,6.65,7.11,4.34,5.59,3.14,2.75,6.29,4.87,5.71,7.59,6.46,6.34,84172.28515625,105414.20703125,10876.740234375,9609.43994140625,10850.51953125,9327.55517578125,10907.4599609375,7032.375,7258.125,6331.125,7048.5,11738.5703125,5201.2802734375,8557.4296875,9197.05517578125,NA,NA,NA,NA,NA,NA,NA,NA,570,570,270,270,467,473,408,509,524,491,439,554,461,688,664,597,489,0.66,2.74,0.78,5.05,4.12,4.54,4.65,4.58,6.29,3.07,2.57,7,4.75,6.14,8.28,6.57,6.58,64459.236328125,85744,62331.341796875,110728,11948,10592,12176,9791,11484.5,10721,11221.5,9708,9705,13616.5,6051,9898.5,10657,NA
"16-JUN-2021",2021-06-16 10:26:59,"2021-06-16","10H 26M 59S","Unknown","2.16.0","Unknown","Unknown",570,270,467,473,408,509,524,491,439,554,461,688,664,597,489,2.97,5.28,4.12,4.76,4.58,4.26,5.02,3.1,2.73,6.37,4.06,6.03,7.95,6.73,6.57,85264,109886.21875,12086.2802734375,11149.9599609375,13126.7197265625,9567.7197265625,11788.740234375,7533.75,7735.5,6807,8280.75,14306.1005859375,6346.3701171875,11293.5205078125,12462.259765625,NA,NA,NA,NA,NA,NA,NA,NA,570,570,270,270,467,473,408,509,524,491,439,554,461,688,664,597,489,0.55,2.65,0.74,4.9,4.29,4.63,4.41,4.43,6.05,4.03,3.6,7.75,5.05,6.29,8.65,7.06,6.54,65407.45703125,85560,63978.62890625,112473,12159,11267,13306,9772,12028,9667,10130,8741,8892,12971,5779,10146,11271,NA
"16-JUN-2021",2021-06-16 10:25:53,"2021-06-16","10H 25M 53S","Unknown","2.16.0","Unknown","Unknown",570,270,467,473,408,509,524,491,439,554,461,688,664,597,489,3.33,5.88,5.43,5.32,5.54,4.26,5.35,3.18,2.88,6.53,4.73,6.27,8.26,7.1,6.78,84091.984375,107465.12890625,11352.1196289062,10578.8198242188,12457.919921875,9387.08984375,11440.8452148438,7200,7409.25,6474.75,7339.875,11086.9052734375,4957.89990234375,8804.46484375,9738.85546875,NA,NA,NA,NA,NA,NA,NA,NA,570,570,270,270,467,473,408,509,524,491,439,554,461,688,664,597,489,0.61,2.97,0.72,5.35,4.31,4.69,4.76,4.45,6.23,3.96,3.63,7.75,5.31,6.34,8.52,7.2,6.76,64551.51953125,85533.5,62863.28125,111916.5,12172,11306,13322,9785.5,12023,9693.5,10143.5,8770.5,8910,12931,5758,10130,11237.5,NA
"14-JUN-2021",2021-06-14 09:37:07,"2021-06-14","9H 37M 7S","Unknown","2.16.0","Unknown","Unknown",570,270,467,473,408,509,524,491,439,554,461,688,664,597,489,3.89,5.66,5.4,5.62,5.69,4.45,5.3,5.54,5.16,7.84,4.68,4.91,6.8,5.3,4.96,84847.53515625,107491.45703125,12262.2197265625,10899.5400390625,12770.2802734375,9467.2802734375,11426.669921875,7141.5,7353.75,6457.875,8005.5,15717.3603515625,6970.51513671875,11812.5302734375,12745.8452148438,NA,NA,NA,NA,NA,NA,NA,NA,570,570,270,270,467,473,408,509,524,491,439,554,461,688,664,597,489,0.63,3.36,0.72,5.09,5.33,5.58,5.46,4.42,5.73,6.84,6.37,9.8,5.93,5.27,7.52,5.43,4.79,65040.529296875,85618.5,63629.78515625,110577,12326,11034,12942,9719,11727,7899,8278,7201,7955.5,14369,6395,10735,11646,NA
"14-JUN-2021",2021-06-14 09:36:22,"2021-06-14","9H 36M 22S","Unknown","2.16.0","Unknown","Unknown",570,270,467,473,408,509,524,491,439,554,461,688,664,597,489,4.28,6.15,13.65,11.78,13.67,4.79,5.63,5.67,5.43,7.84,5.13,5.37,7.2,5.79,5.14,83374.765625,104432.4921875,10788.9599609375,9887.599609375,11308.7998046875,9251.009765625,11075.9404296875,6771,7023.75,6097.5,7176,12231.3505859375,5429.60986328125,9195.5498046875,10000.9404296875,NA,NA,NA,NA,NA,NA,NA,NA,570,570,270,270,467,473,408,509,524,491,439,554,461,688,664,597,489,0.91,3.46,1.06,5.37,5.05,5.49,5.58,4.48,6.07,6.9,6.48,9.68,5.85,5.21,7.48,5.43,4.87,64133.4765625,85417,62085.98828125,110028,12326,11148,13038,9669,11719,7909,8284,7169,8014,14330,6379,10794,11690,NA
"11-JUN-2021",2021-06-11 09:00:39,"2021-06-11","9H 0M 39S","Unknown","2.16.0","Unknown","Unknown",570,270,467,473,408,509,524,491,439,554,461,688,664,597,489,3.51,5.72,4.76,5.04,5.22,4.33,5.23,4.27,3.99,6.92,4.37,4.65,6.58,5.05,4.85,84818.703125,107069.0390625,12288.439453125,10847.4794921875,12650.9599609375,9289.080078125,11250.08984375,7206,7500.75,6492,8043,15012.58984375,6647.80029296875,11104.3203125,11848.2197265625,NA,NA,NA,NA,NA,NA,NA,NA,570,570,270,270,467,473,408,509,524,491,439,554,461,688,664,597,489,0.62,3.06,0.66,5.23,4.77,5.01,5.05,4.39,6.04,5.33,4.94,8.74,5.56,5.07,7.41,5.23,4.79,65262.00390625,85283,63905.29296875,109799,12209,10853,12717,9499,11497,8266,8766,7479,8074,13925,6184,10236,10981,NA
"11-JUN-2021",2021-06-11 08:59:50,"2021-06-11","8H 59M 50S","Unknown","2.16.0","Unknown","Unknown",570,270,467,473,408,509,524,491,439,554,461,688,664,597,489,3.9,5.73,5.51,5.91,6.08,4.54,5.42,4.29,3.93,6.85,4.37,4.92,6.88,5.66,4.99,83315.99609375,104006.83203125,11644.33984375,10227.3203125,11974.5595703125,9066.330078125,10932.9750976562,6919.5,7236.75,6185.25,7275.375,11911.8603515625,5274.3798828125,8802.5302734375,9435.705078125,NA,NA,NA,NA,NA,NA,NA,NA,570,570,270,270,467,473,408,509,524,491,439,554,461,688,664,597,489,0.74,3.32,0.75,5.32,4.85,5.18,5.4,4.47,6.22,5.48,5.01,8.35,5.55,5.09,7.42,5.7,4.88,64412.8203125,84909.5,62380.75390625,109263,12221,10901,12785,9502.5,11449,8305,8794,7463,8091,13881,6173,10220,10972,NA
"10-JUN-2021",2021-06-10 09:05:29,"2021-06-10","9H 5M 29S","Unknown","2.16.0","Unknown","Unknown",570,270,467,473,408,509,524,491,439,554,461,688,664,597,489,4.13,5.94,4.28,4.62,4.83,4.58,5.38,3.47,3.04,6.34,3.98,4.48,6.59,4.95,4.54,82450.94921875,104597.32421875,12348.8598632812,10990.7397460938,12889.2197265625,9079.2900390625,11084.0400390625,7315.875,7600.5,6528.375,8100.75,14627.0952148438,6505.25512695312,10896.8452148438,11629.7802734375,NA,NA,NA,NA,NA,NA,NA,NA,570,570,270,270,467,473,408,509,524,491,439,554,461,688,664,597,489,0.47,4.07,0.7,5.49,4.25,4.65,4.66,4.59,5.81,4.46,4.09,8.11,5.27,4.85,7.43,4.97,4.46,65100.09375,83052.5,63634.279296875,107662.5,12286.5,10994.5,12942.5,9308,11335,8463,8952,7599.5,8196,13668,6088,10109,10838,NA
"10-JUN-2021",2021-06-10 09:04:33,"2021-06-10","9H 4M 33S","Unknown","2.16.0","Unknown","Unknown",570,270,467,473,408,509,524,491,439,554,461,688,664,597,489,4.3,5.97,7.32,7.54,7.09,4.82,5.53,3.4,2.89,6.43,4.49,4.85,6.7,5.05,4.74,80510.2421875,100792.3515625,10861.16015625,9777.77978515625,11680.4399414062,8764.2001953125,10729.259765625,6957,7324.125,6244.125,7207.5,11487.8798828125,5106.25,8528.6201171875,9200.4951171875,NA,NA,NA,NA,NA,NA,NA,NA,570,570,270,270,467,473,408,509,524,491,439,554,461,688,664,597,489,0.56,4.13,0.82,5.3,4.33,4.77,4.82,4.84,6.21,4.26,3.8,8.09,5.43,4.82,7.08,5.01,4.58,64067.787109375,82448.5,61894.26171875,106532,12334,11106.5,13046,9259,11294,8498,8990,7604,8250.5,13616,6061.5,10110,10841,NA
"09-JUN-2021",2021-06-09 09:41:50,"2021-06-09","9H 41M 50S","Unknown","2.16.0","Unknown","Unknown",570,270,467,473,408,509,524,491,439,554,461,688,664,597,489,10.63,22.74,5.84,7.37,8.18,6.5,7.6,7.23,5.09,9.27,6.14,6.08,8.33,7.8,7.4,83419.2890625,118495.7109375,11887.16015625,7475.35986328125,7990.64013671875,9272.8798828125,9290.7001953125,7679.25,7781.25,6618.75,8079.75,15059.0302734375,6695.9599609375,7880.18017578125,7076.93994140625,NA,NA,NA,NA,NA,NA,NA,NA,570,570,270,270,467,473,408,509,524,491,439,554,461,688,664,597,489,1.53,9.99,2.07,21.22,5.98,7.47,7.92,6.28,8.75,7.38,6.07,11.4,7.35,6.45,9.15,7.84,7.41,65925.125,83196,64573.29296875,120364,11784,7481,8029,9420,9443,8555,8866,7468,8048,14219,6338,7393,6685,NA
"09-JUN-2021",2021-06-09 09:39:54,"2021-06-09","9H 39M 54S","Unknown","2.16.0","Unknown","Unknown",570,270,467,473,408,509,524,491,439,554,461,688,664,597,489,10.13,22.67,6.79,8.15,8.44,6.6,8.4,7.44,5.49,9.8,7.08,7.69,10.1,9.08,9,82792.953125,115918.2890625,11367.3203125,7228.35986328125,7731.47998046875,9109.259765625,9050.1298828125,7382.25,7590,6399,7284,12200.390625,5440.7900390625,6346.3701171875,5757.27001953125,NA,NA,NA,NA,NA,NA,NA,NA,570,570,270,270,467,473,408,509,524,491,439,554,461,688,664,597,489,1.53,9.7,1.82,21.44,6.11,7.87,8.04,6.47,8.57,7.87,6.3,11.41,7.43,6.59,9.66,8.02,7.68,65217.50390625,83480,63177.8828125,120380,11768,7520,8044,9469,9432,8589,8902,7484,8019,14247,6368,7395,6715,NA
"08-JUN-2021",2021-06-08 19:51:35,"2021-06-08","19H 51M 35S","Unknown","2.16.0","Unknown","Unknown",570,270,467,473,408,509,524,491,439,554,461,688,664,597,489,3.89,7.49,9.14,9.69,9.94,6.63,5.88,11.2,10.92,12.72,6.96,5.28,6.98,5.49,4.95,82750.609375,106311.6875,11387.83984375,10207.5595703125,12108.3203125,8978.0400390625,11103.48046875,6848.25,6998.25,5830.5,7924.5,15063.330078125,6636.6201171875,11059.169921875,11881.330078125,NA,NA,NA,NA,NA,NA,NA,NA,570,570,270,270,467,473,408,509,524,491,439,554,461,688,664,597,489,0.85,3.31,1.51,6.21,8.54,8.99,9.35,5.94,6.23,14.46,14,16.09,8.83,5.4,7.6,5.65,4.91,65528.84765625,82743,64359.90234375,107949,11617,10484,12468,9079,11213,6837,7147,5877,7626,15046,6635,10996,11843,NA
"08-JUN-2021",2021-06-08 19:50:25,"2021-06-08","19H 50M 25S","Unknown","2.16.0","Unknown","Unknown",570,270,467,473,408,509,524,491,439,554,461,688,664,597,489,2.25,5.13,4.42,4.94,5.17,3.8,4.93,5.47,4.89,7.29,4.61,4.18,6.06,4.45,4.18,81796.5,103117.05078125,11203.1596679688,9984.1201171875,11869.2998046875,8678.34033203125,10787.580078125,6688.5,6894.75,5730.75,7301.25,12444.2001953125,5486.58520507812,8988.93505859375,9724.0205078125,NA,NA,NA,NA,NA,NA,NA,NA,570,570,270,270,467,473,408,509,524,491,439,554,461,688,664,597,489,0.48,1.99,0.85,4.57,4.56,5.11,5.19,4.05,5.28,6.74,6.21,9.46,5.78,4.31,6.61,4.51,4.07,64918.787109375,82619,63345.7734375,106439.5,11687.5,10472,12507,8962,11175,7000,7280,6052.5,7694,15264,6746.5,11055,11898.5,NA
"07-JUN-2021",2021-06-07 09:51:20,"2021-06-07","9H 51M 20S","Unknown","LSRII","1","Administrator",570,270,467,473,408,509,524,491,439,554,461,688,664,597,489,8.69,10.7,9.9,10.32,10.82,8.91,8.51,14.33,14.03,16.66,8.6,5.08,6.93,5.82,5.69,85771.91796875,115618.359375,13527,11568.75,13506.75,10127.8203125,11773.5595703125,10814.7197265625,10931.7602539062,9600.64013671875,12334.5600585938,14317.400390625,6392.80029296875,10573.2001953125,11212.2001953125,59.45,0,20.08,40.56,0.75,0.82,1.12,0.4,570,570,270,270,467,473,408,509,524,491,439,554,461,688,664,597,489,1.19,7.99,1.68,9.13,8.79,9.24,9.55,8.05,8.35,17.86,17.51,20.13,11.13,6.13,8.38,6.84,6.22,68229.62890625,82424,67550.92578125,111657,12931,11151,13035,9737,11281.5,7707.5,7908,6859.5,7784.5,13874,6202.5,10147,10820,NA
"07-JUN-2021",2021-06-07 09:44:26,"2021-06-07","9H 44M 26S","Unknown","2.16.0","Unknown","Unknown",570,270,467,473,408,509,524,491,439,554,461,688,664,597,489,2.56,5.07,4.55,4.89,4.87,3.45,4.99,4.28,4.01,7.83,5.01,4.88,6.69,5.51,4.94,82537.01171875,106847.23046875,11752.875,9457.875,10925.25,9477.5595703125,10750.6098632812,9638.7197265625,9873.919921875,8678.8798828125,10399.7602539062,11902.8002929688,5260,7937.40014648438,8227.6005859375,NA,NA,NA,NA,NA,NA,NA,NA,570,570,270,270,467,473,408,509,524,491,439,554,461,688,664,597,489,0.67,2.35,0.68,4.44,4.09,4.26,4.57,4.01,6.07,5.43,4.97,9.58,5.54,4.97,7.16,5.43,5.04,65291.005859375,82995,63755.7578125,109710.5,12434,10051.5,11561,9679,11067,7513.5,7748.5,6807.5,7621,14935,6627,9960.5,10347,NA
"04-JUN-2021",2021-06-04 09:14:30,"2021-06-04","9H 14M 30S","Unknown","2.16.0","Unknown","Unknown",570,270,467,473,408,509,524,491,439,554,461,688,664,597,489,4.18,6.24,3.99,4.17,4.28,4.84,5.86,4.77,4.34,7.48,4.5,4.87,6.98,5.24,4.79,81057.0078125,105074.80078125,12806.25,11028,12931.125,9151.2001953125,10701.8203125,10694.3198242188,10810.240234375,9472.9599609375,11964.3999023438,12213.8002929688,5455.2001953125,8809.2001953125,9417.80029296875,NA,NA,NA,NA,NA,NA,NA,NA,570,570,270,270,467,473,408,509,524,491,439,554,461,688,664,597,489,0.64,3.82,0.83,5.98,4.07,4.18,4.35,4.79,6.39,5.93,5.31,9.23,5.56,5.23,7.89,5.33,4.83,66029.84765625,80622,64670.666015625,106575.5,12792.5,11114,13063.5,9240.5,10774,8572,8817.5,7609.5,8214,11963,5358,8534,9175,NA
"04-JUN-2021",2021-06-04 09:13:57,"2021-06-04","9H 13M 57S","Unknown","2.16.0","Unknown","Unknown",570,270,467,473,408,509,524,491,439,554,461,688,664,597,489,7.34,10.18,8.23,8.56,8.78,8.42,8.13,11.5,10.88,13.77,6.85,6.43,8.7,6.64,6.28,81095.48828125,107896.41796875,12143.25,10483.5,12309.75,9264.35986328125,10705.919921875,10048.6396484375,10268.16015625,8845.759765625,10768.7998046875,9306.2001953125,4152.39990234375,6721.2001953125,7226.80029296875,NA,NA,NA,NA,NA,NA,NA,NA,570,570,270,270,467,473,408,509,524,491,439,554,461,688,664,597,489,1.09,6.51,1.54,8.9,7.1,7.64,7.66,7.6,8.11,14.66,13.89,16.98,8.99,6.53,9.22,6.81,6.38,65292.224609375,81508.5,64252.501953125,109597.5,12609.5,10959,12910,9421,10906.5,8317,8570.5,7302,8041.5,11643,5201.5,8378,9015,NA
"03-JUN-2021",2021-06-03 18:23:47,"2021-06-03","18H 23M 47S","Unknown","2.16.0","Unknown","Unknown",570,270,467,473,408,509,524,491,439,554,461,688,664,597,489,2.74,5.83,3.8,4.36,4.69,4,5.39,7.41,7.13,9.29,5.27,4.92,7.11,5.17,4.73,87157.9375,108642.6171875,12294.75,11283,13138.5,9311.919921875,11449.66015625,9405.759765625,9414.7197265625,8207.3603515625,11439.6796875,11908,5315.2001953125,9048,9795.6005859375,NA,NA,NA,NA,NA,NA,NA,NA,570,570,270,270,467,473,408,509,524,491,439,554,461,688,664,597,489,0.72,2.37,0.78,5.28,4.29,4.55,4.63,4.16,5.93,9.35,8.65,11.41,6.62,5.42,7.76,5.39,4.63,67465.9921875,84828,66570.6875,106813,12419,11499,13435,9151,11219,6678,6790,5822,7351,12360,5499,9331,10113,NA
"03-JUN-2021",2021-06-03 08:20:16,"2021-06-03","8H 20M 16S","Unknown","LSRII","1","Administrator",570,270,467,473,408,509,524,491,439,554,461,688,664,597,489,4.15,6.16,4.04,4.16,4.4,4.61,5.62,5.36,5.08,7.91,4.67,5.09,7.3,5.18,4.67,82827.4609375,107083.796875,12969,11674.5,13626.75,9459.51953125,11316,10346.5595703125,10469.759765625,9241.1201171875,11799.2001953125,10570,4718.80029296875,8066,8704.7998046875,59.45,0,20.08,40.56,0.75,0.82,1.12,0.4,570,570,270,270,467,473,408,509,524,491,439,554,461,688,664,597,489,0.65,3.75,0.71,5.81,3.95,4.17,4.37,4.73,6.38,6.38,6.15,9.11,5.63,5.45,8.16,5.45,4.54,65916.75,82454,64618.50390625,108635,12939,11737,13730,9559,11427,8738,9009,7796,8380,10345,4634,7831,8500,NA
"03-JUN-2021",2021-06-03 08:18:54,"2021-06-03","8H 18M 54S","Unknown","2.16.0","Unknown","Unknown",570,270,467,473,408,509,524,491,439,554,461,688,664,597,489,4.24,5.91,6.02,5.55,5.57,4.79,5.59,4.74,4.41,7.12,4.56,5.01,7.29,5.08,4.58,80314.421875,102450.796875,11991.75,10965.75,12794.25,9135.6201171875,10890.419921875,9882.8798828125,10081.1201171875,8811.0400390625,10643.3603515625,8146,3617.60009765625,6216.80029296875,6740,NA,NA,NA,NA,NA,NA,NA,NA,570,570,270,270,467,473,408,509,524,491,439,554,461,688,664,597,489,0.69,3.78,0.77,5.55,3.81,3.93,3.96,4.63,6.26,5.68,5.35,8.63,5.28,5.09,7.73,4.99,4.34,64740.70703125,81406,62807.0390625,106914,12974,11795,13787,9455,11303,8822,9082,7852,8426,10276,4582,7815,8472,NA
"02-JUN-2021",2021-06-02 09:11:19,"2021-06-02","9H 11M 19S","Unknown","2.16.0","Unknown","Unknown",570,270,467,473,408,509,524,491,439,554,461,688,664,597,489,3.79,6.05,3.91,4.31,4.25,4.51,5.34,5.65,5.28,7.79,5.02,4.93,7.38,5.39,4.71,82824.1328125,106622.9609375,12845.625,11545.5,13501.875,9356.2001953125,11176.599609375,10146.080078125,10345.4404296875,9078.7197265625,11542.1596679688,10525,4706.80029296875,7937.40014648438,8682.00048828125,NA,NA,NA,NA,NA,NA,NA,NA,570,570,270,270,467,473,408,509,524,491,439,554,461,688,664,597,489,0.62,3.43,0.87,5.63,4.01,4.23,4.11,4.51,6.15,6.75,6.36,9.27,5.99,5.39,8.19,5.47,4.71,66106.6484375,82173,64760.08203125,107900.5,12878.5,11666,13669.5,9438,11254.5,8788,9138,7853,8334.5,10511,4707,7855,8638.5,NA
"02-JUN-2021",2021-06-02 09:10:13,"2021-06-02","9H 10M 13S","Unknown","2.16.0","Unknown","Unknown",570,270,467,473,408,509,524,491,439,554,461,688,664,597,489,4.33,6.52,4.87,4.72,5.35,4.96,5.6,5.36,5.12,7.69,4.88,5.52,7.54,5.54,5.07,81010.0234375,103816.09765625,12114,11017.125,12844.125,9165.9599609375,10868.6899414062,9782.64013671875,10041.3598632812,8739.92041015625,10311.83984375,8165.80004882812,3672.40014648438,6164.19995117188,6773.60009765625,NA,NA,NA,NA,NA,NA,NA,NA,570,570,270,270,467,473,408,509,524,491,439,554,461,688,664,597,489,0.68,3.77,0.84,6.04,3.82,4.01,4.14,4.87,6.27,6.46,6.11,9.19,5.55,5.44,7.98,5.37,4.68,65240.78515625,81548.5,63368.59765625,107261,12922,11724,13800.5,9398,11165.5,8885,9225.5,7936,8382,10467,4690.5,7835,8623,NA
"01-JUN-2021",2021-06-01 09:52:40,"2021-06-01","9H 52M 40S","Unknown","2.16.0","Unknown","Unknown",570,270,467,473,408,509,524,491,439,554,461,688,664,597,489,3.74,6.17,4.2,4.57,4.5,4.38,5.57,4.34,3.99,7.42,4.39,5.2,7.74,5.73,4.94,82542.5625,108264.6015625,12896.25,11882.25,13894.5,9523.4794921875,11500.5,10552.6396484375,10822.5595703125,9626.400390625,11940.3203125,10293.2001953125,4580,8038.39990234375,8766.7998046875,NA,NA,NA,NA,NA,NA,NA,NA,570,570,270,270,467,473,408,509,524,491,439,554,461,688,664,597,489,0.69,3.38,0.92,5.43,4.27,4.56,4.33,4.47,6.33,5.18,4.73,8.58,5.1,5.52,8.32,5.63,4.76,66374.75,81621,65017.71875,108872,12893,11968,14048,9555,11500,9965,10436,9075,9210,10227,4560,7907,8689,NA
"01-JUN-2021",2021-06-01 09:51:44,"2021-06-01","9H 51M 44S","Unknown","2.16.0","Unknown","Unknown",570,270,467,473,408,509,524,491,439,554,461,688,664,597,489,4.39,6.39,5.16,5.06,5.17,4.75,5.54,4.01,3.51,7.16,4.68,5.53,7.97,5.89,5.3,80362.5234375,104499.9765625,12177.75,11309.25,13293,9231.5595703125,11095.419921875,10153.919921875,10460.7998046875,9200.7998046875,10704.9599609375,7981.2001953125,3550.80004882812,6167.60009765625,6821.2001953125,NA,NA,NA,NA,NA,NA,NA,NA,570,570,270,270,467,473,408,509,524,491,439,554,461,688,664,597,489,0.71,3.87,0.84,5.64,4.03,4.24,4.18,4.48,6.24,4.71,4.27,8,5.14,5.68,8.32,5.68,4.83,65299.27734375,80794,63668.78125,107328,12985,12005,14122,9461,11397,10102,10584,9191,9285,10122,4542,7827,8627,NA
"28-MAY-2021",2021-05-28 08:55:24,"2021-05-28","8H 55M 24S","Unknown","2.16.0","Unknown","Unknown",570,270,467,473,408,509,524,491,439,554,461,688,664,597,489,4.47,6.52,3.54,4.02,4.13,5.09,5.63,3.5,3.22,6.56,4.14,5.02,7.47,5.33,4.73,81542.453125,105755.80859375,13043.25,11818.5,13775.25,9231.9697265625,11161.01953125,10928.9599609375,11233.0400390625,9927.6796875,12230.9604492188,10227.6005859375,4574.80029296875,7939.2001953125,8494.80029296875,NA,NA,NA,NA,NA,NA,NA,NA,570,570,270,270,467,473,408,509,524,491,439,554,461,688,664,597,489,0.72,4.08,0.86,6.05,3.73,3.99,4.03,4.99,6.23,4.4,4.09,7.77,4.95,5.15,8.13,5.44,4.57,66044.17578125,81006,64676.203125,107209,13010,11883,13873,9309,11231,9800,10270,8837,9009,10057,4511.5,7724,8316.5,NA
"28-MAY-2021",2021-05-28 08:54:25,"2021-05-28","8H 54M 25S","Unknown","LSRII","1","Administrator",570,270,467,473,408,509,524,491,439,554,461,688,664,597,489,4.48,6.84,5.23,5.89,5.95,5.18,6.01,3.63,3.36,6.99,4.89,5.47,8.41,6.03,4.99,80451.69140625,103826.34765625,12509.25,11282.625,13173.75,9034.759765625,10887.5498046875,10510.080078125,10872.9599609375,9521.1201171875,11005.1201171875,7944.80029296875,3559,6123.00024414062,6572.39990234375,59.45,0,20.08,40.56,0.75,0.82,1.12,0.4,570,570,270,270,467,473,408,509,524,491,439,554,461,688,664,597,489,0.74,4.01,0.91,6.31,3.88,4.04,4.12,4.97,6.42,4.58,4.08,8.18,5.26,5.75,8.94,5.87,4.86,65249.962890625,80975,63358.046875,107359.5,12999,11894,13888.5,9309,11262.5,9839,10292,8923.5,9052,10043.5,4505,7705,8289,NA
"27-MAY-2021",2021-05-27 08:52:05,"2021-05-27","8H 52M 5S","Unknown","2.16.0","Unknown","Unknown",570,270,467,473,408,509,524,491,439,554,461,688,664,597,489,3.93,6.54,3.66,4.07,4.14,4.64,5.73,5.47,5.16,7.85,4.83,5.3,7.59,5.57,5.06,83139,107501.1796875,12884.25,11593.5,13566.75,9303.7197265625,11341.419921875,10085.599609375,10368.9599609375,9178.400390625,11625.599609375,10189.2001953125,4540.39990234375,7793.60009765625,8329.2001953125,NA,NA,NA,NA,NA,NA,NA,NA,570,570,270,270,467,473,408,509,524,491,439,554,461,688,664,597,489,0.71,3.48,0.9,5.71,3.79,4.07,4.16,4.53,6.17,6.73,6.11,9.79,5.83,5.49,8.29,5.54,4.72,65989.546875,82724,64574.9375,108877,12855,11671,13699,9387,11439,8145,8523,7407,7990,9890,4416,7492,8048,NA
"27-MAY-2021",2021-05-27 08:50:20,"2021-05-27","8H 50M 20S","Unknown","2.16.0","Unknown","Unknown",570,270,467,473,408,509,524,491,439,554,461,688,664,597,489,3.98,6.26,4.71,4.85,4.63,4.64,5.77,5.84,5.46,8.45,5.02,5.45,8.25,5.49,5.2,81989.78125,105921.859375,12339.75,11084.625,13042.5,9227.0498046875,11133.5498046875,9683.5205078125,10014.4799804688,8766.240234375,10642.240234375,7842,3506.20007324219,6008.39990234375,6449.2001953125,NA,NA,NA,NA,NA,NA,NA,NA,570,570,270,270,467,473,408,509,524,491,439,554,461,688,664,597,489,0.71,3.56,0.85,5.54,3.84,4.09,4.12,4.68,6.23,6.84,6.64,9.68,6.04,5.66,8.83,5.66,4.89,65211.748046875,82538.5,63833.13671875,108527,12871,11659,13667,9411,11451,8148,8515.5,7364,7979,9837,4400,7488,8029,NA
"26-MAY-2021",2021-05-26 09:51:07,"2021-05-26","9H 51M 7S","Unknown","2.16.0","Unknown","Unknown",570,270,467,473,408,509,524,491,439,554,461,688,664,597,489,3.41,5.87,3.65,4.11,4.09,4.23,5.41,7.26,7.13,9.82,5.08,4.63,7.06,5.14,4.38,83701.3984375,108011.21875,12506.25,11432.25,13212.75,9375.8798828125,11415.2197265625,9240,9380,8251.0400390625,11147.3603515625,11503.6005859375,5144,8730.7998046875,9442.7998046875,NA,NA,NA,NA,NA,NA,NA,NA,570,570,270,270,467,473,408,509,524,491,439,554,461,688,664,597,489,0.64,3.18,0.84,5.51,3.85,4.13,4.12,4.38,6.05,8.58,8.21,11.56,6.35,5.22,7.72,5.39,4.45,66659.859375,82419,65404.53515625,108280,12664,11657,13518,9372,11394,7106,7336,6364,7466,11530,5148,8694,9426,NA
"26-MAY-2021",2021-05-26 09:49:09,"2021-05-26","9H 49M 9S","Unknown","2.16.0","Unknown","Unknown",570,270,467,473,408,509,524,491,439,554,461,688,664,597,489,3.96,6.22,4.55,4.97,4.75,4.6,5.34,7.29,7.04,9.52,5.25,5.3,7.71,5.49,4.8,82182.55078125,105551.21875,12033,10967.25,12774,9204.91015625,11159.3798828125,8911.27978515625,9145.35986328125,7990.080078125,10334.240234375,9064.60009765625,4031.60009765625,6901.60009765625,7511.00024414062,NA,NA,NA,NA,NA,NA,NA,NA,570,570,270,270,467,473,408,509,524,491,439,554,461,688,664,597,489,0.8,3.44,0.93,5.84,3.93,3.99,4.21,4.63,6.01,8.63,8.32,11.29,6.4,5.23,7.86,5.24,4.3,65685.96484375,82132,64424.76171875,107228,12716,11715,13600.5,9356,11363,7156,7423.5,6428,7547,11487,5148,8744,9474,NA
"25-MAY-2021",2021-05-25 09:17:00,"2021-05-25","9H 17M 0S","Unknown","2.16.0","Unknown","Unknown",570,270,467,473,408,509,524,491,439,554,461,688,664,597,489,3.56,6.45,3.64,4.04,4.41,4.41,5.67,4.14,3.87,7.12,4.21,5.55,7.57,5.97,5.58,80665.1796875,104839.4609375,12325.5,10166.25,11682,9188.099609375,10459.919921875,10581.759765625,10818.080078125,9518.8798828125,11913.4404296875,11870.400390625,5316.39990234375,8270.400390625,8537.6005859375,NA,NA,NA,NA,NA,NA,NA,NA,570,570,270,270,467,473,408,509,524,491,439,554,461,688,664,597,489,0.69,3.16,0.85,6.08,4.01,4.17,4.56,4.51,6.37,5,4.68,8.55,5.41,5.9,8.08,5.9,5.54,66867.46875,79224,65699.234375,104659,12153,10101,11661,9137,10387,9518,9919,8547,8776,11491,5158,7946,8243,NA
"25-MAY-2021",2021-05-25 09:14:27,"2021-05-25","9H 14M 27S","Unknown","2.16.0","Unknown","Unknown",570,270,467,473,408,509,524,491,439,554,461,688,664,597,489,3.46,5.67,3.95,4.13,4.11,4.17,5.31,4.13,3.84,6.89,4.5,5.23,7.41,5.63,5.31,79365.7421875,103330.65625,11823.75,9762,11280,9039.6796875,10239.33984375,10139.3603515625,10468.6396484375,9129.1201171875,10928.9599609375,9274.400390625,4155.2001953125,6438.39990234375,6654.39990234375,NA,NA,NA,NA,NA,NA,NA,NA,570,570,270,270,467,473,408,509,524,491,439,554,461,688,664,597,489,0.64,3.09,0.81,5.4,3.66,4.02,4.07,4.36,6.15,4.79,4.6,8.26,5.08,5.43,7.83,5.79,5.15,66086.46875,78809,64720.5078125,104688,12140,10107,11660,9139,10371,9504,9922,8547,8759,11430,5132,7914,8210,NA
"24-MAY-2021",2021-05-24 09:33:19,"2021-05-24","9H 33M 19S","Unknown","2.16.0","Unknown","Unknown",570,270,467,473,408,509,524,491,439,554,461,688,664,597,489,3.84,6.17,3.71,4.18,4.46,4.55,5.56,7.08,7.01,9.36,5.28,5.42,7.57,5.88,5.48,79276.9375,104545.078125,12512.25,10346.25,11992.5,9265.1796875,10699.3603515625,9362.080078125,9520,8494.080078125,11236.9599609375,11278.400390625,5034.80029296875,8128.39990234375,8464.7998046875,NA,NA,NA,NA,NA,NA,NA,NA,570,570,270,270,467,473,408,509,524,491,439,554,461,688,664,597,489,0.64,3.51,0.7,5.85,3.87,4.26,4.51,4.53,6.54,8.2,8.08,10.75,6.07,5.78,8.28,6,5.54,66623.0703125,78054,65244.6484375,105082,12334,10290,11965,9268,10703,7974,8280,7202,8012,10771,4817,7682,8052,NA
"24-MAY-2021",2021-05-24 09:31:25,"2021-05-24","9H 31M 25S","Unknown","2.16.0","Unknown","Unknown",570,270,467,473,408,509,524,491,439,554,461,688,664,597,489,3.62,5.64,4.17,4.82,4.77,4.27,5.14,7.13,6.7,8.93,4.99,5.39,7.23,5.62,5.38,78458.87109375,102554.1171875,11757,9657.75,11316,9118.81005859375,10478.3701171875,8870.96044921875,9117.919921875,8029.84008789062,10137.1201171875,8653.2001953125,3860.60009765625,6212.19995117188,6500.40014648438,NA,NA,NA,NA,NA,NA,NA,NA,570,570,270,270,467,473,408,509,524,491,439,554,461,688,664,597,489,0.64,3.15,0.71,5.21,3.75,3.99,4.11,4.05,5.85,8.16,7.6,10.36,5.76,5.56,7.84,5.7,5.34,65818.47265625,78178,64296.556640625,104543,12273.5,10242,11908.5,9260,10683,7866,8193,7127.5,7927.5,10652,4759,7591,7963,NA
"21-MAY-2021",2021-05-21 08:59:32,"2021-05-21","8H 59M 32S","Unknown","2.16.0","Unknown","Unknown",570,270,467,473,408,509,524,491,439,554,461,688,664,597,489,3.67,5.8,3.18,3.72,3.87,4.14,5.32,2.97,2.55,6.08,3.81,4.36,6.31,4.86,4.37,80688.859375,103381.5,12958.125,9795,11226.75,9565.2998046875,10142.990234375,10846.6401367188,11183.7602539062,9882.31982421875,11964.9599609375,11980.0004882812,5318.39990234375,7984.80004882812,8299.60009765625,NA,NA,NA,NA,NA,NA,NA,NA,570,570,270,270,467,473,408,509,524,491,439,554,461,688,664,597,489,0.67,3.38,0.68,5.33,3.35,3.9,4.06,4.28,6.23,3.44,2.96,6.76,4.48,4.86,7.3,5.15,4.64,66187.0859375,79917.5,64856.453125,104410.5,12856.5,9808,11289,9624,10179,10753.5,11312,9771,9631,11684,5190.5,7718,8076,NA
"21-MAY-2021",2021-05-21 08:58:14,"2021-05-21","8H 58M 14S","Unknown","2.16.0","Unknown","Unknown",570,270,467,473,408,509,524,491,439,554,461,688,664,597,489,3.68,5.58,4.48,4.85,5.15,4.26,5.48,2.91,2.63,6.01,4.23,4.71,6.61,5.31,4.79,79784.94921875,102167.8984375,12312.375,9292.875,10684.125,9461.16015625,9966.2802734375,10476.48046875,10844.9599609375,9462.8798828125,10961.4404296875,9394,4180.39990234375,6244.39990234375,6536.60009765625,NA,NA,NA,NA,NA,NA,NA,NA,570,570,270,270,467,473,408,509,524,491,439,554,461,688,664,597,489,0.67,3.27,0.72,5.08,3.5,3.92,4.16,4.29,6.21,3.29,3.05,6.96,4.47,4.93,7.07,5.43,4.72,65434.4140625,79962,64271.341796875,104075,12879,9806,11311,9650.5,10147,10761,11309.5,9731,9637.5,11669.5,5198,7725,8091,NA
"20-MAY-2021",2021-05-20 08:26:34,"2021-05-20","8H 26M 34S","Unknown","2.16.0","Unknown","Unknown",570,270,467,473,408,509,524,491,439,554,461,688,664,597,489,3.89,5.82,3.41,3.87,4.11,4.59,5.61,3.65,3.33,6.39,4.12,4.56,6.58,4.86,4.76,79283.6015625,103229.796875,12952.5,9796.5,11290.5,9586.6201171875,10190.9599609375,10592.9599609375,10878.5595703125,9612.9599609375,11860.7998046875,11793.6005859375,5236.39990234375,7896.80029296875,8182.80029296875,NA,NA,NA,NA,NA,NA,NA,NA,570,570,270,270,467,473,408,509,524,491,439,554,461,688,664,597,489,0.66,3.57,0.73,5.45,3.61,4,4.1,4.45,6.16,4.12,3.75,7.59,4.63,5,7.45,5.13,4.68,66340.5859375,78436,65091.8515625,103921,12780,9739,11280,9603,10201,10408,10938,9458,9451,11389,5052,7549,7881,NA
"20-MAY-2021",2021-05-20 08:25:11,"2021-05-20","8H 25M 11S","Unknown","2.16.0","Unknown","Unknown",570,270,467,473,408,509,524,491,439,554,461,688,664,597,489,4.05,6.12,4.4,4.75,4.55,4.72,5.64,3.51,3.22,6.62,4.16,4.79,6.54,5.21,4.77,77735.5234375,100824.7421875,12319.5,9354,10822.5,9423.439453125,9919.5400390625,10180.7998046875,10571.6796875,9224.3203125,10867.3603515625,9106.7998046875,4037.60009765625,6104,6348.39990234375,NA,NA,NA,NA,NA,NA,NA,NA,570,570,270,270,467,473,408,509,524,491,439,554,461,688,664,597,489,0.71,3.61,0.81,5.67,3.43,3.87,4.08,4.62,6.32,3.97,3.63,7.38,4.42,5.07,7.4,5.27,4.66,65366.875,78054,64195.203125,102987,12796,9797,11328,9593,10165,10416,10942,9442,9496,11337,5032,7568,7893,NA
"19-MAY-2021",2021-05-19 08:35:18,"2021-05-19","8H 35M 18S","Unknown","2.16.0","Unknown","Unknown",570,270,467,473,408,509,524,491,439,554,461,688,664,597,489,7.36,10.04,5.22,5.93,6.39,8.34,8.03,4.08,3.61,7.26,4.16,4.92,6.93,5.67,5.25,80536.7890625,104650.0390625,12108,9474,10834.875,8989.24951171875,10045,10628.2397460938,10749.759765625,9416.9599609375,11970,12354.400390625,5499.40014648438,8200,8167.40014648438,NA,NA,NA,NA,NA,NA,NA,NA,570,570,270,270,467,473,408,509,524,491,439,554,461,688,664,597,489,0.87,7.01,1.06,9.18,4.87,5.5,5.98,7.85,8.67,4.7,4.33,8.03,5.17,5.38,8.05,6.07,5.4,66740.07421875,79097,65536.453125,104490.5,12043,9490,10903,8925,9990.5,10610,10963.5,9391.5,9621.5,12451.5,5543,8193.5,8205.5,NA
"19-MAY-2021",2021-05-19 08:34:29,"2021-05-19","8H 34M 29S","Unknown","LSRII","1","Administrator",570,270,467,473,408,509,524,491,439,554,461,688,664,597,489,7.7,9.43,4.88,5.33,5.48,8.92,8.19,3.82,3.34,6.71,4.51,5.22,7.05,5.49,5.1,78910.640625,101437.28125,11685,9099,10437.75,8713.3203125,9698.9599609375,10296.16015625,10500,9135.83984375,11020.7998046875,9846.400390625,4381.60009765625,6475.2001953125,6459.60009765625,59.45,0,20.08,40.56,0.75,0.82,1.12,0.4,570,570,270,270,467,473,408,509,524,491,439,554,461,688,664,597,489,0.93,7.07,1.11,8.48,4.54,4.9,5.22,8.35,8.47,4.05,3.66,7.73,5.26,5.16,7.76,5.58,4.86,65946.7421875,78400,64552.55859375,102955,12052,9494,10902,8802,9815,10651,11008,9415,9583,12468,5562,8179,8178,NA
"19-MAY-2021",2021-05-19 08:31:03,"2021-05-19","8H 31M 3S","Unknown","2.16.0","Unknown","Unknown",570,270,467,473,408,509,524,491,439,554,461,688,664,597,489,5.63,8.35,4.15,4.83,5.12,7.07,7.32,3.71,3,6.68,4.24,4.96,6.91,5.74,5.4,80719.94140625,104581.15625,12793.5,9877.875,11525.625,9468.5400390625,10330.3603515625,11030.3198242188,11229.1201171875,9809.52001953125,12064.080078125,12459.7998046875,5537.2001953125,8480.2001953125,8861.400390625,NA,NA,NA,NA,NA,NA,NA,NA,570,570,270,270,467,473,408,509,524,491,439,554,461,688,664,597,489,1.02,5.03,1.33,7.32,4.1,4.53,4.79,6.6,7.16,3.95,3.17,7.44,5.05,5.29,7.65,5.8,5.47,67350.984375,78656,66304.8671875,103567.5,12557.5,9791.5,11486,9346,10147.5,10946.5,11379,9690.5,9681,12406,5515,8391,8804,NA
"19-MAY-2021",2021-05-19 07:10:32,"2021-05-19","7H 10M 32S","Unknown","2.16.0","Unknown","Unknown",570,270,467,473,408,509,524,491,439,554,461,688,664,597,489,4.59,6.49,3.26,3.7,3.78,5.22,6.09,2.76,2.27,6.08,3.99,4.35,6.45,5.03,4.12,77941.0078125,100124.91015625,12824.25,9792.375,11521.875,9183.77978515625,9845.955078125,10654.6005859375,10907.0502929688,9604.10009765625,11755.150390625,12940.6352539062,5761.35498046875,8767.2705078125,9181.57470703125,NA,NA,NA,NA,NA,NA,NA,NA,570,570,270,270,467,473,408,509,524,491,439,554,461,688,664,597,489,0.7,4.3,0.78,5.99,3.42,3.72,3.87,5.07,6.63,2.95,2.49,6.32,4.73,4.74,7.12,5.21,4.25,65019.63671875,78654.5,63729.0390625,102822.5,12785,9854.5,11622.5,9380,10030.5,10941,11447,9845,9858.5,11845,5265.5,7950.5,8371,NA
"18-MAY-2021",2021-05-18 10:29:47,"2021-05-18","10H 29M 47S","Unknown","2.16.0","Unknown","Unknown",570,270,467,473,408,509,524,491,439,554,461,688,664,597,489,8.27,9.5,5.06,5.54,5.84,8.89,8.34,3.59,3.32,6.83,4.2,4.82,6.7,5.19,4.87,76137.54296875,101104.60546875,12211.875,9786,11243.25,8782.830078125,9754.0205078125,10370.7998046875,10570.4501953125,9361,11628.650390625,13121.6650390625,5846.92504882812,8702.33984375,8892.400390625,NA,NA,NA,NA,NA,NA,NA,NA,570,570,270,270,467,473,408,509,524,491,439,554,461,688,664,597,489,0.78,8.05,1.16,8.81,4.7,5.13,5.49,8.32,8.65,4.09,3.7,7.67,5.12,5.31,7.6,5.74,5.02,65326.20703125,76290.5,64090.2109375,103221,12197,9875.5,11387,8915,9904,10684.5,11112,9609,9707,12225,5452.5,8068.5,8272,NA
"18-MAY-2021",2021-05-18 10:29:16,"2021-05-18","10H 29M 16S","Unknown","2.16.0","Unknown","Unknown",570,270,467,473,408,509,524,491,439,554,461,688,664,597,489,8.06,9.63,9.97,9.98,9.88,8.98,8.1,4.09,3.75,6.81,5.85,6.07,7.93,6.73,6.18,75326.515625,98704.171875,10728,8656.5,9931.5,8563.3203125,9545.0400390625,9638.2001953125,9879.1005859375,8523.900390625,9364.2998046875,10154.0205078125,4520.16015625,6697.25,6867.10009765625,NA,NA,NA,NA,NA,NA,NA,NA,570,570,270,270,467,473,408,509,524,491,439,554,461,688,664,597,489,0.82,7.8,1.18,8.73,4.31,4.76,5.05,8.35,8.39,3.83,3.28,7.45,4.89,5.15,7.51,5.45,4.9,64589.28125,76398,62887.98828125,102721,12212,9902,11397,8893,9883,10710,11134,9597,9733,12233,5452,8057,8261,NA
"17-MAY-2021",2021-05-17 19:14:06,"2021-05-17","19H 14M 6S","Unknown","2.16.0","Unknown","Unknown",570,270,467,473,408,509,524,491,439,554,461,688,664,597,489,4.69,7.6,8.24,8.64,8.96,5.86,6.42,6.77,6.45,9.9,5.64,7,9.17,7.24,7.13,83576.609375,108734.8046875,11746.125,8688.75,9858,9407.7451171875,10099.080078125,10283.900390625,10516,9269.150390625,11517,12497.5205078125,5568.5,7870.72021484375,7826.43017578125,NA,NA,NA,NA,NA,NA,NA,NA,570,570,270,270,467,473,408,509,524,491,439,554,461,688,664,597,489,0.8,4.29,1.08,6.71,7.52,8.1,8.41,5.79,7.12,7.82,7.43,11.19,6.47,7.54,10.13,7.76,7.17,66206.35546875,82808.5,65382.7890625,108711,11770,8799,10018,9379.5,10075,10440,10896,9382,9414,11580,5164,7218,7228,NA
"17-MAY-2021",2021-05-17 19:12:03,"2021-05-17","19H 12M 3S","Unknown","2.16.0","Unknown","Unknown",570,270,467,473,408,509,524,491,439,554,461,688,664,597,489,4.48,7.37,7.14,7.68,8,5.51,6.26,5.89,5.71,8.93,5.28,6.6,8.82,6.77,6.52,83022.8984375,107595.5390625,11646,8642.25,9804.75,9348.2099609375,10045.6201171875,10250.900390625,10488.5,9222.400390625,11438.900390625,12455.810546875,5550.8701171875,7816.1103515625,7789.02001953125,NA,NA,NA,NA,NA,NA,NA,NA,570,570,270,270,467,473,408,509,524,491,439,554,461,688,664,597,489,0.73,4.05,1.02,6.54,6.76,7.39,7.52,5.46,6.96,6.61,6.42,10.19,6.08,7.11,9.66,7.24,6.5,66111.2734375,82381,65213.078125,107837,11751,8802,10000,9343,10059,10409,10884,9351,9386,11548,5158,7186,7205,NA
"17-MAY-2021",2021-05-17 12:25:28,"2021-05-17","12H 25M 28S","Unknown","2.16.0","Unknown","Unknown",570,270,467,473,408,509,524,491,439,554,461,688,664,597,489,5.34,7.88,5.5,6.18,6.6,6.17,6.59,8.15,7.84,10.58,5.65,5.22,7.44,5.72,5.62,82244.71875,108144.31640625,12317.625,10549.875,11895,9310.9501953125,10739.7900390625,9927.5,10053.4501953125,8858.2998046875,11618.75,13459,6023.01025390625,9667.26025390625,9923.3251953125,NA,NA,NA,NA,NA,NA,NA,NA,570,570,270,270,467,473,408,509,524,491,439,554,461,688,664,597,489,0.73,4.92,1.08,7.16,5.27,5.81,6.32,5.97,6.97,9.4,8.99,11.7,6.35,5.87,8.4,6.34,5.95,66846.85546875,80782.5,66157.69140625,106935,12143.5,10496,11886.5,9196,10582,9810.5,10162.5,8765.5,9297,12608,5650,9007,9267,NA
"17-MAY-2021",2021-05-17 12:24:03,"2021-05-17","12H 24M 3S","Unknown","2.16.0","Unknown","Unknown",570,270,467,473,408,509,524,491,439,554,461,688,664,597,489,5.21,7.41,7.01,7.77,8.13,6.03,6.29,11.46,10.95,13.69,7.19,7.18,9.09,7.35,7.16,81596.48046875,107864.0546875,11640.75,9913.875,11264.625,9254.25,10500.83984375,9309.30029296875,9471.55029296875,8285.2001953125,10368.6005859375,10220.240234375,4602.07495117188,7337.09033203125,7633.7900390625,NA,NA,NA,NA,NA,NA,NA,NA,570,570,270,270,467,473,408,509,524,491,439,554,461,688,664,597,489,0.83,4.92,1.09,6.81,6.4,7.31,7.64,5.82,6.76,13.1,12.82,15.13,7.81,7.42,9.75,7.86,7.27,66175.58984375,80930,65658.84765625,107570,12025,10357.5,11721,9202,10544,9582,9890,8488,9155.5,12406,5534,8827,9130,NA
"14-MAY-2021",2021-05-14 10:20:22,"2021-05-14","10H 20M 22S","Unknown","2.16.0","Unknown","Unknown",570,270,467,473,408,509,524,491,439,554,461,688,664,597,489,6.63,8.6,4.97,5.8,5.89,7.37,6.94,3.47,3.18,6.32,4.09,5.2,6.92,5.32,5.08,78904.609375,104454.359375,12477.75,10261.125,11972.25,9048.9150390625,10229.0849609375,10291.6005859375,10549,9314.7998046875,11629.2001953125,13233.03515625,5855.31005859375,9152.1201171875,9675,NA,NA,NA,NA,NA,NA,NA,NA,570,570,270,270,467,473,408,509,524,491,439,554,461,688,664,597,489,0.77,6.31,1.09,7.9,4.75,5.32,5.44,7.2,7.58,3.62,3.34,6.98,4.48,5.46,7.57,5.66,4.98,65763.140625,78716.5,64702.091796875,105891,12416.5,10306.5,12042,9120,10291.5,10375.5,10843,9386,9664,12323,5454.5,8456,8984,NA
"14-MAY-2021",2021-05-14 10:19:36,"2021-05-14","10H 19M 36S","Unknown","2.16.0","Unknown","Unknown",570,270,467,473,408,509,524,491,439,554,461,688,664,597,489,6.2,7.81,5.31,5.63,5.75,6.98,6.65,3.69,3.6,6.71,5.24,5.39,7.87,5.54,5.42,78840.734375,104344.60546875,11998.875,9831,11523,8971.15478515625,10105.1547851562,9905.5,10192.6005859375,8892.400390625,10248.150390625,10394.6049804688,4615.6201171875,7172.61499023438,7605.41015625,NA,NA,NA,NA,NA,NA,NA,NA,570,570,270,270,467,473,408,509,524,491,439,554,461,688,664,597,489,0.94,5.76,1.17,7.23,4.72,5.19,5.45,6.48,6.96,3.47,3.13,7.08,4.65,5.18,7.75,5.5,5,65307.169921875,79210.5,64380.548828125,106122,12418.5,10275,12045,9151,10314.5,10417,10905.5,9418.5,9631.5,12346.5,5500,8487,9019,NA
"13-MAY-2021",2021-05-13 11:43:31,"2021-05-13","11H 43M 31S","Unknown","2.16.0","Unknown","Unknown",570,270,467,473,408,509,524,491,439,554,461,688,664,597,489,3.3,6.12,3.59,4.24,3.69,4.21,5.71,3.57,3.1,6.22,4.51,4.42,6.82,4.85,4.96,84338.359375,107040.6875,12778.5,11340,13445.25,9135.990234375,11098.6201171875,10795.400390625,10951.6005859375,9667.900390625,11964.7001953125,13767.310546875,6123.2001953125,10446.419921875,11267.2900390625,NA,NA,NA,NA,NA,NA,NA,NA,570,570,270,270,467,473,408,509,524,491,439,554,461,688,664,597,489,1.07,3.09,1.29,6.11,4.16,3.97,3.47,4.54,6.1,3.1,2.75,6.28,4.16,5.46,8.18,4.72,4.99,67306.328125,82264,66665.234375,105278,12507,11169,13324,9010,10889,10848,11221,9774,9795,12924,5785,9765,10577,NA
"13-MAY-2021",2021-05-13 08:37:27,"2021-05-13","8H 37M 27S","Unknown","2.16.0","Unknown","Unknown",570,270,467,473,408,509,524,491,439,554,461,688,664,597,489,3.77,6.06,3.59,4.22,4.34,4.53,5.74,3.01,2.55,6.06,4.1,4.64,6.87,5.22,4.63,79633.515625,104666.17578125,12886.875,11525.25,13528.5,9128.7001953125,10968.2099609375,10429.650390625,10676.6005859375,9528.2001953125,11928.400390625,13188.7451171875,5835.10009765625,10080.275390625,10886.310546875,NA,NA,NA,NA,NA,NA,NA,NA,570,570,270,270,467,473,408,509,524,491,439,554,461,688,664,597,489,0.66,3.44,0.72,5.55,3.8,4.35,4.38,4.52,6.41,3.17,2.71,6.57,4.67,5.22,7.84,5.42,4.78,65648.3125,79603,64478.736328125,106397,12781,11543.5,13572,9226,11109,10459,10926.5,9549,9918.5,11990,5317,9112,9900.5,NA
"13-MAY-2021",2021-05-13 08:36:08,"2021-05-13","8H 36M 8S","Unknown","2.16.0","Unknown","Unknown",570,270,467,473,408,509,524,491,439,554,461,688,664,597,489,3.69,5.89,4.8,5.18,4.91,4.58,5.58,3.17,2.94,6.63,4.78,4.72,6.86,5.1,4.49,78458.578125,102055.953125,12100.125,10815.375,12808.125,8884.080078125,10638.5400390625,9786.150390625,10028.7001953125,8885.7998046875,10153,10307.9599609375,4585.9501953125,7862.33520507812,8541.9501953125,NA,NA,NA,NA,NA,NA,NA,NA,570,570,270,270,467,473,408,509,524,491,439,554,461,688,664,597,489,0.69,3.22,0.74,5.42,3.69,3.89,3.88,4.42,5.97,3.03,2.67,7.05,4.27,5.06,7.51,5.15,4.45,64750.98828125,79468,63405.833984375,105423,12785,11520.5,13548,9196,11054,10437.5,10924,9487.5,9858,11961,5313,9091.5,9868,NA
"12-MAY-2021",2021-05-12 09:18:48,"2021-05-12","9H 18M 48S","Unknown","2.16.0","Unknown","Unknown",570,270,467,473,408,509,524,491,439,554,461,688,664,597,489,3.48,5.22,3.38,3.58,3.82,3.68,4.84,2.62,2.17,5.72,3.57,4.47,6.3,4.75,4.22,81763.28515625,106823.20703125,12781.5,11245.5,13384.5,9168.3896484375,10937.8349609375,10583.1005859375,10866.3500976562,9615.1005859375,11815.1000976562,13982.0952148438,6170.93017578125,10223.8950195312,11068.8452148438,NA,NA,NA,NA,NA,NA,NA,NA,570,570,270,270,467,473,408,509,524,491,439,554,461,688,664,597,489,0.73,3.09,0.75,5.14,3.49,3.62,4.02,3.87,5.49,2.8,2.31,6.7,4.3,4.86,6.9,4.96,4.42,66519.765625,80738,65566.37890625,106891.5,12626.5,11200,13361,9137.5,10848.5,10741.5,11240.5,9749.5,9862,12938.5,5719.5,9438.5,10270.5,NA
"12-MAY-2021",2021-05-12 08:31:38,"2021-05-12","8H 31M 38S","Unknown","LSRII","1","Administrator",570,270,467,473,408,509,524,491,439,554,461,688,664,597,489,3.81,6.12,3.77,4.29,4.24,4.51,5.6,3.02,2.54,6.53,4.08,4.73,6.76,5.12,4.79,80564.265625,106038.71875,12874.5,11442.75,13661.25,9219.419921875,11020.0498046875,10434.6005859375,10796.5,9611.7998046875,11834.900390625,13404.8203125,5933.5703125,10033.1904296875,10915.1201171875,59.85,0,20.85,40.65,0.75,0.81,1.1,0.43,570,570,270,270,467,473,408,509,524,491,439,554,461,688,664,597,489,0.81,3.42,0.82,5.68,3.94,4.34,4.16,4.54,6.13,3.18,2.69,7.03,4.62,5.32,7.7,5.57,4.83,65873.3046875,80300,64681.1640625,107471,12759,11445,13690,9299,11094,10529,11113,9686,9879,12204,5410,9075,9919,NA
"12-MAY-2021",2021-05-12 08:29:52,"2021-05-12","8H 29M 52S","Unknown","2.16.0","Unknown","Unknown",570,270,467,473,408,509,524,491,439,554,461,688,664,597,489,3.66,5.55,5.47,5.12,5.53,4.19,5.19,3.17,2.86,6.28,5.42,4.64,6.82,5.2,4.46,79721.109375,103509.8984375,12153.75,10884.75,12943.5,9036.3603515625,10754.3701171875,9797.7001953125,10210.2001953125,8888,9968.2001953125,10504.4702148438,4612.60986328125,7814.8203125,8556.140625,NA,NA,NA,NA,NA,NA,NA,NA,570,570,270,270,467,473,408,509,524,491,439,554,461,688,664,597,489,0.72,3.21,0.79,5.2,3.83,3.71,3.96,4.15,5.79,2.9,2.42,6.53,4.38,5.07,7.37,5.31,4.43,64959.625,80587.5,63298.974609375,107196.5,12775,11447.5,13717,9278,11078,10490,11086,9642.5,9879,12158,5381.5,9038.5,9882,NA
"11-MAY-2021",2021-05-11 09:04:07,"2021-05-11","9H 4M 7S","Unknown","2.16.0","Unknown","Unknown",570,270,467,473,408,509,524,491,439,554,461,688,664,597,489,3.33,5.65,4.13,4.3,4.57,4.12,5.52,2.79,2.37,6.1,4.34,5.26,7.31,5.46,5.01,81750.515625,107329.046875,12858,11779.5,13850.25,9280.169921875,11338.3798828125,10509.400390625,10822.900390625,9698.7001953125,11907.5,13084.900390625,5780.919921875,10101.990234375,11001.5498046875,NA,NA,NA,NA,NA,NA,NA,NA,570,570,270,270,467,473,408,509,524,491,439,554,461,688,664,597,489,0.75,3.02,1,5.29,4.13,4.25,4.4,4.38,6.01,3.08,2.6,7,4.64,5.75,8.18,5.67,4.97,65774.1484375,81599,64678.5390625,108733,12767,11798,13919,9378,11438,10766,11303,9892,9994,11787,5219,9026,9894,NA
"11-MAY-2021",2021-05-11 09:02:36,"2021-05-11","9H 2M 36S","Unknown","2.16.0","Unknown","Unknown",570,270,467,473,408,509,524,491,439,554,461,688,664,597,489,3.47,6.18,5.85,5.91,5.62,4.2,5.42,3.36,2.86,6.57,5.47,5.16,7.24,5.79,5.16,80589.8125,105274.08203125,12111.375,11135.625,13163.25,9166.7705078125,11098.21484375,9842.7998046875,10278.400390625,9089.2998046875,10056.2001953125,10189.0654296875,4506.39990234375,7851.80004882812,8536.5751953125,NA,NA,NA,NA,NA,NA,NA,NA,570,570,270,270,467,473,408,509,524,491,439,554,461,688,664,597,489,0.73,3.03,0.91,5.58,4.08,4.17,4.27,4.35,6.22,3.12,2.44,6.88,4.72,5.25,7.94,5.72,4.88,64941.880859375,81454,63642.83984375,108328.5,12787,11843,13933,9377.5,11438,10754,11304,9873.5,9982,11766.5,5211,9014,9878,NA
"10-MAY-2021",2021-05-10 10:00:44,"2021-05-10","10H 0M 44S","Unknown","2.16.0","Unknown","Unknown",570,270,467,473,408,509,524,491,439,554,461,688,664,597,489,2.97,5.6,3.95,4.23,4.39,3.98,5.46,3.91,3.6,7,4.35,5.04,7.11,5.26,4.76,82377.5859375,108042.6640625,12635.25,11617.5,13707.75,9362.7900390625,11395.8896484375,10261.900390625,10598.5,9431.400390625,11709.5,13111.560546875,5800.7001953125,10112.310546875,11119.3701171875,NA,NA,NA,NA,NA,NA,NA,NA,570,570,270,270,467,473,408,509,524,491,439,554,461,688,664,597,489,0.71,2.63,0.72,5.35,4.03,4.24,4.33,4.19,6.14,4.49,4.17,7.91,4.96,5.54,8.3,5.51,4.76,66347.4140625,81499,65473.76171875,108254,12536,11641,13762,9337,11375,10298,10873,9469,9565,11902,5286,9117,10082,NA
"10-MAY-2021",2021-05-10 09:56:21,"2021-05-10","9H 56M 21S","Unknown","2.16.0","Unknown","Unknown",570,270,467,473,408,509,524,491,439,554,461,688,664,597,489,3.41,5.76,4.4,4.42,4.6,4.08,5.2,4.27,4.07,6.97,4.96,5.06,7.18,5.21,5.19,81166.1484375,106165.890625,12145.5,11204.625,13206,9277.3349609375,11193.794921875,9645.35009765625,10078.2001953125,8835.75,10019.3500976562,10169.0703125,4509.83984375,7810.30517578125,8555.92529296875,NA,NA,NA,NA,NA,NA,NA,NA,570,570,270,270,467,473,408,509,524,491,439,554,461,688,664,597,489,0.7,2.98,0.78,5.29,4.04,4.15,4.49,4.15,6.13,4.93,4.62,7.99,5.1,5.18,7.86,5.25,4.79,65627.73828125,81124,64518.701171875,107811,12500,11612,13691.5,9350,11341,10251.5,10806,9413.5,9470.5,11837.5,5260,9039,10023,NA
"07-MAY-2021",2021-05-07 09:31:50,"2021-05-07","9H 31M 50S","Unknown","2.16.0","Unknown","Unknown",570,270,467,473,408,509,524,491,439,554,461,688,664,597,489,5.54,7.48,6.27,6.58,6.83,5.89,6.27,3.18,2.82,6.29,4,7,9.24,7.24,7.27,81078.546875,107444.8828125,12908.25,11825.625,14066.25,9273.6904296875,11427.8852539062,10602.900390625,10883.400390625,9743.7998046875,11817.2998046875,12403.1352539062,5496.26000976562,9842.7001953125,10802.4599609375,NA,NA,NA,NA,NA,NA,NA,NA,570,570,270,270,467,473,408,509,524,491,439,554,461,688,664,597,489,0.78,5.37,1.08,6.74,5.91,6.18,6.16,5.64,6.53,3.35,2.94,7.02,4.77,7.6,9.81,7.42,7.25,65806.890625,80780.5,64728.828125,108653,12790.5,11803,14083,9335,11510.5,10864.5,11379,9969.5,9939.5,11044,4914,8687,9606.5,NA
"07-MAY-2021",2021-05-07 09:30:17,"2021-05-07","9H 30M 17S","Unknown","2.16.0","Unknown","Unknown",570,270,467,473,408,509,524,491,439,554,461,688,664,597,489,5.35,6.93,6.63,6.55,7.12,5.88,6.16,3.39,3.05,6.25,4.92,7.14,8.86,7.33,7.14,79937.921875,104924.56640625,12277.125,11304,13389,9092.25,11220.9296875,10032.5502929688,10378.5,9113.50048828125,10109,9472.2548828125,4182.18017578125,7435.77514648438,8239.875,NA,NA,NA,NA,NA,NA,NA,NA,570,570,270,270,467,473,408,509,524,491,439,554,461,688,664,597,489,0.76,5.02,0.99,6,5.44,5.82,5.98,5.62,6.55,3.29,2.93,6.69,4.59,7.24,9.7,7.31,6.95,64935.43359375,80792.5,63678.302734375,107746.5,12832,11818,14114.5,9323,11498,10872,11402,9946,9922,11023,4884,8699,9573.5,NA
"06-MAY-2021",2021-05-06 09:02:37,"2021-05-06","9H 2M 37S","Unknown","2.16.0","Unknown","Unknown",570,270,467,473,408,509,524,491,439,554,461,688,664,597,489,3.52,5.85,3.74,4.24,4.24,4.21,5.43,2.71,2.31,6.14,3.94,4.55,6.56,5.16,4.69,81252.65234375,106581.421875,12948.75,11565.375,13513.5,9270.044921875,11112.794921875,10942.25,11228.7998046875,10033.1000976562,12039.5,13035.2348632812,5774.0400390625,9810.6650390625,10599.7153320312,NA,NA,NA,NA,NA,NA,NA,NA,570,570,270,270,467,473,408,509,524,491,439,554,461,688,664,597,489,0.7,3.19,0.81,5.39,3.8,4.18,4.21,4.21,6.34,2.86,2.43,7.15,4.44,5.23,7.75,5.51,4.97,66184.7578125,80502.5,65088.505859375,107400,12781,11505.5,13479,9305.5,11136,11057.5,11578,10128.5,9894,11741.5,5206,8755,9522,NA
"06-MAY-2021",2021-05-06 08:56:55,"2021-05-06","8H 56M 55S","Unknown","2.16.0","Unknown","Unknown",570,270,467,473,408,509,524,491,439,554,461,688,664,597,489,3.4,5.49,5.02,5.12,5.22,3.9,5.23,2.87,2.49,6.15,4.67,5,6.93,5.4,5.12,80529.21875,104474.20703125,12231,11020.5,12850.5,9135.990234375,10862.099609375,10237.7001953125,10549,9285.1005859375,10259.7001953125,10095.5400390625,4436.740234375,7655.0751953125,8235.3603515625,NA,NA,NA,NA,NA,NA,NA,NA,570,570,270,270,467,473,408,509,524,491,439,554,461,688,664,597,489,0.64,3.04,0.72,5.17,3.87,3.92,4.07,3.88,5.75,2.93,2.37,6.61,4.42,5.37,7.47,5.54,4.97,65126.353515625,81143.5,63892.720703125,107179,12798.5,11597,13561,9338.5,11214,11008,11488,10047,9887,11618.5,5158,8774,9505,NA
"05-MAY-2021",2021-05-05 08:15:21,"2021-05-05","8H 15M 21S","Unknown","2.16.0","Unknown","Unknown",570,270,467,473,408,509,524,491,439,554,461,688,664,597,489,4.23,6.19,3.61,4.07,4.08,4.91,5.78,4.83,4.6,7.54,4.47,4.58,6.99,4.86,4.41,78976.51171875,102413.56640625,12897,10923,12661.5,9031.5,10507.3203125,9984.7001953125,10146.400390625,9066.75,11520.3002929688,12466.990234375,5547.64501953125,9025.2705078125,9469.67529296875,NA,NA,NA,NA,NA,NA,NA,NA,570,570,270,270,467,473,408,509,524,491,439,554,461,688,664,597,489,0.69,3.85,0.73,5.92,3.92,4.06,4.15,4.98,6.61,5.76,5.39,9.19,5.37,5.09,7.91,5.16,4.62,65195.0703125,79562.5,64039.802734375,104927,12893,10997,12797,9198,10688.5,8917.5,9234,8085,8528,11113,4937.5,7975,8411,NA
"05-MAY-2021",2021-05-05 08:14:01,"2021-05-05","8H 14M 1S","Unknown","2.16.0","Unknown","Unknown",570,270,467,473,408,509,524,491,439,554,461,688,664,597,489,4.26,6.33,6.7,5.9,6.54,4.87,5.77,4.87,4.51,7.41,4.81,4.8,7.31,5.09,4.4,77959.2578125,100480.90625,11625.375,9992.25,11475.375,8921.33984375,10314.5400390625,9369.25,9647,8470,9958.2998046875,9680.16015625,4270.11499023438,6976.53515625,7341.60522460938,NA,NA,NA,NA,NA,NA,NA,NA,570,570,270,270,467,473,408,509,524,491,439,554,461,688,664,597,489,0.64,3.8,0.75,5.92,3.7,4.18,4.17,4.84,6.37,5.74,5.43,8.64,5.39,5.18,7.93,5.49,4.49,64472.44921875,79342,62792.484375,104864.5,12857,10968,12808.5,9224,10704,8902.5,9236,8071.5,8491.5,11081,4909.5,7970,8378.5,NA
"04-MAY-2021",2021-05-04 08:26:00,"2021-05-04","8H 26M 0S","Unknown","2.16.0","Unknown","Unknown",570,270,467,473,408,509,524,491,439,554,461,688,664,597,489,4.62,6.86,4.12,4.6,4.72,5.07,6.08,6.59,6.28,8.89,5.1,4.93,7.19,5.49,5.29,81307.03515625,106217.32421875,13093.5,11176.125,12859.5,9300.01513671875,10795.6796875,9460.55029296875,9588.7001953125,8642.7001953125,11215.0502929688,13715.7104492188,6066.65502929688,9911.0703125,10448.140625,NA,NA,NA,NA,NA,NA,NA,NA,570,570,270,270,467,473,408,509,524,491,439,554,461,688,664,597,489,0.7,4.28,0.89,6.11,4.19,4.6,4.68,4.9,6.85,7.37,7.16,10.29,5.86,5.35,8.11,5.77,5.2,65206.6328125,81841,63763.5234375,108941,12992,11174,12915,9510.5,11018,8732,9018.5,7926,8538.5,12308,5466,8834,9353,NA
"04-MAY-2021",2021-05-04 08:24:40,"2021-05-04","8H 24M 40S","Unknown","2.16.0","Unknown","Unknown",570,270,467,473,408,509,524,491,439,554,461,688,664,597,489,4.65,6.35,7.07,6.72,6.78,5.16,5.98,5.67,5.84,8.59,5.01,5.11,6.95,5.51,4.99,79959.8203125,103133.25,11873.25,10312.5,11885.25,9067.9501953125,10522.7099609375,8967.2001953125,9101.400390625,8091.60009765625,9836.2001953125,10686.3603515625,4736.4501953125,7712.47998046875,8143.34033203125,NA,NA,NA,NA,NA,NA,NA,NA,570,570,270,270,467,473,408,509,524,491,439,554,461,688,664,597,489,0.75,4.15,0.91,5.55,3.92,4.19,4.38,4.89,6.5,6.69,6.85,9.8,5.35,5.42,7.49,5.5,4.76,64188.57421875,81735,62799.49609375,107455,12994,11207,12922,9457,10968,8771,9064,7955,8563,12265,5462,8834,9317,NA
"03-MAY-2021",2021-05-03 09:14:04,"2021-05-03","9H 14M 4S","Unknown","2.16.0","Unknown","Unknown",570,270,467,473,408,509,524,491,439,554,461,688,664,597,489,3.42,5.93,3.66,4.01,4.23,4.29,5.63,4.05,3.71,7.06,4.53,4.32,6.26,4.88,4.45,81595.0234375,106709.3984375,12713.25,11106,12648,9271.259765625,10900.98046875,9979.2001953125,10120,8958.400390625,11555.5,16849.12109375,7448.89013671875,12024.08984375,12762.400390625,NA,NA,NA,NA,NA,NA,NA,NA,570,570,270,270,467,473,408,509,524,491,439,554,461,688,664,597,489,0.64,3.09,0.82,5.6,3.91,4.06,4.26,4.42,6.28,4.48,4.1,7.83,5.03,4.72,6.69,5.09,4.48,65700.4140625,81502,64477.50390625,108508,12688,11188,12772,9396,11041,10025,10413,9070,9490,16603,7354,11827,12579,NA
"03-MAY-2021",2021-05-03 09:12:41,"2021-05-03","9H 12M 41S","Unknown","2.16.0","Unknown","Unknown",570,270,467,473,408,509,524,491,439,554,461,688,664,597,489,3.52,5.82,4.76,4.64,4.6,4.17,5.24,4.06,3.6,6.69,4.5,4.66,6.05,5.17,4.54,80331.7578125,105002.32421875,11944.5,10540.5,12009,9081.7197265625,10625.9848632812,9356.6005859375,9638.2001953125,8400.150390625,9967.650390625,13409.1201171875,5977,9501.2802734375,10227.98046875,NA,NA,NA,NA,NA,NA,NA,NA,570,570,270,270,467,473,408,509,524,491,439,554,461,688,664,597,489,0.63,3.15,0.78,5.44,3.72,3.75,3.83,4.15,5.97,4.37,4.02,7.47,4.63,4.21,6.14,4.55,4.07,64846.796875,81325.5,63668.369140625,108150.5,12690.5,11183.5,12760,9347.5,10996,10044,10448,9069,9469,16582,7338,11796,12558,NA
"30-APR-2021",2021-04-30 08:25:57,"2021-04-30","8H 25M 57S","Unknown","2.16.0","Unknown","Unknown",570,270,467,473,408,509,524,491,439,554,461,688,664,597,489,4.26,6.84,4.08,4.47,4.64,4.89,6.13,3.83,3.5,7.2,4.52,4.83,6.64,5.27,4.91,80800.78125,106305.2109375,13215,11620.5,13764,9277.740234375,11076.75,10597.400390625,10725,9487.5,11825,16702.919921875,7407.18017578125,12323.7998046875,13255.6103515625,NA,NA,NA,NA,NA,NA,NA,NA,570,570,270,270,467,473,408,509,524,491,439,554,461,688,664,597,489,0.71,3.88,0.78,6.28,4.12,4.6,4.52,4.96,6.76,4.53,4.29,8.13,5.4,5.11,7.13,5.52,5.01,65297.1171875,81241,63874.45703125,109123,13219,11737,13944,9485,11316,10348,10701,9320,9441,15995,7094,11771,12694,NA
"30-APR-2021",2021-04-30 08:24:40,"2021-04-30","8H 24M 40S","Unknown","2.16.0","Unknown","Unknown",570,270,467,473,408,509,524,491,439,554,461,688,664,597,489,4.09,6.32,7.39,8.26,8.27,4.57,5.52,3.67,3.36,6.49,4.84,4.71,6.38,5.13,4.84,79873.6796875,104219.4609375,11971.5,10394.25,12343.5,9140.0400390625,10794.0595703125,9915.400390625,10191.5,8927.6005859375,10065,13268.509765625,5883.26025390625,9769.169921875,10565.9599609375,NA,NA,NA,NA,NA,NA,NA,NA,570,570,270,270,467,473,408,509,524,491,439,554,461,688,664,597,489,0.72,3.57,0.76,5.8,3.82,4.22,4.03,4.37,6.11,4.01,3.72,7.35,4.76,4.59,6.57,4.81,4.54,64401.58984375,81401,63067.4140625,108325,13208,11722,13929,9469,11260,10311,10681,9273,9415,15895,7037,11725,12670,NA
"29-APR-2021",2021-04-29 08:43:56,"2021-04-29","8H 43M 56S","Unknown","2.16.0","Unknown","Unknown",570,270,467,473,408,509,524,491,439,554,461,688,664,597,489,4.11,6.14,3.34,3.83,3.88,4.68,5.58,4.86,4.41,7.25,4.59,4.06,5.99,4.55,4.23,79597.7421875,102664.6640625,13094.25,11214,13363.5,8919.7197265625,10628.8203125,9677.7998046875,9732.7998046875,8616.2998046875,11243.650390625,16598.859375,7337.9501953125,12058.060546875,12797.4453125,NA,NA,NA,NA,NA,NA,NA,NA,570,570,270,270,467,473,408,509,524,491,439,554,461,688,664,597,489,0.6,3.78,0.8,5.81,3.73,3.88,3.94,4.67,5.95,5.64,5.18,8.32,5.01,4.38,6.5,4.78,4.15,65088.03515625,80251.5,63743.19140625,105622,13007,11239.5,13429.5,9141,10870,9260,9525.5,8273,8872,16078.5,7114,11650,12401.5,NA
"29-APR-2021",2021-04-29 08:41:16,"2021-04-29","8H 41M 16S","Unknown","2.16.0","Unknown","Unknown",570,270,467,473,408,509,524,491,439,554,461,688,664,597,489,4.21,6.25,5.67,5.3,5.92,4.8,5.89,4.8,4.49,7.46,4.85,4.63,6.18,5.28,4.92,78400.90625,101056.81640625,12022.5,10471.5,12368.25,8744.759765625,10345.3203125,9135.5,9320.2998046875,8180.15014648438,9709.7001953125,13119.0849609375,5815.75,9379.58984375,10140.259765625,NA,NA,NA,NA,NA,NA,NA,NA,570,570,270,270,467,473,408,509,524,491,439,554,461,688,664,597,489,0.62,3.8,0.78,6.03,3.48,3.73,3.73,4.77,6.36,5.39,5.22,8.31,4.93,4.4,6.29,4.55,4.07,64222.578125,80121,62756.578125,105615,13011,11263,13490,9116,10880,9308,9593.5,8318.5,8887,16087,7128.5,11655,12403,NA
"28-APR-2021",2021-04-28 08:47:23,"2021-04-28","8H 47M 23S","Unknown","2.16.0","Unknown","Unknown",570,270,467,473,408,509,524,491,439,554,461,688,664,597,489,3.89,6.34,3.85,4.26,4.47,4.53,5.72,5.48,5.25,8.32,4.8,4.8,6.91,5.14,4.75,83120.71875,108185.21875,13039.5,11256.75,13275,9382.23046875,11135.0703125,9528.2001953125,9700.900390625,8527.2001953125,11237.6005859375,16615.201171875,7307.419921875,12211.5703125,13008.7900390625,NA,NA,NA,NA,NA,NA,NA,NA,570,570,270,270,467,473,408,509,524,491,439,554,461,688,664,597,489,0.65,3.56,0.95,5.56,4.05,4.14,4.35,4.47,6.39,6.1,5.75,9.52,5.3,5.25,7.44,5.5,4.88,65430.50390625,83355,64125.34765625,110368,12899,11210,13259,9553,11322,9528,9933,8594,9231,16067,7091,11781,12598,NA
"28-APR-2021",2021-04-28 08:45:33,"2021-04-28","8H 45M 33S","Unknown","2.16.0","Unknown","Unknown",570,270,467,473,408,509,524,491,439,554,461,688,664,597,489,4.39,6.84,7.42,6.88,7.82,4.84,5.85,5.64,5.27,8.53,5.73,5.78,7.5,6.84,5.87,81812.5625,105633.72265625,12055.5,10486.875,12279,9157.0498046875,10784.33984375,8951.7998046875,9244.400390625,8033.30029296875,9670.1005859375,13151.7651367188,5813.169921875,9553.310546875,10316.560546875,NA,NA,NA,NA,NA,NA,NA,NA,570,570,270,270,467,473,408,509,524,491,439,554,461,688,664,597,489,0.76,3.87,0.94,6,4.13,4.43,4.46,4.71,6.09,6.12,5.75,9.18,5.47,5.11,7.31,5.52,4.95,64438.865234375,83383,62953.021484375,109716,12946.5,11218.5,13298,9544,11288.5,9589,9973,8610.5,9250,16031,7102,11799,12595,NA
"27-APR-2021",2021-04-27 08:16:03,"2021-04-27","8H 16M 3S","Unknown","2.16.0","Unknown","Unknown",570,270,467,473,408,509,524,491,439,554,461,688,664,597,489,3.72,6.21,3.64,3.97,4.05,4.5,5.76,2.96,2.38,6.72,4.38,4.4,6.27,5,4.45,81672.03515625,106272.40234375,13184.625,11289.75,13491,9289.080078125,11054.8798828125,10246.5,10460.4501953125,9237.25,11651.2001953125,16757.9609375,7422.22998046875,12321.2202148438,13128.759765625,NA,NA,NA,NA,NA,NA,NA,NA,570,570,270,270,467,473,408,509,524,491,439,554,461,688,664,597,489,0.66,3.26,0.71,5.78,3.82,4.03,4.11,4.52,6.36,3.15,2.59,7.37,4.82,4.71,6.82,5.16,4.57,64964.533203125,82535,63590.744140625,109598,13045,11263.5,13504,9537,11360.5,10182,10628,9261,9661,16353,7252,12007,12841,NA
"27-APR-2021",2021-04-27 08:14:12,"2021-04-27","8H 14M 12S","Unknown","2.16.0","Unknown","Unknown",570,270,467,473,408,509,524,491,439,554,461,688,664,597,489,3.86,6.32,4.61,5.41,4.94,4.64,5.67,3.12,2.67,6.45,4.78,4.86,6.59,5.37,5.1,80278.10546875,103876.01953125,12494.25,10660.125,12808.125,9091.4404296875,10802.9697265625,9662.400390625,9950.6005859375,8681.75,10041.900390625,13338.169921875,5932.92504882812,9816.900390625,10444.7001953125,NA,NA,NA,NA,NA,NA,NA,NA,570,570,270,270,467,473,408,509,524,491,439,554,461,688,664,597,489,0.7,3.38,0.75,5.82,3.72,3.85,3.99,4.61,6.17,3.14,2.51,7.02,4.6,4.61,6.57,5.12,4.44,64213.9140625,82038,62701.08203125,108592,13084,11322,13508,9525,11273,10190,10624,9212.5,9641,16362,7228,11986,12813.5,NA
"26-APR-2021",2021-04-26 09:04:01,"2021-04-26","9H 4M 1S","Unknown","2.16.0","Unknown","Unknown",570,270,467,473,408,509,524,491,439,554,461,688,664,597,489,2.46,5.09,3.78,4.37,4.49,3.55,5.52,3.16,2.56,6.83,4.22,4.4,6.13,5.32,5.08,84728.9140625,108676.890625,11391.75,8292,9334.5,8997.48046875,9093.0595703125,8451.2998046875,8477.7001953125,7834.2001953125,11016.5,16995.3203125,7463.51025390625,9350.3505859375,9288,NA,NA,NA,NA,NA,NA,NA,NA,570,570,270,270,467,473,408,509,524,491,439,554,461,688,664,597,489,0.65,2.08,0.75,4.69,3.96,4.38,4.5,3.86,6.31,3.39,2.82,7.82,4.98,4.94,6.89,5.59,5.22,65477.8984375,84904,64353.828125,110609,11241,8264,9324,9139,9216,8448,8671,7901,9052,16815,7385,9235,9195,NA
"26-APR-2021",2021-04-26 09:02:51,"2021-04-26","9H 2M 51S","Unknown","2.16.0","Unknown","Unknown",570,270,467,473,408,509,524,491,439,554,461,688,664,597,489,2.84,5.37,5.7,5.94,6.09,3.86,5.59,3.49,3.03,7.08,5.39,4.94,6.55,6.17,5.69,83011.5859375,105719.17578125,10764.75,7880.25,8831.625,8814.419921875,8792.955078125,7945.30029296875,8067.400390625,7420.05004882812,9522.150390625,13675.0751953125,6006.02514648438,7501.7802734375,7475.55029296875,NA,NA,NA,NA,NA,NA,NA,NA,570,570,270,270,467,473,408,509,524,491,439,554,461,688,664,597,489,0.74,2.36,0.83,4.77,3.88,4.22,4.54,3.86,6.45,3.36,2.87,7.53,4.94,4.54,6.66,5.58,5.01,64529.17578125,84483.5,63178.349609375,109637,11280.5,8328,9363,9121,9197,8421,8661,7842.5,9056,16829,7395,9277,9214,NA
"23-APR-2021",2021-04-23 08:20:07,"2021-04-23","8H 20M 7S","Unknown","2.16.0","Unknown","Unknown",570,270,467,473,408,509,524,491,439,554,461,688,664,597,489,3.07,5.51,4.1,4.52,4.79,4.05,5.94,3.79,3.21,7.27,4.57,4.67,6.58,5.38,5.33,82854.63671875,107997.703125,11512.125,8385.375,9523.875,8927.8203125,9063.900390625,8223.6005859375,8286.2998046875,7696.7001953125,10945.5502929688,17033.375,7475.76513671875,9396.7900390625,9334.8701171875,NA,NA,NA,NA,NA,NA,NA,NA,570,570,270,270,467,473,408,509,524,491,439,554,461,688,664,597,489,0.68,2.66,0.77,5.01,4.32,4.7,4.74,4.25,6.69,3.97,3.47,8.27,5.06,4.99,6.96,5.65,5.44,65059.169921875,83571,63610.576171875,111182,11328,8322,9486,9149,9307,7955,8209,7531.5,8916,16469.5,7232,9077,9055.5,NA
"23-APR-2021",2021-04-23 08:19:05,"2021-04-23","8H 19M 5S","Unknown","2.16.0","Unknown","Unknown",570,270,467,473,408,509,524,491,439,554,461,688,664,597,489,3.43,5.73,5.65,5.46,5.5,4.06,5.95,3.89,3.66,7.47,5.47,5.1,6.58,6.01,5.5,81498.6640625,105644.65625,10899,8020.5,9100.5,8767.03515625,8814.01513671875,7794.60009765625,7877.10009765625,7319.9501953125,9657.4501953125,13652.0703125,5981.0849609375,7514.68017578125,7511.88525390625,NA,NA,NA,NA,NA,NA,NA,NA,570,570,270,270,467,473,408,509,524,491,439,554,461,688,664,597,489,0.72,2.89,0.77,4.92,3.96,4.39,4.47,4.17,6.62,3.87,3.45,8.24,5.06,4.9,6.79,5.6,5.23,64233.9765625,83298.5,62653.755859375,110355.5,11354.5,8351,9505,9130,9290,7940,8176,7484,8924,16474,7226,9099,9048.5,NA
"21-APR-2021",2021-04-21 11:04:33,"2021-04-21","11H 4M 33S","Unknown","2.16.0","Unknown","Unknown",570,270,467,473,408,509,524,491,439,554,461,688,664,597,489,4.04,6.1,5.13,4.97,5.52,4.89,6.21,4.11,3.42,7.23,5.59,5.5,7.24,6.51,6,81451.2109375,105188.21875,10763.25,7925.25,9021.75,8671.8603515625,8757.7197265625,7901.30029296875,8019,7376.60009765625,9604.1005859375,13720.4404296875,6079.34033203125,7485.8701171875,7562.41015625,NA,NA,NA,NA,NA,NA,NA,NA,570,570,270,270,467,473,408,509,524,491,439,554,461,688,664,597,489,0.71,3.63,0.84,5.85,4.02,4.31,4.61,4.86,6.86,3.82,3.38,8,4.83,4.56,6.5,5.46,4.77,64870.46875,82380,63730.375,108246,11107,8219,9423,8903,9059,8457,8730,7915,8966,16706,7347,9132,9205,NA
"21-APR-2021",2021-04-21 11:01:52,"2021-04-21","11H 1M 52S","Unknown","2.16.0","Unknown","Unknown",570,270,467,473,408,509,524,491,439,554,461,688,664,597,489,4.54,7.07,4.19,4.72,4.85,5.51,6.34,3.78,3.28,7.85,4.56,4.39,6.4,5.41,5.04,82768.1328125,106962.9296875,11249.25,8284.5,9377.25,8918.91015625,8983.7099609375,8364.400390625,8410.6005859375,7685.7001953125,10831.7001953125,16980.26953125,7472.97021484375,9294.0205078125,9325.41015625,NA,NA,NA,NA,NA,NA,NA,NA,570,570,270,270,467,473,408,509,524,491,439,554,461,688,664,597,489,0.78,3.96,0.95,6.37,4.36,4.68,4.85,5.19,6.84,4.31,3.68,8.65,5.38,4.78,7.04,5.74,5.25,65639.7578125,82867,64635.94921875,108379,11110,8263,9391,9002,9078,8461,8710,7820,8893,16701,7353,9116,9185,NA
"20-APR-2021",2021-04-20 10:29:39,"2021-04-20","10H 29M 39S","Unknown","2.16.0","Unknown","Unknown",570,270,467,473,408,509,524,491,439,554,461,688,664,597,489,3.74,5.95,5.22,5.74,5.38,4.45,5.84,3.5,2.96,7.17,5.06,4.9,6.53,5.92,5.43,81913.3046875,105274.890625,10601.25,7771.5,8931.75,8794.169921875,8776.349609375,7826.5,7937.60009765625,7346.900390625,9320.2998046875,13406.1103515625,5900.89013671875,7360.31005859375,7448.0302734375,NA,NA,NA,NA,NA,NA,NA,NA,570,570,270,270,467,473,408,509,524,491,439,554,461,688,664,597,489,0.65,3.29,0.75,5.63,4.04,4.53,4.53,4.44,6.9,3.65,3.1,7.95,5.09,4.87,6.91,5.57,5.37,64467.19140625,83472,63046.4140625,109492,11161,8245,9417,9110,9200,8490,8762,7963,9079,16373,7190,9019,9056,NA
"20-APR-2021",2021-04-20 10:28:43,"2021-04-20","10H 28M 43S","Unknown","2.16.0","Unknown","Unknown",570,270,467,473,408,509,524,491,439,554,461,688,664,597,489,4.42,6.9,4.07,4.62,4.65,5.24,6.45,3.73,3.31,7.2,4.53,4.59,6.72,5.45,5.22,83226.5703125,106837.3828125,11450.25,8420.25,9532.5,9003.9599609375,9080.099609375,8429.2998046875,8483.2001953125,7833.10009765625,11013.2001953125,16934.259765625,7448.89013671875,9344.330078125,9353.7900390625,NA,NA,NA,NA,NA,NA,NA,NA,570,570,270,270,467,473,408,509,524,491,439,554,461,688,664,597,489,1.42,3.58,1.75,5.84,4.02,4.36,4.61,4.84,6.82,3.51,3.17,8.12,4.93,4.84,6.98,5.77,5.15,65459.05859375,83515,64347.890625,108453,11217,8305,9449,9134,9196,8532,8806,8012,9050,16439,7218,9047,9094,NA
"19-APR-2021",2021-04-19 09:40:51,"2021-04-19","9H 40M 51S","Unknown","LSRII","1","Administrator",570,270,467,473,408,509,524,491,439,554,461,688,664,597,489,2.84,5.41,4.04,4.64,4.72,4.01,6,3.23,2.64,7.1,4.37,4.59,6.37,5.6,5.08,83596.31640625,108181.57421875,11143.5,8284.125,9267.375,9096.705078125,9165.9599609375,8358.900390625,8449.1005859375,7790.2001953125,11055,16679.701171875,7333.64990234375,9252.09521484375,9288.8603515625,59.85,0,20.85,40.65,0.75,0.81,1.1,0.43,570,570,270,270,467,473,408,509,524,491,439,554,461,688,664,597,489,0.65,2.42,0.78,4.92,4.22,4.56,4.73,4.11,6.67,3.43,2.99,7.72,4.98,5.03,6.93,5.96,5.45,65586.8359375,83642.5,64357.5234375,110205,11059.5,8321,9331.5,9222.5,9319.5,8513,8828,8009,9156,16374,7191,9079,9148.5,NA
"19-APR-2021",2021-04-19 09:39:52,"2021-04-19","9H 39M 52S","Unknown","2.16.0","Unknown","Unknown",570,270,467,473,408,509,524,491,439,554,461,688,664,597,489,3.27,5.64,5.86,6.79,6.22,4.1,5.94,3.5,3.09,7.44,5.29,5.82,7.13,6.31,6.34,82338.890625,106051.27734375,10488,7750.5,8757.75,8966.7001953125,9010.4404296875,7843,8055.85034179688,7318.30029296875,9569.4501953125,13242.0649414062,5866.919921875,7339.455078125,7358.80517578125,NA,NA,NA,NA,NA,NA,NA,NA,570,570,270,270,467,473,408,509,524,491,439,554,461,688,664,597,489,0.77,2.62,0.92,5.08,4.35,4.86,4.81,4.11,6.74,3.42,3.02,8.05,4.94,5.12,7.27,5.8,5.48,64806.541015625,83399,63390.29296875,109642.5,11064.5,8326.5,9322.5,9232,9308,8496,8816,7985.5,9132.5,16366.5,7199,9040.5,9115,NA
"15-APR-2021",2021-04-15 08:48:12,"2021-04-15","8H 48M 12S","Unknown","2.16.0","Unknown","Unknown",570,270,467,473,408,509,524,491,439,554,461,688,664,597,489,3.39,5.68,3.96,4.92,5.11,4.35,5.81,7,6.8,9.97,5.42,4.94,6.76,6.32,5.79,82909.75390625,107816.265625,11106.375,7842.75,8896.5,8948.0703125,8850.8701171875,7597.7001953125,7637.85034179688,7067.5,10509.9501953125,16526.8349609375,7270.43994140625,8666.865234375,8522.38525390625,NA,NA,NA,NA,NA,NA,NA,NA,570,570,270,270,467,473,408,509,524,491,439,554,461,688,664,597,489,0.65,2.99,0.82,5.18,4.12,4.83,5.14,4.4,6.68,7.95,7.52,11.22,6.19,5.57,7.16,6.64,5.86,65483.458984375,83080.5,64079.583984375,110315,10972,7829,8907,9104.5,9004,7099.5,7334,6672,8042,15862,6966,8311,8174,NA
"15-APR-2021",2021-04-15 08:46:20,"2021-04-15","8H 46M 20S","Unknown","LSRII","1","Administrator",570,270,467,473,408,509,524,491,439,554,461,688,664,597,489,3.72,5.84,6.32,6.61,6.3,4.56,5.97,6.84,6.63,9.91,5.72,5.29,7.22,6.5,5.94,82025.359375,105549.48046875,10286.625,7271.625,8352,8760.9599609375,8623.259765625,7175.30029296875,7264.9501953125,6714.39990234375,9079.9501953125,13195.1953125,5793.60522460938,6874.84033203125,6803.89013671875,59.85,0,20.85,40.65,0.75,0.81,1.1,0.43,570,570,270,270,467,473,408,509,524,491,439,554,461,688,664,597,489,0.68,3.22,0.82,5.22,4.3,4.82,4.97,4.54,7.19,7.81,7.39,11.02,6.47,5.35,7.67,6.53,5.94,64659.267578125,83255,62815.166015625,110011.5,10988,7818,8910.5,9092.5,9004,7115,7340,6710.5,8072.5,15862,6963,8283.5,8182.5,NA
"13-APR-2021",2021-04-13 08:28:13,"2021-04-13","8H 28M 13S","Unknown","2.16.0","Unknown","Unknown",570,270,467,473,408,509,524,491,439,554,461,688,664,597,489,3.38,5.45,3.73,4.13,4.25,4.17,6.11,3.72,3.18,7.24,4.55,4.66,6.35,5.6,5.06,82908.2890625,106685.1015625,11527.5,8310,9408.75,8926.2001953125,8999.91015625,8371,8470,7813.30029296875,10979.1005859375,16871.48046875,7414.919921875,9157.7099609375,9017.5302734375,NA,NA,NA,NA,NA,NA,NA,NA,570,570,270,270,467,473,408,509,524,491,439,554,461,688,664,597,489,0.64,2.99,0.74,5,4.11,4.34,4.3,4.3,6.83,4.14,3.71,7.94,5.21,5.04,6.97,5.86,5.14,65154.390625,83529,63798.58984375,109615,11330,8240,9381,9111,9201,8372,8682,7881,8881,16137,7101,8733,8629,NA
"13-APR-2021",2021-04-13 08:24:37,"2021-04-13","8H 24M 37S","Unknown","2.16.0","Unknown","Unknown",570,270,467,473,408,509,524,491,439,554,461,688,664,597,489,3.68,5.73,5.1,5.03,5.37,4.39,5.93,3.91,3.4,7.15,5.18,4.94,6.66,5.88,5.17,81682.98828125,105078.05859375,10906.125,7979.25,8930.25,8860.58984375,8843.580078125,7906.25024414062,8112.5,7389.80029296875,9508.400390625,13486.08984375,5934.43017578125,7300.97021484375,7235.6103515625,NA,NA,NA,NA,NA,NA,NA,NA,570,570,270,270,467,473,408,509,524,491,439,554,461,688,664,597,489,0.71,3.2,0.77,5.12,4,4.29,4.38,4.46,6.58,4.35,3.84,8.02,5.37,5.17,6.98,5.93,5.24,64442.03125,83208,62909.095703125,109374.5,11318,8291.5,9372,9160,9203,8349,8658,7855.5,8858,16060,7059,8713.5,8597,NA
"12-APR-2021",2021-04-12 09:25:34,"2021-04-12","9H 25M 34S","Unknown","2.16.0","Unknown","Unknown",570,270,467,473,408,509,524,491,439,554,461,688,664,597,489,3.54,5.9,3.88,4.47,4.5,4.45,5.73,8.34,8.39,10.54,5.82,4.47,6.55,5.43,4.9,84559.5546875,108143.9140625,11391,8451.75,9355.5,8967.509765625,9131.1298828125,7113.7001953125,7118.10009765625,6562.60009765625,10221.2001953125,16858.150390625,7445.4501953125,9275.9599609375,9216.1904296875,NA,NA,NA,NA,NA,NA,NA,NA,570,570,270,270,467,473,408,509,524,491,439,554,461,688,664,597,489,0.61,3.09,0.89,5.13,4.06,4.53,4.56,4.39,6.37,9.64,9.24,11.89,6.53,5.02,7.07,5.8,5.18,65593.640625,84607,64427.72265625,109923,11248,8412,9356,9093,9264,6349,6531,5947,7605,16327,7194,8967,8930,NA
"12-APR-2021",2021-04-12 09:23:46,"2021-04-12","9H 23M 46S","Unknown","2.16.0","Unknown","Unknown",570,270,467,473,408,509,524,491,439,554,461,688,664,597,489,3.75,6.11,5.64,5.47,5.96,4.58,6.15,8.81,8.89,11.14,5.94,5.2,7.11,6.33,5.84,83254.3125,106155.359375,10749.75,8046.75,8862,8791.740234375,8948.0703125,6772.7001953125,6864,6263.39990234375,8973.7998046875,13561.33984375,5952.919921875,7366.76025390625,7370.2001953125,NA,NA,NA,NA,NA,NA,NA,NA,570,570,270,270,467,473,408,509,524,491,439,554,461,688,664,597,489,0.71,3.17,0.9,5.28,4.2,4.44,4.68,4.35,6.99,10.07,9.87,12.74,6.55,5.02,7.23,5.92,5.26,64819.58203125,84352,63453.5625,109416,11253,8420,9372,9094,9264,6375,6562,5972,7583,16314,7197,8959,8932,NA
"09-APR-2021",2021-04-09 08:29:34,"2021-04-09","8H 29M 34S","Unknown","LSRII","1","Administrator",570,270,467,473,408,509,524,491,439,554,461,688,664,597,489,3.96,5.57,3.46,3.71,3.85,4.41,5.59,3.02,2.51,6.74,4.2,3.94,5.73,4.68,4.23,79695.5625,102878.1015625,11463,8652,10118.25,8595.7197265625,8878.41015625,8261,8250,7599.900390625,10807.5,16804.830078125,7420.51025390625,9581.259765625,9818.1904296875,59.85,0,20.85,40.65,0.75,0.81,1.1,0.43,570,570,270,270,467,473,408,509,524,491,439,554,461,688,664,597,489,0.6,3.71,0.67,5.05,3.77,3.86,3.9,4.48,6.51,3.34,2.9,7.67,4.64,4.35,6.28,4.95,4.28,64748.1875,80682,63235.31640625,106523,11360,8648,10160,8868,9150,8390,8594,7813,8956,16391,7247,9347,9594,NA
"09-APR-2021",2021-04-09 08:28:12,"2021-04-09","8H 28M 12S","Unknown","2.16.0","Unknown","Unknown",570,270,467,473,408,509,524,491,439,554,461,688,664,597,489,4.87,6.45,6.58,5.89,6.57,5.23,6.41,3.12,2.67,6.78,4.61,5.25,6.39,6.12,5.56,76046.2890625,97824.5078125,10453.5,8059.5,9305.25,8202.8701171875,8472.599609375,7828.7001953125,7929.900390625,7244.60009765625,9512.7998046875,13137.7900390625,5865.6298828125,7459.64013671875,7685.8203125,NA,NA,NA,NA,NA,NA,NA,NA,570,570,270,270,467,473,408,509,524,491,439,554,461,688,664,597,489,0.72,4.42,0.76,6.01,3.47,3.79,3.9,5.03,6.75,3.16,2.71,7.47,4.64,4.3,6.36,5.05,4.29,63672.8125,78329,61998.16796875,103427,11481,8757,10292,8640,8964,8438,8638,7864,9018,16510,7299,9423,9675,NA
"08-APR-2021",2021-04-08 08:33:04,"2021-04-08","8H 33M 4S","Unknown","2.16.0","Unknown","Unknown",570,270,467,473,408,509,524,491,439,554,461,688,664,597,489,4.05,6.21,3.55,3.91,4.14,5.05,6.23,3.41,2.75,7.2,4.38,4.16,6.12,5.03,4.46,81661.81640625,103870.3515625,11360.625,8780.625,10266.75,8492.849609375,8996.26513671875,8300.6005859375,8310.5,7687.35034179688,10883.400390625,17024.560546875,7473.830078125,9821.2001953125,10194.009765625,NA,NA,NA,NA,NA,NA,NA,NA,570,570,270,270,467,473,408,509,524,491,439,554,461,688,664,597,489,0.87,3.52,1.14,5.61,3.87,4.1,4.24,4.9,6.66,3.38,2.78,8.15,4.97,4.29,6.45,5.01,4.35,65141.216796875,82292,63836.685546875,106583,11318.5,8831,10362,8691,9199,8430,8653.5,7875,9045.5,17231.5,7568,9934.5,10335,NA
"08-APR-2021",2021-04-08 08:28:07,"2021-04-08","8H 28M 7S","Unknown","2.16.0","Unknown","Unknown",570,270,467,473,408,509,524,491,439,554,461,688,664,597,489,3.43,5.51,6.21,5.81,6.28,4.35,5.69,3.05,2.59,6.93,4.76,5.64,6.89,5.95,5.73,80175.5390625,101053.171875,10051.125,8025.75,9149.625,8306.955078125,8816.849609375,7788.55004882812,7819.900390625,7173.10009765625,9214.7001953125,12722.625,5701.1552734375,7486.94506835938,7664.75024414062,NA,NA,NA,NA,NA,NA,NA,NA,570,570,270,270,467,473,408,509,524,491,439,554,461,688,664,597,489,0.59,3.03,0.78,5.31,3.66,3.9,3.93,4.34,6.5,3.14,2.62,7.5,4.62,4.18,6.19,4.81,3.98,64176.236328125,81959,62376.947265625,106153.5,11335,8942,10391,8657.5,9219,8392,8594,7817,9018,17196.5,7572,10052,10425,NA
"07-APR-2021",2021-04-07 08:18:20,"2021-04-07","8H 18M 20S","Unknown","2.16.0","Unknown","Unknown",570,270,467,473,408,509,524,491,439,554,461,688,664,597,489,4.12,6.38,3.62,3.87,4.27,4.98,6.4,3.36,2.54,6.98,4.62,4.34,6.3,4.94,4.67,80781.0703125,104207.3125,11578.5,8995.5,10510.5,8700.2099609375,9101.9697265625,8212.6005859375,8218.1005859375,7565.80029296875,10969.2001953125,17034.880859375,7507.80029296875,10083.5,10436.5302734375,NA,NA,NA,NA,NA,NA,NA,NA,570,570,270,270,467,473,408,509,524,491,439,554,461,688,664,597,489,0.66,3.79,0.77,5.82,4,4,4.44,5.17,7.18,3.62,2.83,8.2,5.31,4.7,7.05,4.93,4.82,64600.515625,82047,63166.16796875,108107,11492,9012,10577,9003,9400,8182,8373,7648,9052,16829,7422,9963,10326,NA
"07-APR-2021",2021-04-07 08:17:23,"2021-04-07","8H 17M 23S","Unknown","2.16.0","Unknown","Unknown",570,270,467,473,408,509,524,491,439,554,461,688,664,597,489,4.01,6.3,8.32,8.23,8.05,4.65,6.05,3.48,2.99,7.29,5.55,6.21,7.64,6.8,6.72,79033.453125,101283.2109375,10419,8108.25,9492,8525.25,8910,7736.30029296875,7807.80029296875,7179.7001953125,9526,13193.259765625,5816.60986328125,7770.5302734375,7976.0703125,NA,NA,NA,NA,NA,NA,NA,NA,570,570,270,270,467,473,408,509,524,491,439,554,461,688,664,597,489,0.71,3.57,0.79,5.69,3.92,4.14,4.22,4.67,6.9,3.36,2.87,7.42,4.88,4.78,6.73,5.24,4.64,63626.875,81583,61965.57421875,107009,11533,9028,10569,8953,9373,8158,8358,7613,9028,16766,7406,9958,10296,NA
"06-APR-2021",2021-04-06 08:49:37,"2021-04-06","8H 49M 37S","Unknown","2.16.0","Unknown","Unknown",570,270,467,473,408,509,524,491,439,554,461,688,664,597,489,2.62,5.21,3.86,4.01,4.15,3.71,5.46,3.19,2.55,7.19,4.39,4.15,6.02,4.89,4.25,83353.95703125,106888.4140625,11124.75,8838.75,10262.625,8857.349609375,9323.099609375,8329.2001953125,8306.1005859375,7643.900390625,10897.7001953125,17024.775390625,7498.34033203125,10005.025390625,10381.705078125,NA,NA,NA,NA,NA,NA,NA,NA,570,570,270,270,467,473,408,509,524,491,439,554,461,688,664,597,489,0.62,2.26,0.69,4.96,4.16,4.06,4.28,3.81,6.34,3.43,2.81,7.71,4.88,4.5,6.54,5.12,4.33,65630.97265625,83328.5,64280.0078125,109145.5,11145.5,8945,10417,8999,9473,8307,8497,7684.5,8998,17467,7702,10270,10671,NA
"06-APR-2021",2021-04-06 08:48:01,"2021-04-06","8H 48M 1S","Unknown","2.16.0","Unknown","Unknown",570,270,467,473,408,509,524,491,439,554,461,688,664,597,489,3.02,5.28,5.33,5.32,5.62,3.82,5.51,3.2,2.74,7.08,5.02,5.99,7.28,6.36,6.42,81892.86328125,104611.09375,10470.75,8337.375,9686.625,8686.84521484375,9131.1298828125,7890.30029296875,7962.900390625,7282,9647,13256.685546875,5929.48510742188,7838.47021484375,8094.10522460938,NA,NA,NA,NA,NA,NA,NA,NA,570,570,270,270,467,473,408,509,524,491,439,554,461,688,664,597,489,0.72,2.57,0.83,4.98,3.95,4.15,4.08,3.89,6.35,3.3,2.75,7.82,4.92,4.29,6.6,4.75,4.34,64772.646484375,82962,63203.59765625,108585.5,11173,8967,10428,8974,9452.5,8246.5,8450.5,7655.5,8981,17463,7700,10274,10687.5,NA
"05-APR-2021",2021-04-05 11:06:11,"2021-04-05","11H 6M 11S","Unknown","LSRII","1","Administrator",570,270,467,473,408,509,524,491,439,554,461,688,664,597,489,3.67,6.49,3.54,3.48,4.29,5.99,5.11,4.17,3.78,7.59,5.44,4.35,7.17,5.87,4.94,82850.625,104851.2578125,13290,9816.75,11078.25,9020.9697265625,9687.599609375,8418.2998046875,8595.400390625,7885.900390625,10886.7001953125,16960.490234375,7423.52001953125,10572.41015625,10618.419921875,59.85,0,20.85,40.65,0.75,0.81,1.1,0.43,570,570,270,270,467,473,408,509,524,491,439,554,461,688,664,597,489,0.71,3.18,0.89,6.9,3.4,4.48,4.2,4.82,7.02,4.3,3.84,8.57,5.85,5.01,8.33,5.68,5.15,65230.85546875,83546,63857.2890625,108051,13306,9923,11266,9162,9858,8386,8755,7902,9125,17519,7763,10959,10946,NA
"05-APR-2021",2021-04-05 10:50:34,"2021-04-05","10H 50M 34S","Unknown","2.16.0","Unknown","Unknown",570,270,467,473,408,509,524,491,439,554,461,688,664,597,489,3.22,6.78,4.09,5.1,5.72,4.37,6.22,3.98,3.15,7.54,4.7,5.1,6.82,6.05,5.95,84347.12109375,106808.625,13325.625,9967.5,11146.875,9142.4697265625,9977.98486328125,8457.900390625,8626.75,7958.5,10897.150390625,17162.375,7569.71997070312,10814.5,10799.6650390625,NA,NA,NA,NA,NA,NA,NA,NA,570,570,270,270,467,473,408,509,524,491,439,554,461,688,664,597,489,0.75,2.82,0.9,6.28,4.33,5.06,5.86,4.56,7.08,4.15,3.34,8.5,5.26,5.43,7.2,6.15,5.98,65541.6640625,84458.5,64267.361328125,109079,13283,10046,11296.5,9290,10142,8439,8811.5,8008,9137,17635,7806,11107,11122,NA
"05-APR-2021",2021-04-05 09:17:01,"2021-04-05","9H 17M 1S","Unknown","2.16.0","Unknown","Unknown",570,270,467,473,408,509,524,491,439,554,461,688,664,597,489,2.04,4.39,4.04,4.56,4.59,3.45,5.33,3.1,2.48,7.25,4.52,4.56,6.65,5.23,4.92,86154.6015625,110569.046875,11256,8835.75,10177.5,9148.1396484375,9545.0400390625,8322.6005859375,8361.1005859375,7711,11013.2001953125,16831.490234375,7413.6298828125,9959.66015625,10326.0205078125,NA,NA,NA,NA,NA,NA,NA,NA,570,570,270,270,467,473,408,509,524,491,439,554,461,688,664,597,489,0.6,1.85,0.98,3.88,4.29,4.53,4.63,3.74,6.4,3.49,2.78,8.19,5.18,4.95,7.15,5.62,5.14,65767.2890625,85939,64567.8515625,112179,11240,8903,10301,9244,9677,8206,8431,7672,9036,16879,7440,9998,10379,NA
"05-APR-2021",2021-04-05 09:15:43,"2021-04-05","9H 15M 43S","Unknown","2.16.0","Unknown","Unknown",570,270,467,473,408,509,524,491,439,554,461,688,664,597,489,2.52,4.68,6.94,6.93,7.03,3.67,5.49,3.51,2.86,7.18,5.36,6.87,7.67,7.18,6.61,84197.46875,107168.671875,10407.75,8193.75,9432.75,8840.33984375,9191.0703125,7805.60009765625,7935.400390625,7311.7001953125,9561.2001953125,12905.16015625,5786.080078125,7694.419921875,8039.2802734375,NA,NA,NA,NA,NA,NA,NA,NA,570,570,270,270,467,473,408,509,524,491,439,554,461,688,664,597,489,0.69,2.18,1.01,3.95,4.34,4.48,4.42,3.74,6.36,3.38,2.83,7.79,5.05,4.94,6.93,5.54,4.72,64640.26171875,85438,63172.85546875,110934,11338,9007,10390,9194,9599,8169,8393,7616,9009,16926,7471,10042,10426,NA
"02-APR-2021",2021-04-02 09:47:20,"2021-04-02","9H 47M 20S","Unknown","2.16.0","Unknown","Unknown",570,270,467,473,408,509,524,491,439,554,461,688,664,597,489,2.01,4.63,3.75,4.09,4.22,3.36,5.27,3.17,2.56,6.9,4.5,4.63,6.28,5.35,4.86,84631.09375,107918.73046875,11223,8824.125,10296,8796.599609375,9381.419921875,8435.900390625,8389.150390625,7727.5,10913.1005859375,17149.044921875,7518.33520507812,9997.71484375,10313.1201171875,NA,NA,NA,NA,NA,NA,NA,NA,570,570,270,270,467,473,408,509,524,491,439,554,461,688,664,597,489,0.6,1.75,0.72,4.01,4.1,4.27,4.24,3.71,6.6,3.43,2.92,7.7,5.06,4.85,6.87,5.53,4.99,65565.07421875,84709,64262.88671875,109941,11236.5,8924,10446,8943,9547,8553,8723,7907.5,9170,17341,7603.5,10115.5,10457,NA
"02-APR-2021",2021-04-02 09:46:18,"2021-04-02","9H 46M 18S","Unknown","2.16.0","Unknown","Unknown",570,270,467,473,408,509,524,491,439,554,461,688,664,597,489,2.05,4.79,5.12,5.31,5.14,3.23,5.36,3.25,2.76,6.97,4.95,5.43,6.92,6.16,5.59,83733.921875,106063.83203125,10266,8109,9621.75,8668.6201171875,9165.9599609375,8009.10009765625,8057.5,7346.900390625,9610.150390625,13271.0903320312,5834.669921875,7666.46997070312,8130.01025390625,NA,NA,NA,NA,NA,NA,NA,NA,570,570,270,270,467,473,408,509,524,491,439,554,461,688,664,597,489,0.57,1.83,0.59,4.44,3.97,4.22,4.13,3.63,6.47,3.44,3.02,7.67,4.96,4.74,6.81,5.29,4.73,64690.005859375,84907.5,63178.8984375,109964,11280,8966,10485,8934,9526,8502,8676.5,7874.5,9170,17405,7641,10151,10515.5,NA
"01-APR-2021",2021-04-01 09:58:13,"2021-04-01","9H 58M 13S","Unknown","2.16.0","Unknown","Unknown",570,270,467,473,408,509,524,491,439,554,461,688,664,597,489,1.67,4.21,3.98,4.16,4.33,2.89,4.99,4.23,3.79,7.69,4.44,4.94,6.63,5.54,4.84,85184.06640625,110547.1796875,11091,8291.625,9697.875,9090.6298828125,9392.35498046875,8269.25,8203.7998046875,7488.25024414062,10849.2998046875,16552.849609375,7249.3701171875,9344.115234375,9535.03515625,NA,NA,NA,NA,NA,NA,NA,NA,570,570,270,270,467,473,408,509,524,491,439,554,461,688,664,597,489,0.56,1.45,0.72,3.96,4.21,4.4,4.35,3.52,6.09,4.69,4.2,8.59,4.98,5.42,7.3,5.75,5.19,66219.984375,84418,65093.818359375,111334.5,11044.5,8324,9788.5,9125.5,9428,8254,8393,7548.5,8790,16297,7138,9183,9412.5,NA
"01-APR-2021",2021-04-01 09:56:11,"2021-04-01","9H 56M 11S","Unknown","2.16.0","Unknown","",570,270,467,473,408,509,524,491,439,554,461,688,664,597,489,1.77,4.31,4.3,4.7,4.53,2.96,5.55,4.32,3.83,7.42,4.72,5.48,7.03,5.98,5.76,84297.48046875,109232.953125,10703.625,7981.5,9405,9003.55517578125,9234.8095703125,7875.4501953125,7878.75024414062,7168.15014648438,9700.900390625,13372.35546875,5875.9501953125,7525.43017578125,7725.81005859375,NA,NA,NA,NA,NA,NA,NA,NA,570,570,270,270,467,473,408,509,524,491,439,554,461,688,664,597,489,0.57,1.5,0.69,3.88,4.2,4.38,4.61,3.4,6.58,4.69,4.24,8.51,5.17,5.83,7.34,6.03,5.64,65514.779296875,84427,64225.689453125,111409.5,10987,8279.5,9744,9135.5,9469,8191,8340.5,7497,8741,16143,7110,9118,9362,NA
"31-MAR-2021",2021-03-31 10:57:49,"2021-03-31","10H 57M 49S","Unknown","2.16.0","Unknown","Unknown",570,270,467,473,408,509,524,491,439,554,461,688,664,597,489,4.89,6.98,6.41,7.02,7.19,5.49,6.53,7.48,7.18,10.06,5.55,6.06,7.85,6.83,6.51,83796.703125,108728.7265625,11178.75,8647.5,10009.5,8922.150390625,9262.349609375,7977.2001953125,7968.400390625,7184.10009765625,10675.5,16494.37109375,7275.60009765625,9597.169921875,9914.509765625,NA,NA,NA,NA,NA,NA,NA,NA,570,570,270,270,467,473,408,509,524,491,439,554,461,688,664,597,489,0.79,4.21,1.16,6.11,6.3,6.63,6.59,5.25,7.11,8.73,7.92,11.22,6.12,6.82,8.71,7.38,6.91,65396.14453125,84081,64343.6640625,110503,11092,8677,10072,9040,9420,8013,8200,7309,8719,16363,7216,9519,9868,NA
"31-MAR-2021",2021-03-31 10:56:51,"2021-03-31","10H 56M 51S","Unknown","2.16.0","Unknown","Unknown",570,270,467,473,408,509,524,491,439,554,461,688,664,597,489,4.73,6.67,6.85,7,7.55,5.31,6.13,6.79,6.53,9.32,5.45,6.86,8.26,7.34,6.63,82938.953125,106395.9296875,10646.25,8239.5,9499.5,8802.2705078125,9154.6201171875,7594.400390625,7661.5,6898.10009765625,9458.900390625,13122.740234375,5798.97998046875,7574.4501953125,7939.9501953125,NA,NA,NA,NA,NA,NA,NA,NA,570,570,270,270,467,473,408,509,524,491,439,554,461,688,664,597,489,0.8,4.03,1.08,5.7,5.7,6.27,6.39,4.86,6.85,7.58,7.37,10.56,6.12,6.65,8.36,6.91,6.42,64692.72265625,84150,63393.1796875,109712,11100,8672,10089,9053,9432,8016,8208,7326,8704,16400,7252,9532,9857,NA
"30-MAR-2021",2021-03-30 08:45:46,"2021-03-30","8H 45M 46S","Unknown","2.16.0","Unknown","Unknown",570,270,467,473,408,509,524,491,439,554,461,688,664,597,489,2.93,5.32,3.93,4.07,4.2,3.87,5.58,3.14,2.56,7.14,4.23,4.61,6.25,5.21,4.64,83697.7890625,107999.73046875,11798.625,9183.75,10618.875,8975.6103515625,9463.22998046875,8529.400390625,8539.2998046875,7877.10009765625,11176,16960.919921875,7474.69018554688,10070.8149414062,10423.4150390625,NA,NA,NA,NA,NA,NA,NA,NA,570,570,270,270,467,473,408,509,524,491,439,554,461,688,664,597,489,0.71,2.59,0.87,4.65,4.13,4.16,4.19,4.07,6.44,3.37,2.77,8,4.9,4.94,6.86,5.35,4.93,65259.728515625,84193.5,63967.908203125,110496.5,11644,9156,10621,9158.5,9680,8650.5,8873,8059,9322,16679.5,7348,9892.5,10278.5,NA
"30-MAR-2021",2021-03-30 08:44:11,"2021-03-30","8H 44M 11S","Unknown","2.16.0","Unknown","Unknown",570,270,467,473,408,509,524,491,439,554,461,688,664,597,489,3.15,5.42,7.33,6.51,6.59,3.99,5.77,3.47,3.08,7.07,5.35,5.97,7.17,6.44,6.25,82179.0234375,105517.08203125,11032.5,8663.625,10033.5,8765.8203125,9186.2099609375,8076.2001953125,8181.25024414062,7475.60009765625,9861.5,13426.10546875,5964.7451171875,8001.8701171875,8243.3154296875,NA,NA,NA,NA,NA,NA,NA,NA,570,570,270,270,467,473,408,509,524,491,439,554,461,688,664,597,489,0.75,2.74,0.83,4.94,4.07,4.2,4.35,4.17,6.61,3.42,2.89,7.58,5.06,5.15,6.99,5.6,5,64372.294921875,83779,62885.8671875,109872.5,11669,9169,10649,9156.5,9651.5,8635,8849.5,8013,9326,16690,7360,9924,10282,NA
"29-MAR-2021",2021-03-29 08:52:12,"2021-03-29","8H 52M 12S","Unknown","2.16.0","Unknown","Unknown",570,270,467,473,408,509,524,491,439,554,461,688,664,597,489,2.45,4.82,3.8,4.14,4.24,3.53,5.4,3.25,2.56,7.35,4.44,4.68,6.45,5.61,5.07,83852.1796875,108994.4140625,11787.75,9268.5,10557,9058.23046875,9532.080078125,8734,8727.400390625,8101.5,11201.2998046875,16799.669921875,7411.05029296875,9871.080078125,10218.9501953125,NA,NA,NA,NA,NA,NA,NA,NA,570,570,270,270,467,473,408,509,524,491,439,554,461,688,664,597,489,0.74,2.14,0.9,4.2,4.01,4.28,4.34,3.83,6.25,3.53,2.78,7.9,5.2,5.1,7.05,5.93,5.15,65508.87109375,83955,64155.72265625,111321,11675,9274,10619,9217,9708,8916,9135,8329,9327,16409,7251,9628,10017,NA
"29-MAR-2021",2021-03-29 08:50:53,"2021-03-29","8H 50M 53S","Unknown","2.16.0","Unknown","Unknown",570,270,467,473,408,509,524,491,439,554,461,688,664,597,489,3.09,5.41,7.04,7.19,7.16,3.85,5.75,3.8,3.29,7.63,5.89,5.71,7.59,7.07,5.85,82853.90625,106418.20703125,11253,8861.25,10108.125,8931.0595703125,9366.83984375,8316,8430.400390625,7741.25024414062,9970.9501953125,13505.6552734375,5940.23510742188,7906.62524414062,8272.12548828125,NA,NA,NA,NA,NA,NA,NA,NA,570,570,270,270,467,473,408,509,524,491,439,554,461,688,664,597,489,0.86,2.64,1.17,4.6,4.19,4.39,4.57,3.92,6.78,3.44,2.95,7.79,5.12,5.19,7.24,6.04,4.97,64641.537109375,84111.5,63175.326171875,110143,11734,9311,10654.5,9224,9698.5,8911,9138,8380.5,9370,16481.5,7263.5,9692,10087.5,NA
"26-MAR-2021",2021-03-26 08:36:35,"2021-03-26","8H 36M 35S","Unknown","2.16.0","Unknown","Unknown",570,270,467,473,408,509,524,491,439,554,461,688,664,597,489,3.16,5.43,3.57,4,4.09,3.97,5.61,5.47,5.48,8.34,4.98,4.34,6.27,5.08,4.64,81907.4609375,105317.8203125,11738.25,9039.75,10448.25,8705.0703125,9099.5400390625,7607.60009765625,7506.400390625,6924.5,10450,16673.25,7349.990234375,9634.150390625,9917.5205078125,NA,NA,NA,NA,NA,NA,NA,NA,570,570,270,270,467,473,408,509,524,491,439,554,461,688,664,597,489,0.63,2.81,0.7,5.01,3.92,4.16,4.15,4.14,6.29,6.29,6.05,9.68,5.57,4.67,6.85,5.25,4.73,65125.9140625,82546,63791.5390625,108243,11602,9027,10466,8917,9315,6910,7004,6359,7848,16260,7184,9377,9688,NA
"26-MAR-2021",2021-03-26 08:34:58,"2021-03-26","8H 34M 58S","Unknown","2.16.0","Unknown","Unknown",570,270,467,473,408,509,524,491,439,554,461,688,664,597,489,2.99,5.13,5.17,5.4,6.1,3.83,5.66,4.96,4.8,7.96,4.91,4.67,6.76,5.6,5.43,80562.0703125,102655.3515625,11036.25,8546.25,9769.5,8586,8931.0595703125,7260,7230.30029296875,6637.39990234375,9396.2001953125,13241.419921875,5765.43994140625,7633.3603515625,7814.8203125,NA,NA,NA,NA,NA,NA,NA,NA,570,570,270,270,467,473,408,509,524,491,439,554,461,688,664,597,489,0.65,2.55,0.69,4.57,3.68,3.74,3.87,3.93,6.63,5.75,5.56,9.4,5.09,4.17,6.28,4.92,4.51,64237.43359375,82298,62728.62890625,107129,11598,9043,10466,8904,9283,6911,7012,6326,7836,16235,7150,9393,9689,NA
"25-MAR-2021",2021-03-25 08:31:12,"2021-03-25","8H 31M 12S","Unknown","2.16.0","Unknown","Unknown",570,270,467,473,408,509,524,491,439,554,461,688,664,597,489,3.22,5.44,3.7,3.92,4.12,4,5.9,5.66,5.5,8.95,4.95,4.72,6.42,5.47,4.81,83644.5,106771.3671875,11695.875,8993.25,10407,8743.1396484375,9160.2900390625,7438.75024414062,7344.15014648438,6786.4501953125,10374.1005859375,16451.1552734375,7241.84497070312,9590.0751953125,9851.9453125,NA,NA,NA,NA,NA,NA,NA,NA,570,570,270,270,467,473,408,509,524,491,439,554,461,688,664,597,489,0.66,2.78,0.88,5.16,4.13,4.08,4.13,4.17,6.79,6.35,5.91,10.04,5.37,5.01,7.11,5.47,4.9,64906.625,84626,63447.0625,110374.5,11581.5,8983,10425,9001,9426,7187,7287.5,6629,8241,15951,7026,9289,9570.5,NA
"25-MAR-2021",2021-03-25 08:29:46,"2021-03-25","8H 29M 46S","Unknown","2.16.0","Unknown","Unknown",570,270,467,473,408,509,524,491,439,554,461,688,664,597,489,3.19,5.39,7.99,7.92,7,4.11,5.68,5.42,5.11,8.95,5.31,6.03,7.65,7.1,6.1,82177.19921875,104098.36328125,10783.875,8299.5,9755.25,8550.3603515625,8916.88525390625,7103.25024414062,7099.400390625,6521.35009765625,9402.7998046875,12981.9150390625,5668.04516601562,7466.9501953125,7802.56518554688,NA,NA,NA,NA,NA,NA,NA,NA,570,570,270,270,467,473,408,509,524,491,439,554,461,688,664,597,489,0.72,2.73,0.87,4.89,3.79,3.81,3.93,4.13,6.44,6.06,5.44,9.48,5.71,4.96,7.2,5.47,4.92,64016.345703125,84240.5,62408.603515625,109289,11578,8978,10419,9003,9383.5,7166,7291.5,6589.5,8217.5,15902,7019,9276.5,9553,NA
"24-MAR-2021",2021-03-24 08:40:28,"2021-03-24","8H 40M 28S","Unknown","2.16.0","Unknown","Unknown",570,270,467,473,408,509,524,491,439,554,461,688,664,597,489,3.41,5.57,3.57,3.79,3.85,4.08,6.11,3.83,3.35,7.69,4.52,4.31,6.39,5.11,4.48,81725.6953125,106309.2578125,11741.25,9096.75,10531.5,8769.8701171875,9200.7900390625,8009.10009765625,7932.10009765625,7320.5,10756.900390625,16924.80078125,7444.16015625,9834.1005859375,10145.8505859375,NA,NA,NA,NA,NA,NA,NA,NA,570,570,270,270,467,473,408,509,524,491,439,554,461,688,664,597,489,0.66,3.07,0.73,5.03,3.87,3.98,4.05,4.27,6.85,4.25,3.6,8.57,5.18,4.67,6.81,5.39,4.56,65057.41015625,82471,63622.625,109555,11654,9130,10620,8986,9434,8100,8227,7474,8881,16939,7448,9848,10167,NA
"24-MAR-2021",2021-03-24 08:39:17,"2021-03-24","8H 39M 17S","Unknown","2.16.0","Unknown","Unknown",570,270,467,473,408,509,524,491,439,554,461,688,664,597,489,3.5,5.07,8.2,9.04,8.14,4.07,5.55,3.57,2.97,7.29,4.76,7.67,8.28,8.12,7.78,79966.39453125,102064.45703125,10639.875,8144.25,9584.25,8490.8251953125,8875.169921875,7615.30029296875,7660.9501953125,7017.4501953125,9689.900390625,12651.0302734375,5635.580078125,7299.46508789062,7572.72998046875,NA,NA,NA,NA,NA,NA,NA,NA,570,570,270,270,467,473,408,509,524,491,439,554,461,688,664,597,489,0.73,3.03,0.86,4.56,3.54,3.81,3.83,4.24,6.34,3.72,3.24,7.67,4.81,4.52,6.44,5.07,4.21,63912.24609375,82083.5,62014.904296875,107779,11678,9171,10636,8904,9327,8100,8254.5,7449.5,8897.5,16907.5,7414.5,9864.5,10174,NA
"23-MAR-2021",2021-03-23 08:09:50,"2021-03-23","8H 9M 50S","Unknown","2.16.0","Unknown","Unknown",570,270,467,473,408,509,524,491,439,554,461,688,664,597,489,3.08,5.15,3.42,3.9,4,3.97,5.43,3.19,2.68,7.09,4.32,4.29,6.2,5.15,4.81,81949.4375,106885.57421875,11919,9173.25,10764,8795.7900390625,9261.94482421875,8193.35009765625,8167.5,7562.5,11007.7001953125,17048.640625,7492.3203125,9977.5048828125,10244.53515625,NA,NA,NA,NA,NA,NA,NA,NA,570,570,270,270,467,473,408,509,524,491,439,554,461,688,664,597,489,0.72,2.75,0.83,4.72,3.7,4.09,4.15,4.11,6.19,3.5,2.86,7.99,5.07,4.47,6.87,5.29,4.96,64735.857421875,83104.5,63156.9765625,110857.5,11827.5,9192.5,10823,9082,9574.5,7957,8121,7435,8999.5,17043,7495.5,9971.5,10274,NA
"23-MAR-2021",2021-03-23 08:08:25,"2021-03-23","8H 8M 25S","Unknown","2.16.0","Unknown","Unknown",570,270,467,473,408,509,524,491,439,554,461,688,664,597,489,2.86,4.72,7.06,7.66,7.79,3.57,4.96,2.96,2.55,6.75,4.46,5.98,7.85,7.15,6.55,81970.2421875,105236.0078125,11010,8347.5,9830.25,8657.2802734375,9102.7802734375,7866.10009765625,7929.900390625,7223.7001953125,9905.5,13334.73046875,5766.30029296875,7619.60009765625,7881.0400390625,NA,NA,NA,NA,NA,NA,NA,NA,570,570,270,270,467,473,408,509,524,491,439,554,461,688,664,597,489,0.69,2.47,0.95,4.1,3.55,3.59,3.86,3.66,5.93,3.19,2.7,7.57,4.71,4.69,6.22,5.13,4.37,64026.64453125,84001,62356.125,110437,11814,9126,10754,9125,9574,7984,8127,7385,8939,16958,7439,9910,10182,NA
"22-MAR-2021",2021-03-22 11:09:45,"2021-03-22","11H 9M 45S","Unknown","2.16.0","Unknown","Unknown",570,270,467,473,408,509,524,491,439,554,461,688,664,597,489,1.87,4.52,3.83,4.3,4.39,3.38,5.35,3.2,2.5,7.17,4.39,4.79,6.64,5.57,4.99,85715.5078125,110463.34375,11489.25,8876.25,10411.875,9026.6396484375,9455.93994140625,8261,8232.400390625,7590,10924.1005859375,16891.044921875,7429.97021484375,9707.6796875,10134.240234375,NA,NA,NA,NA,NA,NA,NA,NA,570,570,270,270,467,473,408,509,524,491,439,554,461,688,664,597,489,0.62,1.58,0.64,4.21,4.09,4.51,4.6,3.72,6.65,3.4,2.88,8.2,5.08,5.18,7.16,6,5.29,65621.89453125,85714,64413.71875,112444,11499.5,8972,10549,9148.5,9594.5,8021,8189,7442.5,8880,17302,7610.5,9954,10402,NA
"22-MAR-2021",2021-03-22 11:08:03,"2021-03-22","11H 8M 3S","Unknown","2.16.0","Unknown","Unknown",570,270,467,473,408,509,524,491,439,554,461,688,664,597,489,1.97,4.63,4.3,4.46,4.5,3.38,5.34,3.13,2.68,7.05,4.81,5.33,7.52,6.06,5.88,84869.8046875,108572.3984375,11040,8580.75,10107.75,8858.9697265625,9241.2900390625,7959.60009765625,8020.10009765625,7353.5,10035.2998046875,13611.220703125,5883.26025390625,7768.81005859375,8042.72021484375,NA,NA,NA,NA,NA,NA,NA,NA,570,570,270,270,467,473,408,509,524,491,439,554,461,688,664,597,489,0.59,1.7,0.67,4.43,4.22,4.32,4.5,3.59,6.44,3.48,2.97,8.06,5,5.01,7.3,5.74,5.17,64891.83203125,85780,63239.5546875,112533,11545,8993,10601,9172,9560,8017,8182,7433,8863,17370,7618,9993,10443,NA
"22-MAR-2021",2021-03-22 08:24:26,"2021-03-22","8H 24M 26S","Unknown","2.16.0","Unknown","Unknown",570,270,467,473,408,509,524,491,439,554,461,688,664,597,489,2.48,5.03,3.78,4.21,4.37,3.51,5.62,3.74,3.19,7.78,4.77,4.97,6.73,5.83,5.38,84609.1953125,109192.046875,11952.75,8721,10014.75,9059.849609375,9231.5703125,8157.60009765625,8140,7547.10009765625,10975.7998046875,17067.560546875,7492.3203125,9516.330078125,9487.5205078125,NA,NA,NA,NA,NA,NA,NA,NA,570,570,270,270,467,473,408,509,524,491,439,554,461,688,664,597,489,0.76,2.1,1.06,4.64,3.94,4.45,4.3,3.97,6.48,4.21,3.51,8.79,5.13,5.36,7.36,6.32,5.5,64888.14453125,85613,63515.22265625,112782,11854,8732,10062,9330,9494,7717,7892,7254,8881,17052,7489,9500,9484,NA
"22-MAR-2021",2021-03-22 08:23:18,"2021-03-22","8H 23M 18S","Unknown","2.16.0","Unknown","Unknown",570,270,467,473,408,509,524,491,439,554,461,688,664,597,489,2.6,4.97,8.58,8.7,7.91,3.77,5.58,3.87,3.28,7.37,4.91,6.76,8.83,8.27,7.89,83384.984375,106961.71484375,11104.125,8106.375,9406.875,8865.4501953125,8964.2705078125,7795.7001953125,7864.4501953125,7235.25024414062,10054,13558.7602539062,5897.02001953125,7440.50512695312,7462.43505859375,NA,NA,NA,NA,NA,NA,NA,NA,570,570,270,270,467,473,408,509,524,491,439,554,461,688,664,597,489,0.79,2.15,1,4.64,3.89,4.36,4.25,3.93,6.43,4.28,3.44,8.58,5.07,5.31,7.17,5.98,5.37,64013.2890625,85523,62472.21484375,112198.5,11898,8755,10075,9320,9479,7678.5,7842,7179.5,8861,17020.5,7498.5,9521,9493,NA
"19-MAR-2021",2021-03-19 10:19:11,"2021-03-19","10H 19M 11S","Unknown","2.16.0","Unknown","Unknown",570,270,467,473,408,509,524,491,439,554,461,688,664,597,489,5.98,5.91,6.72,6.97,7.36,5.63,7.29,8.62,8.51,10.73,5.84,8.08,8.99,8.07,8.02,82881.28125,111140.91015625,10815.75,8388.75,9828.75,8760.55517578125,9176.48974609375,7816.60009765625,7794.05004882812,7052.10009765625,10681.5502929688,15007.4301757812,6586.955078125,8860.150390625,9147.39013671875,NA,NA,NA,NA,NA,NA,NA,NA,570,570,270,270,467,473,408,509,524,491,439,554,461,688,664,597,489,0.87,6.48,1.15,6.19,6.29,6.76,6.89,6.54,8.6,8.83,8.64,11.4,5.77,9.55,10.67,9.29,9.27,66087.53515625,82331,65468.759765625,111798,10823.5,8477,9983,8770,9178,7787,7982,7127,8795.5,14765.5,6486.5,8717.5,9039.5,NA
"19-MAR-2021",2021-03-19 10:18:18,"2021-03-19","10H 18M 18S","Unknown","2.16.0","Unknown","Unknown",570,270,467,473,408,509,524,491,439,554,461,688,664,597,489,4.08,4.88,5.72,5.99,6.42,4.31,6.32,6.37,5.9,9.36,5.45,8.55,9.89,8.88,8.63,83909.125,110057.9375,10644,8272.5,9675.75,8753.669921875,9096.2998046875,7682.400390625,7766,6971.80029296875,10002.2998046875,12416.6806640625,5461.85986328125,7283.77001953125,7551.66015625,NA,NA,NA,NA,NA,NA,NA,NA,570,570,270,270,467,473,408,509,524,491,439,554,461,688,664,597,489,0.77,4.2,1.02,5.01,5.28,5.72,5.93,5.06,7.41,6.69,5.92,9.91,5.38,8.97,10.44,9.29,8.83,65322.21484375,84326,64300.8046875,112539,10978,8601,10123,8875,9303,7958,8163,7259,8847,15231,6659,8968,9286,NA
"18-MAR-2021",2021-03-18 08:45:34,"2021-03-18","8H 45M 34S","Unknown","2.16.0","Unknown","Unknown",570,270,467,473,408,509,524,491,439,554,461,688,664,597,489,3.99,5.86,3.15,3.5,3.49,4.51,5.8,3.17,2.51,7.35,4.3,4.09,5.99,4.94,4.5,84118.0234375,105818.5390625,11983.560546875,9091.6396484375,10523.5400390625,8796.1396484375,9154.4794921875,8121.60009765625,8033.04052734375,7383.96044921875,10787.0400390625,17705.599609375,7818.7998046875,10226.0400390625,10365.51953125,NA,NA,NA,NA,NA,NA,NA,NA,570,570,270,270,467,473,408,509,524,491,439,554,461,688,664,597,489,0.72,3.8,0.96,5.46,3.83,4.14,4.14,4.59,6.67,3.35,2.74,7.97,4.76,4.35,6.65,5.14,4.42,65848.765625,83829,64210.73828125,108056,11870,9129,10609,8941,9292,8309,8428,7626,9092,17392,7687,10042,10192,NA
"18-MAR-2021",2021-03-18 08:44:17,"2021-03-18","8H 44M 17S","Unknown","2.16.0","Unknown","Unknown",570,270,467,473,408,509,524,491,439,554,461,688,664,597,489,4.3,6.32,9.2,8.95,9.14,4.91,6.15,3.22,2.69,7.06,4.94,5.31,6.91,6.75,5.74,82245.078125,103313.4375,10962.3603515625,8327.9599609375,9655.5205078125,8564.080078125,8921.599609375,7761.96044921875,7784.64013671875,7095.60009765625,9880.919921875,14183.83984375,6217.64013671875,8102.60009765625,8325.240234375,NA,NA,NA,NA,NA,NA,NA,NA,570,570,270,270,467,473,408,509,524,491,439,554,461,688,664,597,489,0.78,4.04,1.01,5.8,3.74,4.14,4.26,4.99,6.84,3.25,2.77,7.83,4.85,4.4,6.39,5.31,4.57,64734.8046875,83301,63177.90625,107168,11897,9136,10617,8877,9281,8265,8396,7577,9074,17327,7659,9993,10159,NA
"17-MAR-2021",2021-03-17 12:04:25,"2021-03-17","12H 4M 25S","Unknown","2.16.0","Unknown","Unknown",570,270,467,473,408,509,524,491,439,554,461,688,664,597,489,4.62,7.45,3.87,4.47,4.43,6.07,6.65,4.1,3.94,8.1,4.45,4.78,6.42,4.99,4.6,86821.2421875,109480.65625,11652.7802734375,8890.3603515625,10502.8203125,8907.66015625,9383.259765625,8041.68017578125,7967.16015625,7237.080078125,10723.3203125,17456.119140625,7725.080078125,10017.919921875,10226.4794921875,NA,NA,NA,NA,NA,NA,NA,NA,570,570,270,270,467,473,408,509,524,491,439,554,461,688,664,597,489,0.82,3.94,1.36,6.57,4.6,5.12,5.23,5.81,7.7,4.75,4.23,8.95,5.3,4.87,7.34,5.46,4.64,66412.3671875,85864,64917.37890625,109977,11669,9000,10663,8908,9418,8028,8131,7307,8919,17441,7732,10015,10251,NA
"17-MAR-2021",2021-03-17 12:03:28,"2021-03-17","12H 3M 28S","Unknown","2.16.0","Unknown","Unknown",570,270,467,473,408,509,524,491,439,554,461,688,664,597,489,6.05,8.8,4.18,4.44,4.8,7.02,6.94,4.86,4.4,8.05,4.76,5.41,6.56,5.74,4.82,84255.6640625,106833.6953125,11323.48046875,8654.2998046875,10266.759765625,8630.5,9129.0595703125,7671.240234375,7677.72021484375,6980.0400390625,9957.6005859375,14307.919921875,6306.080078125,8241.6396484375,8439.6396484375,NA,NA,NA,NA,NA,NA,NA,NA,570,570,270,270,467,473,408,509,524,491,439,554,461,688,664,597,489,0.87,5.6,1.29,7.58,4.74,5.23,5.49,6.79,7.38,5.37,4.93,8.82,4.79,4.86,6.46,5.34,4.45,65518.86328125,84268,64006.640625,108818,11750,9067,10810,8819,9326,7948,8034,7248,8906,17434,7662,10050,10266,NA
"17-MAR-2021",2021-03-17 08:48:08,"2021-03-17","8H 48M 8S","Unknown","2.16.0","Unknown","Unknown",570,270,467,473,408,509,524,491,439,554,461,688,664,597,489,1.73,4.38,3.31,3.59,3.67,3.12,5.25,3.28,2.59,6.88,4.31,4.47,6.37,5.12,4.69,78731.5625,102200.2890625,11683.8603515625,8920.7001953125,10522.060546875,8290.2001953125,8672.72998046875,7382.759765625,7450.59008789062,6827.8798828125,10135.2299804688,17732,7767.76000976562,10145.080078125,10447.7998046875,NA,NA,NA,NA,NA,NA,NA,NA,570,570,270,270,467,473,408,509,524,491,439,554,461,688,664,597,489,0.58,1.55,0.62,4.41,3.43,3.56,3.6,3.58,6.22,3.64,2.98,7.96,4.6,5.11,7.1,5.44,4.85,66285.6484375,77897,65056.578125,103146.5,11745.5,9051.5,10702,8322.5,8695,7693,7961,7157.5,8855,17264,7564,9859,10184,NA
"17-MAR-2021",2021-03-17 08:46:08,"2021-03-17","8H 46M 8S","Unknown","2.16.0","Unknown","Unknown",570,270,467,473,408,509,524,491,439,554,461,688,664,597,489,2.07,4.64,4.79,5.36,4.85,3.28,5.41,3.23,2.64,7.12,4.43,5.18,6.61,5.82,5.05,77304.1015625,100006.3828125,10838.0400390625,8168.85986328125,9809.4404296875,8111.43994140625,8454.2001953125,7059.419921875,7204.259765625,6541.259765625,9285.0595703125,13875.83984375,6145.0400390625,7869.83984375,8251.3203125,NA,NA,NA,NA,NA,NA,NA,NA,570,570,270,270,467,473,408,509,524,491,439,554,461,688,664,597,489,0.6,1.74,0.69,4.68,3.54,3.59,3.66,3.63,6.35,3.79,3.04,7.94,4.81,4.78,6.73,5.35,4.47,65312.1171875,77609,63754.24609375,102969,11722,8999,10707,8331,8707,7669,7912,7132,8823,17267,7553,9863,10183,NA
"16-MAR-2021",2021-03-16 07:55:29,"2021-03-16","7H 55M 29S","Unknown","2.16.0","Unknown","Unknown",570,270,467,473,408,509,524,491,439,554,461,688,664,597,489,1.74,3.93,3.34,3.75,4.04,2.94,5.07,3.63,3.27,7.21,4.15,3.95,5.86,4.84,4.26,78514,103156,11208.7802734375,8627.66015625,10268.240234375,8347.599609375,9019.1796875,7269.03002929688,7303.19970703125,6693.23974609375,10174.5,17336,7596.60009765625,10318.4399414062,10518.8598632812,NA,NA,NA,NA,NA,NA,NA,NA,570,570,270,270,467,473,408,509,524,491,439,554,461,688,664,597,489,0.57,1.62,0.89,3.54,3.78,3.93,4.11,3.45,6.21,4.06,3.51,8.21,4.7,4.4,6.38,5.07,4.49,66558.6796875,77382.5,65397.806640625,103282,11265,8740.5,10452.5,8335,8992.5,7173.5,7382,6651,8767,16907,7416,10072.5,10298,NA
"16-MAR-2021",2021-03-16 07:53:23,"2021-03-16","7H 53M 23S","Unknown","2.16.0","Unknown","Unknown",570,270,467,473,408,509,524,491,439,554,461,688,664,597,489,1.83,3.85,5.22,5,5.43,2.91,5.11,3.63,3.11,7.23,4.35,4.84,6.14,5.48,4.97,77267.1015625,100910.015625,10533.16015625,8168.85986328125,9653.2998046875,8216.400390625,8806.7998046875,6957.419921875,7057.3798828125,6402.5400390625,9342.1796875,13845.4794921875,6122.16015625,8212.16015625,8520.16015625,NA,NA,NA,NA,NA,NA,NA,NA,570,570,270,270,467,473,408,509,524,491,439,554,461,688,664,597,489,0.58,1.73,0.82,3.59,3.64,3.82,3.76,3.39,6,4.15,3.36,8.13,4.92,4.29,6.14,4.8,4.36,65689.7578125,77158,64163.28125,103032,11268,8704,10412,8342,8964,7177,7366,6634,8738,16866,7407,10047,10298,NA
"15-MAR-2021",2021-03-15 08:14:57,"2021-03-15","8H 14M 57S","Unknown","2.16.0","Unknown","Unknown",570,270,467,473,408,509,524,491,439,554,461,688,664,597,489,1.58,3.79,3.25,3.53,3.69,2.76,4.8,3.53,3.09,7.28,4.18,4.08,6.02,4.73,4.13,78770.0390625,104179.359375,11637.98046875,9015.419921875,10410.3203125,8499.2998046875,9096.259765625,7444.97998046875,7485.77978515625,6896.2197265625,10230.599609375,17590.759765625,7707.919921875,10308.759765625,10677.919921875,NA,NA,NA,NA,NA,NA,NA,NA,570,570,270,270,467,473,408,509,524,491,439,554,461,688,664,597,489,0.64,1.39,1.02,3.95,3.63,3.86,3.88,3.35,5.86,4.01,3.48,8.31,4.79,4.37,6.56,5.07,4.34,66869.6015625,77264,65730.203125,104143,11598,9061,10506,8449,9035,7288,7496,6830,8784,16965,7438,9949,10325,NA
"15-MAR-2021",2021-03-15 08:13:21,"2021-03-15","8H 13M 21S","Unknown","LSRII","1","Administrator",570,270,467,473,408,509,524,491,439,554,461,688,664,597,489,1.63,3.85,4.17,4.52,4.27,2.9,5.26,3.5,3.06,7.29,4.39,4.55,6.26,5.08,4.51,77651.1640625,102185.1171875,11198.419921875,8616.560546875,10012.9404296875,8336.939453125,8896.1796875,7123.6796875,7257.2998046875,6640.19970703125,9432.9599609375,14254.240234375,6257.23974609375,8356.919921875,8678.5595703125,59.85,0,20.3,40.4,0.74,0.82,1.02,0.44,570,570,270,270,467,473,408,509,524,491,439,554,461,688,664,597,489,0.6,1.34,0.91,3.96,3.63,3.8,3.72,3.4,6.31,3.91,3.45,8.32,4.73,4.52,6.54,5.13,4.48,65955.421875,77226,64481.16015625,104081,11594,9043,10478,8466,9052,7283,7512,6825,8781,16913,7439,9937,10302,NA
"12-MAR-2021",2021-03-12 08:37:05,"2021-03-12","8H 37M 5S","Unknown","2.16.0","Unknown","Unknown",570,270,467,473,408,509,524,491,439,554,461,688,664,597,489,2.53,4.89,3.6,3.98,4.16,3.63,5.67,3.27,2.67,7.45,4.66,4.28,6.3,5.01,4.56,80852.03125,105249.4609375,11421.5302734375,8967.3203125,10335.2099609375,8694.8701171875,9276.25,7580.6396484375,7520.4599609375,6925.7998046875,10284.66015625,17425.1005859375,7654.23974609375,10261.6796875,10606.6396484375,NA,NA,NA,NA,NA,NA,NA,NA,570,570,270,270,467,473,408,509,524,491,439,554,461,688,664,597,489,0.61,2.21,0.83,4.35,4.15,4.26,4.36,3.96,6.98,3.52,3.06,8.47,5.26,4.67,6.94,5.23,4.8,66255.09375,80081.5,64929.9765625,106170,11422,9043,10466,8745,9338.5,8086,8235,7472,9082,16940.5,7438.5,9984,10338.5,NA
"12-MAR-2021",2021-03-12 08:35:37,"2021-03-12","8H 35M 37S","Unknown","2.16.0","Unknown","Unknown",570,270,467,473,408,509,524,491,439,554,461,688,664,597,489,2.7,4.81,5.34,4.73,5.29,3.67,5.47,3.09,2.5,6.95,4.4,4.96,6.59,5.42,4.95,79266.578125,102313.0390625,10593.83984375,8404.919921875,9618.5205078125,8484.5400390625,8999.5,7244.0400390625,7266.47998046875,6618.77978515625,9342.1796875,13693.240234375,6073.759765625,8109.2001953125,8444.0400390625,NA,NA,NA,NA,NA,NA,NA,NA,570,570,270,270,467,473,408,509,524,491,439,554,461,688,664,597,489,0.7,2.33,0.83,4.24,3.77,3.81,3.98,3.88,6.29,3.31,2.71,8.17,4.76,4.4,6.55,4.95,4.13,65139.46484375,79797,63752.75,105051,11474,9058,10496,8683,9243,8071,8199,7419,9040,16906,7420,9977,10335,NA
"11-MAR-2021",2021-03-11 11:29:24,"2021-03-11","11H 29M 24S","Unknown","2.16.0","Unknown","Unknown",570,270,467,473,408,509,524,491,439,554,461,688,664,597,489,2.59,5.1,3.57,3.78,4.01,3.71,5.19,3.06,2.71,7.56,4.59,4.45,5.93,5.48,4.31,79991.78125,100899.359375,10887.6201171875,8530.7197265625,9806.48046875,8222.9599609375,8860.099609375,7156.31982421875,7264.43994140625,6645.2998046875,9481.919921875,14557.400390625,6358.8798828125,8333.599609375,8385.51953125,NA,NA,NA,NA,NA,NA,NA,NA,570,570,270,270,467,473,408,509,524,491,439,554,461,688,664,597,489,0.61,2.29,0.86,4.94,3.77,3.99,4.16,4.22,6.4,3.34,2.9,8.32,4.99,4.08,6.56,5.34,4.22,65271.53515625,80391,63149.60546875,104742,11458,8994,10414,8512,9130,7847,8088,7302,9066,17735,7770,10087,10251,NA
"11-MAR-2021",2021-03-11 11:29:03,"2021-03-11","11H 29M 3S","Unknown","2.16.0","Unknown","Unknown",570,270,467,473,408,509,524,491,439,554,461,688,664,597,489,3.04,5.62,3.51,4.43,3.61,3.76,5.33,3.35,2.28,7.06,4.67,4.34,6.31,4.33,4.75,79851.1796875,101197.015625,10880.9599609375,8500.3798828125,9797.6005859375,8203.2802734375,8853.5400390625,7187.93994140625,7286.8798828125,6658.56005859375,9421.740234375,14464.5595703125,6355.7998046875,8307.2001953125,8373.2001953125,NA,NA,NA,NA,NA,NA,NA,NA,570,570,270,270,467,473,408,509,524,491,439,554,461,688,664,597,489,0.59,2.71,0.85,4.97,3.31,3.43,3.81,4.11,6.88,3.33,2.27,7.62,4.82,4.21,6.15,4.32,4.45,65241.59765625,80407,63056.3203125,104922,11476,8986,10464,8519,9135,7883,8090,7339,9049,17632,7784,10093,10260,NA
"10-MAR-2021",2021-03-10 08:05:49,"2021-03-10","8H 5M 49S","Unknown","2.16.0","Unknown","Unknown",570,270,467,473,408,509,524,491,439,554,461,688,664,597,489,2.76,4.81,3.19,3.63,3.63,3.54,5.43,3.41,3.01,7.04,4.41,3.98,5.92,4.74,4.06,80785.4296875,104350.328125,11504.0400390625,8922.18017578125,10428.8203125,8593.599609375,9213.9296875,7365.419921875,7334.81982421875,6721.7998046875,10143.8994140625,17537.958984375,7670.9599609375,10253.9799804688,10536.8999023438,NA,NA,NA,NA,NA,NA,NA,NA,570,570,270,270,467,473,408,509,524,491,439,554,461,688,664,597,489,0.63,2.55,0.82,4.17,3.63,3.96,3.92,3.76,6.13,3.85,3.4,7.9,4.77,4.25,6.55,4.97,4.2,65645.78515625,80693,64025.576171875,106748.5,11511,9015,10567,8750.5,9394.5,7494.5,7648.5,6910,8849.5,17148,7513,10032,10324,NA
"10-MAR-2021",2021-03-10 08:04:19,"2021-03-10","8H 4M 19S","Unknown","2.16.0","Unknown","Unknown",570,270,467,473,408,509,524,491,439,554,461,688,664,597,489,2.85,4.73,4.29,4.35,4.51,3.57,5.26,3.22,3.02,6.97,4.33,4.18,6.33,5.02,4.53,80162.71875,102859.9765625,10571.6396484375,8214,9625.1796875,8483.7197265625,9059.3603515625,7047.1796875,7102.259765625,6468.83984375,9280.9794921875,13990.6796875,6069.35986328125,8035.27978515625,8318.6396484375,NA,NA,NA,NA,NA,NA,NA,NA,570,570,270,270,467,473,408,509,524,491,439,554,461,688,664,597,489,0.64,2.64,0.76,4.16,3.62,3.74,3.86,3.87,5.95,3.65,3.21,7.96,4.65,4.09,6.33,4.77,4.13,64823.5390625,81074,63034.38671875,106786,11536,9007,10575,8745,9375,7467,7627,6891,8823,17129,7517,10035,10332,NA
"09-MAR-2021",2021-03-09 08:00:24,"2021-03-09","8H 0M 24S","Unknown","2.16.0","Unknown","Unknown",570,270,467,473,408,509,524,491,439,554,461,688,664,597,489,1.86,4.35,3.52,4.01,4.23,3.31,5.64,4.24,3.73,8.33,4.75,4.17,6.05,5.24,4.85,83810.1796875,107130.5390625,11711.98046875,8481.8798828125,9744.3203125,8883.0595703125,9210.240234375,7307.27978515625,7370.52001953125,6770.759765625,10219.3798828125,18399.0390625,8019,10012.6396484375,9946.6396484375,NA,NA,NA,NA,NA,NA,NA,NA,570,570,270,270,467,473,408,509,524,491,439,554,461,688,664,597,489,0.58,1.65,1.04,4.49,3.99,4.31,4.42,3.91,6.83,4.82,4.3,9.29,5.3,4.63,6.85,5.65,5.02,66096.7109375,83181,64841.64453125,108570,11600,8493,9802,8956,9270,7018,7244,6576,8700,17689,7709,9637,9577,NA
"09-MAR-2021",2021-03-09 07:59:13,"2021-03-09","7H 59M 13S","Unknown","2.16.0","Unknown","Unknown",570,270,467,473,408,509,524,491,439,554,461,688,664,597,489,1.96,4.59,4.19,4.94,4.75,3.29,5.48,4.09,3.63,8.18,4.81,4.42,6.41,5.83,5.34,82551.4375,105041.58984375,11208.7802734375,8068.59008789062,9299.2099609375,8724.7998046875,9007.7001953125,6968.12963867188,7106.84985351562,6501.98999023438,9410.009765625,14931.3999023438,6501.8798828125,8100.39990234375,8065.2001953125,NA,NA,NA,NA,NA,NA,NA,NA,570,570,270,270,467,473,408,509,524,491,439,554,461,688,664,597,489,0.62,1.68,0.99,4.4,3.83,4.36,4.44,3.71,6.6,4.58,3.94,9.01,5.27,4.54,6.69,5.74,5.18,65232.638671875,83015.5,63678.068359375,108081.5,11601,8471,9797,8959,9301,6991,7216,6534,8714,17620,7689,9609,9549.5,NA
"08-MAR-2021",2021-03-08 08:50:48,"2021-03-08","8H 50M 48S","Unknown","2.16.0","Unknown","Unknown",570,270,467,473,408,509,524,491,439,554,461,688,664,597,489,1.8,4.54,3.56,4.14,4.27,3.29,5.38,4.13,3.67,8.11,4.71,4.35,6.44,5.36,5.03,82953.2578125,107015.328125,11667.9501953125,8649.1201171875,9815.73046875,8892.900390625,9240.169921875,7329.7197265625,7410.2998046875,6788.10009765625,10203.5698242188,18463.060546875,8070.0400390625,10019.6796875,10006.0395507812,NA,NA,NA,NA,NA,NA,NA,NA,570,570,270,270,467,473,408,509,524,491,439,554,461,688,664,597,489,0.61,1.64,1.05,4.39,3.87,4.52,4.48,3.69,6.78,4.7,4.01,9.34,5.37,4.76,7.02,5.53,5.12,66425.47265625,81925,65029.81640625,108018,11564,8648,9864,8943.5,9277,7073,7316.5,6644.5,8700,17954.5,7855,9754.5,9751,NA
"08-MAR-2021",2021-03-08 08:49:39,"2021-03-08","8H 49M 39S","Unknown","2.16.0","Unknown","Unknown",570,270,467,473,408,509,524,491,439,554,461,688,664,597,489,2.18,4.76,4.58,4.73,5.17,3.36,5.56,4.29,3.87,7.9,4.86,4.61,6.2,5.53,5.34,81375.578125,104239.21875,11114.7998046875,8288.740234375,9380.240234375,8684.6201171875,8986.3798828125,6916.61962890625,7078.7998046875,6453.5400390625,9365.6396484375,15005.759765625,6559.9599609375,8129.8798828125,8116.23974609375,NA,NA,NA,NA,NA,NA,NA,NA,570,570,270,270,467,473,408,509,524,491,439,554,461,688,664,597,489,0.74,1.78,1.06,4.28,3.82,4.18,4.38,3.72,6.42,4.79,4.26,8.9,5.33,4.33,6.73,5.4,4.94,65363.515625,81705,63669.46875,107241,11577,8664,9881,8921,9261,6995,7236,6564,8683,17939,7863,9766,9755,NA
"05-MAR-2021",2021-03-05 08:27:17,"2021-03-05","8H 27M 17S","Unknown","2.16.0","Unknown","Unknown",570,270,467,473,408,509,524,491,439,554,461,688,664,597,489,1.85,4.48,3.47,3.99,4.29,3.11,5.51,3.68,3.28,7.58,4.8,4.25,6.15,5.39,4.89,83055.01171875,107039.109375,11623.1796875,8481.1396484375,9809.4404296875,8819.919921875,9172.10986328125,7391.93994140625,7462.31982421875,6883.97998046875,10184.7001953125,18560.958984375,8091.82006835938,10020.5595703125,10050.259765625,NA,NA,NA,NA,NA,NA,NA,NA,570,570,270,270,467,473,408,509,524,491,439,554,461,688,664,597,489,0.64,1.76,0.95,4.31,3.91,4.27,4.31,3.65,6.61,4.36,3.54,8.74,5.14,4.68,6.58,5.72,5,66007.83984375,82550.5,64632.107421875,108742.5,11573,8519.5,9904,8926,9269,7311,7547,6892.5,8763,17838.5,7774,9635,9681.5,NA
"05-MAR-2021",2021-03-05 08:26:04,"2021-03-05","8H 26M 4S","Unknown","2.16.0","Unknown","Unknown",570,270,467,473,408,509,524,491,439,554,461,688,664,597,489,1.95,4.36,4.14,4.62,4.76,2.99,5.37,3.69,3.27,7.48,4.52,4.44,6.06,5.34,4.91,81670.84375,103766.078125,10856.5400390625,7939.4599609375,9214.48046875,8574.740234375,8940.4599609375,7003.31982421875,7159.3798828125,6553.5,9334.01953125,15026,6499.68017578125,8101.7197265625,8165.080078125,NA,NA,NA,NA,NA,NA,NA,NA,570,570,270,270,467,473,408,509,524,491,439,554,461,688,664,597,489,0.66,1.74,0.91,4.25,3.81,4.02,4.21,3.53,6.33,4.21,3.75,8.69,5.02,4.48,6.19,5.23,4.71,65054.6015625,82291,63044.12109375,107900,11633,8553,9958,8899,9277,7223,7470,6809,8747,17842,7758,9674,9719,NA
"04-MAR-2021",2021-03-04 08:36:38,"2021-03-04","8H 36M 38S","Unknown","2.16.0","Unknown","Unknown",570,270,467,473,408,509,524,491,439,554,461,688,664,597,489,2.65,5.06,3.53,4.1,4.05,3.82,5.59,3.77,3.15,7.57,4.62,4.07,6.18,4.97,4.67,81843.6328125,105911.19921875,11602.4599609375,8673.91015625,10077.3203125,8666.990234375,9149.14990234375,7363.88989257812,7442.93994140625,6885,10256.6098632812,18508.3798828125,8062.78002929688,10124.6201171875,10261.240234375,NA,NA,NA,NA,NA,NA,NA,NA,570,570,270,270,467,473,408,509,524,491,439,554,461,688,664,597,489,0.69,2.36,0.91,4.46,3.91,4.14,4.32,4.09,6.55,4.13,3.49,8.9,5.19,4.53,6.71,5.41,4.87,65948.546875,81443.5,64501.408203125,107515.5,11544,8711,10168.5,8777,9267.5,7511,7780,7105,8943,18198,7934,9941.5,10094,NA
"04-MAR-2021",2021-03-04 08:33:53,"2021-03-04","8H 33M 53S","Unknown","2.16.0","Unknown","Unknown",570,270,467,473,408,509,524,491,439,554,461,688,664,597,489,2.69,4.84,4.05,4.71,4.61,3.71,5.7,3.72,2.95,7.34,4.66,4.51,6.34,5.57,5.08,81291.9609375,104677.51171875,11003.7998046875,8162.93994140625,9496.419921875,8562.439453125,9061.41015625,7065.5400390625,7242,6667.73974609375,9469.6796875,15015.439453125,6551.60009765625,8138.90014648438,8276.400390625,NA,NA,NA,NA,NA,NA,NA,NA,570,570,270,270,467,473,408,509,524,491,439,554,461,688,664,597,489,0.7,2.4,0.87,4.37,3.9,4.52,4.34,3.93,6.6,3.96,3.3,8.33,5.23,4.75,6.84,5.49,4.82,65188.400390625,81821.5,63492.203125,108014.5,11528.5,8699.5,10149,8819,9321,7509,7801,7121,8942,18179,7926.5,9974.5,10110,NA
"03-MAR-2021",2021-03-03 08:36:52,"2021-03-03","8H 36M 52S","Unknown","2.16.0","Unknown","Unknown",570,270,467,473,408,509,524,491,439,554,461,688,664,597,489,2.96,5.96,5.12,5.71,6.23,4.38,5.9,5.44,4.97,8.54,4.79,4.65,6.81,5.85,5.32,82614.34375,107099.3828125,11561.759765625,8228.060546875,9430.93017578125,8841.64990234375,8988.01953125,7602.57006835938,7576.56005859375,6934.46997070312,10400.4296875,17666.2197265625,7755.8798828125,9638.85986328125,9533.47998046875,NA,NA,NA,NA,NA,NA,NA,NA,570,570,270,270,467,473,408,509,524,491,439,554,461,688,664,597,489,0.95,2.48,1.47,4.85,4.95,5.41,5.75,4.13,6.82,6.1,5.59,9.63,5.17,5.2,7.6,6.34,5.75,66112.02734375,81967,64834.80859375,107972.5,11482,8242,9483,8899,9076.5,7714.5,7862,7090,8983,17102.5,7509.5,9309.5,9244.5,NA
"03-MAR-2021",2021-03-03 08:34:31,"2021-03-03","8H 34M 31S","Unknown","2.16.0","Unknown","Unknown",570,270,467,473,408,509,524,491,439,554,461,688,664,597,489,2.77,5.59,5.1,5.6,5.98,4.11,5.63,4.93,4.44,8.5,4.88,4.68,6.92,5.89,5.56,81826.609375,105091.60546875,11188.060546875,7960.92016601562,9116.43017578125,8759.240234375,8846.56982421875,7294.02001953125,7334.30981445312,6677.93994140625,9551.2802734375,14502.3999023438,6366.13989257812,7887.8798828125,7812.86010742188,NA,NA,NA,NA,NA,NA,NA,NA,570,570,270,270,467,473,408,509,524,491,439,554,461,688,664,597,489,0.86,2.42,1.16,4.87,4.78,5.09,5.42,4.21,6.64,5.41,5.09,9.73,5.02,5,7.37,5.9,5.58,65292.2109375,82215.5,63747.00390625,107985.5,11542.5,8239,9490,8942,9069,7714.5,7846,7089,8956,17170.5,7543,9328.5,9265.5,NA
"02-MAR-2021",2021-03-02 08:24:23,"2021-03-02","8H 24M 23S","Unknown","LSRII","1","Administrator",570,270,467,473,408,509,524,491,439,554,461,688,664,597,489,3.06,4.91,5.58,5.69,5.84,4.12,5.72,4.02,3.42,7.36,5.48,6.46,8.59,7.22,7.18,81825.50390625,104483.16796875,11009.7197265625,7975.72021484375,9030.2197265625,8668.2197265625,8691.1796875,7407.23974609375,7432.73974609375,6803.39990234375,9477.83935546875,14483.4799804688,6397.38012695312,7787.78002929688,7749.7197265625,59.85,0,20.3,40.4,0.74,0.82,1.02,0.44,570,570,270,270,467,473,408,509,524,491,439,554,461,688,664,597,489,0.92,2.67,1.33,4.3,4.22,4.56,4.82,3.96,6.36,4.07,3.65,7.93,4.58,5.17,7.05,6,5.68,65422.06640625,82004,63888.84375,107068.5,11527,8346,9488.5,8890,8966.5,8044,8160,7407.5,9030,17065.5,7491.5,9160,9174,NA
"02-MAR-2021",2021-03-02 08:23:49,"2021-03-02","8H 23M 49S","Unknown","2.16.0","Unknown","Unknown",570,270,467,473,408,509,524,491,439,554,461,688,664,597,489,2.81,5.26,4.26,4.7,5.05,4.07,5.79,3.88,3.28,7.74,4.53,4.69,6.68,5.58,5.12,82815.6171875,106183.4375,11688.2998046875,8372.73046875,9501.23046875,8841.240234375,8919.5498046875,7692.32983398438,7620.92993164062,7050.23974609375,10372.3798828125,17866.6396484375,7827.16015625,9634.02001953125,9584.9599609375,NA,NA,NA,NA,NA,NA,NA,NA,570,570,270,270,467,473,408,509,524,491,439,554,461,688,664,597,489,0.86,2.41,1.3,4.59,4.18,4.69,4.88,4.11,6.8,4.2,3.69,8.76,5.09,5.2,7.46,6.14,5.5,65974.14453125,82368,64652.369140625,107466.5,11627,8404,9579,8911,8999,8037,8153.5,7443,9094.5,17193,7552,9265,9252.5,NA
"01-MAR-2021",2021-03-01 09:00:31,"2021-03-01","9H 0M 31S","Unknown","2.16.0","Unknown","Unknown",570,270,467,473,408,509,524,491,439,554,461,688,664,597,489,2.45,5.07,3.67,4.23,4.31,3.7,5.82,4.38,3.84,8.23,4.96,4.22,6.24,5.3,4.8,82451.5390625,107473.296875,11517.3603515625,8303.5400390625,9310.6796875,8979,9126.599609375,7391.93994140625,7320.5400390625,6765.65966796875,10130.6396484375,17887.3203125,7846.080078125,9650.080078125,9581.4404296875,NA,NA,NA,NA,NA,NA,NA,NA,570,570,270,270,467,473,408,509,524,491,439,554,461,688,664,597,489,0.68,2.39,0.84,4.48,4.05,4.5,4.47,4.03,6.73,4.73,4.16,8.9,5.42,4.7,6.82,5.42,4.97,66385.421875,81497,64999.70703125,108311,11524,8369,9429,9023,9165,8019,8166,7428,8993,17167,7527,9249,9220,NA
"01-MAR-2021",2021-03-01 08:58:26,"2021-03-01","8H 58M 26S","Unknown","2.16.0","Unknown","Unknown",570,270,467,473,408,509,524,491,439,554,461,688,664,597,489,2.63,5.03,5.59,5.62,5.98,3.75,5.58,4.06,3.93,7.97,4.79,5.36,6.87,5.88,5.61,81013.71875,105065.78125,10789.2001953125,7847.7001953125,8728.2998046875,8781.3798828125,8886.33984375,7069.61962890625,7085.93994140625,6490.259765625,9246.2998046875,14277.1201171875,6245.35986328125,7729.47998046875,7646.31982421875,NA,NA,NA,NA,NA,NA,NA,NA,570,570,270,270,467,473,408,509,524,491,439,554,461,688,664,597,489,0.77,2.34,0.93,4.26,4.11,4.17,4.3,3.97,6.42,4.39,4.16,8.56,5.12,4.4,6.41,5.34,4.53,65450.50390625,81175,63829.97265625,107673,11520,8356,9404,9000,9145,7999,8152,7415,8968,17115,7495,9245,9187,NA
"26-FEB-2021",2021-02-26 08:17:24,"2021-02-26","8H 17M 24S","Unknown","2.16.0","Unknown","Unknown",570,270,467,473,408,509,524,491,439,554,461,688,664,597,489,2.64,4.89,4.25,5.01,5.35,3.83,5.36,4.19,3.73,7.55,4.47,4.52,6.2,5.26,5.13,82576.23046875,106035.8359375,13535.7099609375,9732.85009765625,10982.7099609375,9025.740234375,9983.91015625,7576.56005859375,7679.07006835938,7103.78979492188,10197.9599609375,17949.580078125,7840.57983398438,11104.0600585938,10995.8198242188,NA,NA,NA,NA,NA,NA,NA,NA,570,570,270,270,467,473,408,509,524,491,439,554,461,688,664,597,489,0.82,2.41,1.27,4.22,4.29,4.88,5.31,4.08,6.34,4.86,4.25,8.15,4.81,5.09,6.87,5.52,5.43,65862.66015625,82206,64482.888671875,107636.5,13460,9757,11099,9125,10096,7675.5,7959,7260,8948,17394,7616,10750.5,10680,NA
"26-FEB-2021",2021-02-26 08:15:53,"2021-02-26","8H 15M 53S","Unknown","2.16.0","Unknown","Unknown",570,270,467,473,408,509,524,491,439,554,461,688,664,597,489,2.39,4.4,4.46,5.07,5.42,3.5,5.17,3.88,3.3,7.09,4.22,4.58,6.12,5.15,5.28,81716.71875,103766.078125,12679.900390625,9117.5400390625,10331.1396484375,8869.939453125,9749.7998046875,7240.97998046875,7418.4599609375,6804.419921875,9359.51953125,14354.1201171875,6328.52001953125,8891.080078125,8778.8798828125,NA,NA,NA,NA,NA,NA,NA,NA,570,570,270,270,467,473,408,509,524,491,439,554,461,688,664,597,489,0.76,2.11,1.12,3.96,4.01,4.48,4.87,3.64,6.06,4.47,3.74,8.08,4.53,4.52,6.64,5.38,5.19,65024.7421875,82405,63459.8046875,106987,13457,9732,11076,9127,10076,7656,7918,7212,8908,17346,7591,10714,10663,NA
"25-FEB-2021",2021-02-25 08:47:09,"2021-02-25","8H 47M 9S","Unknown","2.16.0","Unknown","Unknown",570,270,467,473,408,509,524,491,439,554,461,688,664,597,489,3.56,5.74,3.91,4.58,4.92,4.58,5.71,3.5,2.98,7.38,4.56,4.35,6.21,4.93,4.89,81698.58984375,106194.51171875,13365.140625,9704.73046875,10908.3403320312,9029.83984375,9952.75,7685.69970703125,7758.11962890625,7155.2998046875,10067.9096679688,18041.1005859375,7909.21997070312,11024.6396484375,10990.3203125,NA,NA,NA,NA,NA,NA,NA,NA,570,570,270,270,467,473,408,509,524,491,439,554,461,688,664,597,489,0.91,3.09,1.21,4.68,3.97,4.59,4.89,4.38,6.29,3.8,3.41,8.17,4.92,4.81,6.82,5.39,5.08,66086.515625,81114.5,64660.0390625,107211.5,13292,9762.5,11048.5,9087.5,10035,8057.5,8337.5,7581,8974.5,17650.5,7734,10779,10776.5,NA
"25-FEB-2021",2021-02-25 08:46:07,"2021-02-25","8H 46M 7S","Unknown","2.16.0","Unknown","Unknown",570,270,467,473,408,509,524,491,439,554,461,688,664,597,489,3.94,5.65,4.68,5.44,5.32,4.77,5.78,3.36,3.01,6.94,4.07,4.76,6.44,5.24,5.59,80164.203125,102750.1015625,12400.1796875,8919.2197265625,10188.3203125,8812.5400390625,9648.939453125,7326.65966796875,7489.85986328125,6821.759765625,9209.580078125,14184.7197265625,6303,8742.3603515625,8664.4794921875,NA,NA,NA,NA,NA,NA,NA,NA,570,570,270,270,467,473,408,509,524,491,439,554,461,688,664,597,489,0.9,3.35,1.15,4.76,3.7,4.28,4.63,4.4,6.21,3.72,3.29,7.8,4.54,4.35,6.45,4.9,4.88,65008.07421875,80825,63349.2265625,105962,13333,9797,11101,9028,9960,8008,8281,7492,8971,17610,7746,10811,10814,NA
"24-FEB-2021",2021-02-24 14:23:04,"2021-02-24","14H 23M 4S","Unknown","2.16.0","Unknown","Unknown",570,270,467,473,408,509,524,491,439,554,461,688,664,597,489,2.89,5.14,3.24,4.15,4.62,3.91,5.67,3.25,2.69,7.03,4.58,4.12,5.59,5.13,5.16,83713.984375,105447.8984375,13320.740234375,9782.060546875,11219.140625,8919.9599609375,10040.080078125,7765.259765625,7862.15966796875,7159.3798828125,10367.2802734375,18077.400390625,7908.56005859375,11171.599609375,11066,NA,NA,NA,NA,NA,NA,NA,NA,570,570,270,270,467,473,408,509,524,491,439,554,461,688,664,597,489,0.84,2.16,0.73,4.45,3.65,4.33,4.71,3.91,6.23,3.77,2.87,8.11,4.61,4.29,6,5.25,5.26,66489.1484375,82677,65321.41796875,105616,13240,9830,11327,8906,9998,8229,8523,7645,9233,18110,7906,11182,11099,NA
"24-FEB-2021",2021-02-24 08:27:01,"2021-02-24","8H 27M 1S","Unknown","2.16.0","Unknown","Unknown",570,270,467,473,408,509,524,491,439,554,461,688,664,597,489,2.05,4.22,3.08,3.73,4.02,3.13,5.05,3.1,2.59,7.11,4.33,4.02,5.79,4.89,4.77,82485.58203125,107216.640625,13587.140625,9812.77001953125,11082.6103515625,9144.6396484375,10093.7900390625,7686.20971679688,7835.6396484375,7225.6796875,10226.009765625,18376.8193359375,8055.30004882812,11274.7797851562,11271.0400390625,NA,NA,NA,NA,NA,NA,NA,NA,570,570,270,270,467,473,408,509,524,491,439,554,461,688,664,597,489,0.56,1.97,0.8,4.05,3.34,3.92,4.24,3.59,5.94,3.45,2.92,8.05,4.79,4.41,6.46,5.15,4.83,65963.57421875,81978,64475.970703125,109114.5,13492,9836,11197,9263.5,10204,7925.5,8273,7515,9031,17703,7773.5,10856.5,10888,NA
"24-FEB-2021",2021-02-24 08:25:42,"2021-02-24","8H 25M 42S","Unknown","2.16.0","Unknown","Unknown",570,270,467,473,408,509,524,491,439,554,461,688,664,597,489,2.2,4.64,4.8,4.97,5.59,3.34,5.26,3.19,2.68,7.14,4.41,4.91,6.26,5.44,5.2,80749.171875,104705.38671875,12502.669921875,9126.0498046875,10239.3798828125,8988.4296875,9855.580078125,7337.8798828125,7562.27978515625,6944.66967773438,9334.01953125,14613.2797851562,6453.26000976562,8978.6396484375,9012.51953125,NA,NA,NA,NA,NA,NA,NA,NA,570,570,270,270,467,473,408,509,524,491,439,554,461,688,664,597,489,0.62,1.96,0.78,4.39,3.45,3.99,4.35,3.63,5.84,3.55,3,8.2,4.85,4.56,6.53,5.21,4.83,65010.736328125,81500.5,63265.740234375,108538.5,13521,9816,11197.5,9252,10202,7886,8243,7487,8989,17713,7767,10852,10853.5,NA
"23-FEB-2021",2021-02-23 08:40:35,"2021-02-23","8H 40M 35S","Unknown","2.16.0","Unknown","Unknown",570,270,467,473,408,509,524,491,439,554,461,688,664,597,489,2.11,4.35,3.05,3.84,4.13,3.11,5.19,3.01,2.5,6.86,4.29,4.05,5.75,5.02,4.57,84288.9609375,108726.2578125,13628.580078125,9873.8203125,11135.8901367188,9252.8798828125,10245.080078125,7723.94995117188,7869.2998046875,7271.580078125,10234.6796875,18343.16015625,8049.7998046875,11294.7998046875,11304.919921875,NA,NA,NA,NA,NA,NA,NA,NA,570,570,270,270,467,473,408,509,524,491,439,554,461,688,664,597,489,0.57,2,0.84,4.09,3.42,4.1,4.29,3.6,6.14,3.43,2.84,8.08,5.04,4.48,6.41,5.21,4.67,66162.55078125,83582,64885.05859375,109912.5,13550,9903.5,11242,9319.5,10310,7954,8304,7566.5,9009,17655,7744,10828,10883,NA
"23-FEB-2021",2021-02-23 08:39:19,"2021-02-23","8H 39M 19S","Unknown","2.16.0","Unknown","Unknown",570,270,467,473,408,509,524,491,439,554,461,688,664,597,489,2.24,4.61,4.75,5.86,5.54,3.47,5.13,3.24,2.72,6.82,4.46,4.78,6.51,5.95,5.47,82398.2578125,104996.078125,12695.4404296875,9113.83984375,10424.3798828125,8977.3603515625,9885.099609375,7338.89990234375,7559.2197265625,6943.1396484375,9385.01953125,14645.400390625,6354.47998046875,8880.51953125,9053.8798828125,NA,NA,NA,NA,NA,NA,NA,NA,570,570,270,270,467,473,408,509,524,491,439,554,461,688,664,597,489,0.62,1.9,0.9,4.08,3.51,4.22,4.51,3.73,6.23,3.55,3.01,7.98,4.86,4.53,6.43,5.2,4.82,65064.30859375,83062,63148.80078125,108886,13606,9950,11303,9291,10286,7902,8237,7507,9006,17658,7749,10884,10929,NA
"22-FEB-2021",2021-02-22 09:19:39,"2021-02-22","9H 19M 39S","Unknown","2.16.0","Unknown","Unknown",570,270,467,473,408,509,524,491,439,554,461,688,664,597,489,1.87,4.23,3.33,4.04,4.35,3.01,5.35,3.26,2.53,7.08,4.56,4.45,6.23,5.3,5,84737.7734375,110064.91015625,13400.2900390625,9858.650390625,10934.240234375,9355.3798828125,10322.9794921875,7755.06005859375,7905,7334.30981445312,10236.7197265625,18059.580078125,7912.52001953125,11063.1401367188,11185.4599609375,NA,NA,NA,NA,NA,NA,NA,NA,570,570,270,270,467,473,408,509,524,491,439,554,461,688,664,597,489,0.57,1.87,0.8,3.92,3.64,4.3,4.52,3.55,6.39,3.67,2.96,8.41,5.02,4.99,6.84,5.63,5.18,66704.67578125,83342.5,65631.74609375,110004,13364.5,9929,11079.5,9344,10290,7853,8196.5,7522,8926.5,17598.5,7719,10779,10944.5,NA
"22-FEB-2021",2021-02-22 09:18:26,"2021-02-22","9H 18M 26S","Unknown","2.16.0","Unknown","Unknown",570,270,467,473,408,509,524,491,439,554,461,688,664,597,489,2.2,4.72,6.57,6.04,6.34,3.15,5.38,3.42,2.89,7.46,4.59,5.98,7.83,7.08,6.79,82880.37109375,106442.96875,12354.2998046875,9203.009765625,10249.3701171875,9075.349609375,9941.6796875,7331.759765625,7553.10009765625,6986.48999023438,9333,14323.1000976562,6169.68017578125,8570.31982421875,8738.83984375,NA,NA,NA,NA,NA,NA,NA,NA,570,570,270,270,467,473,408,509,524,491,439,554,461,688,664,597,489,0.66,1.95,0.9,4.23,3.64,4.33,4.58,3.53,6.25,3.83,3.08,8.53,4.97,4.77,6.91,5.39,5.26,65443.1953125,83113,63607.134765625,109607.5,13456,9993,11173.5,9344,10283,7784,8122,7431.5,8934.5,17678,7738.5,10826.5,10989,NA
"19-FEB-2021",2021-02-19 10:11:40,"2021-02-19","10H 11M 40S","Unknown","2.16.0","Unknown","Unknown",570,270,467,473,408,509,524,491,439,554,461,688,664,597,489,3.4,5.88,13.86,8.83,7.12,5.23,7.57,4.32,4.44,8.31,4.86,5.36,7.24,7.76,6.48,82223.6171875,105329,12327.66015625,8911.8203125,10244.560546875,8882.240234375,9535.7802734375,7243.02001953125,7384.7998046875,6820.73974609375,9368.7001953125,14645.400390625,6365.47998046875,8580,8858.080078125,NA,NA,NA,NA,NA,NA,NA,NA,570,570,270,270,467,473,408,509,524,491,439,554,461,688,664,597,489,0.82,2.88,1.3,5.18,13.72,8.34,6.27,5.11,8.28,4.82,4.78,9.3,5.28,5.26,7.32,7.59,5.97,64940.26953125,83045,63058.12109375,109352,12985,9533,10971,9219,9915,7602,7851,7189,8852,17405,7614,10314,10602,NA
"19-FEB-2021",2021-02-19 10:11:04,"2021-02-19","10H 11M 4S","Unknown","2.16.0","Unknown","Unknown",570,270,467,473,408,509,524,491,439,554,461,688,664,597,489,3.9,5.59,13.23,8.56,6.52,5.2,7.52,4.37,4.71,8.17,4.79,5.19,7.11,7.24,5.65,82225.09765625,105576.23046875,12854.169921875,9384.31005859375,10782.91015625,8993.759765625,9648.1201171875,7512.2998046875,7565.84985351562,6979.85986328125,10111.259765625,17971.359375,7865,10631.5,10902.3203125,NA,NA,NA,NA,NA,NA,NA,NA,570,570,270,270,467,473,408,509,524,491,439,554,461,688,664,597,489,0.92,3.07,1.36,4.91,12.89,8.26,6.14,5.14,8.08,4.99,5.07,9.4,5.02,5.38,7.68,7.59,5.74,65345.80078125,82680.5,64000.876953125,108005.5,12838,9473,10949.5,9173,9854,7570,7805,7121.5,8825,17306,7574.5,10242.5,10519,NA
"17-FEB-2021",2021-02-17 08:07:24,"2021-02-17","8H 7M 24S","Unknown","2.16.0","Unknown","Unknown",570,270,467,473,408,509,524,491,439,554,461,688,664,597,489,2.28,4.5,4.36,5.04,5.26,3.46,5.1,3.61,3.3,7.63,4.46,5.09,6.6,5.85,5.68,82783.8046875,107715.1953125,13754.3798828125,9911.560546875,11403.400390625,9124.9599609375,10219.66015625,7630.61962890625,7833.599609375,7215.47998046875,10173.4794921875,18803.83984375,8179.16015625,11386.3203125,11465.080078125,NA,NA,NA,NA,NA,NA,NA,NA,570,570,270,270,467,473,408,509,524,491,439,554,461,688,664,597,489,0.72,2.08,1.18,4.54,4.44,4.85,4.9,3.84,6.12,4.25,3.81,8.74,4.89,5.46,7.07,5.95,5.76,65911.390625,82450,64637.48828125,109459,13609,9907,11460,9229,10342,7563,7939,7225,8817,17981,7819,10855,10983,NA
"17-FEB-2021",2021-02-17 08:06:27,"2021-02-17","8H 6M 27S","Unknown","2.16.0","Unknown","Unknown",570,270,467,473,408,509,524,491,439,554,461,688,664,597,489,2.23,4.51,4.12,4.7,4.91,3.4,5.15,3.74,3.29,7.31,4.58,5.02,7.02,5.86,5.58,82017.53125,104708.2578125,13221.580078125,9483.1005859375,10990.1103515625,8942.099609375,9935.939453125,7315.43994140625,7605.62963867188,6951.2998046875,9386.0400390625,15297.919921875,6662.919921875,9235.81982421875,9338.5595703125,NA,NA,NA,NA,NA,NA,NA,NA,570,570,270,270,467,473,408,509,524,491,439,554,461,688,664,597,489,0.64,1.91,1.02,4.62,4.09,4.5,4.74,3.82,6.1,4.43,3.88,8.49,5.08,4.87,7.34,5.79,5.33,65148.53515625,82680.5,63227.580078125,108819,13628,9917,11472,9266.5,10349.5,7563,7946,7220,8807,17980,7854,10871.5,10986,NA
"16-FEB-2021",2021-02-16 08:40:48,"2021-02-16","8H 40M 48S","Unknown","2.16.0","Unknown","Unknown",570,270,467,473,408,509,524,491,439,554,461,688,664,597,489,2.45,4.4,3.03,3.62,3.72,3.3,5.01,3.03,2.56,7.35,4.58,4.03,5.92,4.92,4.62,82769,107329.796875,13771.400390625,10300.7998046875,11617.259765625,9136.439453125,10368.900390625,7675.5,7862.15966796875,7245.06005859375,10293.83984375,18986.880859375,8247.7998046875,11680.240234375,11801.240234375,NA,NA,NA,NA,NA,NA,NA,NA,570,570,270,270,467,473,408,509,524,491,439,554,461,688,664,597,489,0.54,2.45,0.75,4.19,3.38,3.88,3.93,3.7,6.06,3.4,2.85,7.74,4.99,4.4,6.65,5.28,4.65,65885.4296875,82377,64468.140625,109255,13699,10358,11770,9267,10519,8068,8469,7679,9181,18213,7936,11201,11352,NA
"16-FEB-2021",2021-02-16 08:39:20,"2021-02-16","8H 39M 20S","Unknown","2.16.0","Unknown","Unknown",570,270,467,473,408,509,524,491,439,554,461,688,664,597,489,2.64,4.47,4.05,4.12,4.41,3.45,5.22,2.99,2.46,6.83,4.32,4.36,6.14,5.02,4.58,81372.62109375,104695.55078125,12821.98046875,9684.009765625,10864.6796875,8944.5595703125,10099.1201171875,7332.77978515625,7613.27978515625,6957.419921875,9474.27001953125,15155.3603515625,6667.09985351562,9275.2001953125,9510.16015625,NA,NA,NA,NA,NA,NA,NA,NA,570,570,270,270,467,473,408,509,524,491,439,554,461,688,664,597,489,0.58,2.47,0.75,4.1,3.27,3.72,3.78,3.75,6.04,3.41,2.74,7.63,4.66,4.34,6.54,4.96,4.35,64954.998046875,82168.5,63290.79296875,108420.5,13763,10360,11811,9249,10459.5,8039,8436,7664,9144.5,18225,7949,11220.5,11369,NA
"15-FEB-2021",2021-02-15 09:12:30,"2021-02-15","9H 12M 30S","Unknown","2.16.0","Unknown","Unknown",570,270,467,473,408,509,524,491,439,554,461,688,664,597,489,2.25,4.68,2.95,3.5,3.75,3.47,5.17,3.28,2.59,7.06,4.38,4.06,5.66,4.76,4.41,82999.51171875,106987.44921875,13848.3603515625,10590.1396484375,11926.2099609375,9124.5498046875,10484.51953125,7601.0400390625,7824.419921875,7302.68969726562,10246.919921875,18901.51953125,8263.419921875,11925.3203125,12131.8999023438,NA,NA,NA,NA,NA,NA,NA,NA,570,570,270,270,467,473,408,509,524,491,439,554,461,688,664,597,489,0.56,2.04,1.02,4.2,3.38,3.69,3.96,3.79,6.08,3.66,3.01,8.05,4.84,4.45,6.37,5.14,4.56,65993.33984375,82475,64496.505859375,108629,13693,10585,11992,9231,10620,7743,8162,7515,9015,18259,7978,11506,11750,NA
"15-FEB-2021",2021-02-15 09:11:07,"2021-02-15","9H 11M 7S","Unknown","2.16.0","Unknown","Unknown",570,270,467,473,408,509,524,491,439,554,461,688,664,597,489,2.71,4.72,4.02,4.1,4.63,3.88,5.11,3.35,2.83,6.89,4.3,4.69,6.27,5.09,4.74,81242.37890625,103469.65234375,12901.16015625,9994.81005859375,11165.8603515625,8858.4599609375,10183.169921875,7229.759765625,7522.5,6954.86987304688,9333.509765625,15033.0400390625,6550.7197265625,9491.240234375,9714.3203125,NA,NA,NA,NA,NA,NA,NA,NA,570,570,270,270,467,473,408,509,524,491,439,554,461,688,664,597,489,0.66,2.22,0.91,4.06,3.33,3.62,3.75,3.98,5.89,3.7,3.15,7.74,4.8,4.15,6.35,4.84,4.29,64989.326171875,82033,62906.5390625,107638.5,13716.5,10593,12005,9206,10548,7689,8109.5,7436,8981.5,18216.5,7969.5,11479,11711.5,NA
"12-FEB-2021",2021-02-12 08:34:49,"2021-02-12","8H 34M 49S","Unknown","2.16.0","Unknown","Unknown",570,270,467,473,408,509,524,491,439,554,461,688,664,597,489,1.71,4.47,3.21,3.74,4,3.22,5.11,3.35,2.67,7.12,4.38,4.32,6.4,5.03,4.68,83045.0234375,108151.4375,13852.060546875,10380.7197265625,11759.33984375,9222.5400390625,10359.0595703125,7667.33984375,7879.5,7286.8798828125,10282.6201171875,18359,8051.56005859375,11634.0400390625,11759,NA,NA,NA,NA,NA,NA,NA,NA,570,570,270,270,467,473,408,509,524,491,439,554,461,688,664,597,489,0.5,1.58,0.67,4.03,3.52,4.09,4.12,3.52,6.11,3.94,3.22,8.17,4.92,4.67,7.08,5.38,4.8,65689.9453125,82917,64184.94921875,110348,13681,10367,11812,9385,10548,7568,7975,7274,8944,17498,7682,11054,11220,NA
"12-FEB-2021",2021-02-12 08:32:21,"2021-02-12","8H 32M 21S","Unknown","2.16.0","Unknown","Unknown",570,270,467,473,408,509,524,491,439,554,461,688,664,597,489,1.98,4.59,4.02,4.34,4.52,3.24,5.15,3.51,2.74,7.11,4.47,4.43,6.47,5.18,4.83,81976.4609375,106554.078125,13143.8798828125,9862.7197265625,11191.759765625,9073.2998046875,10159.7998046875,7333.7998046875,7622.4599609375,7014.5400390625,9516.599609375,14820.51953125,6514.2001953125,9430.080078125,9557.6796875,NA,NA,NA,NA,NA,NA,NA,NA,570,570,270,270,467,473,408,509,524,491,439,554,461,688,664,597,489,0.59,1.72,0.7,4.12,3.54,3.84,3.96,3.54,6.04,3.97,3.08,8.21,4.93,4.65,6.74,5.16,4.63,64908.1953125,82863,63416.640625,110059,13677,10337,11801,9389,10559,7553,7930,7226,8895,17429,7679,11067,11239,NA
"10-FEB-2021",2021-02-10 08:28:36,"2021-02-10","8H 28M 36S","Unknown","2.16.0","Unknown","Unknown",570,270,467,473,408,509,524,491,439,554,461,688,664,597,489,1.78,4.15,2.89,3.45,3.58,2.99,5.12,3.2,2.49,7.05,4.33,3.86,5.73,4.8,4.25,83583.7421875,107879.609375,13887.2099609375,10809.1796875,12489.3500976562,9161.8603515625,10597.2700195312,7626.5400390625,7828.5,7227.7197265625,10314.240234375,18294.1005859375,8024.93994140625,12186.8999023438,12619.6396484375,NA,NA,NA,NA,NA,NA,NA,NA,570,570,270,270,467,473,408,509,524,491,439,554,461,688,664,597,489,0.5,1.6,0.64,3.97,3.24,3.78,3.73,3.54,5.9,3.71,2.94,8.1,4.61,4.25,6.26,5.01,4.36,65663.7578125,83450.5,64197.75,110239,13744,10834,12550.5,9329.5,10782,7624,8019,7303,8982.5,17539.5,7708.5,11680,12126,NA
"10-FEB-2021",2021-02-10 08:27:09,"2021-02-10","8H 27M 9S","Unknown","2.16.0","Unknown","Unknown",570,270,467,473,408,509,524,491,439,554,461,688,664,597,489,2.06,4.63,4.32,5.13,5.19,3.31,5.08,3.31,2.74,6.95,4.58,4.41,6.35,5.41,4.98,82207.7109375,105628.296875,12927.0600585938,9972.6103515625,11541.0400390625,8965.8798828125,10344.2998046875,7268.52001953125,7548,6919.6796875,9463.0498046875,14750.7797851562,6453.69995117188,9685.7197265625,10106.3603515625,NA,NA,NA,NA,NA,NA,NA,NA,570,570,270,270,467,473,408,509,524,491,439,554,461,688,664,597,489,0.6,1.76,0.69,4.35,3.31,3.79,4,3.71,5.97,3.72,3.12,7.91,4.84,4.41,6.74,5.01,4.62,64691.400390625,83368,63190.59765625,109616.5,13786,10850,12599,9310,10783.5,7587.5,7973,7254,8952,17580,7700,11697,12167,NA
"09-FEB-2021",2021-02-09 08:45:55,"2021-02-09","8H 45M 55S","Unknown","2.16.0","Unknown","Unknown",570,270,467,473,408,509,524,491,439,554,461,688,664,597,489,2.17,4.73,2.92,3.45,3.6,3.33,5.05,3.6,3.15,7.41,4.55,4.04,5.97,4.84,4.46,83378.01953125,107033.78125,13886.4702148438,10868.0102539062,12601.4599609375,9045.419921875,10562.830078125,7534.73974609375,7707.11962890625,7125.7197265625,10202.5498046875,18313.900390625,8042.97998046875,12173.6997070312,12584.6596679688,NA,NA,NA,NA,NA,NA,NA,NA,570,570,270,270,467,473,408,509,524,491,439,554,461,688,664,597,489,0.52,1.94,0.68,4.46,3.31,3.87,3.78,3.73,6.07,4.15,3.5,8.53,5.07,4.34,6.57,5,4.54,65515.634765625,83451,63977.763671875,109693.5,13735,10866,12671,9232,10751,7453.5,7805.5,7132,8903.5,17652,7761,11737.5,12172,NA
"09-FEB-2021",2021-02-09 08:44:30,"2021-02-09","8H 44M 30S","Unknown","2.16.0","Unknown","Unknown",570,270,467,473,408,509,524,491,439,554,461,688,664,597,489,2.35,4.67,4.63,5.05,5.17,3.43,5.14,3.69,3.33,7.27,4.72,4.87,6.71,5.71,5.65,82005.3203125,104468,12955.919921875,10141.7001953125,11792.640625,8819.099609375,10279.51953125,7166.52001953125,7409.27978515625,6801.35986328125,9352.3798828125,14642.3203125,6369.8798828125,9671.2001953125,9964.6796875,NA,NA,NA,NA,NA,NA,NA,NA,570,570,270,270,467,473,408,509,524,491,439,554,461,688,664,597,489,0.62,1.97,0.75,4.48,3.47,3.74,3.94,3.72,5.98,4.16,3.55,8.34,5.15,4.33,6.48,5.09,4.72,64620.984375,83302,62870.40625,109013,13754,10855,12670,9215,10731,7419,7766,7074,8894,17648,7755,11737,12168,NA
"08-FEB-2021",2021-02-08 09:37:26,"2021-02-08","9H 37M 26S","Unknown","2.16.0","Unknown","Unknown",570,270,467,473,408,509,524,491,439,554,461,688,664,597,489,1.53,4.21,3.09,3.41,3.56,2.95,5,3.28,2.7,7.38,4.42,4.13,6.03,4.75,4.38,84544.2578125,109200.21875,13968.98046875,10948.669921875,12598.5,9314.3798828125,10739.9501953125,7812.1796875,8023.82983398438,7429.16967773438,10357.080078125,18368.8994140625,8066.52001953125,12223.6396484375,12785.080078125,NA,NA,NA,NA,NA,NA,NA,NA,570,570,270,270,467,473,408,509,524,491,439,554,461,688,664,597,489,0.55,1.48,0.73,4.03,3.32,3.68,3.71,3.42,5.79,3.65,3.09,8.18,4.85,4.5,6.55,5.07,4.55,66407.1875,83532,65055.373046875,110070.5,13768,10921,12644,9368,10785,7805,8198,7503,9040.5,17763,7794.5,11811,12387,NA
"08-FEB-2021",2021-02-08 09:36:15,"2021-02-08","9H 36M 15S","Unknown","2.16.0","Unknown","Unknown",570,270,467,473,408,509,524,491,439,554,461,688,664,597,489,1.91,4.58,3.48,3.68,4,3.37,5.26,3.5,3.06,7.09,4.87,4.39,6.19,4.86,4.74,83043.91015625,106807.4609375,13536.080078125,10624.1796875,12227.759765625,9148.740234375,10523.8798828125,7469.4599609375,7746.89990234375,7109.90991210938,9629.8193359375,14986.83984375,6615.17993164062,9975.89990234375,10472.66015625,NA,NA,NA,NA,NA,NA,NA,NA,570,570,270,270,467,473,408,509,524,491,439,554,461,688,664,597,489,0.67,1.63,0.79,4.42,3.59,3.74,3.67,3.78,6.09,4.09,3.44,8.28,4.99,4.54,6.75,5.13,4.63,65539.93359375,83173,63887.767578125,109607.5,13802,10940.5,12656,9366,10792,7776.5,8156,7432.5,9020,17742.5,7842,11844.5,12402,NA
"05-FEB-2021",2021-02-05 10:08:56,"2021-02-05","10H 8M 56S","Unknown","2.16.0","Unknown","Unknown",570,270,467,473,408,509,524,491,439,554,461,688,664,597,489,3.84,5.15,5.85,6.48,7.14,4.18,5.1,4.23,3.73,7.73,4.83,5.45,7.72,5.84,6.13,84868.01171875,107428.19921875,13135,10288.9599609375,11822.98046875,9050.75,10372.1796875,7392.9599609375,7679.57983398438,7020.65991210938,9555.86962890625,14965.0595703125,6568.31982421875,9743.7998046875,10174.33984375,NA,NA,NA,NA,NA,NA,NA,NA,570,570,270,270,467,473,408,509,524,491,439,554,461,688,664,597,489,0.92,3.53,1.33,5.2,5.53,6.11,6.77,4.61,6.37,4.76,3.95,8.8,5.24,5.28,7.69,5.86,6.32,66238.11328125,84157.5,64953.83203125,108630,13369.5,10584.5,12215.5,9179.5,10487,7999.5,8379,7567,9035,17697.5,7791,11542.5,12098,NA
"05-FEB-2021",2021-02-05 10:07:55,"2021-02-05","10H 7M 55S","Unknown","2.16.0","Unknown","Unknown",570,270,467,473,408,509,524,491,439,554,461,688,664,597,489,3.09,5.2,4.32,4.83,5.19,4.19,5.65,3.92,3.14,8,4.74,4.72,6.91,5.27,4.86,84705.578125,106231.41015625,13507.9599609375,10534.6396484375,12119.3500976562,9076.169921875,10493.5400390625,7593.89990234375,7799.93994140625,7109.39990234375,10117.3798828125,18319.6201171875,8048.69995117188,11861.740234375,12309.8798828125,NA,NA,NA,NA,NA,NA,NA,NA,570,570,270,270,467,473,408,509,524,491,439,554,461,688,664,597,489,0.72,2.61,1.37,4.61,4.41,4.81,5.17,4.18,6.46,4.17,3.48,8.69,5.13,5.2,7.66,5.71,5.17,66061.42578125,84207,64966.44921875,107096,13512.5,10673.5,12348,9124,10557,7926,8333.5,7491,9024,18091,7940,11714,12182,NA
"04-FEB-2021",2021-02-04 10:19:33,"2021-02-04","10H 19M 33S","Unknown","2.16.0","Unknown","Unknown",570,270,467,473,408,509,524,491,439,554,461,688,664,597,489,1.73,4.12,3.15,3.48,3.72,3.09,4.96,3.13,2.52,6.81,4.39,4.08,5.74,4.87,4.5,82924.40234375,105902.1796875,13209.740234375,10313.75,12007.240234375,8931.439453125,10260.66015625,7339.919921875,7669.3798828125,6999.23974609375,9464.580078125,15385.6997070312,6705.60009765625,9757.8798828125,10258.8198242188,NA,NA,NA,NA,NA,NA,NA,NA,570,570,270,270,467,473,408,509,524,491,439,554,461,688,664,597,489,0.5,1.53,0.65,4.22,3.27,3.75,3.69,3.43,5.74,3.61,3.04,7.79,4.78,4.24,6.21,4.89,4.39,65286.771484375,83280.5,63323.755859375,109756,13704.5,10755,12539,9223.5,10634,7710,8156,7368,8973,18283,8000,11706,12198,NA
"04-FEB-2021",2021-02-04 10:18:44,"2021-02-04","10H 18M 44S","Unknown","2.16.0","Unknown","Unknown",570,270,467,473,408,509,524,491,439,554,461,688,664,597,489,3.62,5.26,3.59,4.02,4.23,3.79,5.18,3.73,3.42,7.22,4.51,4.37,6.06,5.1,4.85,82987.3046875,107302.7421875,13847.6201171875,10728.5205078125,12496.3798828125,9111.83984375,10505.83984375,7613.27978515625,7867.259765625,7204.259765625,10192.859375,18764.240234375,8218.759765625,12074.0400390625,12538.240234375,NA,NA,NA,NA,NA,NA,NA,NA,570,570,270,270,467,473,408,509,524,491,439,554,461,688,664,597,489,1.45,2.22,1.37,4.69,3.63,3.93,4.05,3.72,6.03,3.99,3.39,8.29,5,4.48,6.84,5.2,4.95,65710.734375,83032,64557.27734375,108790,13742,10762,12597,9207,10622,7663,8088,7296,8951,18239,8001,11710,12199,NA
"03-FEB-2021",2021-02-03 09:09:04,"2021-02-03","9H 9M 4S","Unknown","2.16.0","Unknown","Unknown",570,270,467,473,408,509,524,491,439,554,461,688,664,597,489,1.84,4.4,3.2,3.64,3.76,3.25,5.02,3.08,2.49,6.78,4.33,4.08,5.78,4.98,4.58,84872.8203125,108621.296875,13748.4599609375,11099.259765625,13034.3603515625,9247.1396484375,10804.3203125,7719.35986328125,7953.9599609375,7355.2197265625,10333.6201171875,18754.560546875,8174.31982421875,12400.9599609375,13275.6796875,NA,NA,NA,NA,NA,NA,NA,NA,570,570,270,270,467,473,408,509,524,491,439,554,461,688,664,597,489,0.58,1.72,0.84,3.95,3.47,3.81,3.94,3.65,6.01,3.38,2.83,7.85,4.87,4.3,6.42,5.24,4.68,66235.46875,84069,64945.44140625,109517,13726,11206,13230,9311,10863,7980,8420,7691,9167,18335,8013,12118,13019,NA
"03-FEB-2021",2021-02-03 09:07:46,"2021-02-03","9H 7M 46S","Unknown","2.16.0","Unknown","Unknown",570,270,467,473,408,509,524,491,439,554,461,688,664,597,489,2.23,4.55,4.96,5.21,4.85,3.38,5.15,3.17,2.7,7.02,4.54,4.84,6.38,5.67,5.05,83052.421875,105404.4375,12743.5400390625,10300.7998046875,12269.2001953125,9041.3203125,10466.4794921875,7355.2197265625,7665.2998046875,7068.60009765625,9422.759765625,14945.4794921875,6524.759765625,9808.919921875,10687.16015625,NA,NA,NA,NA,NA,NA,NA,NA,570,570,270,270,467,473,408,509,524,491,439,554,461,688,664,597,489,0.69,1.97,0.82,4.16,3.33,3.61,3.91,3.57,6.06,3.44,2.92,8.14,4.78,4.37,6.29,4.94,4.31,65155.43359375,83614,63548.38671875,108604,13774,11227,13275,9264,10805,7934,8369,7647,9144,18374,8034,12122,13015,NA
"29-JAN-2021",2021-01-29 14:16:22,"2021-01-29","14H 16M 22S","Unknown","2.16.0","Unknown","Unknown",570,270,467,473,408,509,524,491,439,554,461,688,664,597,489,2.25,4.05,3.05,3.49,3.53,3.01,5.15,3.13,2.54,6.97,4.43,3.92,5.75,4.67,4.17,85143.29296875,107871.41015625,13480.2099609375,10426.6005859375,12060.8901367188,9035.580078125,10571.439453125,7629.60009765625,7910.099609375,7246.080078125,10317.2998046875,18697.80078125,8145.27978515625,12001,12302.1801757812,NA,NA,NA,NA,NA,NA,NA,NA,570,570,270,270,467,473,408,509,524,491,439,554,461,688,664,597,489,0.62,2.45,0.76,3.98,3.5,3.8,3.76,3.57,6.38,3.6,2.94,7.89,4.89,4.26,6.39,4.85,4.22,66480.99609375,84014.5,65175.916015625,108692.5,13564,10603,12337,9066,10589.5,7745,8220,7423,9077.5,18712,8162,12011,12343,NA
"29-JAN-2021",2021-01-29 14:13:25,"2021-01-29","14H 13M 25S","Unknown","2.16.0","Unknown","Unknown",570,270,467,473,408,509,524,491,439,554,461,688,664,597,489,2.54,4.3,3.86,4.11,4.35,3.13,5.12,3.24,2.6,6.95,4.47,4.52,6.38,5.32,4.88,83957.4375,106178.9296875,12806.0703125,9947.080078125,11504.0400390625,8916.6796875,10350.0400390625,7337.36987304688,7677.5400390625,7005.35986328125,9576.7802734375,15201.7797851562,6638.93994140625,9726.6396484375,10027.8198242188,NA,NA,NA,NA,NA,NA,NA,NA,570,570,270,270,467,473,408,509,524,491,439,554,461,688,664,597,489,0.63,2.71,0.8,4.32,3.77,4.04,4,3.72,6.12,3.67,2.93,7.97,4.84,4.37,6.64,5.12,4.63,65706.0234375,83781.5,64172.109375,108657,13533,10597,12316,9057.5,10564,7748,8207,7421,9086.5,18644.5,8126,11985,12323.5,NA
"28-JAN-2021",2021-01-28 09:27:33,"2021-01-28","9H 27M 33S","Unknown","2.16.0","Unknown","Unknown",570,270,467,473,408,509,524,491,439,554,461,688,664,597,489,1.86,4.42,2.92,3.8,4.03,2.98,5.34,3.14,2.47,7.01,4.25,4.03,5.98,4.98,4.67,84559.0625,109091.56640625,13584.1796875,9277.3798828125,10419.2001953125,9297.16015625,9971.2001953125,8010.07958984375,8246.6796875,7561.83984375,10527.919921875,17985.6103515625,7905.55029296875,10509.2001953125,10228.8403320312,NA,NA,NA,NA,NA,NA,NA,NA,570,570,270,270,467,473,408,509,524,491,439,554,461,688,664,597,489,0.54,1.77,0.65,4.4,3.38,4.12,4.33,3.43,6.31,3.47,2.84,8,4.76,4.44,6.61,5.39,4.75,66174.30859375,83856,64844.1171875,110408.5,13479,9309,10522.5,9370,10038,7938,8365,7558,9036,17893,7888.5,10449,10209,NA
"28-JAN-2021",2021-01-28 09:26:14,"2021-01-28","9H 26M 14S","Unknown","2.16.0","Unknown","Unknown",570,270,467,473,408,509,524,491,439,554,461,688,664,597,489,2.23,4.76,5.17,6.21,5.9,3.18,5.26,3.24,2.64,7.02,4.52,4.88,6.49,5.67,5.27,82988.0390625,106565.5625,12702.1005859375,8569.9404296875,9785.0205078125,9085.599609375,9712.080078125,7617.99951171875,7933.11962890625,7229.03955078125,9728.1591796875,14527.1201171875,6426.35009765625,8449.5,8279.2197265625,NA,NA,NA,NA,NA,NA,NA,NA,570,570,270,270,467,473,408,509,524,491,439,554,461,688,664,597,489,0.68,1.95,0.75,4.7,3.37,4.16,4.27,3.61,6.05,3.61,3.01,8.04,4.98,4.5,6.45,5.27,4.76,65094.43359375,83686,63708.38671875,109799,13558,9346,10592,9359,10003,7878,8288,7489,9014,17905,7859,10464,10225,NA
"27-JAN-2021",2021-01-27 09:03:52,"2021-01-27","9H 3M 52S","Unknown","2.16.0","Unknown","Unknown",570,270,467,473,408,509,524,491,439,554,461,688,664,597,489,1.61,3.89,3.16,3.93,4.32,2.94,5.08,3.1,2.5,7.12,4.25,4.19,6.14,5.14,4.74,84765.15234375,110109.6015625,13278.560546875,9168.23046875,10218.2900390625,9376.7001953125,10017.939453125,7914.39990234375,8141.11962890625,7474.4794921875,10356.8393554688,17687.62109375,7759.7802734375,10353.9697265625,10138.9697265625,NA,NA,NA,NA,NA,NA,NA,NA,570,570,270,270,467,473,408,509,524,491,439,554,461,688,664,597,489,0.48,1.56,0.66,4.02,3.54,4.25,4.57,3.43,6.18,3.38,2.77,7.65,4.8,4.54,6.66,5.53,5,66278.23046875,83890,65095.228515625,111112,13235,9242,10370,9425,10061.5,8113,8552,7739.5,9026.5,17530,7696.5,10242.5,10074,NA
"27-JAN-2021",2021-01-27 09:02:25,"2021-01-27","9H 2M 25S","Unknown","2.16.0","Unknown","Unknown",570,270,467,473,408,509,524,491,439,554,461,688,664,597,489,1.96,4.66,5.44,6.5,6.7,3.11,5.38,3.22,2.6,7.1,4.59,5.07,6.7,6.25,6.12,83437.21875,106868.55078125,12202.6005859375,8301.3203125,9302.91015625,9186.4599609375,9708.7998046875,7602.919921875,7862.39990234375,7184.31982421875,9431.759765625,14246.115234375,6253.06005859375,8185.91015625,8087.8701171875,NA,NA,NA,NA,NA,NA,NA,NA,570,570,270,270,467,473,408,509,524,491,439,554,461,688,664,597,489,0.59,1.77,0.8,4.68,3.55,4.28,4.71,3.6,6.38,3.48,2.76,7.76,4.93,4.68,6.59,5.41,5.2,65248.833984375,83900,63440.82421875,110598,13330,9282,10446,9432,10054.5,8118.5,8526,7726.5,9019,17634.5,7738,10310,10134.5,NA
"26-JAN-2021",2021-01-26 08:48:26,"2021-01-26","8H 48M 26S","Unknown","2.16.0","Unknown","Unknown",570,270,467,473,408,509,524,491,439,554,461,688,664,597,489,2.02,4.18,2.97,3.77,4.04,3.29,5.21,3.44,2.94,7.22,4.1,4.22,6.14,4.96,4.69,82673.5390625,106764,13732.1806640625,9380.98046875,10627.140625,9132.33984375,9934.2998046875,7717.83984375,7928.95947265625,7344.4794921875,10406.2392578125,17842.849609375,7841.05029296875,10645.509765625,10366.4404296875,NA,NA,NA,NA,NA,NA,NA,NA,570,570,270,270,467,473,408,509,524,491,439,554,461,688,664,597,489,0.52,1.79,0.6,3.92,3.41,4.15,4.45,3.79,6.18,3.93,3.32,8.28,4.75,4.51,6.5,5.19,4.7,65432.3125,82881,63713.21484375,109929,13620,9406,10729,9354,10166,7511,7907,7255,8919,17603,7750,10490,10254,NA
"26-JAN-2021",2021-01-26 08:47:10,"2021-01-26","8H 47M 10S","Unknown","2.16.0","Unknown","Unknown",570,270,467,473,408,509,524,491,439,554,461,688,664,597,489,2.17,4.51,5.88,6.95,7.12,3.38,4.96,3.45,3,7.18,4.32,4.47,6.29,5.59,5.34,81246.8203125,104535.2421875,12179.66015625,8166.64013671875,9285.5205078125,8986.3798828125,9725.2001953125,7373.599609375,7658.5595703125,7041.83984375,9554.4794921875,14222.25,6250.47998046875,8344.150390625,8169.5703125,NA,NA,NA,NA,NA,NA,NA,NA,570,570,270,270,467,473,408,509,524,491,439,554,461,688,664,597,489,0.59,1.88,0.67,4.28,3.32,4,4.16,3.7,5.9,3.9,3.19,8.18,4.74,4.29,6.41,5.11,4.59,64535.37890625,82609,62609.265625,109549,13604,9387,10719,9335,10131,7491,7866,7192,8882,17583,7731,10471,10218,NA
"25-JAN-2021",2021-01-25 08:47:21,"2021-01-25","8H 47M 21S","Unknown","2.16.0","Unknown","Unknown",570,270,467,473,408,509,524,491,439,554,461,688,664,597,489,1.62,3.8,3.27,3.97,4.09,2.94,5.19,3.15,2.55,6.87,4.53,4.43,6.34,5.26,4.9,85097.78125,110509.34765625,13792.8603515625,9376.169921875,10546.48046875,9508.7197265625,10191.7802734375,8042.31982421875,8282.5595703125,7635.6796875,10637.119140625,17815.544921875,7802.9951171875,10585.955078125,10409.009765625,NA,NA,NA,NA,NA,NA,NA,NA,570,570,270,270,467,473,408,509,524,491,439,554,461,688,664,597,489,0.52,1.66,0.95,4.22,3.63,4.22,4.34,3.68,6.45,3.57,2.93,8.31,5.2,4.82,6.9,5.53,4.87,66469.359375,83996,65276.1171875,111400,13649,9376,10612.5,9535.5,10212.5,7619.5,8033,7320.5,8958,17518.5,7670,10391,10242,NA
"25-JAN-2021",2021-01-25 08:46:13,"2021-01-25","8H 46M 13S","Unknown","2.16.0","Unknown","Unknown",570,270,467,473,408,509,524,491,439,554,461,688,664,597,489,1.56,4.05,4.47,5,5.25,2.98,5.06,3.37,2.72,6.85,4.39,4.57,6.45,5.49,5.21,83745.0625,108106.3359375,13029.1796875,8850.400390625,9993.7001953125,9298.7998046875,9917.080078125,7630.4794921875,7943.51953125,7275.83984375,9764.5595703125,14495.73046875,6347.66015625,8577.640625,8463.6904296875,NA,NA,NA,NA,NA,NA,NA,NA,570,570,270,270,467,473,408,509,524,491,439,554,461,688,664,597,489,0.57,1.54,0.9,4.21,3.41,4.17,4.42,3.6,6.1,3.87,3.11,8.03,4.92,4.49,6.71,5.45,4.92,65338.13671875,84100,64051.84765625,110873,13684,9388,10657,9544,10211,7580,7971,7273,8946,17530,7691,10410,10251,NA
"22-JAN-2021",2021-01-22 08:08:02,"2021-01-22","8H 8M 2S","Unknown","2.16.0","Unknown","Unknown",570,270,467,473,408,509,524,491,439,554,461,688,664,597,489,1.6,4.02,2.98,3.29,3.5,3.21,4.94,3.49,2.9,7.34,4.24,3.91,5.97,4.49,4.04,84203.1171875,107786.12890625,13861.6806640625,10429.1904296875,12329.140625,9184.41015625,10566.9296875,7747.4794921875,7987.19970703125,7403.23974609375,10411.439453125,18341.650390625,8037.77514648438,11715.5654296875,12186.2001953125,NA,NA,NA,NA,NA,NA,NA,NA,570,570,270,270,467,473,408,509,524,491,439,554,461,688,664,597,489,0.47,1.46,0.62,4.06,3.27,3.52,3.66,3.6,5.89,3.9,3.28,8.33,4.91,4.26,6.28,4.61,4.18,65741.5703125,83986,64309.884765625,110024,13820.5,10501,12506.5,9330,10723,7636,8058,7351,9002.5,18115,7938,11550,12055,NA
"22-JAN-2021",2021-01-22 08:06:19,"2021-01-22","8H 6M 19S","Unknown","2.16.0","Unknown","Unknown",570,270,467,473,408,509,524,491,439,554,461,688,664,597,489,1.86,4.4,6.87,6.41,6.51,3.28,4.87,3.55,3.18,7.21,4.6,4.73,6.78,5.71,4.9,82598.0625,105165,12169.2998046875,9355.080078125,11122.2001953125,8944.5595703125,10240.16015625,7339.27978515625,7649.19970703125,7037.6796875,9494.1591796875,14611.830078125,6310.68017578125,9181.3603515625,9736.490234375,NA,NA,NA,NA,NA,NA,NA,NA,570,570,270,270,467,473,408,509,524,491,439,554,461,688,664,597,489,0.58,1.59,0.7,4.2,3.32,3.57,3.69,3.75,5.85,3.96,3.38,8.21,4.78,4.2,6.45,4.82,4.07,64801.1953125,83624,63104.7265625,109336,13849,10504,12544,9321,10725,7554,7977,7298,8961,18102,7906,11562,12061,NA
"21-JAN-2021",2021-01-21 12:24:04,"2021-01-21","12H 24M 4S","Unknown","LSRII","1","Administrator",570,270,467,473,408,509,524,491,439,554,461,688,664,597,489,1.74,4.21,3.89,4,4.3,3.08,5.01,3.42,2.79,7.11,4.54,4.43,6.13,5.17,4.84,83786.5,106279.3828125,12507.48046875,9893.060546875,11727.5205078125,8878.9599609375,10400.8798828125,7538.9599609375,7842.6396484375,7203.03955078125,9585.6796875,14657.41015625,6336.91015625,9384.75,9847,60.02,0,20.16,40.41,0.74,0.82,1.04,0.43,570,570,270,270,467,473,408,509,524,491,439,554,461,688,664,597,489,0.48,1.67,0.71,4.59,3.6,3.9,4.07,3.69,5.86,3.72,3.15,8.09,4.82,4.55,6.63,5.04,4.48,65538.9140625,83880,63818.51953125,109523,13565,10693,12712,9115,10656,7924,8341,7570,9107,18296,7987,11799,12450,NA
"21-JAN-2021",2021-01-21 12:23:23,"2021-01-21","12H 23M 23S","Unknown","2.16.0","Unknown","Unknown",570,270,467,473,408,509,524,491,439,554,461,688,664,597,489,1.87,4.36,3.79,3.58,3.7,3.17,5.05,3.52,2.96,6.74,4.85,4.23,5.99,4.9,4.35,84851.359375,108865.66015625,13532.75,10539.080078125,12485.650390625,9104.4599609375,10665.330078125,7876.95971679688,8120.31982421875,7451.07958984375,10436.3994140625,18225.765625,7980.3701171875,11743.0854492188,12373.6806640625,NA,NA,NA,NA,NA,NA,NA,NA,570,570,270,270,467,473,408,509,524,491,439,554,461,688,664,597,489,0.55,1.75,0.81,4.71,3.98,3.95,3.96,3.69,6.09,3.83,3.46,8.37,5.29,4.6,6.09,5.1,4.41,66388.44921875,83877,65286.501953125,109709,13571.5,10688.5,12724,9127.5,10688,7896,8357,7572,9081.5,18338,8021.5,11813.5,12488.5,NA
"21-JAN-2021",2021-01-21 12:04:58,"2021-01-21","12H 4M 58S","Unknown","2.16.0","Unknown","Unknown",570,270,467,473,408,509,524,491,439,554,461,688,664,597,489,1.5,3.82,3.13,3.49,3.59,2.88,4.81,3.03,2.5,7.07,4.27,3.92,5.78,4.5,4.09,84656,108416.296875,13534.6005859375,10681.900390625,12584.4404296875,9083.1396484375,10759.2197265625,7845.759765625,8082.8798828125,7416.23974609375,10499.83984375,18173.51953125,7948.55029296875,11942.8203125,12622.650390625,NA,NA,NA,NA,NA,NA,NA,NA,570,570,270,270,467,473,408,509,524,491,439,554,461,688,664,597,489,0.5,1.42,0.72,4.21,3.45,3.65,3.72,3.45,5.76,3.41,2.86,8.07,4.59,4.18,6.33,4.82,4.18,66434.859375,83587,65220.61328125,109329,13605,10837,12860,9099,10782,7915,8342,7554,9149,18347,8035,12063,12775,NA
"21-JAN-2021",2021-01-21 12:03:08,"2021-01-21","12H 3M 8S","Unknown","LSRII","1","Administrator",570,270,467,473,408,509,524,491,439,554,461,688,664,597,489,1.49,3.93,3.43,3.72,4.03,2.89,4.81,3.08,2.61,7.25,4.51,4.19,5.97,4.94,4.48,83799.8203125,107456.078125,13015.1201171875,10311.16015625,12067.919921875,8956.0400390625,10569.7998046875,7551.43994140625,7867.599609375,7210.31982421875,9740.6396484375,14973.890625,6529.97998046875,9737.3505859375,10434.810546875,60.02,0,20.16,40.41,0.74,0.82,1.04,0.43,570,570,270,270,467,473,408,509,524,491,439,554,461,688,664,597,489,0.47,1.46,0.63,4.41,3.54,3.71,3.87,3.37,5.93,3.39,2.99,8.17,4.9,4.34,6.3,4.8,4.2,65767.5703125,83580,64570.734375,109481,13628,10880,12888,9119,10805,7906,8339,7565,9159,18370,8028,12107,12834,NA
"21-JAN-2021",2021-01-21 07:57:40,"2021-01-21","7H 57M 40S","Unknown","2.16.0","Unknown","Unknown",570,270,467,473,408,509,524,491,439,554,461,688,664,597,489,3.33,5.17,2.77,3.08,3.17,4.39,5.29,4.48,4.34,7.93,4.49,3.98,5.82,4.67,4.28,75646.21875,99824.0703125,13992.48046875,10821.0249023438,12851.720703125,8504.97021484375,10187.990234375,7500.06005859375,7607.2197265625,7150.64990234375,10494.83984375,17199.4501953125,7538.39990234375,11651.1743164062,12242.0249023438,NA,NA,NA,NA,NA,NA,NA,NA,570,570,270,270,467,473,408,509,524,491,439,554,461,688,664,597,489,0.56,2.94,0.76,4.62,3.12,3.29,3.41,4.34,5.88,5.1,4.65,8.72,4.88,4.1,6.17,4.82,4.29,63672.857421875,77928,62324.978515625,104855,14105,11012,13138,8873.5,10625.5,6803,7066,6556.5,8643.5,16682,7334,11279,11894,NA
"21-JAN-2021",2021-01-21 07:56:36,"2021-01-21","7H 56M 36S","Unknown","2.16.0","Unknown","Unknown",570,270,467,473,408,509,524,491,439,554,461,688,664,597,489,3.41,4.94,6.61,6.07,6.84,4.46,5.43,4.63,4.45,7.67,4.4,4.85,6.37,5.27,5.08,74299.87890625,97154.6328125,11556.5151367188,9303.0400390625,10750.7153320312,8279.2197265625,9878.8203125,7161.47998046875,7323.35986328125,6817.76977539062,9784.6201171875,12950.7749023438,5780.24975585938,8856,9213.07470703125,NA,NA,NA,NA,NA,NA,NA,NA,570,570,270,270,467,473,408,509,524,491,439,554,461,688,664,597,489,0.58,2.98,0.77,4.42,2.98,3.34,3.19,4.39,5.99,5.16,4.76,8.64,4.83,4.18,6.09,4.7,4.12,62808.689453125,77569.5,61338.34765625,103721,14112.5,11012,13126.5,8841.5,10605,6764.5,7007,6480.5,8622,16678,7318,11283,11870,NA
"20-JAN-2021",2021-01-20 08:40:08,"2021-01-20","8H 40M 8S","Unknown","2.16.0","Unknown","Unknown",570,270,467,473,408,509,524,491,439,554,461,688,664,597,489,3.19,4.7,2.65,3.11,3.32,4.22,5.42,3.94,3.78,7.38,4.38,4.09,5.59,4.5,4.13,75679.28125,98574.921875,13759.8256835938,9973.35498046875,11509.5107421875,8458.9599609375,9649.2001953125,7630.58984375,7717.7998046875,7210.5,10482.2998046875,16972.6494140625,7465.5,10703.0249023438,10931.849609375,NA,NA,NA,NA,NA,NA,NA,NA,570,570,270,270,467,473,408,509,524,491,439,554,461,688,664,597,489,0.6,2.73,0.56,4.16,3,3.4,3.43,4.16,6.04,4.31,4.01,8.2,4.7,4.28,6.32,4.77,4.24,63886.51171875,77682.5,62599.208984375,103053.5,13833,10140,11753,8771,10036,7116,7369.5,6786,8713,16576,7298,10439,10688,NA
"20-JAN-2021",2021-01-20 08:37:27,"2021-01-20","8H 37M 27S","Unknown","2.16.0","Unknown","Unknown",570,270,467,473,408,509,524,491,439,554,461,688,664,597,489,3.14,4.69,4.23,5.06,4.82,4.2,5.36,4.12,3.82,7.42,4.29,4.54,6.27,5.12,4.83,74247.4375,96559.9453125,12163.6298828125,8590.4599609375,10211.5400390625,8317.919921875,9364.5400390625,7300.56005859375,7472.69970703125,6948.2998046875,9739.01953125,12745.7998046875,5707.7998046875,8071.64990234375,8169.2998046875,NA,NA,NA,NA,NA,NA,NA,NA,570,570,270,270,467,473,408,509,524,491,439,554,461,688,664,597,489,0.59,2.66,0.6,4.18,2.98,3.29,3.48,4.18,6.16,4.55,4.09,8.39,4.54,4.04,6.2,4.83,4.19,63071.15234375,77249,61621.96875,102620,13880,10124,11752,8795,9993,7096,7328,6771,8652,16533,7274,10370,10646,NA
"19-JAN-2021",2021-01-19 08:50:50,"2021-01-19","8H 50M 50S","Unknown","2.16.0","Unknown","Unknown",570,270,467,473,408,509,524,491,439,554,461,688,664,597,489,2.96,4.61,2.65,3.06,3.08,4.02,5.26,3.58,3.2,7.33,4.13,3.87,5.69,4.62,4.08,76219.640625,99130.484375,13481.3505859375,9864.73046875,11536.7651367188,8429.2900390625,9650.060546875,7838.64013671875,7911.60009765625,7380.92993164062,10506.240234375,16931.0244140625,7419.599609375,10611.2250976562,10920.3745117188,NA,NA,NA,NA,NA,NA,NA,NA,570,570,270,270,467,473,408,509,524,491,439,554,461,688,664,597,489,0.56,2.67,0.78,4.34,3.14,3.42,3.29,3.96,6.09,4.12,3.4,7.92,4.59,4.16,6.1,4.71,4.15,64388.47265625,77651,63106.970703125,102971,13610,10054,11824.5,8692,9949.5,7485,7727,7121.5,8843,16891,7418,10578.5,10919,NA
"19-JAN-2021",2021-01-19 08:48:24,"2021-01-19","8H 48M 24S","Unknown","2.16.0","Unknown","Unknown",570,270,467,473,408,509,524,491,439,554,461,688,664,597,489,3.17,4.74,3.52,3.41,3.62,4.18,5.43,3.58,3.06,6.88,4.06,4.52,5.85,4.79,4.38,75521.95703125,97487.8828125,11685.6806640625,8820.3505859375,10381.390625,8274.919921875,9365.830078125,7522.28979492188,7676.759765625,7102.19970703125,9865.5595703125,12601.5747070312,5647.94970703125,7975.349609375,8126.099609375,NA,NA,NA,NA,NA,NA,NA,NA,570,570,270,270,467,473,408,509,524,491,439,554,461,688,664,597,489,0.57,2.73,0.74,4.41,3.05,3.18,3.33,4.25,6.07,4,3.46,7.66,4.42,4.35,6.21,4.46,4,63450.669921875,78047,62100.517578125,102829.5,13594,10057.5,11837,8671.5,9916,7449,7705,7081,8829,16859,7401,10561.5,10923,NA
"15-JAN-2021",2021-01-15 10:33:28,"2021-01-15","10H 33M 28S","Unknown","2.16.0","Unknown","Unknown",570,270,467,473,408,509,524,491,439,554,461,688,664,597,489,5.52,7.27,5.1,5.89,5.77,7.23,6.89,4.14,3.62,7.25,5.18,7.32,9.74,8.39,8.39,77910.640625,98807.125,12411.6904296875,8654.4501953125,9928.720703125,8344.580078125,9325.83984375,7870.56005859375,7937.81982421875,7364.39990234375,10086.7197265625,13025.25,5631.75,7516.349609375,7547.849609375,NA,NA,NA,NA,NA,NA,NA,NA,570,570,270,270,467,473,408,509,524,491,439,554,461,688,664,597,489,0.98,4.59,1.47,6.12,3.42,4.24,4.63,6.24,7.01,4.07,3.65,7.73,4.49,4.48,6.29,5.24,4.96,64177.28515625,79763,62814.328125,102670,13479,9438,10732,8646,9624,8053,8239,7560,9019,16923,7419,10078,10034,NA
"15-JAN-2021",2021-01-15 10:32:52,"2021-01-15","10H 32M 52S","Unknown","2.16.0","Unknown","Unknown",570,270,467,473,408,509,524,491,439,554,461,688,664,597,489,5.5,7.52,2.94,3.98,4.36,7.15,6.77,3.99,3.46,7.07,4.07,4.32,5.88,5.05,4.86,76598.5,96900.93359375,13283.060546875,9224.830078125,10457.23046875,8277.0703125,9287.5703125,8010.77978515625,8008.5,7478.39990234375,10555.259765625,16418.0244140625,7214.1748046875,9824.849609375,9754.4248046875,NA,NA,NA,NA,NA,NA,NA,NA,570,570,270,270,467,473,408,509,524,491,439,554,461,688,664,597,489,0.82,4.91,0.96,6.53,3.39,4.22,4.52,6.45,6.81,4.14,3.8,7.96,4.38,4.48,6.22,5.29,4.99,64361.623046875,78383,63401.912109375,99958.5,13457,9432.5,10749,8481,9479.5,7978,8164,7503,9010,16846,7379.5,10068,10019,NA
"14-JAN-2021",2021-01-14 09:51:21,"2021-01-14","9H 51M 21S","Unknown","2.16.0","Unknown","Unknown",570,270,467,473,408,509,524,491,439,554,461,688,664,597,489,3.88,5.44,3.38,4.2,4.48,4.76,5.79,3.71,3.36,6.88,4.31,4.26,6.06,5.28,5.25,73188,95476.34375,12472.5205078125,8637.8603515625,9624.5703125,8256.8603515625,9178.7802734375,7651.6796875,7755.419921875,7220.759765625,9970.439453125,13077.44921875,5640.75,7839.89990234375,7731,NA,NA,NA,NA,NA,NA,NA,NA,570,570,270,270,467,473,408,509,524,491,439,554,461,688,664,597,489,0.6,3.36,0.66,4.9,3.08,3.85,4.28,4.53,6.33,4.15,3.67,7.91,4.67,4.15,6.1,5.16,4.89,63056.640625,76161,61245.52734375,102051,13855,9862,11025,8705,9719,7615,7801,7201,8912,16523,7243,9969,9949,NA
"14-JAN-2021",2021-01-14 09:50:42,"2021-01-14","9H 50M 42S","Unknown","2.16.0","Unknown","Unknown",570,270,467,473,408,509,524,491,439,554,461,688,664,597,489,4.12,5.42,2.66,3.68,4.01,4.44,5.54,3.93,3.47,6.87,4.18,3.75,5.82,4.75,5.09,71289.140625,92747.1328125,13740.8657226562,9707.5205078125,10796.140625,8062.07006835938,9068.7001953125,7725.2099609375,7728.06005859375,7252.6796875,10523.33984375,16743.599609375,7346.69970703125,10224.6748046875,10154.7001953125,NA,NA,NA,NA,NA,NA,NA,NA,570,570,270,270,467,473,408,509,524,491,439,554,461,688,664,597,489,0.86,2.95,0.54,4.93,2.98,3.97,4.14,4.42,6.06,4.24,3.68,7.65,4.53,4.07,6.26,5.02,5.01,63168.482421875,74181.5,61883.01171875,98222.5,13794,9851,11003,8462,9511,7396.5,7573,7002.5,8860,16403.5,7193.5,9970.5,9937,NA
"13-JAN-2021",2021-01-13 08:37:50,"2021-01-13","8H 37M 50S","Unknown","2.16.0","Unknown","Unknown",570,270,467,473,408,509,524,491,439,554,461,688,664,597,489,2.97,4.96,2.72,3.58,3.93,4.04,5.55,3.8,3.42,7.35,4.1,4.08,5.9,5.18,5.1,76577.21875,99440.94140625,13909.5302734375,9784.150390625,10871.1904296875,8569.47021484375,9542.560546875,7872.83984375,7911.60009765625,7434.51000976562,10596.2998046875,16895.2490234375,7426.349609375,10327.2749023438,10290.1494140625,NA,NA,NA,NA,NA,NA,NA,NA,570,570,270,270,467,473,408,509,524,491,439,554,461,688,664,597,489,0.59,2.55,0.74,4.53,3.14,3.95,4.21,4.03,6.02,4.04,3.84,8.2,4.51,4.28,6.35,5.38,5.13,63851.056640625,78658,62591.712890625,104166,13918,9890.5,11050,8914.5,9911,7338,7555,6995,8797,16455,7250,10026,10020,NA
"13-JAN-2021",2021-01-13 08:36:42,"2021-01-13","8H 36M 42S","Unknown","2.16.0","Unknown","Unknown",570,270,467,473,408,509,524,491,439,554,461,688,664,597,489,3.21,5.3,5.61,7.11,6.69,4.46,5.4,4.17,3.73,7.25,4.33,4.84,6.45,5.83,5.99,74702.6796875,96428.359375,12285.2900390625,8464.060546875,9641.9501953125,8348.0205078125,9306.060546875,7492.080078125,7611.77978515625,7111.31982421875,9905.4599609375,12849.75,5739.75,7767.44970703125,7798.94970703125,NA,NA,NA,NA,NA,NA,NA,NA,570,570,270,270,467,473,408,509,524,491,439,554,461,688,664,597,489,0.64,2.67,0.81,4.85,3.18,4.04,4.49,4.36,6.02,4.52,3.97,8.18,4.58,4.24,6.27,5.2,5.17,62845.33203125,77977,61451.0390625,102819,13939,9909,11067,8840,9854,7277,7477,6927,8769,16486,7259,10043,10036,NA
"12-JAN-2021",2021-01-12 08:30:52,"2021-01-12","8H 30M 52S","Unknown","2.16.0","Unknown","Unknown",570,270,467,473,408,509,524,491,439,554,461,688,664,597,489,3.03,4.98,2.86,3.98,4.34,4.18,5.49,3.82,3.21,7.06,4.3,4.43,6.09,5.34,5.54,76153.140625,100659.9921875,14021.7099609375,9807.060546875,10945.0551757812,8711.80029296875,9699.51025390625,8006.2197265625,8051.81982421875,7514.8798828125,10698.8994140625,16835.625,7391.25,10344.6000976562,10300.5,NA,NA,NA,NA,NA,NA,NA,NA,570,570,270,270,467,473,408,509,524,491,439,554,461,688,664,597,489,0.59,2.61,0.68,4.32,3.31,4.18,4.63,4.14,6.3,4.29,3.63,8.29,4.8,4.61,6.51,5.38,5.54,64099.916015625,77965,62760.904296875,104926.5,14047,9927,11135,9024,10046,7478.5,7699,7091.5,8872,16328,7171,10010.5,10008,NA
"12-JAN-2021",2021-01-12 08:29:46,"2021-01-12","8H 29M 46S","Unknown","2.16.0","Unknown","Unknown",570,270,467,473,408,509,524,491,439,554,461,688,664,597,489,3.39,5.31,6.01,6.79,6.68,4.45,5.7,3.93,3.55,7.3,4.45,5.19,7,6.38,6.04,74645.6796875,98083.859375,12348.490234375,8648.1298828125,9883.6904296875,8501.1005859375,9441.9404296875,7618.6201171875,7761.1201171875,7195.6796875,9992.099609375,12954.599609375,5697,7881.75,8012.69970703125,NA,NA,NA,NA,NA,NA,NA,NA,570,570,270,270,467,473,408,509,524,491,439,554,461,688,664,597,489,0.64,2.84,0.71,4.57,3.16,4.06,4.47,4.31,6.23,4.45,3.96,8.54,4.87,4.58,6.59,5.47,5.31,63115.79296875,77606,61633.19921875,104123,14059,9922,11142,8988,9998,7430,7635,7027,8853,16341,7199,10031,10001,NA
"11-JAN-2021",2021-01-11 08:53:01,"2021-01-11","8H 53M 1S","Unknown","2.16.0","Unknown","Unknown",570,270,467,473,408,509,524,491,439,554,461,688,664,597,489,3.04,4.97,2.66,3.65,4.04,4.08,5.58,3.87,3.53,7.28,4.14,4,6.01,5.1,4.94,76703.37890625,100110.8828125,13893.73046875,9831.5498046875,10956.1157226562,8678.259765625,9692.63037109375,7908.1796875,7948.080078125,7439.64013671875,10682.939453125,16935.974609375,7431.07470703125,10440.2250976562,10415.6997070312,NA,NA,NA,NA,NA,NA,NA,NA,570,570,270,270,467,473,408,509,524,491,439,554,461,688,664,597,489,0.62,2.64,0.72,4.51,3.02,3.87,4.21,4.05,6.18,4.32,3.91,7.98,4.61,4.34,6.26,5.47,4.99,64094.22265625,78477,62819.59375,104296,13910,9940.5,11126,8985.5,10035.5,7328.5,7527,6949,8838,16511,7245,10157,10165,NA
"11-JAN-2021",2021-01-11 08:51:52,"2021-01-11","8H 51M 52S","Unknown","2.16.0","Unknown","Unknown",570,270,467,473,408,509,524,491,439,554,461,688,664,597,489,3.39,5.37,6.64,7.21,7.64,4.57,5.54,4.16,3.91,7.37,4.42,5.55,6.77,6.03,6.18,74885.078125,97138.71875,12124.919921875,8614.16015625,9592.1806640625,8403.060546875,9374,7518.2998046875,7644.83984375,7132.97998046875,9977.2802734375,12864.599609375,5653.7998046875,7994.25,8019.44970703125,NA,NA,NA,NA,NA,NA,NA,NA,570,570,270,270,467,473,408,509,524,491,439,554,461,688,664,597,489,0.67,2.82,0.78,4.75,3.11,3.88,4.36,4.46,6.15,4.42,4.24,8.19,4.64,4.37,6.07,5.24,5.12,63080.58984375,77900,61662.6484375,103088,13902,9935,11122,8934,10002,7248,7445,6880,8818,16488,7249,10164,10168,NA
"08-JAN-2021",2021-01-08 08:36:52,"2021-01-08","8H 36M 52S","Unknown","2.16.0","Unknown","Unknown",570,270,467,473,408,509,524,491,439,554,461,688,664,597,489,2.98,4.86,2.73,2.87,2.96,3.94,5.06,3.43,3.22,7.15,4.12,4.14,5.98,4.45,3.98,77200.80078125,101105.0390625,14113.7456054688,11479.490234375,13698.2055664062,8684.71044921875,10579.2900390625,8004.51000976562,8022.1796875,7527.419921875,10776.9897460938,16679.9248046875,7334.99975585938,11999.6997070312,13015.5747070312,NA,NA,NA,NA,NA,NA,NA,NA,570,570,270,270,467,473,408,509,524,491,439,554,461,688,664,597,489,0.56,2.65,0.72,4.06,3.08,3.18,3.14,3.98,5.73,3.97,3.58,7.98,4.49,4.39,6.53,4.63,3.96,64009.306640625,79092.5,62793.943359375,105236.5,14167,11622,13925,9002.5,10937,7478,7669,7098.5,8930,16071,7086,11534.5,12554,NA
"08-JAN-2021",2021-01-08 08:35:48,"2021-01-08","8H 35M 48S","Unknown","2.16.0","Unknown","Unknown",570,270,467,473,408,509,524,491,439,554,461,688,664,597,489,2.98,4.81,3.82,3.7,3.91,3.96,5.06,3.62,3.17,6.95,4.16,4.26,6.02,4.58,4.38,75610.1171875,98365.078125,12689.7705078125,10563.8798828125,12387.990234375,8469.2802734375,10333.759765625,7609.5,7728.06005859375,7178.580078125,10063.919921875,13085.099609375,5797.349609375,9336.1494140625,10186.2001953125,NA,NA,NA,NA,NA,NA,NA,NA,570,570,270,270,467,473,408,509,524,491,439,554,461,688,664,597,489,0.56,2.65,0.65,4.2,3,3.05,3.11,3.96,5.6,4.12,3.55,7.92,4.49,4.22,6.05,4.62,4,63020.2734375,78632,61887.6015625,104031,14198,11650,13932,8948,10905,7415,7593,7019,8887,16135,7082,11558,12562,NA
"07-JAN-2021",2021-01-07 09:27:27,"2021-01-07","9H 27M 27S","Unknown","2.16.0","Unknown","Unknown",570,270,467,473,408,509,524,491,439,554,461,688,664,597,489,2.88,5.03,2.83,2.91,3.03,4.3,5.05,3.47,2.89,7.07,4.22,3.95,5.9,4.39,4.01,77094.3984375,100788.1328125,13841.5908203125,11392.5903320312,13597.48046875,8548.400390625,10500.6005859375,8086.02001953125,8090.01000976562,7562.18994140625,10728.5400390625,16917.5244140625,7435.57470703125,12060.8994140625,13142.0249023438,NA,NA,NA,NA,NA,NA,NA,NA,570,570,270,270,467,473,408,509,524,491,439,554,461,688,664,597,489,0.61,2.46,0.8,4.57,3.2,3.25,3.23,4.22,5.73,3.78,3.21,7.8,4.63,4.27,6.09,4.58,4.1,64423.064453125,78490,63204.9765625,104357,13921,11571.5,13854,8800,10799.5,7806,8006,7376,9039,16670,7351,11871,12971,NA
"07-JAN-2021",2021-01-07 09:26:23,"2021-01-07","9H 26M 23S","Unknown","2.16.0","Unknown","Unknown",570,270,467,473,408,509,524,491,439,554,461,688,664,597,489,3.19,5.34,4.07,4.03,4.38,4.4,5.34,3.53,3.13,6.89,4.11,4.53,6.21,4.77,4.2,75029.4765625,97295.671875,12806.2954101562,10561.1157226562,12418.0107421875,8288.6796875,10190.1401367188,7692.7197265625,7777.080078125,7213.919921875,10041.1201171875,13068.6743164062,5836.27490234375,9423.4501953125,10328.1748046875,NA,NA,NA,NA,NA,NA,NA,NA,570,570,270,270,467,473,408,509,524,491,439,554,461,688,664,597,489,0.64,2.68,0.78,4.82,2.96,3.14,3.1,4.39,5.77,3.99,3.48,7.9,4.39,4.04,6.11,4.34,3.64,63334.431640625,77702,62224.103515625,102420.5,13889,11521,13777,8684,10685,7700,7892,7248,9004.5,16631,7335,11882,12973.5,NA
"06-JAN-2021",2021-01-06 11:54:02,"2021-01-06","11H 54M 2S","Unknown","2.16.0","Unknown","Unknown",570,270,467,473,408,509,524,491,439,554,461,688,664,597,489,1.96,4.55,3.05,3.31,3.33,3.75,5.27,3.05,2.58,7.33,4.27,4.09,6.02,4.46,4.08,81256.921875,102026.1015625,13599.060546875,11421.8203125,13419.73046875,8633.5400390625,10791.2802734375,8247.8994140625,8252.4599609375,7721.2197265625,10887,16789.94921875,7389,11971.7998046875,13134.1494140625,NA,NA,NA,NA,NA,NA,NA,NA,570,570,270,270,467,473,408,509,524,491,439,554,461,688,664,597,489,0.69,1.66,0.83,3.99,3.43,3.38,3.57,3.9,5.98,3.31,2.81,8.12,4.7,4.4,6.55,4.66,4.19,65387.8359375,81541,64588.80859375,103359,13787,11675,13805,8704,10888,8278,8483,7817,9307,17271,7611,12335,13542,NA
"06-JAN-2021",2021-01-06 11:53:13,"2021-01-06","11H 53M 13S","Unknown","2.16.0","Unknown","Unknown",570,270,467,473,408,509,524,491,439,554,461,688,664,597,489,2.4,5.23,3.56,3.84,3.72,4.42,5.25,3.27,2.68,7.2,4.46,5.06,7.01,5.69,5.18,79424.1796875,99631.859375,12861.5952148438,10799.6953125,12765.6103515625,8345.4404296875,10453.2998046875,7905.89990234375,8001.65966796875,7457.8798828125,10254.8696289062,13168.7998046875,5803.4248046875,9145.12451171875,10131.2998046875,NA,NA,NA,NA,NA,NA,NA,NA,570,570,270,270,467,473,408,509,524,491,439,554,461,688,664,597,489,0.7,2.02,0.75,4.56,3.37,3.58,3.41,4.47,6.16,3.41,2.94,8,4.79,4.45,6.65,4.77,4.18,64270.3671875,81123.5,63456.841796875,102670.5,13788,11662,13808,8618,10789,8208,8427,7775.5,9322,17202,7563,12274,13499,NA
"05-JAN-2021",2021-01-05 09:35:52,"2021-01-05","9H 35M 52S","Unknown","2.16.0","Unknown","Unknown",570,270,467,473,408,509,524,491,439,554,461,688,664,597,489,2.92,5.14,2.75,3.24,3.35,4.17,5.27,3.16,2.64,6.85,4.14,3.81,5.86,4.52,4.13,77090.98046875,100565.8203125,13668.580078125,10296.4653320312,11750.4599609375,8540.66015625,9945.900390625,8270.1298828125,8288.36962890625,7753.14013671875,10815.1796875,17433.6748046875,7634.02490234375,10947.3745117188,11280.599609375,NA,NA,NA,NA,NA,NA,NA,NA,570,570,270,270,467,473,408,509,524,491,439,554,461,688,664,597,489,0.71,2.49,0.83,4.55,3.01,3.4,3.56,4.25,5.95,3.35,2.73,7.51,4.64,4.06,6.24,4.64,4.15,64663.591796875,78224.5,63592.103515625,103516,13722,10449,12005,8750,10197,8264,8482,7803.5,9239,17203,7538,10785.5,11151.5,NA
"05-JAN-2021",2021-01-05 09:34:46,"2021-01-05","9H 34M 46S","Unknown","2.16.0","Unknown","Unknown",570,270,467,473,408,509,524,491,439,554,461,688,664,597,489,3.06,5.22,7.64,6.37,7.65,4.16,5.58,3.11,2.61,6.91,4.33,6.52,7.05,6.63,6.01,76215.8359375,98775.3046875,12820.1201171875,9752.5498046875,11052.1005859375,8421.1201171875,9760.140625,7995.9599609375,8097.419921875,7504.6201171875,10120.919921875,13624.6494140625,6035.849609375,8619.2998046875,8942.3994140625,NA,NA,NA,NA,NA,NA,NA,NA,570,570,270,270,467,473,408,509,524,491,439,554,461,688,664,597,489,0.72,2.56,0.86,4.71,3.19,3.35,3.47,4.02,6.19,3.37,2.74,7.53,4.55,4.26,6.3,4.68,4.15,63846.7421875,78314,62679.94140625,103169,13732,10448,11977,8751,10200,8276,8497,7794,9223,17186,7526,10794,11138,NA
"04-JAN-2021",2021-01-04 08:41:04,"2021-01-04","8H 41M 4S","Unknown","2.16.0","Unknown","Unknown",570,270,467,473,408,509,524,491,439,554,461,688,664,597,489,2.43,4.27,2.87,3.17,3.5,3.48,5.21,3.23,2.6,7.01,4.19,4.31,6.02,5.04,4.56,79448.8828125,103975.71875,14027.240234375,10461.1806640625,11753.6201171875,9097.080078125,10375.900390625,8208,8325.419921875,7830.65966796875,10856.2197265625,17197.19921875,7497.89990234375,10819.349609375,11122.19921875,NA,NA,NA,NA,NA,NA,NA,NA,570,570,270,270,467,473,408,509,524,491,439,554,461,688,664,597,489,0.55,2.09,0.82,3.73,3.24,3.31,3.59,3.68,5.83,3.4,2.75,7.8,4.77,4.53,6.49,5.19,4.56,64667.08203125,80571,63831.7265625,106585,14088,10609,11984,9275,10597,8160,8466,7848,9231,16538,7217,10376,10706,NA
"04-JAN-2021",2021-01-04 08:40:07,"2021-01-04","8H 40M 7S","Unknown","LSRII","1","Administrator",570,270,467,473,408,509,524,491,439,554,461,688,664,597,489,2.52,4.4,3.53,4.17,4.34,3.61,5.03,2.95,2.46,6.67,4.21,4.5,6.09,5.12,4.73,77706.95703125,101653.29296875,13042.900390625,9615.08984375,10832.0854492188,8817.580078125,10084.7900390625,7916.15966796875,8108.81982421875,7567.88989257812,10188.75,13491.8994140625,5900.1748046875,8521.6494140625,8721.22509765625,54.76,0,18.05,37.54,0.79,0.86,1.14,0.45,570,570,270,270,467,473,408,509,524,491,439,554,461,688,664,597,489,0.59,2.17,0.76,3.77,3.07,3.46,3.57,3.66,5.92,3.16,2.59,7.35,4.39,4.52,6.16,5.03,4.49,63694.267578125,79981.5,62628.9140625,106181.5,14123.5,10636.5,12013.5,9230,10549,8169,8474,7828,9218,16506.5,7216,10368.5,10706,NA
