"SAMPLE","DateTime","DATE","TIME","Timepoint","CYT","CYTSN","OP","FSC-A_Gain","FSC-H_Gain","FSC-W_Gain","SSC-A_Gain","SSC-H_Gain","SSC-W_Gain","R670-A_Gain","R670-H_Gain","R730-A_Gain","R730-H_Gain","R780-A_Gain","R780-H_Gain","B530-A_Gain","B530-H_Gain","B710-A_Gain","B710-H_Gain","V450-A_Gain","V450-H_Gain","V525-A_Gain","V525-H_Gain","V610-A_Gain","V610-H_Gain","V670-A_Gain","V670-H_Gain","Y590-A_Gain","Y590-H_Gain","Y615-A_Gain","Y615-H_Gain","Y710-A_Gain","Y710-H_Gain","Y780-A_Gain","Y780-H_Gain","FSC-A","FSC-H","FSC-W","SSC-A","SSC-H","SSC-W","R670-A","R670-H","R730-A","R730-H","R780-A","R780-H","B530-A","B530-H","B710-A","B710-H","V450-A","V450-H","V525-A","V525-H","V610-A","V610-H","V670-A","V670-H","Y590-A","Y590-H","Y615-A","Y615-H","Y710-A","Y710-H","Y780-A","Y780-H","Red_LaserDelay","Blue_LaserDelay","Violet_LaserDelay","yellow green_LaserDelay","Red_AreaScalingFactor","Blue_AreaScalingFactor","Violet_AreaScalingFactor","yellow green_AreaScalingFactor","Time_Gain"
"21-DEC-2018",2018-12-21 08:54:31,"2018-12-21","8H 54M 31S","Unknown","2.16.0","Unknown","Unknown",570,570,570,242,242,242,450,450,464,464,390,390,444,444,471,471,420,420,388,388,500,500,406,406,625,625,641,641,525,525,400,400,120190.6015625,64991.70703125,121219,54627.16015625,65654.9375,54562,5932.5302734375,6156,5821.169921875,6073,6055.2001953125,6361,4856.97998046875,4784,6968.22021484375,6853,5721.64990234375,5508,5928.69970703125,5754,6545.81005859375,6208,6198.3701171875,4981,9433.5,9384,8618,8541,7942.5,7936,6552,6565,NA,NA,NA,NA,NA,NA,NA,NA,NA
"20-DEC-2018",2018-12-20 08:51:38,"2018-12-20","8H 51M 38S","Unknown","2.16.0","Unknown","Unknown",570,570,570,242,242,242,450,450,464,464,390,390,444,444,471,471,420,420,388,388,500,500,406,406,625,625,641,641,525,525,400,400,124757.59375,64721.84765625,126312,53690.91796875,64437.515625,54503,5744.60986328125,5844,5921.22021484375,6046,6123.93017578125,6292,4824.080078125,4838,7097.93994140625,7078,5812.5498046875,5274,6013.5400390625,5520,6705.39013671875,5979,6398.35009765625,5018,8731.5,8547,7882.5,7700,7488,7366,6265,6182,NA,NA,NA,NA,NA,NA,NA,NA,NA
"19-DEC-2018",2018-12-19 09:03:52,"2018-12-19","9H 3M 52S","Unknown","2.16.0","Unknown","Unknown",570,570,570,242,242,242,450,450,464,464,390,390,444,444,471,471,420,420,388,388,500,500,406,406,625,625,641,641,525,525,400,400,121996.9375,65430.0078125,122031,54790.720703125,65722.53515625,54647.5,5826.8251953125,5715,5954.2802734375,5869,6236.16015625,6173.5,4799.64013671875,4732.5,7154.33984375,7026,6292.2998046875,5249,6748.31494140625,5767,6967.98974609375,5712,6526.6201171875,5190,9460,9382,8605,8534,8254,8215,6849,6838,NA,NA,NA,NA,NA,NA,NA,NA,NA
"18-DEC-2018",2018-12-18 15:12:34,"2018-12-18","15H 12M 34S","Unknown","2.16.0","Unknown","Unknown",570,570,570,242,242,242,450,450,464,464,390,390,444,444,471,471,420,420,388,388,500,500,406,406,625,625,641,641,525,525,400,400,127509.1640625,65112.14453125,128313,54720.21875,65362.078125,54840,5717.64013671875,5835,5759.39990234375,5912,6123.06005859375,6309,4870.14013671875,4813,7094.18017578125,6969,6191.2998046875,5453,6398.35009765625,5708,6900.31982421875,5951,6550.85986328125,4974,9233.5,8971,8304.5,8067,7743,7547,6520,6383,NA,NA,NA,NA,NA,NA,NA,NA,NA
"18-DEC-2018",2018-12-18 09:02:33,"2018-12-18","9H 2M 33S","Unknown","2.16.0","Unknown","Unknown",570,570,570,242,242,242,450,450,464,464,390,390,444,444,471,471,420,420,388,388,500,500,406,406,625,625,641,641,525,525,400,400,133134.359375,64967.1875,134520.5,53735.5703125,63867.859375,55230.5,7405.0048828125,7623,6692.91015625,6987,6575.4599609375,6884,4923.25,4936.5,6768.46997070312,6718.5,7088.17993164062,6091,7482.080078125,6544.5,7809.31982421875,6616,6878.10009765625,5605,8096,7995,7435.5,7289,6043.75,6009.5,4802,4784.5,NA,NA,NA,NA,NA,NA,NA,NA,NA
"17-DEC-2018",2018-12-17 08:31:41,"2018-12-17","8H 31M 41S","Unknown","2.16.0","Unknown","Unknown",570,570,570,242,242,242,450,450,464,464,390,390,444,444,471,471,420,420,388,388,500,500,406,406,625,625,641,641,525,525,400,400,134556.359375,65539.875,134429.5,56312.111328125,64980.771484375,57033,7719.94506835938,7992,6867.34521484375,7217,6760.77001953125,7164,5101.84985351562,5031,6943.77978515625,6785,7112.92504882812,6193.5,7561.86987304688,6627,8019.90502929688,6835,6820.53002929688,5516,8443.5,8414,7888.5,7772,6364.5,6380.5,4994.5,5009,NA,NA,NA,NA,NA,NA,NA,NA,NA
"14-DEC-2018",2018-12-14 09:08:51,"2018-12-14","9H 8M 51S","Unknown","2.16.0","Unknown","Unknown",570,570,570,242,242,242,450,450,464,464,390,390,444,444,471,471,420,420,388,388,500,500,406,406,625,625,641,641,525,525,400,400,135757.546875,65368.2578125,136058,56527.83984375,64546.703125,57300,6360.56982421875,6561,5639.33984375,5872,5673.27001953125,5946,5141.7998046875,5104,6946.60009765625,6869,6727.60986328125,5754,7161.91015625,6258,7661.85986328125,6448,6686.19970703125,5602,8270.5,8233,7615,7541,6148.5,6141,4880,4888,NA,NA,NA,NA,NA,NA,NA,NA,NA
"13-DEC-2018",2018-12-13 08:39:45,"2018-12-13","8H 39M 45S","Unknown","2.16.0","Unknown","Unknown",570,570,570,242,242,242,450,450,464,464,390,390,444,444,471,471,420,420,388,388,500,500,406,406,625,625,641,641,525,525,400,400,135266.96875,65775.484375,134791,57231.8984375,65299.01953125,57539,6690.2998046875,6917,6031.7099609375,6296,6088.26025390625,6375,5094.7998046875,5025,7052.81982421875,6891,6442.7900390625,5519,6859.919921875,5956,7435.6201171875,6268,6609.43994140625,5637,8433,8388,7743.5,7637,6380,6368,5052,5049,NA,NA,NA,NA,NA,NA,NA,NA,NA
"12-DEC-2018",2018-12-12 08:37:58,"2018-12-12","8H 37M 58S","Unknown","2.16.0","Unknown","Unknown",570,570,570,242,242,242,450,450,464,464,390,390,444,444,471,471,420,420,388,388,500,500,406,406,625,625,641,641,525,525,400,400,133905,65626.046875,133740,56334.19921875,64951.9453125,56882,7068.75,7259,6365.7900390625,6588,6447.56982421875,6709,5139.919921875,5085,7041.5400390625,6904,6743.77001953125,5656,7313.41015625,6332,7573.98974609375,6268,6699.330078125,5675,8475.5,8417,7834,7732,6461.5,6436,5130.5,5129,NA,NA,NA,NA,NA,NA,NA,NA,NA
"11-DEC-2018",2018-12-11 10:04:22,"2018-12-11","10H 4M 22S","Unknown","2.16.0","Unknown","Unknown",570,570,570,242,242,242,450,450,464,464,390,390,444,444,471,471,420,420,388,388,500,500,406,406,625,625,641,641,525,525,400,400,132438.765625,65443.2890625,132658,55067.078125,64766.91015625,55896,7662.08984375,7770,7291.47021484375,7443,7264.5,7459,4989.52001953125,4956,6902.419921875,6787,7029.60009765625,5834,7661.85986328125,6545,7647.7197265625,6303,6878.10009765625,5675,8376,8259,7765.5,7592,6674.5,6598,5228.5,5191,NA,NA,NA,NA,NA,NA,NA,NA,NA
"10-DEC-2018",2018-12-10 08:45:47,"2018-12-10","8H 45M 47S","Unknown","2.16.0","Unknown","Unknown",570,570,570,242,242,242,450,450,464,464,390,390,444,444,471,471,420,420,388,388,500,500,406,406,625,625,641,641,525,525,400,400,133293.1484375,65787.390625,132807,56355.349609375,65168.16796875,56636,7119.2099609375,7358.5,6534.56982421875,6786,6572.4150390625,6867,5156.83984375,5091,7210.73974609375,7039,6614.99487304688,5532.5,7296.23974609375,6316,7588.1298828125,6238,6850.830078125,5783.5,8783.75,8780.5,8113.25,8074,6858,6885,5454,5494.5,NA,NA,NA,NA,NA,NA,NA,NA,NA
"06-DEC-2018",2018-12-06 08:44:04,"2018-12-06","8H 44M 4S","Unknown","2.16.0","Unknown","Unknown",570,570,570,242,242,242,450,450,464,464,390,390,444,444,471,471,420,420,388,388,500,500,406,406,625,625,641,641,525,525,400,400,133560.5703125,65438.55859375,133865.5,55291.73828125,64630.92578125,56012.5,6768.60009765625,6997.5,6322.2900390625,6580,6466.27490234375,6772.5,5060.02001953125,5043.5,7159.51000976562,7037,6829.6201171875,5691,7459.85986328125,6419.5,7712.86499023438,6324.5,6804.3701171875,5709,8482.5,8491,7776,7739.5,6681.5,6704.5,5465.75,5504,NA,NA,NA,NA,NA,NA,NA,NA,NA
"05-DEC-2018",2018-12-05 08:58:07,"2018-12-05","8H 58M 7S","Unknown","LSRII","1","",570,570,570,242,242,242,450,450,464,464,390,390,444,444,471,471,420,420,388,388,500,500,406,406,625,625,641,641,525,525,400,400,134215.078125,64788.984375,135828.5,53246.76953125,63567.361328125,54908,7385.43017578125,7640,7181.85009765625,7481.5,7217.52001953125,7561,4885.18017578125,4936,7018.0400390625,7001,6932.64013671875,5922,7579.544921875,6629,7837.09497070312,6607,6967.48486328125,5719,8193.5,8165,7557.75,7461,6562.5,6572,5321.5,5342,62.63,0,26.89,43.25,0.87,0.94,1.01,0.5,NA
"04-DEC-2018",2018-12-04 09:03:36,"2018-12-04","9H 3M 36S","Unknown","2.16.0","Unknown","Unknown",570,570,570,242,242,242,450,450,464,464,390,390,444,444,471,471,420,420,388,388,500,500,406,406,625,625,641,641,525,525,400,400,133946.875,65520.33203125,134009,55621.6796875,64663.19921875,56368,7382.81982421875,7617,6924.330078125,7210,7111.3798828125,7431,5078.81982421875,5059,7248.33984375,7135,7061.919921875,6044,7754.77978515625,6781,8075.9599609375,6802,6937.68994140625,5605,8495,8488,7866.5,7807,6702,6738,5533.5,5573,NA,NA,NA,NA,NA,NA,NA,NA,NA
"03-DEC-2018",2018-12-03 08:57:48,"2018-12-03","8H 57M 48S","Unknown","2.16.0","Unknown","Unknown",570,570,570,242,242,242,450,450,464,464,390,390,444,444,471,471,420,420,388,388,500,500,406,406,625,625,641,641,525,525,400,400,135114.5,65544.21875,135139,56481.78125,64994.171875,56950,7681.22998046875,7976,7797.81005859375,8156,8047.5,8449,5171.8798828125,5129,7691.080078125,7557,6412.48974609375,6149,6878.10009765625,6665,7501.27001953125,7144,6704.3798828125,5422,8465,8457,7866.5,7789,7259,7276,6124.5,6160,NA,NA,NA,NA,NA,NA,NA,NA,NA
"29-NOV-2018",2018-11-29 08:30:30,"2018-11-29","8H 30M 30S","Unknown","2.16.0","Unknown","Unknown",570,570,570,242,242,242,450,450,464,464,390,390,444,444,471,471,420,420,388,388,500,500,406,406,625,625,641,641,525,525,400,400,126569.4609375,65106.279296875,127192.5,50586.568359375,64124.44921875,51576,471.540008544922,437,291.450012207031,312,268.829986572266,288,198.339996337891,202,263.200012207031,273,328.25,248,250.479995727539,215,333.299987792969,211,260.579986572266,250,273.5,288.5,293.25,277,325,340,235,242,NA,NA,NA,NA,NA,NA,NA,NA,NA
"28-NOV-2018",2018-11-28 09:44:56,"2018-11-28","9H 44M 56S","Unknown","2.16.0","Unknown","Unknown",570,570,570,242,242,242,450,450,464,464,390,390,444,444,471,471,420,420,388,388,500,500,406,406,625,625,641,641,525,525,400,400,131360.8125,64922.42578125,132379,52953.01953125,63691.4453125,54391,558.539978027344,526,371.489990234375,402,346.260009765625,373,220.899993896484,232,282,290,409.049987792969,318,336.329986572266,298,365.619995117188,253,316.130004882812,273,299.25,305,364,309,339.5,349,248,258,NA,NA,NA,NA,NA,NA,NA,NA,NA
"27-NOV-2018",2018-11-27 09:46:02,"2018-11-27","9H 46M 2S","Unknown","2.16.0","Unknown","Unknown",570,570,570,242,242,242,450,450,464,464,390,390,444,444,471,471,420,420,388,388,500,500,406,406,625,625,641,641,525,525,400,400,129067.04296875,64806.16796875,130105,53094.490234375,63641.41796875,54566.5,516.780029296875,483,314.505004882812,330,287.100006103516,302,204.919998168945,214,230.300003051758,249,408.040008544922,311,323.200012207031,287,339.359985351562,230,264.619995117188,235,261.25,276,320.5,272,284.5,301,200,220,NA,NA,NA,NA,NA,NA,NA,NA,NA
"26-NOV-2018",2018-11-26 15:41:10,"2018-11-26","15H 41M 10S","Unknown","2.16.0","Unknown","Unknown",570,570,570,242,242,242,450,450,464,464,390,390,444,444,471,471,420,420,388,388,500,500,406,406,625,625,641,641,525,525,400,400,136114.640625,65329.4765625,136429,55141.33984375,64681.03515625,55740,570.720031738281,515,365.399993896484,379,332.339996337891,357,241.580001831055,238,283.880004882812,287,400.970001220703,335,307.040008544922,298,348.449981689453,267,330.269989013672,274,321,326,398,334,323,330,233.5,235,NA,NA,NA,NA,NA,NA,NA,NA,NA
"19-NOV-2018",2018-11-19 08:41:25,"2018-11-19","8H 41M 25S","Unknown","2.16.0","Unknown","Unknown",570,570,570,242,242,242,450,450,464,464,390,390,444,444,471,471,420,420,388,388,500,500,406,406,625,625,641,641,525,525,400,400,26175.4658203125,63322.6015625,27297,27454.580078125,64144.048828125,28301,98.3099975585938,88,27.8400001525879,43,42.6300010681152,84,60.1599998474121,60,56.4000015258789,73,150.490005493164,115,64.6399993896484,54,143.419998168945,111,91.9099960327148,105,97.5,96,116.5,118,41.5,58,32,48,NA,NA,NA,NA,NA,NA,NA,NA,NA
"15-NOV-2018",2018-11-15 08:59:14,"2018-11-15","8H 59M 14S","Unknown","2.16.0","Unknown","Unknown",570,570,570,242,242,242,450,450,464,464,390,390,444,444,471,471,420,420,388,388,500,500,406,406,625,625,641,641,525,525,400,400,25837.7412109375,63419.875,26896.5,27225.220703125,64285.111328125,28024.5,106.139999389648,101,32.189998626709,46,50.4599990844727,93,58.2799987792969,62,59.6900005340576,76,142.410003662109,111,61.6100006103516,56,139.380004882812,106,101,98,101.75,108.5,120.5,126,45,59,35,42,NA,NA,NA,NA,NA,NA,NA,NA,NA
"13-NOV-2018",2018-11-13 09:46:30,"2018-11-13","9H 46M 30S","Unknown","2.16.0","Unknown","Unknown",570,570,570,242,242,242,450,450,464,464,390,390,444,444,471,471,420,420,388,388,500,500,406,406,625,625,641,641,525,525,400,400,26485.935546875,63463.740234375,27435,28130.91015625,64350.357421875,29013,110.48999786377,96,35.6700019836426,46,53.0699996948242,97,59.2200012207031,66,61.0999984741211,77,149.479995727539,119,64.6399993896484,63,132.309997558594,106,106.049995422363,111,101.25,102,135.5,129,45.5,50,35.5,50,NA,NA,NA,NA,NA,NA,NA,NA,NA
"12-NOV-2018",2018-11-12 08:50:27,"2018-11-12","8H 50M 27S","Unknown","2.16.0","Unknown","Unknown",570,570,570,242,242,242,450,450,464,464,390,390,444,444,471,471,420,420,388,388,500,500,406,406,625,625,641,641,525,525,400,400,25521.345703125,64938.845703125,26366.5,27542.939453125,64223.875,28360,108.75,93,32.189998626709,44,62.6399993896484,94,51.7000007629395,62,63.9199981689453,76,118.169998168945,79,57.5699996948242,47,121.199996948242,87,114.129997253418,108,100,104,116.5,122,44.5,49,39.5,43,NA,NA,NA,NA,NA,NA,NA,NA,NA
"09-NOV-2018",2018-11-09 09:07:47,"2018-11-09","9H 7M 47S","Unknown","2.16.0","Unknown","Unknown",570,570,570,242,242,242,450,450,464,464,390,390,444,444,471,471,420,420,388,388,500,500,406,406,625,625,641,641,525,525,400,400,111034.8984375,64876.876953125,108991.5,54456.078125,64174.455078125,55363.5,421.950012207031,374.5,220.979995727539,180,145.289993286133,141,178.600006103516,177.5,180.479995727539,172,405.010009765625,313,299.464996337891,269,295.929992675781,197,199.979995727539,156,209,234,230.25,215,250.25,258,155.25,136.5,NA,NA,NA,NA,NA,NA,NA,NA,NA
"07-NOV-2018",2018-11-07 08:58:41,"2018-11-07","8H 58M 41S","Unknown","2.16.0","Unknown","Unknown",570,570,570,242,242,242,450,450,464,464,390,390,444,444,471,471,420,420,388,388,500,500,406,406,625,625,641,641,525,525,400,400,25252.3505859375,64957.9296875,26370.5,27712.140625,64504.462890625,28421,109.620002746582,107,33.9300003051758,41,66.120002746582,91,47,54,57.3400001525879,64,106.049995422363,76,49.4899978637695,56,88.879997253418,76,111.099998474121,106,89.75,99,113.25,117,40.5,55,39,46,NA,NA,NA,NA,NA,NA,NA,NA,NA
"06-NOV-2018",2018-11-06 09:02:28,"2018-11-06","9H 2M 28S","Unknown","2.16.0","Unknown","Unknown",570,570,570,242,242,242,450,450,464,464,390,390,444,444,471,471,420,420,388,388,500,500,406,406,625,625,641,641,525,525,400,400,128952.09765625,65091.646484375,124328,56606.330078125,64748.619140625,57073.5,507.209991455078,465,331.470001220703,356,301.455001831055,293,203.039993286133,213,226.539993286133,225,394.910003662109,357,304.010009765625,313.5,282.799987792969,226,216.139999389648,182.5,231.25,257,279.25,246,304.5,315,226,250,NA,NA,NA,NA,NA,NA,NA,NA,NA
"05-NOV-2018",2018-11-05 09:05:30,"2018-11-05","9H 5M 30S","Unknown","2.16.0","Unknown","Unknown",570,570,570,242,242,242,450,450,464,464,390,390,444,444,471,471,420,420,388,388,500,500,406,406,625,625,641,641,525,525,400,400,132830.6015625,64997.138671875,133551,57013.349609375,64785.87109375,57455,487.200012207031,446,309.285003662109,318,283.619995117188,284,228.889999389648,229,249.569999694824,250,432.279998779297,363,336.834991455078,326,343.399993896484,249,251.489990234375,211,264.25,287,298,274,322.5,339,240.75,258,NA,NA,NA,NA,NA,NA,NA,NA,NA
"02-NOV-2018",2018-11-02 09:06:59,"2018-11-02","9H 6M 59S","Unknown","2.16.0","Unknown","Unknown",570,570,570,242,242,242,450,450,464,464,390,390,444,444,471,471,420,420,388,388,500,500,406,406,625,625,641,641,525,525,400,400,17323.91015625,62974.380859375,15967.5,2621.65991210938,63563.357421875,2609,28.7100009918213,44,12.1800003051758,38,27.4049997329712,82,21.6200008392334,47,24.9099998474121,53,29.2899990081787,43,18.1800003051758,42,30.2999992370605,54,44.439998626709,94,37.5,59,35,63,15.5,42,17,37,NA,NA,NA,NA,NA,NA,NA,NA,NA
"01-NOV-2018",2018-11-01 08:26:17,"2018-11-01","8H 26M 17S","Unknown","2.16.0","Unknown","Unknown",570,570,570,242,242,242,450,450,464,464,390,390,444,444,471,471,420,420,388,388,500,500,406,406,625,625,641,641,525,525,400,400,15423.9604492188,64338.4609375,13945,916.970001220703,63928.376953125,894,22.6200008392334,40,10.4400005340576,37,23.4899997711182,79,18.7999992370605,47,20.6800003051758,46,23.2299995422363,42,15.1499996185303,42,24.2399997711182,47,40.4000015258789,83,33.25,58,29.5,62,13.5,40,15,38,NA,NA,NA,NA,NA,NA,NA,NA,NA
"31-OCT-2018",2018-10-31 08:40:06,"2018-10-31","8H 40M 6S","Unknown","2.16.0","Unknown","Unknown",570,570,570,242,242,242,450,450,464,464,390,390,444,444,471,471,420,420,388,388,500,500,406,406,625,625,641,641,525,525,400,400,132436,65504.931640625,132062.5,57559.490234375,65393.271484375,57472,575.070007324219,535,388.890014648438,402.5,359.309997558594,382,260.380004882812,258,293.279998779297,297,464.600006103516,357,359.559997558594,319,380.769989013672,278,319.160003662109,282,324.5,331,389.25,334,357.5,367,270,282,NA,NA,NA,NA,NA,NA,NA,NA,NA
"30-OCT-2018",2018-10-30 09:12:45,"2018-10-30","9H 12M 45S","Unknown","LSRII","1","Administrator",570,570,570,260,260,260,450,450,464,464,390,390,444,444,471,471,420,420,388,388,500,500,406,406,625,625,641,641,525,525,400,400,106303.19140625,65038.263671875,102630.5,60256.349609375,63724.609375,60772,170.084999084473,146,60.0299987792969,58,101.790000915527,107,97.7600021362305,94,103.400001525879,94,402.989990234375,322,151.5,126,259.065002441406,183,186.849990844727,131.5,180.5,194,217.25,199,76,74,60.5,55,62.63,0,26.89,43.25,0.87,0.94,1.01,0.5,NA
"29-OCT-2018",2018-10-29 09:31:14,"2018-10-29","9H 31M 14S","Unknown","LSRII","1","Administrator",570,570,570,260,260,260,450,450,464,464,390,390,444,444,471,471,420,420,388,388,500,500,406,406,625,625,641,641,525,525,400,400,138262.640625,65143.982421875,138813,97581.8671875,64524.859375,98861.5,575.070007324219,537,380.625,398,352.350006103516,375,243.460006713867,247,292.339996337891,301,466.619995117188,393,363.600006103516,349,373.699981689453,280,319.160003662109,267,306.75,319,375.5,322,351.5,360,265.5,270,62.63,0,26.89,43.25,0.87,0.94,1.01,0.5,NA
"26-OCT-2018",2018-10-26 08:45:06,"2018-10-26","8H 45M 6S","Unknown","LSRII","1","Administrator",570,570,570,260,260,260,450,450,464,464,390,390,444,444,471,471,420,420,388,388,500,500,406,406,625,625,641,641,525,525,400,400,135582.9609375,65047.416015625,136446.5,97053.1171875,64382.451171875,98539.5,563.760009765625,527,368.880004882812,395,343.649993896484,375,241.580001831055,247,297.040008544922,302,454.5,345,353.5,305,385.820007324219,265,331.279998779297,282,310,324,368.75,324,351.5,357,260,264,62.63,0,26.89,43.25,0.87,0.94,1.01,0.5,NA
"25-OCT-2018",2018-10-25 08:48:40,"2018-10-25","8H 48M 40S","Unknown","2.16.0","Unknown","Unknown",570,570,570,260,260,260,450,450,464,464,390,390,444,444,471,471,420,420,388,388,500,500,406,406,625,625,641,641,525,525,400,400,134429.5625,64837.958984375,135520.5,93615.5390625,64185.53515625,95134.5,519.390014648438,484.5,344.519989013672,362,318.420013427734,334,218.080001831055,225,258.970001220703,266,439.350006103516,342,338.350006103516,295,351.480010986328,244,280.779998779297,247,272,286,324,279,318,326.5,235.5,246,NA,NA,NA,NA,NA,NA,NA,NA,NA
"24-OCT-2018",2018-10-24 08:59:20,"2018-10-24","8H 59M 20S","Unknown","2.16.0","Unknown","Unknown",570,570,570,260,260,260,450,450,464,464,390,390,444,444,471,471,420,420,388,388,500,500,406,406,625,625,641,641,525,525,400,400,134685.53125,65574.2265625,134218.5,97963.0390625,65444.974609375,97642.5,548.099975585938,506,354.959991455078,370,331.470001220703,352,237.81999206543,240,287.639984130859,288,455.005004882812,343.5,358.549987792969,305,389.859985351562,261,314.109985351562,279,302,310,346.5,316,350,357,262,270,NA,NA,NA,NA,NA,NA,NA,NA,NA
"23-OCT-2018",2018-10-23 08:55:10,"2018-10-23","8H 55M 10S","Unknown","2.16.0","Unknown","Unknown",570,570,570,260,260,260,450,450,464,464,390,390,444,444,471,471,420,420,388,388,500,500,406,406,625,625,641,641,525,525,400,400,135935.3046875,64881.177734375,137075.5,99115.94921875,64668.25,100156.5,557.669982910156,520,366.269989013672,393,340.170013427734,370,246.279998779297,252,298.920013427734,300,488.839996337891,376,388.850006103516,337,414.100006103516,288,337.339996337891,290,316.5,323,361.5,329,358.5,370,267,279,NA,NA,NA,NA,NA,NA,NA,NA,NA
"19-OCT-2018",2018-10-19 08:55:10,"2018-10-19","8H 55M 10S","Unknown","2.16.0","Unknown","Unknown",570,570,570,260,260,260,450,450,464,464,390,390,444,444,471,471,420,420,388,388,500,500,406,406,625,625,641,641,525,525,400,400,125885.31640625,65188.880859375,125409.5,84959.55078125,64744.8125,85408.5,412.380004882812,379,204.449996948242,222,168.345001220703,162,193.639999389648,204,208.679992675781,211,414.100006103516,301,290.880004882812,250,355.519989013672,232,234.31999206543,196,225.25,242.5,246.5,240,231,243,151,170,NA,NA,NA,NA,NA,NA,NA,NA,NA
"18-OCT-2018",2018-10-18 08:36:19,"2018-10-18","8H 36M 19S","Unknown","2.16.0","Unknown","Unknown",570,570,570,260,260,260,450,450,464,464,390,390,444,444,471,471,420,420,388,388,500,500,406,406,625,625,641,641,525,525,400,400,127817.65625,65447.865234375,127225,95398.25,65722.18359375,94774.5,504.600006103516,462,277.529998779297,297.5,230.550003051758,242,205.860000610352,214,219.960006713867,229,455.510009765625,347,359.559997558594,321,345.419982910156,248,256.540008544922,217,263,283,306.5,269,274.25,292,183,202,NA,NA,NA,NA,NA,NA,NA,NA,NA
"17-OCT-2018",2018-10-17 08:17:02,"2018-10-17","8H 17M 2S","Unknown","2.16.0","Unknown","Unknown",570,570,570,260,260,260,450,450,464,464,390,390,444,444,471,471,420,420,388,388,500,500,406,406,625,625,641,641,525,525,400,400,135793.8984375,64968.240234375,136820,99927.171875,65310.716796875,100045,550.710021972656,503,321.899993896484,344,281.880004882812,310,241.580001831055,244,263.200012207031,276,503.989990234375,422,400.970001220703,377,387.839996337891,300,317.139984130859,264,305,312.5,368.75,313,308.25,316,213.75,226,NA,NA,NA,NA,NA,NA,NA,NA,NA
"16-OCT-2018",2018-10-16 17:31:23,"2018-10-16","17H 31M 23S","Unknown","2.16.0","Unknown","Unknown",570,570,570,260,260,260,450,450,464,464,390,390,444,444,471,471,420,420,388,388,500,500,406,406,625,625,641,641,525,525,400,400,132670.6328125,64846.08984375,133807.5,94194.58203125,64638.240234375,95078,552.015014648438,500.5,335.385009765625,345,305.804992675781,314.5,235,254,267.899993896484,285,514.089965820312,453,398.949981689453,414.5,391.375,327,322.695007324219,291,311,319,387.5,314,307.25,320,216.25,223,NA,NA,NA,NA,NA,NA,NA,NA,NA
"16-OCT-2018",2018-10-16 08:50:38,"2018-10-16","8H 50M 38S","Unknown","2.16.0","Unknown","Unknown",570,570,570,260,260,260,450,450,464,464,390,390,444,444,471,471,420,420,388,388,500,500,406,406,625,625,641,641,525,525,400,400,134460.765625,64878.27734375,135857,97991.77734375,64617.703125,99163.5,554.700012207031,516,344.860015869141,362,319.059997558594,345,237.150009155273,241,275.279998779297,289,528.149963378906,451,416.849975585938,403,404.774978637695,315,325.5,263.5,301,312.5,350,308,341.75,351,254,265.5,NA,NA,NA,NA,NA,NA,NA,NA,NA
"15-OCT-2018",2018-10-15 09:50:27,"2018-10-15","9H 50M 27S","Unknown","2.16.0","Unknown","Unknown",570,570,570,260,260,260,450,450,464,464,390,390,444,444,471,471,420,420,388,388,500,500,406,406,625,625,641,641,525,525,400,400,138933.75,65417.087890625,139190,99263.55078125,65213.46875,99538.5,562.440002441406,518,360.339996337891,381,335.399993896484,357,239.940002441406,249,276.209991455078,281,512.399963378906,443,403.199981689453,396,388.499969482422,304,305.549987792969,249,299.5,312,362.75,313,337.5,344,247.5,264,NA,NA,NA,NA,NA,NA,NA,NA,NA
"12-OCT-2018",2018-10-12 08:43:54,"2018-10-12","8H 43M 54S","Unknown","2.16.0","Unknown","Unknown",570,570,570,260,260,260,450,450,464,464,390,390,444,444,471,471,420,420,388,388,500,500,406,406,625,625,641,641,525,525,400,400,137481.7265625,65388.205078125,137516,100624.60546875,65262.767578125,100851,597.700012207031,566,387,418,362.059997558594,394,246.449996948242,261,295.739990234375,306,548.099975585938,496,434.174987792969,439,417.899993896484,344,353.849975585938,295,325.5,332,401.75,333,360,369,268.5,272,NA,NA,NA,NA,NA,NA,NA,NA,NA
"11-OCT-2018",2018-10-11 09:07:50,"2018-10-11","9H 7M 50S","Unknown","2.16.0","Unknown","Unknown",570,570,570,260,260,260,450,450,464,464,390,390,444,444,471,471,420,420,388,388,500,500,406,406,625,625,641,641,525,525,400,400,26129.25,63629.673828125,26967.5,36828.46484375,65041.5859375,35306,67.9400024414062,63,24.0799999237061,31,41.2799987792969,94,39.060001373291,57,43.7099990844727,63,129.149993896484,113,47.2499961853027,55,89.2499923706055,87,74.5499954223633,96,67,76,78.5,89,30,49,26,34,NA,NA,NA,NA,NA,NA,NA,NA,NA
"10-OCT-2018",2018-10-10 09:05:05,"2018-10-10","9H 5M 5S","Unknown","2.16.0","Unknown","Unknown",570,570,570,260,260,260,450,450,464,464,390,390,444,444,471,471,420,420,388,388,500,500,406,406,625,625,641,641,525,525,400,400,25560.845703125,63458.00390625,26532.5,31585.58984375,64599.6796875,31174,63.6399993896484,61,20.6399993896484,38,38.7000007629395,81,36.2700004577637,53,41.8499984741211,61,115.499992370605,98.5,43.0499992370605,47,78.75,76,76.6499938964844,96,61,72,69.5,84,27.5,48,24.5,35,NA,NA,NA,NA,NA,NA,NA,NA,NA
"09-OCT-2018",2018-10-09 08:51:01,"2018-10-09","8H 51M 1S","Unknown","2.16.0","Unknown","Unknown",570,570,570,260,260,260,450,450,464,464,390,390,444,444,471,471,420,420,388,388,500,500,406,406,625,625,641,641,525,525,400,400,21982.935546875,63686.490234375,21533,13380.8403320312,64683.103515625,13063,41.2799987792969,43,16.3400001525879,35,32.6800003051758,82,27.8999996185303,50,33.0149993896484,62,82.9499969482422,73,33.5999984741211,43,59.8499984741211,59,60.8999977111816,95,49,70,50,85,22,42,20,32,NA,NA,NA,NA,NA,NA,NA,NA,NA
"08-OCT-2018",2018-10-08 08:52:24,"2018-10-08","8H 52M 24S","Unknown","2.16.0","Unknown","Unknown",570,570,570,260,260,260,450,450,464,464,390,390,444,444,471,471,420,420,388,388,500,500,406,406,625,625,641,641,525,525,400,400,14814.0805664062,63690.41015625,14062,7214.93994140625,64715.287109375,6870.5,31.8199996948242,44,14.6199998855591,38,30.9600009918213,81,25.1100006103516,45,30.6900005340576,61,55.6499977111816,49.5,28.3499984741211,40,48.2999992370605,60,57.7499961853027,96,43,57,41,71.5,19,36,18.5,40,NA,NA,NA,NA,NA,NA,NA,NA,NA
"05-OCT-2018",2018-10-05 09:06:19,"2018-10-05","9H 6M 19S","Unknown","2.16.0","Unknown","Unknown",570,570,570,260,260,260,450,450,464,464,390,390,444,444,471,471,420,420,388,388,500,500,406,406,625,625,641,641,525,525,400,400,33565.51953125,65205.771484375,33051,50938.890625,65162.751953125,51831,133.300003051758,114,43.8600006103516,56,79.120002746582,95.5,65.0999984741211,74,76.2600021362305,78,198.974990844727,171.5,79.7999954223633,72,149.099990844727,118,148.049987792969,124,125.5,118,157.5,142,55.5,63,47.5,47,NA,NA,NA,NA,NA,NA,NA,NA,NA
"04-OCT-2018",2018-10-04 09:32:14,"2018-10-04","9H 32M 14S","Unknown","LSRII","1","Administrator",570,570,570,260,260,260,450,450,464,464,390,390,444,444,471,471,420,420,388,388,500,500,406,406,625,625,641,641,525,525,400,400,69702.88671875,65424.568359375,65788,71502.12109375,65094.4453125,70285.5,168.559997558594,142,58.4799995422363,65,100.620002746582,108,94.8600006103516,93,102.300003051758,107,430.499969482422,387,129.149993896484,124,254.099990844727,210.5,184.799987792969,136,163,153,203.75,180,75,76,58.5,61,63.43,0,27.65,43.85,0.86,0.93,1.05,0.5,NA
"03-OCT-2018",2018-10-03 08:39:11,"2018-10-03","8H 39M 11S","Unknown","2.16.0","Unknown","Unknown",570,570,570,260,260,260,450,450,464,464,390,390,444,444,471,471,420,420,388,388,500,500,406,406,625,625,641,641,525,525,400,400,29453.5712890625,65005.619140625,28484.5,50058.1796875,64934.42578125,51041.5,127.279998779297,120,42.1399993896484,45,79.9800033569336,101,61.3800010681152,67,75.3300018310547,77,148.049987792969,123,70.3499984741211,62,126.524993896484,100.5,144.899993896484,113,120.5,113,153.5,140,52,56,46.5,55,NA,NA,NA,NA,NA,NA,NA,NA,NA
"02-OCT-2018",2018-10-02 09:49:07,"2018-10-02","9H 49M 7S","Unknown","2.16.0","Unknown","Unknown",570,570,570,260,260,260,450,450,464,464,390,390,444,444,471,471,420,420,388,388,500,500,406,406,625,625,641,641,525,525,400,400,133634.03125,65430.60546875,133047,98351.21875,65215.1328125,98402,533.200012207031,489,333.679992675781,357,303.580017089844,309.5,215.759994506836,225,247.380004882812,261,475.649963378906,429,374.324981689453,388.5,334.949981689453,275,258.299987792969,211,263.75,284.5,314.25,275,333.75,350,244.25,262,NA,NA,NA,NA,NA,NA,NA,NA,NA
"01-OCT-2018",2018-10-01 09:33:41,"2018-10-01","9H 33M 41S","Unknown","2.16.0","Unknown","Unknown",570,570,570,260,260,260,450,450,464,464,390,390,444,444,471,471,420,420,388,388,500,500,406,406,625,625,641,641,525,525,400,400,27051.1806640625,65609.8359375,27485.5,50356.24609375,65381.720703125,51060,101.480003356934,98,25.8000011444092,37,56.7600021362305,99,53.0100021362305,61,58.5900001525879,77,142.799987792969,105,62.9999961853027,57,125.999992370605,93,111.824996948242,112,90,90,111.5,110,39,58,34.5,39,NA,NA,NA,NA,NA,NA,NA,NA,NA
"28-SEP-2018",2018-09-28 16:48:16,"2018-09-28","16H 48M 16S","Unknown","2.16.0","Unknown","Unknown",570,570,570,260,260,260,450,450,464,464,390,390,444,444,471,471,420,420,388,388,500,500,406,406,625,625,641,641,525,525,400,400,59087.26171875,64486.6640625,58997,47649.48046875,64123.35546875,49424,129,116,42.1399993896484,56,76.5400009155273,105,69.75,77,73.4700012207031,77,260.399993896484,220,81.8999938964844,77,159.599990844727,129,150.149993896484,123,122.5,116,150.5,134,50,63,44.5,47,NA,NA,NA,NA,NA,NA,NA,NA,NA
"26-SEP-2018",2018-09-26 09:04:25,"2018-09-26","9H 4M 25S","Unknown","2.16.0","Unknown","Unknown",570,570,570,260,260,260,450,450,464,464,390,390,444,444,471,471,420,420,388,388,500,500,406,406,625,625,641,641,525,525,400,400,134151.0859375,66448.26953125,131338,100716.2109375,66334.46875,98740,531.47998046875,473,337.980010986328,353,308.739990234375,297.5,217.619995117188,225,240.869995117188,240,479.849975585938,425,359.099975585938,368,333.374984741211,276,251.999984741211,208,257.5,276,321.5,269,317,330,231.25,251,NA,NA,NA,NA,NA,NA,NA,NA,NA
"25-SEP-2018",2018-09-25 09:04:40,"2018-09-25","9H 4M 40S","Unknown","2.16.0","Unknown","Unknown",570,570,570,260,260,260,450,450,464,464,390,390,444,444,471,471,420,420,388,388,500,500,406,406,625,625,641,641,525,525,400,400,135518.96875,65692.22265625,134836.5,99907.57421875,65238.171875,100085,555.559997558594,515,354.320007324219,374,331.100006103516,356.5,242.729995727539,252.5,280.860015869141,294,514.5,458,397.949981689453,408,396.899993896484,318,321.299987792969,278,311.5,320,368.75,320,352,364,264.5,269,NA,NA,NA,NA,NA,NA,NA,NA,NA
"24-SEP-2018",2018-09-24 09:25:09,"2018-09-24","9H 25M 9S","Unknown","2.16.0","Unknown","Unknown",570,570,570,260,260,260,450,450,464,464,390,390,444,444,471,471,420,420,388,388,500,500,406,406,625,625,641,641,525,525,400,400,24862.0908203125,65201.953125,22299,8151.9150390625,63826.037109375,7933,37.8400001525879,47,14.6199998855591,31,33.5400009155273,93,23.25,46,28.8299999237061,61,38.8499984741211,44,24.1499996185303,34,36.75,58,57.7499961853027,99,45,57,41.5,61,19,41,21,33,NA,NA,NA,NA,NA,NA,NA,NA,NA
"21-SEP-2018",2018-09-21 08:50:10,"2018-09-21","8H 50M 10S","Unknown","2.16.0","Unknown","Unknown",570,570,570,260,260,260,450,450,464,464,390,390,444,444,471,471,420,420,388,388,500,500,406,406,625,625,641,641,525,525,400,400,113289.953125,64739.931640625,111801.5,94177.84765625,64273.5859375,95720.5,501.380004882812,458.5,328.950012207031,351.5,296.700012207031,280,187.860000610352,204,200.880004882812,215,447.299987792969,408,324.449981689453,354,282.449981689453,245,222.599990844727,175,228.5,253,295.5,243.5,288.25,305,218.5,244,NA,NA,NA,NA,NA,NA,NA,NA,NA
"20-SEP-2018",2018-09-20 09:01:19,"2018-09-20","9H 1M 19S","Unknown","2.16.0","Unknown","Unknown",570,570,570,260,260,260,450,450,464,464,390,390,444,444,471,471,420,420,388,388,500,500,406,406,625,625,641,641,525,525,400,400,123150.3359375,65267.814453125,120472.5,98340.9921875,64969.607421875,99103,530.619995117188,481,339.700012207031,361,312.179992675781,297,203.669998168945,215,225.990005493164,225,495.599975585938,449,377.999969482422,399,325.5,275,235.199981689453,190.5,244,264,313,256.5,304.75,321,230.5,245,NA,NA,NA,NA,NA,NA,NA,NA,NA
"19-SEP-2018",2018-09-19 08:55:39,"2018-09-19","8H 55M 39S","Unknown","2.16.0","Unknown","Unknown",570,570,570,260,260,260,450,450,464,464,390,390,444,444,471,471,420,420,388,388,500,500,406,406,625,625,641,641,525,525,400,400,26175.4658203125,65333.9921875,26637.5,49650.83984375,64834.052734375,50793,110.940002441406,107,31.8199996948242,42,62.7800025939941,104,48.3600006103516,56,53.939998626709,69,117.599990844727,87,51.4499969482422,56,88.1999969482422,76,112.349998474121,116,84.25,90,113.75,108,38,47,36.5,43,NA,NA,NA,NA,NA,NA,NA,NA,NA
"18-SEP-2018",2018-09-18 09:07:02,"2018-09-18","9H 7M 2S","Unknown","2.16.0","Unknown","Unknown",570,570,570,260,260,260,450,450,464,464,390,390,444,444,471,471,420,420,388,388,500,500,406,406,625,625,641,641,525,525,400,400,15250.16015625,64311.09375,13996.5,3361.02001953125,63026.3046875,3373.5,22.3600006103516,43,9.46000003814697,39,19.7800006866455,84,15.8100004196167,46,19.5300006866455,59,25.1999988555908,34,15.7499990463257,30,25.7249984741211,55,37.7999992370605,91,28,48,26,58,11.5,31,13,31,NA,NA,NA,NA,NA,NA,NA,NA,NA
"17-SEP-2018",2018-09-17 09:07:26,"2018-09-17","9H 7M 26S","Unknown","2.16.0","Unknown","Unknown",570,570,570,260,260,260,450,450,464,464,390,390,444,444,471,471,420,420,388,388,500,500,406,406,625,625,641,641,525,525,400,400,133489.4609375,65431.9765625,131250.5,98861.32421875,65140.59765625,99236,526.320007324219,480,345.720001220703,368,313.040008544922,302.5,195.300003051758,208,219.944999694824,226,445.199981689453,409,345.449981689453,361,278.774993896484,241.5,222.599990844727,176,222,245,286,238.5,305,320,230.25,249,NA,NA,NA,NA,NA,NA,NA,NA,NA
"14-SEP-2018",2018-09-14 08:57:40,"2018-09-14","8H 57M 40S","Unknown","2.16.0","Unknown","Unknown",570,570,570,260,260,260,450,450,464,464,390,390,444,444,471,471,420,420,388,388,500,500,406,406,625,625,641,641,525,525,400,400,136049.859375,65639.8828125,135552,99951.28515625,65229.984375,100156,560.720031738281,519,367.220001220703,382,339.700012207031,361,226.919998168945,232,266.910003662109,278,495.074981689453,453,387.449981689453,400,353.849975585938,292,281.399993896484,247.5,288.5,301,357,306,342.25,357,256.5,274,NA,NA,NA,NA,NA,NA,NA,NA,NA
"13-SEP-2018",2018-09-13 10:49:33,"2018-09-13","10H 49M 33S","Unknown","2.16.0","Unknown","Unknown",570,570,570,260,260,260,450,450,464,464,390,390,444,444,471,471,420,420,388,388,500,500,406,406,625,625,641,641,525,525,400,400,131308.671875,65208.67578125,131472.5,94447.546875,64762.384765625,95113.5,574.910003662109,521.5,379.260009765625,393,359.910003662109,381,235.290008544922,246,265.980010986328,277,429.449981689453,378.5,320.25,324,313.424987792969,257,307.649993896484,266,310.75,316,403.75,326,335.25,345,254,257,NA,NA,NA,NA,NA,NA,NA,NA,NA
"13-SEP-2018",2018-09-13 09:09:12,"2018-09-13","9H 9M 12S","Unknown","2.16.0","Unknown","Unknown",570,570,570,260,260,260,450,450,464,464,390,390,444,444,471,471,420,420,388,388,500,500,406,406,625,625,641,641,525,525,400,400,107886.0859375,64407.8984375,105716,89146.08203125,64892.642578125,89199,459.359985351562,352,82.7200012207031,77,128.479995727539,136,178.095001220703,188,161.355003356934,162.5,372.059967041016,318,234.259994506836,243,240.619979858398,206,188.679992675781,146,217.5,241,286.5,249,189.75,171.5,75.5,70.5,NA,NA,NA,NA,NA,NA,NA,NA,NA
"12-SEP-2018",2018-09-12 07:54:16,"2018-09-12","7H 54M 16S","Unknown","2.16.0","Unknown","Unknown",570,570,570,260,260,260,450,450,464,464,390,390,444,444,471,471,420,420,388,388,500,500,406,406,625,625,641,641,525,525,400,400,94847.99609375,64545.962890625,86990.5,95371.03515625,65133.720703125,95357,227.919998168945,175,63.3600006103516,60,109.120002746582,124,159.029998779297,173,111.599998474121,105,452.619964599609,409,259.169982910156,238,283.019989013672,235,190.269989013672,137,184.5,199,244.25,223,85,86,61,62,NA,NA,NA,NA,NA,NA,NA,NA,NA
"10-SEP-2018",2018-09-10 08:16:41,"2018-09-10","8H 16M 41S","Unknown","2.16.0","Unknown","Unknown",570,570,570,260,260,260,450,450,464,464,390,390,444,444,471,471,420,420,388,388,500,500,406,406,625,625,641,641,525,525,400,400,21061.1689453125,64479.005859375,18470.5,6346.78515625,65130.703125,6183.5,37.8400001525879,43,16.7199993133545,35,37.8400001525879,87,26.0400009155273,44,29.7600002288818,62,50.879997253418,53,26.4999980926514,38,42.3999977111816,56,62.5399971008301,95,43.5,62,43.5,78,19,40,19.5,41,NA,NA,NA,NA,NA,NA,NA,NA,NA
"07-SEP-2018",2018-09-07 09:01:38,"2018-09-07","9H 1M 38S","Unknown","2.16.0","Unknown","Unknown",570,570,570,260,260,260,450,450,464,464,390,390,444,444,471,471,420,420,388,388,500,500,406,406,625,625,641,641,525,525,400,400,49102.16796875,64539.921875,43884.5,50085.615234375,64838.943359375,51272,129.360000610352,115,40.4799995422363,45,80.0800018310547,111,56.7299995422363,63,63.2400016784668,78,136.739990234375,98,64.6599960327148,64,110.239990234375,94.5,133.559997558594,119,104,101,135,128,46,60,44,44,NA,NA,NA,NA,NA,NA,NA,NA,NA
"06-SEP-2018",2018-09-06 10:29:56,"2018-09-06","10H 29M 56S","Unknown","LSRII","1","Administrator",570,570,570,260,260,260,450,450,464,464,390,390,444,444,471,471,420,420,388,388,500,500,406,406,625,625,641,641,525,525,400,400,124980.17578125,64535.11328125,126133.5,91530.13671875,64953.1328125,91889,552.640014648438,489,374,378,342.320007324219,323.5,200.880004882812,215,223.199996948242,233,380.539978027344,325,274.539978027344,285,245.919982910156,201,224.719985961914,187,248,270.5,316.75,265,304,320,231.5,254,61.41,0,26.61,42.2,0.88,0.93,1.06,0.5,NA
"05-SEP-2018",2018-09-05 09:03:14,"2018-09-05","9H 3M 14S","Unknown","2.16.0","Unknown","Unknown",570,570,570,260,260,260,450,450,464,464,390,390,444,444,471,471,420,420,388,388,500,500,406,406,625,625,641,641,525,525,400,400,134561.3046875,64651.638671875,136143,100513.93359375,65103.884765625,101042,628.320007324219,571,401.279998779297,420,375.760009765625,402,247.380004882812,260,301.320007324219,319,524.699951171875,466,410.749969482422,421,422.939971923828,340,355.099975585938,290,325.5,334,382,338,370.5,379,278.5,286,NA,NA,NA,NA,NA,NA,NA,NA,NA
"31-AUG-2018",2018-08-31 09:09:12,"2018-08-31","9H 9M 12S","Unknown","2.16.0","Unknown","Unknown",570,570,570,260,260,260,450,450,464,464,390,390,444,444,471,471,420,420,388,388,500,500,406,406,625,625,641,641,525,525,400,400,25199.0693359375,62105.75390625,26589.5,28222.7109375,64287.224609375,27708.5,55.439998626709,60,18.4799995422363,29,34.3199996948242,104,37.2000007629395,55,34.4099998474121,65.5,98.5799942016602,81,41.3399963378906,49,74.1999969482422,74,69.9599990844727,102,55.5,65,65.5,79,22.5,43,21,44,NA,NA,NA,NA,NA,NA,NA,NA,NA
"30-AUG-2018",2018-08-30 09:01:04,"2018-08-30","9H 1M 4S","Unknown","2.16.0","Unknown","Unknown",570,570,570,260,260,260,450,450,464,464,390,390,444,444,471,471,420,420,388,388,500,500,406,406,625,625,641,641,525,525,400,400,27065.9990234375,63391.701171875,28016.5,51967.935546875,65388.33203125,52700.5,80.0800018310547,78,22.8799991607666,37,44,102,40.9200019836426,55,40.9200019836426,60,104.939994812012,86,43.4599990844727,52,82.6799926757812,79,78.4399948120117,101,64.5,73,82.5,91,28,48,26,37,NA,NA,NA,NA,NA,NA,NA,NA,NA
"29-AUG-2018",2018-08-29 09:07:46,"2018-08-29","9H 7M 46S","Unknown","2.16.0","Unknown","Unknown",570,570,570,260,260,260,450,450,464,464,390,390,444,444,471,471,420,420,388,388,500,500,406,406,625,625,641,641,525,525,400,400,118281.92578125,64456.591796875,116327,103334.62890625,65111.849609375,103803,544.719970703125,493.5,348.480010986328,362,316.799987792969,299,209.25,220,225.990005493164,235.5,432.47998046875,390,312.699981689453,329,285.139984130859,255,222.599990844727,186.5,243,266,323.5,262,298,322,220.75,240,NA,NA,NA,NA,NA,NA,NA,NA,NA
"28-AUG-2018",2018-08-28 09:28:01,"2018-08-28","9H 28M 1S","Unknown","2.16.0","Unknown","Unknown",570,570,570,260,260,260,450,450,464,464,390,390,444,444,471,471,420,420,388,388,500,500,406,406,625,625,641,641,525,525,400,400,126436.82421875,64662.37890625,127277,102353.4765625,65235.630859375,102621,575.52001953125,528,380.160003662109,396,354.639984130859,364,225.059997558594,233,252.960006713867,269,471.699981689453,432.5,351.919982910156,362,340.259979248047,288,272.419982910156,231.5,276.5,291,351,287,328.5,343,245,258,NA,NA,NA,NA,NA,NA,NA,NA,NA
"27-AUG-2018",2018-08-27 09:33:15,"2018-08-27","9H 33M 15S","Unknown","2.16.0","Unknown","Unknown",570,570,570,260,260,260,450,450,464,464,390,390,444,444,471,471,420,420,388,388,500,500,406,406,625,625,641,641,525,525,400,400,131952.984375,64958.921875,132082,103024.93359375,65614.93359375,102691.5,535.039978027344,483,351.559997558594,369.5,308.880004882812,298,211.110000610352,221,231.570007324219,239,378.419982910156,339,275.599975585938,288,271.359985351562,234,218.889984130859,179,238,257,290.5,252,300.5,320,217,240,NA,NA,NA,NA,NA,NA,NA,NA,NA
"24-AUG-2018",2018-08-24 08:42:03,"2018-08-24","8H 42M 3S","Unknown","2.16.0","Unknown","Unknown",570,570,570,260,260,260,450,450,464,464,390,390,444,444,471,471,420,420,388,388,500,500,406,406,625,625,641,641,525,525,400,400,139530.6875,64006.9140625,142638,103615.953125,64694.244140625,104802.5,594,534,399.519989013672,408,373.119995117188,393,246.449996948242,262,290.160003662109,305,440.9599609375,404,315.879974365234,336,313.759979248047,279,305.279968261719,279,304,318,397,321,342,355,256,264,NA,NA,NA,NA,NA,NA,NA,NA,NA
"22-AUG-2018",2018-08-22 09:01:16,"2018-08-22","9H 1M 16S","Unknown","2.16.0","Unknown","Unknown",570,570,570,260,260,260,450,450,464,464,390,390,444,444,471,471,420,420,388,388,500,500,406,406,625,625,641,641,525,525,400,400,137881.765625,64525.015625,139810.5,105954.43359375,65024.701171875,106671,631.840026855469,573,414.480010986328,438,385.880004882812,408,246.449996948242,250,291.089996337891,302,499.259979248047,456,362.519989013672,375,334.959991455078,294,303.159973144531,278,316.5,332,407.25,335,366,375,275,283,NA,NA,NA,NA,NA,NA,NA,NA,NA
"21-AUG-2018",2018-08-21 09:40:59,"2018-08-21","9H 40M 59S","Unknown","2.16.0","Unknown","Unknown",570,570,570,260,260,260,450,450,464,464,390,390,444,444,471,471,420,420,388,388,500,500,406,406,625,625,641,641,525,525,400,400,136267.9453125,64945.162109375,137044.5,106489.6484375,65447.23046875,106500.5,589.599975585938,537,400.399993896484,412,366.959991455078,388,242.729995727539,243,281.790008544922,286.5,483.359985351562,435,341.319976806641,351,348.739990234375,290,294.679992675781,254,302.5,316,374,313,351.5,357,263.5,269,NA,NA,NA,NA,NA,NA,NA,NA,NA
"17-AUG-2018",2018-08-17 09:16:35,"2018-08-17","9H 16M 35S","Unknown","2.16.0","Unknown","Unknown",570,570,570,260,260,260,450,450,464,464,390,390,444,444,471,471,420,420,388,388,500,500,406,406,625,625,641,641,525,525,400,400,135652.140625,64747.6953125,137024,104785.890625,65355.2890625,104961,630.080017089844,581,416.239990234375,436,387.200012207031,414,249.240005493164,257,298.529998779297,308,550.139953613281,493,379.47998046875,392,382.659973144531,326,332.839996337891,286,328,337,410,340,372,385,277,281,NA,NA,NA,NA,NA,NA,NA,NA,NA
"16-AUG-2018",2018-08-16 09:28:09,"2018-08-16","9H 28M 9S","Unknown","LSRII","1","Administrator",570,570,570,260,260,260,450,450,464,464,390,390,444,444,471,471,420,420,388,388,500,500,406,406,625,625,641,641,525,525,400,400,139492.078125,64714.6796875,141011,104754.2734375,65204.375,105133,602.799987792969,541,340.559997558594,348,309.760009765625,324,244.589996337891,251,251.100006103516,259,481.239959716797,435,341.319976806641,359,313.759979248047,276,292.559997558594,255,309.5,327,400,326,292,310,208.5,215,61.41,0,26.61,42.2,0.88,0.93,1.06,0.5,NA
"14-AUG-2018",2018-08-14 14:10:47,"2018-08-14","14H 10M 47S","Unknown","2.16.0","Unknown","Unknown",570,570,570,260,260,260,450,450,464,464,390,390,444,444,471,471,420,420,388,388,500,500,406,406,625,625,641,641,525,525,400,400,139556.8125,64418.08203125,141710,103534.109375,64906.10546875,104326,610.719970703125,546,365.200012207031,367,342.320007324219,362,249.240005493164,256,266.910003662109,291,470.639984130859,426,312.699981689453,336,322.239990234375,285,328.599975585938,288,318,333,414,337,308,321,225,237,NA,NA,NA,NA,NA,NA,NA,NA,NA
"07-AUG-2018",2018-08-07 08:54:56,"2018-08-07","8H 54M 56S","Unknown","2.16.0","Unknown","Unknown",570,570,570,260,260,260,450,450,464,464,390,390,444,444,471,471,420,420,388,388,500,500,406,406,625,625,641,641,525,525,400,400,112324.6796875,64516.453125,110548,101681.5546875,65049.48828125,102123,526.239990234375,458,293.040008544922,306,242,245,189.720001220703,192,186,182,468.519989013672,426,313.759979248047,339,272.419982910156,230,215.179992675781,157,219,250,277,229,257.5,265,169.5,190,NA,NA,NA,NA,NA,NA,NA,NA,NA
"06-AUG-2018",2018-08-06 13:30:18,"2018-08-06","13H 30M 18S","Unknown","2.16.0","Unknown","Unknown",570,570,570,260,260,260,450,450,464,464,390,390,444,444,471,471,420,420,388,388,500,500,406,406,625,625,641,641,525,525,400,400,140344.6171875,64218.146484375,142902,103544.80859375,64582.68359375,104868.5,587.400024414062,519.5,380.160003662109,380,341.440002441406,345,232.5,234,258.540008544922,274,427.179962158203,381,278.779998779297,297,276.659973144531,234,252.809982299805,226.5,278,302,359,291,319.5,337,226.5,247,NA,NA,NA,NA,NA,NA,NA,NA,NA
"03-AUG-2018",2018-08-03 09:31:17,"2018-08-03","9H 31M 17S","Unknown","2.16.0","Unknown","Unknown",570,570,570,260,260,260,450,450,464,464,390,390,444,444,471,471,420,420,388,388,500,500,406,406,625,625,641,641,525,525,400,400,137328.359375,64750.6953125,138667,105660.55859375,65281.953125,105960.5,602.799987792969,541,395.119995117188,412,363.440002441406,387,246.449996948242,247,279.929992675781,289,513.039978027344,462,359.339965820312,380,364.639984130859,307,310.579986572266,273,312.5,326,385.5,322,349,363,250.5,261,NA,NA,NA,NA,NA,NA,NA,NA,NA
"02-AUG-2018",2018-08-02 09:14:57,"2018-08-02","9H 14M 57S","Unknown","2.16.0","Unknown","Unknown",570,570,570,260,260,260,450,450,464,464,390,390,444,444,471,471,420,420,388,388,500,500,406,406,625,625,641,641,525,525,400,400,30019.859375,64059.6171875,30390,53407.109375,65746.84375,54011,108.23999786377,93,29.9200000762939,41,44.8800010681152,81,66.0299987792969,63,54.8699989318848,62,160.059997558594,133,75.2599945068359,76,139.919998168945,127,101.759994506836,119,94.5,100,120,112,38,44,33.5,37,NA,NA,NA,NA,NA,NA,NA,NA,NA
"01-AUG-2018",2018-08-01 09:19:41,"2018-08-01","9H 19M 41S","Unknown","2.16.0","Unknown","Unknown",570,570,570,260,260,260,450,450,464,464,390,390,444,444,471,471,420,420,388,388,500,500,406,406,625,625,641,641,525,525,400,400,25329.7197265625,63848.357421875,26471,15007.41015625,63865.373046875,15415.5,40.4799995422363,42,15.8400001525879,35,27.2800006866455,71,34.4099998474121,47,33.4799995422363,66,65.7199935913086,67,33.9199981689453,42,51.939998626709,56,63.5999984741211,102,51.5,67,54,74.5,20,38,21.5,34,NA,NA,NA,NA,NA,NA,NA,NA,NA
"29-JUN-2018",2018-06-29 09:48:50,"2018-06-29","9H 48M 50S","Unknown","2.16.0","Unknown","Unknown",570,570,570,260,260,260,450,450,464,464,390,390,444,444,471,471,420,420,388,388,500,500,406,406,625,625,641,641,525,525,400,400,109498.34765625,64536.142578125,106837.5,102333.9453125,65143.919921875,102026.5,282.039993286133,198,59.8400001525879,67,88,94,178.559997558594,181,119.505001068115,123,461.099975585938,413,277.719970703125,280,285.139984130859,254.5,196.099990844727,144,230.75,248,294.5,245,90.5,89.5,60.5,59,NA,NA,NA,NA,NA,NA,NA,NA,NA
"28-JUN-2018",2018-06-28 09:50:23,"2018-06-28","9H 50M 23S","Unknown","LSRII","1","Administrator",570,570,570,260,260,260,450,450,464,464,390,390,444,444,471,471,420,420,388,388,500,500,406,406,625,625,641,641,525,525,400,400,136223.09375,64397.154296875,137486,104244.16796875,64819.947265625,105321,545.599975585938,489,353.760009765625,368,322.079986572266,325,216.690002441406,230,225.059997558594,240,466.399963378906,431,313.759979248047,327,301.039978027344,267,233.199981689453,194.5,253,276.5,313,271,294.75,323,227.5,259,61.41,0,26.61,42.2,0.88,0.93,1.06,0.5,NA
"27-JUN-2018",2018-06-27 10:52:21,"2018-06-27","10H 52M 21S","Unknown","2.16.0","Unknown","Unknown",570,570,570,260,260,260,450,450,464,464,390,390,444,444,471,471,420,420,388,388,500,500,406,406,625,625,641,641,525,525,400,400,134541.421875,64466.9609375,135172,103206.75,64936.578125,104029,554.400024414062,497,335.279998779297,336,312.399993896484,292,209.25,218,211.110000610352,217,503.499969482422,442,338.139984130859,352,315.879974365234,263,228.959991455078,174,242.5,270,318.5,262,283,303,218.5,250,NA,NA,NA,NA,NA,NA,NA,NA,NA
"27-JUN-2018",2018-06-27 09:22:02,"2018-06-27","9H 22M 2S","Unknown","2.16.0","Unknown","Unknown",570,570,570,260,260,260,450,450,464,464,390,390,444,444,471,471,420,420,388,388,500,500,406,406,625,625,641,641,525,525,400,400,131195.609375,64699.697265625,132509,105163.46875,65227.3515625,105542,629.200012207031,568,388.959991455078,400,368.720001220703,379,241.800003051758,247,276.209991455078,292,537.419982910156,480,375.239990234375,379,383.719970703125,322,316.939971923828,276,320,334,384.5,334,355,363,275,290,NA,NA,NA,NA,NA,NA,NA,NA,NA
"26-JUN-2018",2018-06-26 09:41:58,"2018-06-26","9H 41M 58S","Unknown","2.16.0","Unknown","Unknown",570,570,570,260,260,260,450,450,464,464,390,390,444,444,471,471,420,420,388,388,500,500,406,406,625,625,641,641,525,525,400,400,132787.578125,64397.306640625,134655,105019.3203125,65181.466796875,105501,607.200012207031,540,377.519989013672,389,352.880004882812,358,232.5,244,263.190002441406,276,548.019958496094,481,390.079986572266,388,368.879974365234,297,298.389984130859,249,297,313,355,309,349,364,266.5,284,NA,NA,NA,NA,NA,NA,NA,NA,NA
"25-JUN-2018",2018-06-25 09:54:08,"2018-06-25","9H 54M 8S","Unknown","2.16.0","Unknown","Unknown",570,570,570,260,260,260,450,450,464,464,390,390,444,444,471,471,420,420,388,388,500,500,406,406,625,625,641,641,525,525,400,400,127124.39453125,64941.533203125,127906,101910.328125,65349.08203125,102059,639.760009765625,584,406.559997558594,432,384.559997558594,409.5,233.43000793457,246,277.605010986328,292,538.47998046875,483,360.929992675781,372,385.839965820312,328,331.779968261719,275.5,316,326,386.75,334,366,374,282,292,NA,NA,NA,NA,NA,NA,NA,NA,NA
"21-JUN-2018",2018-06-21 15:41:10,"2018-06-21","15H 41M 10S","Unknown","2.16.0","Unknown","Unknown",530,530,530,260,260,260,450,450,464,464,390,390,444,444,471,471,420,420,388,388,500,500,406,406,625,625,641,641,525,525,400,400,109551.58984375,69177.9140625,103840.5,108976.55078125,66077.109375,108069.5,780.390014648438,701,523.739990234375,524,515.909973144531,528,337.459991455078,340,418.299987792969,425,639.325042724609,564,430.140014648438,427,495.410034179688,419,499.690032958984,375,446,442,556.75,477.5,442.75,446.5,349.5,350,NA,NA,NA,NA,NA,NA,NA,NA,NA
"20-JUN-2018",2018-06-20 09:31:27,"2018-06-20","9H 31M 27S","Unknown","2.16.0","Unknown","Unknown",650,650,650,260,260,260,450,450,464,464,390,390,466,466,471,471,420,420,388,388,500,500,406,406,625,625,641,641,525,525,400,400,111290.80859375,65611.76171875,110892.5,104794.4921875,66211.828125,103620,656.414978027344,605,431.519989013672,456,401.070007324219,430,357.200012207031,361,296.100006103516,310,586.360046386719,511,404.460021972656,409,421.580017089844,349,368.080017089844,290,337.5,341,417,357,383.5,395,298.5,308,NA,NA,NA,NA,NA,NA,NA,NA,NA
"20-JUN-2018",2018-06-20 09:21:25,"2018-06-20","9H 21M 25S","Unknown","2.16.0","Unknown","Unknown",650,650,650,260,260,260,450,450,464,464,390,390,466,466,471,471,420,420,388,388,500,500,406,406,625,625,641,641,525,525,400,400,110514.6796875,65749.24609375,109701,102940.80859375,66308.57421875,101579.5,639.450012207031,580,412.380004882812,429.5,386.279998779297,408,343.100006103516,344,274.480010986328,285,572.985015869141,497,392.690032958984,396,398.040008544922,328,330.630004882812,276,321,333,402.5,338,364.5,373,282,297,NA,NA,NA,NA,NA,NA,NA,NA,NA
"19-JUN-2018",2018-06-19 14:35:07,"2018-06-19","14H 35M 7S","Unknown","2.16.0","Unknown","Unknown",650,650,650,260,260,260,450,450,464,464,390,390,466,466,471,471,420,420,388,388,500,500,406,406,625,625,641,641,525,525,400,400,43530.109375,63112.029296875,44540,52713.791015625,64541.771484375,54318,145.289993286133,123.5,52.2000007629395,55,82.6500015258789,98,86.4800033569336,90,81.7799987792969,89,147.660003662109,111,65.2700042724609,61,112.350006103516,94,165.850006103516,129,130.5,124,163,148,57,61,51.5,50,NA,NA,NA,NA,NA,NA,NA,NA,NA
"18-JUN-2018",2018-06-18 09:26:17,"2018-06-18","9H 26M 17S","Unknown","2.16.0","Unknown","Unknown",650,650,650,260,260,260,450,450,464,464,390,390,466,466,471,471,420,420,388,388,500,500,406,406,625,625,641,641,525,525,400,400,106945.22265625,65488.08203125,106711.5,100361.44921875,66021.18359375,99317,617.265014648438,561,387.149993896484,398,361.049987792969,382,329.940002441406,329,262.260009765625,267,539.280029296875,475,368.080017089844,365,367.010009765625,296.5,302.810028076172,253,299.5,313,363,309,355,369,276.5,288,NA,NA,NA,NA,NA,NA,NA,NA,NA
"15-JUN-2018",2018-06-15 10:33:54,"2018-06-15","10H 33M 54S","Unknown","2.16.0","Unknown","Unknown",650,650,650,260,260,260,450,450,464,464,390,390,466,466,471,471,420,420,388,388,500,500,406,406,625,625,641,641,525,525,400,400,112542.12890625,65061.708984375,113021,105272.94921875,65463.947265625,105253,623.789978027344,563,401.070007324219,411,375.839996337891,392,351.559997558594,360,281.059997558594,294,569.240051269531,491,395.900024414062,388,376.640014648438,311,358.450012207031,285,325.5,333,410,345,351,361,275,284,NA,NA,NA,NA,NA,NA,NA,NA,NA
"14-JUN-2018",2018-06-14 09:07:12,"2018-06-14","9H 7M 12S","Unknown","2.16.0","Unknown","Unknown",650,650,650,260,260,260,450,450,464,464,390,390,466,466,471,471,420,420,388,388,500,500,406,406,625,625,641,641,525,525,400,400,107280.19140625,65259.947265625,107343.5,100631.23046875,65721.37890625,100160,626.400024414062,579,388.890014648438,418,372.360015869141,399,333.700012207031,340,261.320007324219,275,572.450012207031,507,391.620025634766,404,378.780029296875,323,326.350006103516,265,313.5,323,397.25,332.5,345,361,269,279,NA,NA,NA,NA,NA,NA,NA,NA,NA
"13-JUN-2018",2018-06-13 09:00:20,"2018-06-13","9H 0M 20S","Unknown","2.16.0","Unknown","Unknown",650,650,650,260,260,260,450,450,464,464,390,390,466,466,471,471,420,420,388,388,500,500,406,406,625,625,641,641,525,525,400,400,103497.52734375,65339.548828125,103454,98009.09765625,65975.16796875,97200,620.309997558594,563.5,395.850006103516,413,371.489990234375,398,315.839996337891,316,246.279998779297,255,549.980041503906,492,372.360015869141,369.5,353.100006103516,297,150.870010375977,146,286.75,304,366.5,306,348,367.5,270,283,NA,NA,NA,NA,NA,NA,NA,NA,NA
"12-JUN-2018",2018-06-12 18:16:48,"2018-06-12","18H 16M 48S","Unknown","2.16.0","Unknown","Unknown",650,650,650,260,260,260,450,450,464,464,390,390,466,466,471,471,420,420,388,388,500,500,406,406,625,625,641,641,525,525,400,400,112396.578125,65208.0703125,112644,104643.6171875,65609.875,104369,653.369995117188,588,429.779998779297,438,408.029998779297,422,357.200012207031,363,300.799987792969,304,557.470031738281,499,375.570007324219,380,383.060028076172,329,353.100006103516,287,334,343,422.5,351,378.5,383,297,309,NA,NA,NA,NA,NA,NA,NA,NA,NA
"12-JUN-2018",2018-06-12 08:59:40,"2018-06-12","8H 59M 40S","Unknown","2.16.0","Unknown","Unknown",650,650,650,260,260,260,450,450,464,464,390,390,466,466,471,471,420,420,388,388,500,500,406,406,625,625,641,641,525,525,400,400,96710.76171875,64507.619140625,97997,93792.16015625,64580.783203125,94890.5,577.919982910156,532,353.459991455078,371,326.800018310547,341,303.600006103516,309,243.800003051758,257,527.099975585938,483,364.349975585938,368.5,363.299987792969,292,282.449981689453,238,292.5,308,344.5,304,361.75,375,272.5,290,NA,NA,NA,NA,NA,NA,NA,NA,NA
"11-JUN-2018",2018-06-11 16:21:20,"2018-06-11","16H 21M 20S","Unknown","2.16.0","Unknown","Unknown",650,650,650,260,260,260,450,450,464,464,390,390,466,466,471,471,420,420,388,388,500,500,406,406,625,625,641,641,525,525,400,400,109197.71875,65067.71875,109438,102096.078125,65223.171875,102627,631.239990234375,575,411.080017089844,426,391.300018310547,403,340.399993896484,350,276,293,544.949951171875,491,362.249969482422,375,373.799987792969,320,331.799987792969,267,323.5,328,413,338,360,365,282.5,293,NA,NA,NA,NA,NA,NA,NA,NA,NA
"11-JUN-2018",2018-06-11 16:21:20,"2018-06-11","16H 21M 20S","Unknown","2.16.0","Unknown","Unknown",650,650,650,260,260,260,450,450,464,464,390,390,466,466,471,471,420,420,388,388,500,500,406,406,625,625,641,641,525,525,400,400,109197.71875,65067.71875,109438,102096.078125,65223.171875,102627,631.239990234375,575,411.080017089844,426,391.300018310547,403,340.399993896484,350,276,293,544.949951171875,491,362.249969482422,375,373.799987792969,320,331.799987792969,267,323.5,328,413,338,360,365,282.5,293,NA,NA,NA,NA,NA,NA,NA,NA,NA
"08-JUN-2018",2018-06-08 08:59:32,"2018-06-08","8H 59M 32S","Unknown","2.16.0","Unknown","Unknown",610,NA,NA,260,NA,NA,450,NA,464,NA,390,NA,466,NA,471,NA,420,NA,388,NA,500,NA,406,NA,625,NA,641,NA,525,NA,400,NA,78849.171875,NA,NA,112785.8984375,NA,NA,617.700012207031,NA,396.720001220703,NA,374.100006103516,NA,375.059997558594,NA,319.600006103516,NA,568.559997558594,NA,386.399993896484,NA,381.800018310547,NA,314.640014648438,NA,338.5,NA,401,NA,381,NA,291.25,NA,NA,NA,NA,NA,NA,NA,NA,NA,NA
"07-JUN-2018",2018-06-07 09:44:58,"2018-06-07","9H 44M 58S","Unknown","2.16.0","Unknown","Unknown",610,NA,NA,260,NA,NA,450,NA,464,NA,390,NA,466,NA,471,NA,420,NA,388,NA,500,NA,406,NA,625,NA,641,NA,525,NA,400,NA,81197.65234375,NA,NA,112962.62109375,NA,NA,611.609985351562,NA,391.5,NA,376.709991455078,NA,370.359985351562,NA,312.079986572266,NA,571.320007324219,NA,394.679992675781,NA,389.160003662109,NA,313.720001220703,NA,330,NA,391,NA,373.5,NA,292,NA,NA,NA,NA,NA,NA,NA,NA,NA,NA
"06-JUN-2018",2018-06-06 08:57:24,"2018-06-06","8H 57M 24S","Unknown","2.16.0","Unknown","Unknown",610,NA,NA,260,NA,NA,450,NA,464,NA,390,NA,466,NA,471,NA,420,NA,388,NA,500,NA,406,NA,625,NA,641,NA,525,NA,400,NA,81213.421875,NA,NA,112481.3359375,NA,NA,632.489990234375,NA,407.160003662109,NA,389.325012207031,NA,380.700012207031,NA,327.119995117188,NA,561.200012207031,NA,402.040008544922,NA,384.559997558594,NA,328.440002441406,NA,344,NA,427,NA,387,NA,302.5,NA,NA,NA,NA,NA,NA,NA,NA,NA,NA
"05-JUN-2018",2018-06-05 09:24:10,"2018-06-05","9H 24M 10S","Unknown","2.16.0","Unknown","Unknown",610,NA,NA,260,NA,NA,450,NA,464,NA,390,NA,466,NA,471,NA,420,NA,388,NA,500,NA,406,NA,625,NA,641,NA,525,NA,400,NA,80026.109375,NA,NA,112783.078125,NA,NA,615.960021972656,NA,393.239990234375,NA,376.709991455078,NA,366.600006103516,NA,300.799987792969,NA,549.239990234375,NA,393.760009765625,NA,362.480010986328,NA,296.239990234375,NA,314.5,NA,383.5,NA,364.25,NA,283.5,NA,NA,NA,NA,NA,NA,NA,NA,NA,NA
"04-JUN-2018",2018-06-04 10:34:28,"2018-06-04","10H 34M 28S","Unknown","2.16.0","Unknown","Unknown",610,NA,NA,260,NA,NA,450,NA,464,NA,390,NA,466,NA,471,NA,420,NA,388,NA,500,NA,406,NA,625,NA,641,NA,525,NA,400,NA,81606.84375,NA,NA,111459.08984375,NA,NA,639.450012207031,NA,415.860015869141,NA,391.5,NA,386.339996337891,NA,334.639984130859,NA,563.960021972656,NA,402.040008544922,NA,385.480010986328,NA,331.200012207031,NA,338.5,NA,421,NA,385.5,NA,298,NA,NA,NA,NA,NA,NA,NA,NA,NA,NA
"01-JUN-2018",2018-06-01 10:34:16,"2018-06-01","10H 34M 16S","Unknown","2.16.0","Unknown","Unknown",610,NA,NA,260,NA,NA,450,NA,464,NA,390,NA,466,NA,471,NA,420,NA,388,NA,500,NA,406,NA,625,NA,641,NA,525,NA,400,NA,81737.5703125,NA,NA,111991.6015625,NA,NA,638.580017089844,NA,416.730010986328,NA,397.589996337891,NA,377.880004882812,NA,324.299987792969,NA,558.440002441406,NA,389.160003662109,NA,376.279998779297,NA,319.240020751953,NA,338.5,NA,420,NA,378,NA,293.5,NA,NA,NA,NA,NA,NA,NA,NA,NA,NA
"31-MAY-2018",2018-05-31 17:29:21,"2018-05-31","17H 29M 21S","Unknown","2.16.0","Unknown","Unknown",610,NA,NA,260,NA,NA,450,NA,464,NA,390,NA,466,NA,471,NA,420,NA,388,NA,500,NA,406,NA,625,NA,641,NA,525,NA,400,NA,80383.83984375,NA,NA,109414.58984375,NA,NA,643.364990234375,NA,429.779998779297,NA,410.205001831055,NA,382.109985351562,NA,344.510009765625,NA,533.140014648438,NA,357.880004882812,NA,348.679992675781,NA,341.780014038086,NA,353.5,NA,435,NA,396,NA,299.25,NA,NA,NA,NA,NA,NA,NA,NA,NA,NA
"31-MAY-2018",2018-05-31 08:06:33,"2018-05-31","8H 6M 33S","Unknown","2.16.0","Unknown","Unknown",610,NA,NA,260,NA,NA,450,NA,464,NA,390,NA,466,NA,471,NA,420,NA,388,NA,500,NA,406,NA,625,NA,641,NA,525,NA,400,NA,80288.390625,NA,NA,110444.359375,NA,NA,640.320007324219,NA,411.510009765625,NA,389.760009765625,NA,370.359985351562,NA,318.190002441406,NA,550.160034179688,NA,385.480010986328,NA,368.920013427734,NA,308.200012207031,NA,335,NA,410.5,NA,385.5,NA,291,NA,NA,NA,NA,NA,NA,NA,NA,NA,NA
"30-MAY-2018",2018-05-30 08:51:27,"2018-05-30","8H 51M 27S","Unknown","2.16.0","Unknown","Unknown",610,NA,NA,260,NA,NA,450,NA,464,NA,390,NA,466,NA,471,NA,420,NA,388,NA,500,NA,406,NA,625,NA,641,NA,525,NA,400,NA,80879.3515625,NA,NA,111539.9296875,NA,NA,628.140014648438,NA,403.244995117188,NA,381.059997558594,NA,363.779998779297,NA,307.380004882812,NA,544.640014648438,NA,378.119995117188,NA,366.160003662109,NA,297.160003662109,NA,321.75,NA,390,NA,374,NA,291.5,NA,NA,NA,NA,NA,NA,NA,NA,NA,NA
"25-MAY-2018",2018-05-25 09:56:51,"2018-05-25","9H 56M 51S","Unknown","2.16.0","Unknown","Unknown",610,NA,NA,260,NA,NA,450,NA,464,NA,390,NA,466,NA,471,NA,420,NA,388,NA,500,NA,406,NA,625,NA,641,NA,525,NA,400,NA,80062.2109375,NA,NA,110415.21875,NA,NA,614.220031738281,NA,394.110015869141,NA,368.880004882812,NA,354.380004882812,NA,297.040008544922,NA,539.119995117188,NA,372.600006103516,NA,365.240005493164,NA,300.380004882812,NA,316,NA,395,NA,349.75,NA,275,NA,NA,NA,NA,NA,NA,NA,NA,NA,NA
"24-MAY-2018",2018-05-24 08:34:47,"2018-05-24","8H 34M 47S","Unknown","LSRII","1","Administrator",610,NA,NA,260,NA,NA,450,NA,464,NA,390,NA,466,NA,471,NA,420,NA,388,NA,500,NA,406,NA,625,NA,641,NA,525,NA,400,NA,81925.1484375,NA,NA,114206.23828125,NA,NA,636.840026855469,NA,399.330017089844,NA,374.970001220703,NA,374.119995117188,NA,324.769989013672,NA,572.239990234375,NA,395.600006103516,NA,407.559997558594,NA,316.480010986328,NA,337.5,NA,404,NA,383,NA,300,NA,60,0,20.46,40,0.87,0.94,0.92,0.5,NA
"22-MAY-2018",2018-05-22 08:58:49,"2018-05-22","8H 58M 49S","Unknown","2.16.0","Unknown","Unknown",610,NA,NA,260,NA,NA,450,NA,464,NA,390,NA,466,NA,471,NA,420,NA,388,NA,500,NA,406,NA,625,NA,641,NA,525,NA,400,NA,80764.8046875,NA,NA,113565.15625,NA,NA,659.460021972656,NA,392.369995117188,NA,374.100006103516,NA,406.079986572266,NA,338.399993896484,NA,589.720031738281,NA,405.720001220703,NA,456.320007324219,NA,349.600006103516,NA,375,NA,468,NA,379.25,NA,290.5,NA,NA,NA,NA,NA,NA,NA,NA,NA,NA
"21-MAY-2018",2018-05-21 10:07:29,"2018-05-21","10H 7M 29S","Unknown","2.16.0","Unknown","Unknown",610,NA,NA,260,NA,NA,450,NA,464,NA,390,NA,466,NA,471,NA,420,NA,388,NA,500,NA,406,NA,625,NA,641,NA,525,NA,400,NA,82951.44140625,NA,NA,112130.71875,NA,NA,635.099975585938,NA,401.070007324219,NA,376.709991455078,NA,372.709991455078,NA,313.489990234375,NA,554.760009765625,NA,380.880004882812,NA,377.200012207031,NA,302.220001220703,NA,327.5,NA,401,NA,358,NA,282.5,NA,NA,NA,NA,NA,NA,NA,NA,NA,NA
"16-MAY-2018",2018-05-16 09:26:10,"2018-05-16","9H 26M 10S","Unknown","2.16.0","Unknown","Unknown",610,NA,NA,260,NA,NA,450,NA,464,NA,390,NA,466,NA,471,NA,420,NA,388,NA,500,NA,406,NA,625,NA,641,NA,525,NA,400,NA,81354.94140625,NA,NA,113680.78125,NA,NA,622.919982910156,NA,378.450012207031,NA,369.75,NA,369.420013427734,NA,306.910003662109,NA,561.200012207031,NA,391.920013427734,NA,404.800018310547,NA,302.679992675781,NA,331,NA,401,NA,362,NA,287.25,NA,NA,NA,NA,NA,NA,NA,NA,NA,NA
"14-MAY-2018",2018-05-14 11:58:19,"2018-05-14","11H 58M 19S","Unknown","2.16.0","Unknown","Unknown",610,NA,NA,260,NA,NA,450,NA,464,NA,390,NA,466,NA,471,NA,420,NA,388,NA,500,NA,406,NA,625,NA,641,NA,525,NA,400,NA,82094.0546875,NA,NA,113444.8359375,NA,NA,630.75,NA,414.554992675781,NA,384.540008544922,NA,375.059997558594,NA,311.139984130859,NA,511.52001953125,NA,341.320007324219,NA,321.080017089844,NA,295.320007324219,NA,321,NA,397.5,NA,366,NA,285,NA,NA,NA,NA,NA,NA,NA,NA,NA,NA
"10-MAY-2018",2018-05-10 08:47:26,"2018-05-10","8H 47M 26S","Unknown","2.16.0","Unknown","Unknown",610,NA,NA,260,NA,NA,450,NA,464,NA,390,NA,466,NA,471,NA,420,NA,388,NA,500,NA,406,NA,625,NA,641,NA,525,NA,400,NA,79213.953125,NA,NA,113095.62890625,NA,NA,634.22998046875,NA,403.679992675781,NA,389.760009765625,NA,370.359985351562,NA,317.720001220703,NA,546.019989013672,NA,381.800018310547,NA,391.920013427734,NA,316.480010986328,NA,335.5,NA,405.75,NA,377,NA,295.5,NA,NA,NA,NA,NA,NA,NA,NA,NA,NA
"09-MAY-2018",2018-05-09 09:17:16,"2018-05-09","9H 17M 16S","Unknown","2.16.0","Unknown","",610,NA,NA,260,NA,NA,450,NA,464,NA,390,NA,466,NA,471,NA,420,NA,388,NA,500,NA,406,NA,625,NA,641,NA,525,NA,400,NA,78491.0234375,NA,NA,110910.12890625,NA,NA,596.820007324219,NA,373.230010986328,NA,363.660003662109,NA,360.959991455078,NA,302.679992675781,NA,540.960021972656,NA,379.040008544922,NA,399.279998779297,NA,303.600006103516,NA,322.5,NA,380.5,NA,361,NA,286.5,NA,NA,NA,NA,NA,NA,NA,NA,NA,NA
"08-MAY-2018",2018-05-08 08:05:42,"2018-05-08","8H 5M 42S","Unknown","2.16.0","Unknown","Unknown",610,NA,NA,260,NA,NA,450,NA,464,NA,390,NA,466,NA,471,NA,420,NA,388,NA,500,NA,406,NA,625,NA,641,NA,525,NA,400,NA,75570.66796875,NA,NA,110684.05859375,NA,NA,587.25,NA,362.790008544922,NA,342.779998779297,NA,350.619995117188,NA,286.700012207031,NA,518.880004882812,NA,358.800018310547,NA,368,NA,276,NA,317,NA,381.5,NA,357,NA,274.5,NA,NA,NA,NA,NA,NA,NA,NA,NA,NA
"07-MAY-2018",2018-05-07 09:56:33,"2018-05-07","9H 56M 33S","Unknown","2.16.0","Unknown","Unknown",610,NA,NA,260,NA,NA,450,NA,464,NA,390,NA,466,NA,471,NA,420,NA,388,NA,500,NA,406,NA,625,NA,641,NA,525,NA,400,NA,79096.328125,NA,NA,111994.890625,NA,NA,639.450012207031,NA,400.200012207031,NA,384.540008544922,NA,380.700012207031,NA,329.940002441406,NA,553.840026855469,NA,386.399993896484,NA,425.040008544922,NA,335.800018310547,NA,360.5,NA,428.5,NA,392.5,NA,303.5,NA,NA,NA,NA,NA,NA,NA,NA,NA,NA
"01-MAY-2018",2018-05-01 08:11:52,"2018-05-01","8H 11M 52S","Unknown","2.16.0","Unknown","Unknown",610,NA,NA,260,NA,NA,450,NA,464,NA,390,NA,466,NA,471,NA,420,NA,388,NA,500,NA,406,NA,625,NA,641,NA,525,NA,400,NA,76308.12109375,NA,NA,109382.62890625,NA,NA,612.47998046875,NA,375.839996337891,NA,357.570007324219,NA,345.920013427734,NA,286.700012207031,NA,499.559997558594,NA,346.839996337891,NA,351.440002441406,NA,282.440002441406,NA,309,NA,366.5,NA,361,NA,275,NA,NA,NA,NA,NA,NA,NA,NA,NA,NA
"26-APR-2018",2018-04-26 09:09:56,"2018-04-26","9H 9M 56S","Unknown","2.16.0","Unknown","Unknown",610,NA,NA,260,NA,NA,450,NA,464,NA,390,NA,466,NA,471,NA,420,NA,388,NA,500,NA,406,NA,625,NA,641,NA,525,NA,400,NA,77395.421875,NA,NA,110220.171875,NA,NA,642.929992675781,NA,406.290008544922,NA,388.890014648438,NA,360.019989013672,NA,304.559997558594,NA,545.559997558594,NA,379.960021972656,NA,375.360015869141,NA,305.440002441406,NA,321.5,NA,402.25,NA,369.5,NA,289.5,NA,NA,NA,NA,NA,NA,NA,NA,NA,NA
"25-APR-2018",2018-04-25 09:15:51,"2018-04-25","9H 15M 51S","Unknown","2.16.0","Unknown","Unknown",610,NA,NA,260,NA,NA,450,NA,464,NA,390,NA,466,NA,471,NA,420,NA,388,NA,500,NA,406,NA,625,NA,641,NA,525,NA,400,NA,77984.30859375,NA,NA,111033.26953125,NA,NA,651.630004882812,NA,413.25,NA,399.330017089844,NA,367.540008544922,NA,313.959991455078,NA,542.799987792969,NA,377.200012207031,NA,371.679992675781,NA,312.800018310547,NA,341,NA,427.5,NA,381,NA,304.75,NA,NA,NA,NA,NA,NA,NA,NA,NA,NA
"24-APR-2018",2018-04-24 10:02:09,"2018-04-24","10H 2M 9S","Unknown","2.16.0","Unknown","Unknown",610,NA,NA,260,NA,NA,450,NA,464,NA,390,NA,466,NA,471,NA,420,NA,388,NA,500,NA,406,NA,625,NA,641,NA,525,NA,400,NA,77048.484375,NA,NA,109521.74609375,NA,NA,621.179992675781,NA,386.279998779297,NA,372.360015869141,NA,363.309997558594,NA,312.079986572266,NA,527.160034179688,NA,372.600006103516,NA,400.200012207031,NA,312.800018310547,NA,333,NA,385.5,NA,381,NA,301.5,NA,NA,NA,NA,NA,NA,NA,NA,NA,NA
"23-APR-2018",2018-04-23 09:34:29,"2018-04-23","9H 34M 29S","Unknown","2.16.0","Unknown","Unknown",610,NA,NA,260,NA,NA,450,NA,464,NA,390,NA,466,NA,471,NA,420,NA,388,NA,500,NA,406,NA,625,NA,641,NA,525,NA,400,NA,75189.69921875,NA,NA,107058.4765625,NA,NA,596.820007324219,NA,369.75,NA,347.130004882812,NA,353.440002441406,NA,300.799987792969,NA,514.280029296875,NA,361.559997558594,NA,391.920013427734,NA,301.760009765625,NA,319.5,NA,371,NA,369.5,NA,291,NA,NA,NA,NA,NA,NA,NA,NA,NA,NA
"20-APR-2018",2018-04-20 17:53:21,"2018-04-20","17H 53M 21S","Unknown","2.16.0","Unknown","Unknown",610,NA,NA,260,NA,NA,450,NA,464,NA,390,NA,466,NA,471,NA,420,NA,388,NA,500,NA,406,NA,625,NA,641,NA,525,NA,400,NA,80109.109375,NA,NA,109375.578125,NA,NA,609,NA,371.489990234375,NA,360.179992675781,NA,363.779998779297,NA,290.459991455078,NA,531.760009765625,NA,373.52001953125,NA,363.399993896484,NA,308.200012207031,NA,321.5,NA,402.5,NA,321,NA,250,NA,NA,NA,NA,NA,NA,NA,NA,NA,NA
"20-APR-2018",2018-04-20 11:32:18,"2018-04-20","11H 32M 18S","Unknown","2.16.0","Unknown","Unknown",610,NA,NA,260,NA,NA,450,NA,464,NA,390,NA,466,NA,471,NA,420,NA,388,NA,500,NA,406,NA,625,NA,641,NA,525,NA,400,NA,77367,NA,NA,106532.3203125,NA,NA,597.549987792969,NA,374,NA,357.425003051758,NA,351.440002441406,NA,290.720001220703,NA,511.199981689453,NA,359.099975585938,NA,369,NA,306.899993896484,NA,310.904998779297,NA,377.300018310547,NA,339.080017089844,NA,265.580017089844,NA,NA,NA,NA,NA,NA,NA,NA,NA,NA
"19-APR-2018",2018-04-19 09:20:57,"2018-04-19","9H 20M 57S","Unknown","2.16.0","Unknown","Unknown",610,NA,NA,260,NA,NA,450,NA,464,NA,390,NA,466,NA,471,NA,420,NA,388,NA,500,NA,406,NA,625,NA,641,NA,525,NA,400,NA,75057.05859375,NA,NA,106668.0234375,NA,NA,606.900024414062,NA,370.600006103516,NA,357.850006103516,NA,335.800018310547,NA,264.959991455078,NA,495,NA,342.899993896484,NA,337.5,NA,271.799987792969,NA,294.490020751953,NA,371.910003662109,NA,328.300018310547,NA,261.170013427734,NA,NA,NA,NA,NA,NA,NA,NA,NA,NA
"18-APR-2018",2018-04-18 08:53:51,"2018-04-18","8H 53M 51S","Unknown","2.16.0","Unknown","Unknown",610,NA,NA,260,NA,NA,450,NA,464,NA,390,NA,466,NA,471,NA,420,NA,388,NA,500,NA,406,NA,625,NA,641,NA,525,NA,400,NA,76096.8203125,NA,NA,108783.1015625,NA,NA,618.799987792969,NA,377.400024414062,NA,364.650024414062,NA,353.279998779297,NA,290.720001220703,NA,494.099975585938,NA,345.599975585938,NA,367.199981689453,NA,297.899993896484,NA,316.540008544922,NA,381.220001220703,NA,349.369995117188,NA,276.360015869141,NA,NA,NA,NA,NA,NA,NA,NA,NA,NA
"17-APR-2018",2018-04-17 09:22:44,"2018-04-17","9H 22M 44S","Unknown","2.16.0","Unknown","Unknown",610,NA,NA,260,NA,NA,450,NA,464,NA,390,NA,466,NA,471,NA,420,NA,388,NA,500,NA,406,NA,625,NA,641,NA,525,NA,400,NA,76443.26953125,NA,NA,105577.8203125,NA,NA,597.549987792969,NA,376.550018310547,NA,357,NA,336.720001220703,NA,264.040008544922,NA,498.599975585938,NA,350.099975585938,NA,335.699981689453,NA,271.799987792969,NA,288.610015869141,NA,363.335006713867,NA,333.690002441406,NA,261.660003662109,NA,NA,NA,NA,NA,NA,NA,NA,NA,NA
"16-APR-2018",2018-04-16 09:12:49,"2018-04-16","9H 12M 49S","Unknown","2.16.0","Unknown","Unknown",610,NA,NA,260,NA,NA,450,NA,464,NA,390,NA,466,NA,471,NA,420,NA,388,NA,500,NA,406,NA,625,NA,641,NA,525,NA,400,NA,75206.70703125,NA,NA,105516.640625,NA,NA,606.049987792969,NA,382.5,NA,356.150024414062,NA,334.880004882812,NA,273.239990234375,NA,513.899963378906,NA,359.099975585938,NA,341.100006103516,NA,275.399993896484,NA,298.410003662109,NA,377.790008544922,NA,350.350006103516,NA,273.910003662109,NA,NA,NA,NA,NA,NA,NA,NA,NA,NA
"13-APR-2018",2018-04-13 08:49:25,"2018-04-13","8H 49M 25S","Unknown","2.16.0","Unknown","Unknown",610,NA,NA,260,NA,NA,450,NA,464,NA,390,NA,466,NA,471,NA,420,NA,388,NA,500,NA,406,NA,625,NA,641,NA,525,NA,400,NA,74782.359375,NA,NA,105223.62109375,NA,NA,594.150024414062,NA,348.5,NA,331.5,NA,343.160003662109,NA,262.200012207031,NA,495.899993896484,NA,354.599975585938,NA,349.199981689453,NA,296.100006103516,NA,296.450012207031,NA,371.910003662109,NA,308.209991455078,NA,241.080001831055,NA,NA,NA,NA,NA,NA,NA,NA,NA,NA
"10-APR-2018",2018-04-10 09:11:50,"2018-04-10","9H 11M 50S","Unknown","2.16.0","Unknown","Unknown",610,NA,NA,260,NA,NA,450,NA,464,NA,390,NA,466,NA,471,NA,420,NA,388,NA,500,NA,406,NA,625,NA,641,NA,525,NA,400,NA,73271.1015625,NA,NA,103540.48046875,NA,NA,571.200012207031,NA,345.950012207031,NA,334.900024414062,NA,345,NA,281.52001953125,NA,472.5,NA,339.299987792969,NA,383.399993896484,NA,304.199981689453,NA,311.149993896484,NA,361.619995117188,NA,340.30500793457,NA,271.459991455078,NA,NA,NA,NA,NA,NA,NA,NA,NA,NA
"09-APR-2018",2018-04-09 09:59:53,"2018-04-09","9H 59M 53S","Unknown","2.16.0","Unknown","Unknown",610,NA,NA,260,NA,NA,450,NA,464,NA,390,NA,466,NA,471,NA,420,NA,388,NA,500,NA,406,NA,625,NA,641,NA,525,NA,400,NA,74932.83203125,NA,NA,106169.84375,NA,NA,578,NA,355.300018310547,NA,339.150024414062,NA,345.920013427734,NA,285.200012207031,NA,455.399993896484,NA,326.699981689453,NA,365.399993896484,NA,293.399993896484,NA,299.880004882812,NA,349.369995117188,NA,343.490020751953,NA,271.459991455078,NA,NA,NA,NA,NA,NA,NA,NA,NA,NA
"05-APR-2018",2018-04-05 10:29:20,"2018-04-05","10H 29M 20S","Unknown","2.16.0","Unknown","Unknown",610,NA,NA,260,NA,NA,450,NA,464,NA,390,NA,466,NA,471,NA,420,NA,388,NA,500,NA,406,NA,625,NA,641,NA,525,NA,400,NA,78660.55078125,NA,NA,110324.5625,NA,NA,627.299987792969,NA,389.300018310547,NA,375.275009155273,NA,360.640014648438,NA,308.200012207031,NA,500.399993896484,NA,360.899993896484,NA,387.449996948242,NA,313.199981689453,NA,334.179992675781,NA,395.920013427734,NA,377.790008544922,NA,298.899993896484,NA,NA,NA,NA,NA,NA,NA,NA,NA,NA
"02-APR-2018",2018-04-02 10:25:41,"2018-04-02","10H 25M 41S","Unknown","2.16.0","Unknown","Unknown",610,NA,NA,260,NA,NA,450,NA,464,NA,390,NA,466,NA,471,NA,420,NA,388,NA,500,NA,406,NA,625,NA,641,NA,525,NA,400,NA,76451.0625,NA,NA,108591.28125,NA,NA,611.150024414062,NA,346.800018310547,NA,332.775009155273,NA,348.679992675781,NA,277.839996337891,NA,493.199981689453,NA,354.599975585938,NA,377.099975585938,NA,307.799987792969,NA,320.950012207031,NA,383.425003051758,NA,336.140014648438,NA,262.149993896484,NA,NA,NA,NA,NA,NA,NA,NA,NA,NA
"29-MAR-2018",2018-03-29 12:38:12,"2018-03-29","12H 38M 12S","Unknown","2.16.0","Unknown","Unknown",610,NA,NA,260,NA,NA,450,NA,464,NA,390,NA,466,NA,471,NA,420,NA,388,NA,500,NA,406,NA,625,NA,641,NA,525,NA,400,NA,75289.9375,NA,NA,108220.984375,NA,NA,615.400024414062,NA,352.75,NA,339.150024414062,NA,357.880004882812,NA,289.800018310547,NA,513.899963378906,NA,369,NA,394.199981689453,NA,325.799987792969,NA,336.630004882812,NA,401.309997558594,NA,343.980010986328,NA,268.52001953125,NA,NA,NA,NA,NA,NA,NA,NA,NA,NA
"26-MAR-2018",2018-03-26 10:32:31,"2018-03-26","10H 32M 31S","Unknown","2.16.0","Unknown","Unknown",610,NA,NA,260,NA,NA,450,NA,464,NA,390,NA,466,NA,471,NA,420,NA,388,NA,500,NA,406,NA,625,NA,641,NA,525,NA,400,NA,75064.02734375,NA,NA,106577.3984375,NA,NA,563.975006103516,NA,319.600006103516,NA,307.700012207031,NA,348.679992675781,NA,275.080017089844,NA,478.799987792969,NA,342.899993896484,NA,386.099975585938,NA,306.899993896484,NA,315.559997558594,NA,366.52001953125,NA,324.869995117188,NA,253.820007324219,NA,NA,NA,NA,NA,NA,NA,NA,NA,NA
"23-MAR-2018",2018-03-23 09:07:49,"2018-03-23","9H 7M 49S","Unknown","2.16.0","Unknown","Unknown",610,NA,NA,260,NA,NA,450,NA,464,NA,390,NA,466,NA,471,NA,420,NA,388,NA,500,NA,406,NA,625,NA,641,NA,525,NA,400,NA,73377.2890625,NA,NA,106093.48046875,NA,NA,588.200012207031,NA,338.300018310547,NA,327.25,NA,345,NA,273.239990234375,NA,460.799987792969,NA,330.299987792969,NA,364.5,NA,300.600006103516,NA,316.540008544922,NA,373.380004882812,NA,325.360015869141,NA,253.820007324219,NA,NA,NA,NA,NA,NA,NA,NA,NA,NA
"22-MAR-2018",2018-03-22 15:12:37,"2018-03-22","15H 12M 37S","Unknown","2.16.0","Unknown","Unknown",610,NA,NA,260,NA,NA,450,NA,464,NA,390,NA,466,NA,471,NA,420,NA,388,NA,500,NA,406,NA,625,NA,641,NA,525,NA,400,NA,78385.84765625,NA,NA,108065.0390625,NA,NA,587.350036621094,NA,363.800018310547,NA,345.950012207031,NA,347.760009765625,NA,267.720001220703,NA,494.099975585938,NA,357.299987792969,NA,342,NA,297.899993896484,NA,299.390014648438,NA,378.279998779297,NA,310.170013427734,NA,243.040008544922,NA,NA,NA,NA,NA,NA,NA,NA,NA,NA
"20-MAR-2018",2018-03-20 08:20:37,"2018-03-20","8H 20M 37S","Unknown","LSRII","1","Administrator",610,NA,NA,260,NA,NA,450,NA,464,NA,390,NA,466,NA,471,NA,420,NA,388,NA,500,NA,406,NA,625,NA,641,NA,525,NA,400,NA,70119.4296875,NA,NA,95340.98046875,NA,NA,577.150024414062,NA,340,NA,291.975006103516,NA,336.720001220703,NA,256.679992675781,NA,464.399993896484,NA,336.600006103516,NA,285.299987792969,NA,299.249984741211,NA,333.200012207031,NA,418.460021972656,NA,367.990020751953,NA,258.230010986328,NA,59.61,0,20.81,39.54,0.85,0.92,0.9,0.49,NA
"19-MAR-2018",2018-03-19 09:21:41,"2018-03-19","9H 21M 41S","Unknown","2.16.0","Unknown","Unknown",610,NA,NA,260,NA,NA,450,NA,464,NA,390,NA,466,NA,471,NA,420,NA,388,NA,500,NA,406,NA,625,NA,641,NA,525,NA,400,NA,76701.15625,NA,NA,108253.1796875,NA,NA,635.799987792969,NA,411.400024414062,NA,393.550018310547,NA,353.279998779297,NA,302.679992675781,NA,480.599975585938,NA,346.5,NA,348.299987792969,NA,314.100006103516,NA,317.52001953125,NA,402.290008544922,NA,368.480010986328,NA,292.040008544922,NA,NA,NA,NA,NA,NA,NA,NA,NA,NA
"16-MAR-2018",2018-03-16 09:26:42,"2018-03-16","9H 26M 42S","Unknown","2.16.0","Unknown","Unknown",610,NA,NA,260,NA,NA,450,NA,464,NA,390,NA,466,NA,471,NA,420,NA,388,NA,500,NA,406,NA,625,NA,641,NA,525,NA,400,NA,73265.359375,NA,NA,108032.84375,NA,NA,589.900024414062,NA,370.600006103516,NA,355.300018310547,NA,327.52001953125,NA,268.640014648438,NA,451.799987792969,NA,319.5,NA,321.299987792969,NA,275.399993896484,NA,303.309997558594,NA,380.730010986328,NA,344.470001220703,NA,265.580017089844,NA,NA,NA,NA,NA,NA,NA,NA,NA,NA
"15-MAR-2018",2018-03-15 09:28:36,"2018-03-15","9H 28M 36S","Unknown","2.16.0","Unknown","Unknown",610,NA,NA,260,NA,NA,450,NA,464,NA,390,NA,466,NA,471,NA,420,NA,388,NA,500,NA,406,NA,625,NA,641,NA,525,NA,400,NA,77275.56640625,NA,NA,109779.921875,NA,NA,617.525024414062,NA,399.5,NA,383.350006103516,NA,346.839996337891,NA,299,NA,467.099975585938,NA,337.5,NA,342,NA,314.100006103516,NA,325.360015869141,NA,416.010009765625,NA,369.460021972656,NA,289.100006103516,NA,NA,NA,NA,NA,NA,NA,NA,NA,NA
"14-MAR-2018",2018-03-14 10:16:35,"2018-03-14","10H 16M 35S","Unknown","2.16.0","Unknown","Unknown",610,NA,NA,260,NA,NA,450,NA,464,NA,390,NA,466,NA,471,NA,420,NA,388,NA,500,NA,406,NA,625,NA,641,NA,525,NA,400,NA,80263.65234375,NA,NA,109093.140625,NA,NA,622.200012207031,NA,407.150024414062,NA,384.200012207031,NA,352.820007324219,NA,299.920013427734,NA,493.199981689453,NA,356.849990844727,NA,351.899993896484,NA,313.199981689453,NA,321.440002441406,NA,414.050018310547,NA,358.925003051758,NA,284.690002441406,NA,NA,NA,NA,NA,NA,NA,NA,NA,NA
"13-MAR-2018",2018-03-13 08:43:19,"2018-03-13","8H 43M 19S","Unknown","2.16.0","Unknown","Unknown",610,NA,NA,260,NA,NA,450,NA,464,NA,390,NA,466,NA,471,NA,420,NA,388,NA,500,NA,406,NA,625,NA,641,NA,525,NA,400,NA,75478.94921875,NA,NA,107876.4453125,NA,NA,629,NA,394.400024414062,NA,378.25,NA,348.679992675781,NA,294.399993896484,NA,477,NA,343.799987792969,NA,332.550003051758,NA,318.600006103516,NA,328.790008544922,NA,412.089996337891,NA,379.505004882812,NA,291.059997558594,NA,NA,NA,NA,NA,NA,NA,NA,NA,NA
"12-MAR-2018",2018-03-12 09:23:36,"2018-03-12","9H 23M 36S","Unknown","2.16.0","Unknown","Unknown",610,NA,NA,260,NA,NA,450,NA,464,NA,390,NA,466,NA,471,NA,420,NA,388,NA,500,NA,406,NA,625,NA,641,NA,525,NA,400,NA,78388.30859375,NA,NA,109070.6015625,NA,NA,628.150024414062,NA,402.900024414062,NA,384.200012207031,NA,359.720001220703,NA,296.239990234375,NA,488.699981689453,NA,355.5,NA,337.5,NA,317.699981689453,NA,319.480010986328,NA,410.619995117188,NA,372.890014648438,NA,293.510009765625,NA,NA,NA,NA,NA,NA,NA,NA,NA,NA
"08-MAR-2018",2018-03-08 09:01:12,"2018-03-08","9H 1M 12S","Unknown","2.16.0","Unknown","Unknown",610,NA,NA,260,NA,NA,450,NA,464,NA,390,NA,466,NA,471,NA,420,NA,388,NA,500,NA,406,NA,625,NA,641,NA,525,NA,400,NA,41068.060546875,NA,NA,58295.80078125,NA,NA,159.800003051758,NA,51,NA,85.8500061035156,NA,86.4800033569336,NA,88.3199996948242,NA,145.800003051758,NA,64.7999954223633,NA,111.599998474121,NA,119.699996948242,NA,135.240005493164,NA,170.029998779297,NA,60.2700004577637,NA,51.9400024414062,NA,NA,NA,NA,NA,NA,NA,NA,NA,NA
"07-MAR-2018",2018-03-07 14:45:58,"2018-03-07","14H 45M 58S","Unknown","2.16.0","Unknown","Unknown",610,NA,NA,260,NA,NA,450,NA,464,NA,390,NA,466,NA,471,NA,420,NA,388,NA,500,NA,406,NA,625,NA,641,NA,525,NA,400,NA,81840.921875,NA,NA,111632.34375,NA,NA,635.799987792969,NA,413.950012207031,NA,392.700012207031,NA,378.119995117188,NA,322.920013427734,NA,516.149993896484,NA,376.199981689453,NA,352.799987792969,NA,332.100006103516,NA,339.570007324219,NA,435.365005493164,NA,382.445007324219,NA,296.450012207031,NA,NA,NA,NA,NA,NA,NA,NA,NA,NA
"07-MAR-2018",2018-03-07 13:36:50,"2018-03-07","13H 36M 50S","Unknown","2.16.0","Unknown","Unknown",610,NA,NA,260,NA,NA,450,NA,464,NA,390,NA,466,NA,471,NA,420,NA,388,NA,500,NA,406,NA,625,NA,641,NA,525,NA,400,NA,82503.359375,NA,NA,113795.046875,NA,NA,641.760009765625,NA,422.519989013672,NA,404.039978027344,NA,381.290008544922,NA,320.320007324219,NA,516.559997558594,NA,376.199996948242,NA,356.399993896484,NA,331.760009765625,NA,343.980010986328,NA,439.040008544922,NA,385.140014648438,NA,305.760009765625,NA,NA,NA,NA,NA,NA,NA,NA,NA,NA
"06-MAR-2018",2018-03-06 09:17:32,"2018-03-06","9H 17M 32S","Unknown","2.16.0","Unknown","Unknown",610,NA,NA,260,NA,NA,450,NA,464,NA,390,NA,466,NA,471,NA,420,NA,388,NA,500,NA,406,NA,625,NA,641,NA,525,NA,400,NA,15264.0004882812,NA,NA,11928.599609375,NA,NA,41.1599998474121,NA,15.1199998855591,NA,30.2399997711182,NA,28.7999992370605,NA,30.5999984741211,NA,44.5200004577637,NA,20.1599998474121,NA,36.9599990844727,NA,42,NA,45.5699996948242,NA,44.5900001525879,NA,19.6000003814697,NA,20.0900001525879,NA,NA,NA,NA,NA,NA,NA,NA,NA,NA
"05-MAR-2018",2018-03-05 15:40:33,"2018-03-05","15H 40M 33S","Unknown","2.16.0","Unknown","Unknown",610,NA,NA,260,NA,NA,450,NA,464,NA,390,NA,466,NA,471,NA,420,NA,388,NA,500,NA,406,NA,625,NA,641,NA,525,NA,400,NA,80275.6015625,NA,NA,111343.49609375,NA,NA,617.399963378906,NA,392.279998779297,NA,384.720001220703,NA,361.349990844727,NA,296.100006103516,NA,460.319976806641,NA,332.639984130859,NA,336.839996337891,NA,290.639984130859,NA,310.414993286133,NA,382.445007324219,NA,338.100006103516,NA,268.029998779297,NA,NA,NA,NA,NA,NA,NA,NA,NA,NA
"05-MAR-2018",2018-03-05 11:32:08,"2018-03-05","11H 32M 8S","Unknown","2.16.0","Unknown","Unknown",610,NA,NA,260,NA,NA,450,NA,464,NA,390,NA,466,NA,471,NA,420,NA,388,NA,500,NA,406,NA,625,NA,641,NA,525,NA,400,NA,53058.509765625,NA,NA,99156.6015625,NA,NA,214.649993896484,NA,64.7999954223633,NA,107.099998474121,NA,105.090003967285,NA,107.879997253418,NA,223.154998779297,NA,73.7099990844727,NA,130.005004882812,NA,122.309997558594,NA,155.25,NA,198.25,NA,73,NA,61.5,NA,NA,NA,NA,NA,NA,NA,NA,NA,NA
"02-MAR-2018",2018-03-02 09:47:57,"2018-03-02","9H 47M 57S","Unknown","2.16.0","Unknown","Unknown",610,NA,NA,260,NA,NA,450,NA,464,NA,390,NA,466,NA,471,NA,420,NA,388,NA,500,NA,406,NA,625,NA,641,NA,525,NA,400,NA,48918.740234375,NA,NA,108846.734375,NA,NA,381.599990844727,NA,78.7499961853027,NA,118.349994659424,NA,276.209991455078,NA,192.974998474121,NA,433.350006103516,NA,277.829986572266,NA,238.949996948242,NA,181.440002441406,NA,245.5,NA,325,NA,256.5,NA,130,NA,NA,NA,NA,NA,NA,NA,NA,NA,NA
"01-MAR-2018",2018-03-01 09:09:34,"2018-03-01","9H 9M 34S","Unknown","2.16.0","Unknown","Unknown",610,NA,NA,260,NA,NA,450,NA,464,NA,390,NA,466,NA,471,NA,420,NA,388,NA,500,NA,406,NA,625,NA,641,NA,525,NA,400,NA,28196.51953125,NA,NA,63939.82421875,NA,NA,163.800003051758,NA,51.2999992370605,NA,85.5,NA,101.370002746582,NA,102.300003051758,NA,434.970001220703,NA,84.2399978637695,NA,138.509994506836,NA,115.019996643066,NA,154.75,NA,212,NA,70.5,NA,56.5,NA,NA,NA,NA,NA,NA,NA,NA,NA,NA
"28-FEB-2018",2018-02-28 09:22:00,"2018-02-28","9H 22M 0S","Unknown","2.16.0","Unknown","Unknown",610,NA,NA,260,NA,NA,450,NA,464,NA,390,NA,466,NA,471,NA,420,NA,388,NA,500,NA,406,NA,625,NA,641,NA,525,NA,400,NA,24615.580078125,NA,NA,56139.9140625,NA,NA,129.599990844727,NA,38.7000007629395,NA,64.3499965667725,NA,75.3300018310547,NA,71.6100006103516,NA,436.589996337891,NA,63.9900016784668,NA,91.5299987792969,NA,84.2399978637695,NA,106,NA,137.5,NA,46,NA,40.5,NA,NA,NA,NA,NA,NA,NA,NA,NA,NA
"27-FEB-2018",2018-02-27 09:29:47,"2018-02-27","9H 29M 47S","Unknown","2.16.0","Unknown","Unknown",610,NA,NA,260,NA,NA,450,NA,464,NA,390,NA,466,NA,471,NA,420,NA,388,NA,500,NA,406,NA,625,NA,641,NA,525,NA,400,NA,23455.279296875,NA,NA,56093.4140625,NA,NA,123.299995422363,NA,36.8999977111816,NA,61.1999969482422,NA,73.4700012207031,NA,63.2400016784668,NA,432.540008544922,NA,60.75,NA,100.440002441406,NA,80.1900024414062,NA,100.5,NA,122,NA,43,NA,37,NA,NA,NA,NA,NA,NA,NA,NA,NA,NA
"26-FEB-2018",2018-02-26 08:59:30,"2018-02-26","8H 59M 30S","Unknown","2.16.0","Unknown","Unknown",610,NA,NA,260,NA,NA,450,NA,464,NA,390,NA,466,NA,471,NA,420,NA,388,NA,500,NA,406,NA,625,NA,641,NA,525,NA,400,NA,36955.759765625,NA,NA,56318.009765625,NA,NA,150.300003051758,NA,49.5,NA,81.9000015258789,NA,99.5100021362305,NA,87.4199981689453,NA,466.559997558594,NA,95.1749992370605,NA,132.029998779297,NA,106.110000610352,NA,137,NA,175.25,NA,61,NA,47.5,NA,NA,NA,NA,NA,NA,NA,NA,NA,NA
"23-FEB-2018",2018-02-23 08:58:08,"2018-02-23","8H 58M 8S","Unknown","2.16.0","Unknown","Unknown",610,NA,NA,260,NA,NA,450,NA,464,NA,390,NA,466,NA,471,NA,420,NA,388,NA,500,NA,406,NA,625,NA,641,NA,525,NA,400,NA,49049.119140625,NA,NA,87192.61328125,NA,NA,187.199996948242,NA,60.2999992370605,NA,96.2999954223633,NA,182.280006408691,NA,117.645000457764,NA,471.420013427734,NA,215.055000305176,NA,260.820007324219,NA,137.294998168945,NA,178.75,NA,228.5,NA,83.25,NA,62.5,NA,NA,NA,NA,NA,NA,NA,NA,NA,NA
"21-FEB-2018",2018-02-21 08:33:47,"2018-02-21","8H 33M 47S","Unknown","2.16.0","Unknown","Unknown",610,NA,NA,260,NA,NA,450,NA,464,NA,390,NA,466,NA,471,NA,420,NA,388,NA,500,NA,406,NA,625,NA,641,NA,525,NA,400,NA,78252.6015625,NA,NA,111462.82421875,NA,NA,609.299987792969,NA,352.799987792969,NA,336.600006103516,NA,357.119995117188,NA,271.559997558594,NA,447.119995117188,NA,305.369995117188,NA,323.190002441406,NA,251.100006103516,NA,312.5,NA,370.5,NA,329,NA,260.5,NA,NA,NA,NA,NA,NA,NA,NA,NA,NA
"20-FEB-2018",2018-02-20 09:34:55,"2018-02-20","9H 34M 55S","Unknown","2.16.0","Unknown","Unknown",610,NA,NA,260,NA,NA,450,NA,464,NA,390,NA,466,NA,471,NA,420,NA,388,NA,500,NA,406,NA,625,NA,641,NA,525,NA,400,NA,79591.24609375,NA,NA,112306.8046875,NA,NA,662.399963378906,NA,405,NA,389.249984741211,NA,368.279998779297,NA,305.040008544922,NA,468.989990234375,NA,328.860015869141,NA,355.589996337891,NA,281.070007324219,NA,342.5,NA,399.5,NA,391.5,NA,313,NA,NA,NA,NA,NA,NA,NA,NA,NA,NA
"19-FEB-2018",2018-02-19 09:13:04,"2018-02-19","9H 13M 4S","Unknown","2.16.0","Unknown","Unknown",610,NA,NA,260,NA,NA,450,NA,464,NA,390,NA,466,NA,471,NA,420,NA,388,NA,500,NA,406,NA,625,NA,641,NA,525,NA,400,NA,77311.2421875,NA,NA,110180.8203125,NA,NA,645.299987792969,NA,390.599975585938,NA,370.799987792969,NA,356.190002441406,NA,293.880004882812,NA,455.220001220703,NA,322.380004882812,NA,347.894989013672,NA,269.730010986328,NA,322.25,NA,376.5,NA,381,NA,301,NA,NA,NA,NA,NA,NA,NA,NA,NA,NA
"16-FEB-2018",2018-02-16 09:07:55,"2018-02-16","9H 7M 55S","Unknown","2.16.0","Unknown","Unknown",610,NA,NA,260,NA,NA,450,NA,464,NA,390,NA,466,NA,471,NA,420,NA,388,NA,500,NA,406,NA,625,NA,641,NA,525,NA,400,NA,77865.96875,NA,NA,110488.18359375,NA,NA,615.599975585938,NA,201.599990844727,NA,171,NA,361.304992675781,NA,212.040008544922,NA,443.880004882812,NA,299.700012207031,NA,295.649993896484,NA,251.910003662109,NA,351.5,NA,442.5,NA,196.5,NA,134,NA,NA,NA,NA,NA,NA,NA,NA,NA,NA
"15-FEB-2018",2018-02-15 09:16:19,"2018-02-15","9H 16M 19S","Unknown","2.16.0","Unknown","Unknown",610,NA,NA,260,NA,NA,450,NA,464,NA,390,NA,466,NA,471,NA,420,NA,388,NA,500,NA,406,NA,625,NA,641,NA,525,NA,400,NA,77187.01171875,NA,NA,111617.671875,NA,NA,589.5,NA,193.5,NA,159.300003051758,NA,356.190002441406,NA,207.389999389648,NA,476.279998779297,NA,325.619995117188,NA,353.160003662109,NA,261.630004882812,NA,343.5,NA,398.5,NA,192,NA,131.25,NA,NA,NA,NA,NA,NA,NA,NA,NA,NA
"13-FEB-2018",2018-02-13 10:37:25,"2018-02-13","10H 37M 25S","Unknown","2.16.0","Unknown","Unknown",610,NA,NA,260,NA,NA,450,NA,464,NA,390,NA,466,NA,471,NA,420,NA,388,NA,500,NA,406,NA,625,NA,641,NA,525,NA,400,NA,67772.59765625,NA,NA,111687.421875,NA,NA,611.099975585938,NA,193.5,NA,163.800003051758,NA,362.700012207031,NA,210.18000793457,NA,458.459991455078,NA,324,NA,362.880004882812,NA,264.869995117188,NA,350.5,NA,405.5,NA,197.5,NA,136.5,NA,NA,NA,NA,NA,NA,NA,NA,NA,NA
"12-FEB-2018",2018-02-12 08:46:14,"2018-02-12","8H 46M 14S","Unknown","2.16.0","Unknown","Unknown",610,NA,NA,260,NA,NA,450,NA,464,NA,390,NA,466,NA,471,NA,420,NA,388,NA,500,NA,406,NA,625,NA,641,NA,525,NA,400,NA,78592.48828125,NA,NA,112042.6796875,NA,NA,586.799987792969,NA,186.299987792969,NA,153.899993896484,NA,352.470001220703,NA,193.440002441406,NA,447.119995117188,NA,302.130004882812,NA,318.329986572266,NA,234.089996337891,NA,321,NA,379.5,NA,183.5,NA,122.5,NA,NA,NA,NA,NA,NA,NA,NA,NA,NA
"09-FEB-2018",2018-02-09 08:45:03,"2018-02-09","8H 45M 3S","Unknown","2.16.0","Unknown","Unknown",610,NA,NA,260,NA,NA,450,NA,464,NA,390,NA,466,NA,471,NA,420,NA,388,NA,500,NA,406,NA,625,NA,641,NA,525,NA,400,NA,75943.88671875,NA,NA,110858.32421875,NA,NA,586.799987792969,NA,188.099990844727,NA,155.699996948242,NA,343.170013427734,NA,188.790008544922,NA,426.869995117188,NA,294.029998779297,NA,315.089996337891,NA,225.18000793457,NA,313.5,NA,362.5,NA,181,NA,124,NA,NA,NA,NA,NA,NA,NA,NA,NA,NA
"08-FEB-2018",2018-02-08 09:43:00,"2018-02-08","9H 43M 0S","Unknown","2.16.0","Unknown","Unknown",610,NA,NA,260,NA,NA,450,NA,464,NA,390,NA,466,NA,471,NA,420,NA,388,NA,500,NA,406,NA,625,NA,641,NA,525,NA,400,NA,76362.91015625,NA,NA,112346.32421875,NA,NA,613.799987792969,NA,200.699996948242,NA,166.5,NA,355.260009765625,NA,204.600006103516,NA,452.790008544922,NA,313.470001220703,NA,338.174987792969,NA,255.149993896484,NA,339,NA,399.75,NA,197,NA,134,NA,NA,NA,NA,NA,NA,NA,NA,NA,NA
"07-FEB-2018",2018-02-07 12:15:36,"2018-02-07","12H 15M 36S","Unknown","2.16.0","Unknown","Unknown",610,NA,NA,260,NA,NA,450,NA,464,NA,390,NA,466,NA,471,NA,420,NA,388,NA,500,NA,406,NA,625,NA,641,NA,525,NA,400,NA,76213.66796875,NA,NA,110778.34765625,NA,NA,598.5,NA,191.699996948242,NA,160.199996948242,NA,351.540008544922,NA,201.809997558594,NA,439.019989013672,NA,301.320007324219,NA,336.149993896484,NA,245.43000793457,NA,331.25,NA,387.5,NA,193.5,NA,130,NA,NA,NA,NA,NA,NA,NA,NA,NA,NA
"06-FEB-2018",2018-02-06 09:35:22,"2018-02-06","9H 35M 22S","Unknown","2.16.0","Unknown","Unknown",610,NA,NA,260,NA,NA,450,NA,464,NA,390,NA,466,NA,471,NA,420,NA,388,NA,500,NA,406,NA,625,NA,641,NA,525,NA,400,NA,70815.19921875,NA,NA,108694.6796875,NA,NA,554.399963378906,NA,165.599990844727,NA,133.199996948242,NA,311.549987792969,NA,159.029998779297,NA,401.760009765625,NA,273.779998779297,NA,284.309997558594,NA,191.160003662109,NA,276.5,NA,321.5,NA,164.5,NA,105,NA,NA,NA,NA,NA,NA,NA,NA,NA,NA
"05-FEB-2018",2018-02-05 11:04:24,"2018-02-05","11H 4M 24S","Unknown","2.16.0","Unknown","Unknown",610,NA,NA,260,NA,NA,450,NA,464,NA,390,NA,466,NA,471,NA,420,NA,388,NA,500,NA,406,NA,625,NA,641,NA,525,NA,400,NA,78047.6015625,NA,NA,111718.57421875,NA,NA,590.399963378906,NA,196.199996948242,NA,165.599990844727,NA,360.839996337891,NA,206.460006713867,NA,462.510009765625,NA,322.380004882812,NA,350.730010986328,NA,257.579986572266,NA,334.5,NA,389,NA,191.5,NA,130.5,NA,NA,NA,NA,NA,NA,NA,NA,NA,NA
"02-FEB-2018",2018-02-02 09:13:34,"2018-02-02","9H 13M 34S","Unknown","2.16.0","Unknown","Unknown",610,NA,NA,260,NA,NA,450,NA,464,NA,390,NA,466,NA,471,NA,420,NA,388,NA,500,NA,406,NA,625,NA,641,NA,525,NA,400,NA,77488.76953125,NA,NA,109430.3125,NA,NA,595.799987792969,NA,197.099990844727,NA,171,NA,357.119995117188,NA,205.529998779297,NA,452.790008544922,NA,319.140014648438,NA,344.25,NA,256.769989013672,NA,334.5,NA,388.5,NA,191.5,NA,133.5,NA,NA,NA,NA,NA,NA,NA,NA,NA,NA
"01-FEB-2018",2018-02-01 13:37:13,"2018-02-01","13H 37M 13S","Unknown","2.16.0","Unknown","Unknown",610,NA,NA,260,NA,NA,450,NA,464,NA,390,NA,466,NA,471,NA,420,NA,388,NA,500,NA,406,NA,625,NA,641,NA,525,NA,400,NA,80169.34765625,NA,NA,110329.15625,NA,NA,616.5,NA,214.199996948242,NA,189,NA,362.700012207031,NA,211.110000610352,NA,460.890014648438,NA,323.190002441406,NA,318.329986572266,NA,270.135009765625,NA,330.25,NA,416,NA,189.25,NA,132.5,NA,NA,NA,NA,NA,NA,NA,NA,NA,NA
"01-FEB-2018",2018-02-01 11:33:15,"2018-02-01","11H 33M 15S","Unknown","2.16.0","Unknown","Unknown",610,NA,NA,260,NA,NA,450,NA,464,NA,390,NA,466,NA,471,NA,420,NA,388,NA,500,NA,406,NA,625,NA,641,NA,525,NA,400,NA,77890.56640625,NA,NA,108553.78515625,NA,NA,594.899963378906,NA,204.299987792969,NA,170.099990844727,NA,345.029998779297,NA,194.369995117188,NA,440.640014648438,NA,309.420013427734,NA,302.130004882812,NA,241.380004882812,NA,308.5,NA,386.5,NA,179,NA,119,NA,NA,NA,NA,NA,NA,NA,NA,NA,NA
"31-JAN-2018",2018-01-31 09:02:35,"2018-01-31","9H 2M 35S","Unknown","2.16.0","Unknown","Unknown",610,NA,NA,260,NA,NA,450,NA,464,NA,390,NA,466,NA,471,NA,420,NA,388,NA,500,NA,406,NA,625,NA,641,NA,525,NA,400,NA,76514.609375,NA,NA,111497.703125,NA,NA,594.899963378906,NA,198.899993896484,NA,167.399993896484,NA,359.910003662109,NA,209.25,NA,443.880004882812,NA,311.850006103516,NA,349.920013427734,NA,256.769989013672,NA,341.5,NA,383.5,NA,196.5,NA,131.5,NA,NA,NA,NA,NA,NA,NA,NA,NA,NA
"30-JAN-2018",2018-01-30 11:00:48,"2018-01-30","11H 0M 48S","Unknown","2.16.0","Unknown","Unknown",610,NA,NA,260,NA,NA,450,NA,464,NA,390,NA,466,NA,471,NA,420,NA,388,NA,500,NA,406,NA,625,NA,641,NA,525,NA,400,NA,77336.65625,NA,NA,109842.30078125,NA,NA,593.099975585938,NA,198,NA,167.399993896484,NA,357.119995117188,NA,205.529998779297,NA,453.600006103516,NA,319.545013427734,NA,343.845001220703,NA,263.654998779297,NA,332.25,NA,382.25,NA,193.5,NA,131,NA,NA,NA,NA,NA,NA,NA,NA,NA,NA
"29-JAN-2018",2018-01-29 09:48:46,"2018-01-29","9H 48M 46S","Unknown","LSRII","1","Administrator",610,NA,NA,260,NA,NA,450,NA,464,NA,390,NA,466,NA,471,NA,420,NA,388,NA,500,NA,406,NA,625,NA,641,NA,525,NA,400,NA,81653.9609375,NA,NA,116273.71484375,NA,NA,606.599975585938,NA,212.399993896484,NA,180.899993896484,NA,371.070007324219,NA,207.389999389648,NA,480.329986572266,NA,341.010009765625,NA,345.869995117188,NA,256.769989013672,NA,334,NA,394,NA,188.5,NA,131.5,NA,58.49,0,20.44,39.27,0.9,0.93,0.81,0.5,NA
"26-JAN-2018",2018-01-26 09:10:34,"2018-01-26","9H 10M 34S","Unknown","2.16.0","Unknown","Unknown",610,NA,NA,260,NA,NA,450,NA,464,NA,390,NA,466,NA,471,NA,420,NA,388,NA,500,NA,406,NA,625,NA,641,NA,525,NA,400,NA,74693.38671875,NA,NA,109703.26953125,NA,NA,613.799987792969,NA,190.349990844727,NA,153.899993896484,NA,333.869995117188,NA,182.279998779297,NA,408.239990234375,NA,288.360015869141,NA,312.660003662109,NA,225.18000793457,NA,308.75,NA,358,NA,185,NA,120.5,NA,NA,NA,NA,NA,NA,NA,NA,NA,NA
"25-JAN-2018",2018-01-25 09:48:13,"2018-01-25","9H 48M 13S","Unknown","2.16.0","Unknown","Unknown",610,NA,NA,260,NA,NA,450,NA,464,NA,390,NA,466,NA,471,NA,420,NA,388,NA,500,NA,406,NA,625,NA,641,NA,525,NA,400,NA,78987.73046875,NA,NA,112885.72265625,NA,NA,586.799987792969,NA,198,NA,170.099990844727,NA,364.559997558594,NA,209.25,NA,456.029998779297,NA,325.619995117188,NA,360.450012207031,NA,264.869995117188,NA,335.25,NA,382.5,NA,193,NA,134.5,NA,NA,NA,NA,NA,NA,NA,NA,NA,NA
"24-JAN-2018",2018-01-24 07:44:33,"2018-01-24","7H 44M 33S","Unknown","2.16.0","Unknown","Unknown",610,NA,NA,260,NA,NA,450,NA,464,NA,390,NA,466,NA,471,NA,420,NA,388,NA,500,NA,406,NA,625,NA,641,NA,525,NA,400,NA,77344.0390625,NA,NA,111415.859375,NA,NA,631.799987792969,NA,212.399993896484,NA,183.599990844727,NA,356.190002441406,NA,209.25,NA,456.029998779297,NA,324,NA,332.100006103516,NA,255.960006713867,NA,338,NA,406.5,NA,199,NA,138,NA,NA,NA,NA,NA,NA,NA,NA,NA,NA
"23-JAN-2018",2018-01-23 09:30:18,"2018-01-23","9H 30M 18S","Unknown","2.16.0","Unknown","Unknown",610,NA,NA,260,NA,NA,450,NA,464,NA,390,NA,466,NA,471,NA,420,NA,388,NA,500,NA,406,NA,625,NA,641,NA,525,NA,400,NA,70386.75,NA,NA,109977.1484375,NA,NA,597.599975585938,NA,98.0999984741211,NA,103.5,NA,294.809997558594,NA,158.100006103516,NA,460.079986572266,NA,316.709991455078,NA,328.049987792969,NA,227.610000610352,NA,279.5,NA,390.75,NA,146.5,NA,89.5,NA,NA,NA,NA,NA,NA,NA,NA,NA,NA
"22-JAN-2018",2018-01-22 12:16:12,"2018-01-22","12H 16M 12S","Unknown","2.16.0","Unknown","Unknown",610,NA,NA,260,NA,NA,450,NA,464,NA,390,NA,466,NA,471,NA,420,NA,388,NA,500,NA,406,NA,625,NA,641,NA,525,NA,400,NA,64840.6796875,NA,NA,92131.84375,NA,NA,564.299987792969,NA,185.399993896484,NA,152.099990844727,NA,310.619995117188,NA,175.770004272461,NA,426.059997558594,NA,294.839996337891,NA,317.519989013672,NA,228.419998168945,NA,283,NA,345,NA,168.5,NA,115.5,NA,NA,NA,NA,NA,NA,NA,NA,NA,NA
"19-JAN-2018",2018-01-19 17:43:40,"2018-01-19","17H 43M 40S","Unknown","2.16.0","Unknown","Unknown",610,NA,NA,260,NA,NA,450,NA,464,NA,390,NA,466,NA,471,NA,420,NA,388,NA,500,NA,406,NA,625,NA,641,NA,525,NA,400,NA,80592.0625,NA,NA,111328.90625,NA,NA,607.049987792969,NA,206.549995422363,NA,168.300003051758,NA,348.285003662109,NA,206.925003051758,NA,448.334991455078,NA,319.140014648438,NA,308.205001831055,NA,253.529998779297,NA,306.5,NA,400.75,NA,187.25,NA,123,NA,NA,NA,NA,NA,NA,NA,NA,NA,NA
"19-JAN-2018",2018-01-19 08:46:20,"2018-01-19","8H 46M 20S","Unknown","2.16.0","Unknown","Unknown",610,NA,NA,260,NA,NA,450,NA,464,NA,390,NA,466,NA,471,NA,420,NA,388,NA,500,NA,406,NA,625,NA,641,NA,525,NA,400,NA,75827.44921875,NA,NA,110010.6328125,NA,NA,598.5,NA,188.099990844727,NA,158.399993896484,NA,342.239990234375,NA,194.369995117188,NA,416.339996337891,NA,292.410003662109,NA,325.619995117188,NA,230.850006103516,NA,320.25,NA,371.5,NA,183,NA,125,NA,NA,NA,NA,NA,NA,NA,NA,NA,NA
"18-JAN-2018",2018-01-18 09:11:18,"2018-01-18","9H 11M 18S","Unknown","2.16.0","Unknown","Unknown",610,NA,NA,260,NA,NA,450,NA,464,NA,390,NA,466,NA,471,NA,420,NA,388,NA,500,NA,406,NA,625,NA,641,NA,525,NA,400,NA,77240.30859375,NA,NA,113031.73828125,NA,NA,606.149993896484,NA,198.899993896484,NA,172.799987792969,NA,363.630004882812,NA,215.759994506836,NA,442.260009765625,NA,314.279998779297,NA,363.690002441406,NA,272.160003662109,NA,346,NA,400.25,NA,203.5,NA,140.5,NA,NA,NA,NA,NA,NA,NA,NA,NA,NA
"16-JAN-2018",2018-01-16 09:11:57,"2018-01-16","9H 11M 57S","Unknown","2.16.0","Unknown","Unknown",610,NA,NA,260,NA,NA,450,NA,464,NA,390,NA,466,NA,471,NA,420,NA,388,NA,500,NA,406,NA,625,NA,641,NA,525,NA,400,NA,77499.4296875,NA,NA,112571.38671875,NA,NA,608.399963378906,NA,198,NA,171,NA,361.769989013672,NA,212.040008544922,NA,451.980010986328,NA,320.760009765625,NA,369.360015869141,NA,268.920013427734,NA,347.5,NA,390.5,NA,200,NA,141.5,NA,NA,NA,NA,NA,NA,NA,NA,NA,NA
"11-JAN-2018",2018-01-11 13:22:11,"2018-01-11","13H 22M 11S","Unknown","2.16.0","Unknown","Unknown",610,NA,NA,260,NA,NA,450,NA,464,NA,390,NA,466,NA,471,NA,420,NA,388,NA,500,NA,406,NA,625,NA,641,NA,525,NA,400,NA,26935.359375,NA,NA,41305.484375,NA,NA,63.8999977111816,NA,24.2999992370605,NA,41.3999977111816,NA,32.5499992370605,NA,37.2000007629395,NA,55.8899993896484,NA,21.8700008392334,NA,39.689998626709,NA,47.7900009155273,NA,49.75,NA,50.5,NA,26,NA,25.5,NA,NA,NA,NA,NA,NA,NA,NA,NA,NA
"10-JAN-2018",2018-01-10 10:21:47,"2018-01-10","10H 21M 47S","Unknown","2.16.0","Unknown","Unknown",610,NA,NA,260,NA,NA,450,NA,464,NA,390,NA,466,NA,471,NA,420,NA,388,NA,500,NA,406,NA,625,NA,641,NA,525,NA,400,NA,20524.189453125,NA,NA,963.014984130859,NA,NA,12.5999994277954,NA,8.09999942779541,NA,11.6999998092651,NA,13.0200004577637,NA,16.7399997711182,NA,13.7700004577637,NA,7.28999996185303,NA,25.1100006103516,NA,22.6800003051758,NA,17,NA,16.5,NA,8.5,NA,9,NA,NA,NA,NA,NA,NA,NA,NA,NA,NA
"09-JAN-2018",2018-01-09 10:52:10,"2018-01-09","10H 52M 10S","Unknown","2.16.0","Unknown","Unknown",610,NA,NA,260,NA,NA,450,NA,464,NA,390,NA,466,NA,471,NA,420,NA,388,NA,500,NA,406,NA,625,NA,641,NA,525,NA,400,NA,76038.6015625,NA,NA,110071.54296875,NA,NA,631.799987792969,NA,207,NA,178.199996948242,NA,360.839996337891,NA,212.970001220703,NA,452.790008544922,NA,321.570007324219,NA,350.730010986328,NA,264.059997558594,NA,343,NA,400.5,NA,199,NA,141.5,NA,NA,NA,NA,NA,NA,NA,NA,NA,NA
"04-JAN-2018",2018-01-04 11:30:28,"2018-01-04","11H 30M 28S","Unknown","2.16.0","Unknown","Unknown",610,NA,NA,260,NA,NA,450,NA,464,NA,390,NA,466,NA,471,NA,420,NA,388,NA,500,NA,406,NA,625,NA,641,NA,525,NA,400,NA,76233.7578125,NA,NA,111835.2890625,NA,NA,617.399963378906,NA,204.299987792969,NA,166.5,NA,334.799987792969,NA,179.490005493164,NA,420.390014648438,NA,298.890014648438,NA,289.170013427734,NA,228.419998168945,NA,285.5,NA,367,NA,175,NA,117,NA,NA,NA,NA,NA,NA,NA,NA,NA,NA
"02-JAN-2018",2018-01-02 10:17:11,"2018-01-02","10H 17M 11S","Unknown","2.16.0","Unknown","Unknown",610,NA,NA,260,NA,NA,450,NA,464,NA,390,NA,466,NA,471,NA,420,NA,388,NA,500,NA,406,NA,625,NA,641,NA,525,NA,400,NA,77567.8984375,NA,NA,114111,NA,NA,596.840026855469,NA,187.479995727539,NA,157.380004882812,NA,372,NA,226.919998168945,NA,508.709991455078,NA,361.769989013672,NA,440.820007324219,NA,332.940002441406,NA,363.5,NA,417.5,NA,201,NA,135,NA,NA,NA,NA,NA,NA,NA,NA,NA,NA
