"SAMPLE","DateTime","DATE","TIME","Timepoint","CYT","CYTSN","OP","FSC-A_Gain","SSC-A_Gain","R670-A_Gain","R730-A_Gain","R780-A_Gain","B530-A_Gain","B710-A_Gain","V450-A_Gain","V525-A_Gain","V610-A_Gain","V670-A_Gain","Y590-A_Gain","Y615-A_Gain","Y710-A_Gain","Y780-A_Gain","FSC-A-% rCV","SSC-A-% rCV","R670-A-% rCV","R730-A-% rCV","R780-A-% rCV","B530-A-% rCV","B710-A-% rCV","V450-A-% rCV","V525-A-% rCV","V610-A-% rCV","V670-A-% rCV","Y590-A-% rCV","Y615-A-% rCV","Y710-A-% rCV","Y780-A-% rCV","FSC-A","SSC-A","R670-A","R730-A","R780-A","B530-A","B710-A","V450-A","V525-A","V610-A","V670-A","Y590-A","Y615-A","Y710-A","Y780-A","Red_LaserDelay","Blue_LaserDelay","Violet_LaserDelay","yellow green_LaserDelay","Red_AreaScalingFactor","Blue_AreaScalingFactor","Violet_AreaScalingFactor","yellow green_AreaScalingFactor","FSC-H_Gain","FSC-W_Gain","SSC-H_Gain","SSC-W_Gain","R670-H_Gain","R730-H_Gain","R780-H_Gain","B530-H_Gain","B710-H_Gain","V450-H_Gain","V525-H_Gain","V610-H_Gain","V670-H_Gain","Y590-H_Gain","Y615-H_Gain","Y710-H_Gain","Y780-H_Gain","FSC-H-% rCV","FSC-W-% rCV","SSC-H-% rCV","SSC-W-% rCV","R670-H-% rCV","R730-H-% rCV","R780-H-% rCV","B530-H-% rCV","B710-H-% rCV","V450-H-% rCV","V525-H-% rCV","V610-H-% rCV","V670-H-% rCV","Y590-H-% rCV","Y615-H-% rCV","Y710-H-% rCV","Y780-H-% rCV","FSC-H","FSC-W","SSC-H","SSC-W","R670-H","R730-H","R780-H","B530-H","B710-H","V450-H","V525-H","V610-H","V670-H","Y590-H","Y615-H","Y710-H","Y780-H","Time_Gain"
"22-DEC-2023",2023-12-22 14:32:39,"2023-12-22","14H 32M 39S","Unknown","LSRII","1","Administrator",600,280,511,515,459,498,525,473,422,542,461,683,662,597,527,3.15,6.96,4.4,5.93,6.96,4.25,6.22,5.09,4.81,7.87,5.4,5.02,7.15,6.37,7.04,127808.359375,115581.4609375,17648.279296875,12012,15426.83984375,7487.419921875,8815,3909.75,4396.5,4194.75,6924,12969.1201171875,6043.39990234375,7428.3798828125,10803.08984375,55.91,0,20.61,38.4,0.78,0.82,0.75,0.41,600,600,280,280,511,515,459,498,525,473,422,542,461,683,662,597,527,1.13,2.38,0.85,6.64,5.23,6.56,7.52,4.17,7.01,5.09,4.64,8.74,5.39,5.5,7.86,6.86,7.36,64685.1328125,129261,65503.3828125,115775,17958,12314,15931,7460,8762,5822,6741,6312,8664,13694,6410,7778,11366,NA
"22-DEC-2023",2023-12-22 11:01:00,"2023-12-22","11H 1M 0S","Unknown","2.16.0","Unknown","Unknown",600,280,511,515,459,498,525,473,422,542,461,683,662,597,527,3.85,7.28,4.89,5.81,6.42,4.71,6.76,6.79,6.31,9.19,5.77,6.31,8.09,7.35,7.5,121031.44140625,110734.02734375,16468.529296875,7171.31982421875,8174.39965820312,7197.9599609375,6921.6201171875,3521.25,4078.125,3812.25,6183.75,9947.419921875,4644.68505859375,3787.580078125,4459.77490234375,NA,NA,NA,NA,NA,NA,NA,NA,600,600,280,280,511,515,459,498,525,473,422,542,461,683,662,597,527,1.1,2.96,0.84,6.86,5.26,6.17,6.88,4.35,7.4,6.5,6.2,9.67,5.57,5.43,7.95,6.42,6.42,62675.099609375,126378,62564.40234375,115827.5,17599,7719,8886.5,7501,7248.5,5539,6535.5,6026,8488.5,13357.5,6266,5164,6031,NA
"22-DEC-2023",2023-12-22 11:00:25,"2023-12-22","11H 0M 25S","Unknown","2.16.0","Unknown","Unknown",600,280,511,515,459,498,525,473,422,542,461,683,662,597,527,3.82,7.7,4.56,5.54,5.95,4.79,6.7,6.73,6.64,9.11,5.67,4.88,6.64,6.04,5.98,121624.18359375,111519.1796875,17167.7998046875,7448.2197265625,8459.8798828125,7284.05981445312,7038.8798828125,3643.125,4171.5,3929.25,6550.5,12856.9848632812,6020.03002929688,5014.09497070312,5820.77001953125,NA,NA,NA,NA,NA,NA,NA,NA,600,600,280,280,511,515,459,498,525,473,422,542,461,683,662,597,527,1.1,2.98,0.87,6.99,5.19,6.21,6.65,4.65,7.44,6.61,6.43,9.75,5.56,5.38,7.34,6.57,6.38,63098.931640625,126070.5,63413.861328125,115282.5,17582,7679,8837,7479.5,7226,5520,6504.5,6011.5,8470,13326,6270,5147,6022,NA
"21-DEC-2023",2023-12-21 10:04:55,"2023-12-21","10H 4M 55S","Unknown","2.16.0","Unknown","Unknown",600,280,511,515,459,498,525,473,422,542,461,683,662,597,527,3.7,7.16,4.41,5.1,5.26,4.67,6.51,6.62,6.42,9.3,5.69,4.95,6.94,5.49,5.22,120798.34375,110697.5390625,17136.599609375,10438.7392578125,12926.1591796875,7179.10009765625,8028.6201171875,3596.25,4158.75,3899.25,6639.75,12605.0400390625,5919.580078125,6593.6201171875,9248.7802734375,NA,NA,NA,NA,NA,NA,NA,NA,600,600,280,280,511,515,459,498,525,473,422,542,461,683,662,597,527,1.13,2.9,0.88,6.63,5.05,5.82,5.95,4.7,7.13,6.38,6.19,9.92,5.54,5.31,7.72,5.89,5.34,63292.0234375,124950,63652.19140625,113877,17580,10772,13445,7353,8240,5461,6517,5996,8643,13235,6225,6874,9687,NA
"21-DEC-2023",2023-12-21 10:04:21,"2023-12-21","10H 4M 21S","Unknown","2.16.0","Unknown","Unknown",600,280,511,515,459,498,525,473,422,542,461,683,662,597,527,3.8,7.26,5,5.22,5.46,4.86,6.48,6.73,6.36,9.89,5.45,6.9,8.46,7.56,6.67,119845.21875,109353.5625,16438.5,10018.3193359375,12446.4599609375,7125.7998046875,7879.3798828125,3453,4041,3756.75,6265.5,9797.3603515625,4520.66015625,4968.7900390625,7142.19970703125,NA,NA,NA,NA,NA,NA,NA,NA,600,600,280,280,511,515,459,498,525,473,422,542,461,683,662,597,527,0.98,3.07,0.86,6.63,5.31,5.66,5.84,4.54,6.99,6.71,6.2,10.21,5.37,5.29,7.97,6.26,5.4,62775.33203125,124956,62760.67578125,114061,17548,10772,13429,7388,8228,5456,6500,5971,8670,13230,6210,6893,9690,NA
"20-DEC-2023",2023-12-20 08:59:20,"2023-12-20","8H 59M 20S","Unknown","2.16.0","Unknown","Unknown",600,280,511,515,459,498,525,473,422,542,461,683,662,597,527,3.72,7.33,4.32,4.92,5.07,4.68,6.14,6.56,6.34,8.94,5.58,5.05,6.88,5.35,4.89,122882.1796875,113487.1796875,17767.619140625,10746.0595703125,13468.259765625,7372.6201171875,8160.64013671875,3678.75,4282.5,4015.5,6700.5,13131.0703125,6136.06005859375,6801.080078125,9575.1396484375,NA,NA,NA,NA,NA,NA,NA,NA,600,600,280,280,511,515,459,498,525,473,422,542,461,683,662,597,527,1.17,2.83,0.86,6.79,5.29,5.78,6.06,4.56,6.94,6.41,6.18,9.44,5.42,5.54,7.36,5.9,5.08,63407.41796875,126796,63685.44921875,116759,18174,11048,14004,7543,8351,5570,6669,6156,8671,13547,6347,6964,9867,NA
"20-DEC-2023",2023-12-20 08:58:57,"2023-12-20","8H 58M 57S","Unknown","LSRII","1","Administrator",600,280,511,515,459,498,525,473,422,542,461,683,662,597,527,3.44,6.67,4.59,4.78,5.17,4.41,5.85,6.23,6.32,9,5.79,5.68,7.55,6.05,6.01,121510.21875,110993.5625,17095.259765625,10284.2998046875,12960.4794921875,7219.27978515625,7975.31982421875,3495.75,4118.25,3842.25,6276.75,10415.6396484375,4933.52978515625,5377.14990234375,7555.47998046875,55.91,0,20.61,38.4,0.78,0.82,0.75,0.41,600,600,280,280,511,515,459,498,525,473,422,542,461,683,662,597,527,1.07,2.73,0.82,6.17,5.34,5.58,5.75,4.25,6.93,6.19,5.98,9.19,5.38,5.4,7.5,5.71,5.46,62899.42578125,126404,62758.92578125,115962,18099,10983,13902,7504,8319,5535,6615,6080,8654,13471,6327,6931,9811,NA
"19-DEC-2023",2023-12-19 14:04:27,"2023-12-19","14H 4M 27S","Unknown","2.16.0","Unknown","Unknown",600,280,511,515,459,498,525,473,422,542,461,683,662,597,527,3.37,7.22,4.6,4.94,5.12,4.53,6.27,5.09,4.79,8.13,5.36,5.23,7.14,5.76,5.34,124783.984375,114039.0390625,17464.978515625,10570.5595703125,13264.6796875,7493.97998046875,8295.1201171875,4019.25,4617,4269.75,6882,12637.4296875,5931.4697265625,6511.2099609375,9300.849609375,NA,NA,NA,NA,NA,NA,NA,NA,600,600,280,280,511,515,459,498,525,473,422,542,461,683,662,597,527,1.13,2.55,1.02,6.6,5.46,5.72,5.88,4.47,7.21,5.09,4.51,9.08,5.53,5.74,7.72,6.11,5.7,64038.2109375,127546,64896.1015625,114975,17860,10878,13778,7522,8329,5976,7035,6400,8554,13359,6282,6814,9801,NA
"19-DEC-2023",2023-12-19 14:03:42,"2023-12-19","14H 3M 42S","Unknown","2.16.0","Unknown","Unknown",600,280,511,515,459,498,525,473,422,542,461,683,662,597,527,3.58,7.45,4.99,5.35,5.61,4.67,6.25,5.22,4.98,8.36,5.06,6.24,8.01,6.68,6.24,122441.140625,110476.95703125,16550.8203125,9991.40966796875,12595.0493164062,7257.40991210938,8008.93994140625,3774,4372.5,4031.25,6392.625,10083.9501953125,4747.7998046875,5129.10009765625,7310.30004882812,NA,NA,NA,NA,NA,NA,NA,NA,600,600,280,280,511,515,459,498,525,473,422,542,461,683,662,597,527,0.96,2.85,0.93,6.72,5.37,5.59,6,4.51,6.92,5.21,4.82,8.84,5.41,5.66,7.94,6.28,5.66,63364.16796875,126458,63705.435546875,113554.5,17567,10684,13551,7430.5,8223,5858,6916,6277.5,8535,13119,6182,6711.5,9651,NA
"18-DEC-2023",2023-12-18 16:29:47,"2023-12-18","16H 29M 47S","Unknown","2.16.0","Unknown","Unknown",600,280,511,515,459,498,525,473,422,542,461,683,662,597,527,4.56,7.04,3.66,3.44,3.88,4.58,6.52,3.9,3.28,7.56,5.05,5.16,6.98,5.11,4.73,125822.19921875,114595.8203125,20794.0185546875,14745.5092773438,19037.849609375,7472.66015625,9049.10986328125,4216.875,4845.375,4575.75,7192.875,13041.2797851562,6115.56005859375,7728.90991210938,12127.8002929688,NA,NA,NA,NA,NA,NA,NA,NA,600,600,280,280,511,515,459,498,525,473,422,542,461,683,662,597,527,1.75,3.09,0.78,7.21,4.12,3.91,4.63,4.56,7.8,4.29,3.48,9.18,6.15,5.63,7.52,5.67,5.12,64142.125,127981.5,65006.5625,115775.5,20566.5,14810.5,19450,7520,9073.5,5638.5,6642.5,6135,7993.5,13664.5,6453,8055,12672.5,NA
"18-DEC-2023",2023-12-18 13:35:01,"2023-12-18","13H 35M 1S","Unknown","2.16.0","Unknown","Unknown",600,280,511,515,459,498,525,473,422,542,461,683,662,597,527,3.7,6.93,3.73,4.32,4.22,4.86,6.62,3.26,2.85,6.89,4.77,667.17,1423.3,32.15,26.28,122884.3984375,113684.796875,20965.619140625,13343.4599609375,16310.5791015625,7398.85986328125,8446,4232.25,4917,4570.5,7207.5,6.55999994277954,2.04999995231628,126.690002441406,148.009994506836,NA,NA,NA,NA,NA,NA,NA,NA,600,600,280,280,511,515,459,498,525,473,422,542,461,683,662,597,527,1.05,2.96,0.92,6.28,4.34,4.72,4.78,4.78,7.26,3.62,3.06,8.08,5.74,40.15,33.98,25.03,19.13,63779.32421875,126013,64332.36328125,115687,20606,13326,16634,7503,8572,5734,6825,6236,8084,48,48,77,93,NA
"18-DEC-2023",2023-12-18 13:34:29,"2023-12-18","13H 34M 29S","Unknown","2.16.0","Unknown","Unknown",600,280,511,515,459,498,525,473,422,542,461,683,662,597,527,5.4,9.34,7.62,7.6,6.74,7.11,8.08,3.67,3.2,6.96,5.04,Inf,-1779.12,41.57,35.02,122296.83984375,114553.1796875,18803.4599609375,12074.0092773438,14789.5791015625,7418.94995117188,8338.990234375,3995.25,4684.5,4337.25,6761.25,0,-0.819999992847443,43.8699989318848,52.0699996948242,NA,NA,NA,NA,NA,NA,NA,NA,600,600,280,280,511,515,459,498,525,473,422,542,461,683,662,597,527,1.37,4.21,1.6,7.82,5.72,6.1,5.47,6.41,7.88,4.26,3.7,8.15,6.09,65.89,49.42,36.49,24.09,63288.3359375,126452.5,63674.01171875,117440,20926,13515,16682,7586,8621.5,5679,6766,6158.5,8119,36,33,65,80,NA
"15-DEC-2023",2023-12-15 09:42:06,"2023-12-15","9H 42M 6S","Unknown","2.16.0","Unknown","Unknown",600,280,511,515,459,498,525,473,422,542,461,683,662,597,527,3.54,7.07,7.08,8.21,7.61,4.51,6.29,6.8,6.67,8.91,5.61,5.54,7.32,6.4,6.45,125495.12109375,113759.828125,15768.869140625,8349.11962890625,10251.1494140625,7411.57006835938,7808.85986328125,3399,4057.5,3788.25,6219.375,10788.3295898438,5065.5498046875,5086.4599609375,6765.81982421875,NA,NA,NA,NA,NA,NA,NA,NA,600,600,280,280,511,515,459,498,525,473,422,542,461,683,662,597,527,0.97,2.77,0.82,6.57,4.99,5.89,6.23,4.17,7.53,6.47,6.29,9.48,5.48,5.34,7.69,6.07,6.15,63868.916015625,128592.5,64164.36328125,116242.5,17842.5,9762,11823,7552.5,8015,5474.5,6563.5,6060.5,8570.5,13532,6372,6377,8516,NA
"15-DEC-2023",2023-12-15 09:41:02,"2023-12-15","9H 41M 2S","Unknown","2.16.0","Unknown","Unknown",600,280,511,515,459,498,525,473,422,542,461,683,662,597,527,3.83,7.56,4.47,5.25,5.65,4.66,6.69,6.67,6.53,9.2,6.15,5.44,7.04,6.02,5.89,125394.48046875,114591.71875,17565.208984375,9492.98974609375,11399.6997070312,7466.51000976562,7871.58984375,3598.875,4197,3947.25,6684.375,12986.75,6081.73486328125,6174.39501953125,8198.1552734375,NA,NA,NA,NA,NA,NA,NA,NA,600,600,280,280,511,515,459,498,525,473,422,542,461,683,662,597,527,1.08,3.02,0.79,7.11,5.33,6.06,6.59,4.81,7.88,6.7,6.32,9.26,5.94,5.8,7.82,6.49,6.01,64105.06640625,127971,64647.419921875,116157,17716.5,9645,11702.5,7536.5,7952.5,5398.5,6477,5969,8574.5,13466.5,6321,6353,8473,NA
"14-DEC-2023",2023-12-14 10:34:37,"2023-12-14","10H 34M 37S","Unknown","2.16.0","Unknown","Unknown",600,280,511,515,459,498,525,473,422,542,461,683,662,597,527,3.6,7.01,10.12,11.89,11.17,4.75,6.51,6.92,6.99,9.6,5.55,5.97,7.68,6.37,6.44,127614.109375,115387.53125,14867.5795898438,7807.40966796875,9730.10986328125,7537.84985351562,7854.77978515625,3598.5,4200.75,3925.125,6325.5,10786.89453125,5027.01000976562,5053.86499023438,6773.19970703125,NA,NA,NA,NA,NA,NA,NA,NA,600,600,280,280,511,515,459,498,525,473,422,542,461,683,662,597,527,1.03,2.86,1,6.46,6.02,6.81,7.31,4.62,7.15,6.95,6.85,10.06,5.43,5.95,7.66,6.54,6.23,64221.05859375,130072,64392.3515625,117390.5,17706.5,9782.5,11876.5,7639.5,8014.5,5718,6780.5,6249,8628,13537.5,6339,6359,8548,NA
"14-DEC-2023",2023-12-14 10:33:47,"2023-12-14","10H 33M 47S","Unknown","2.16.0","Unknown","Unknown",600,280,511,515,459,498,525,473,422,542,461,683,662,597,527,3.66,7.18,4.73,5.58,6.18,4.48,6.44,6.19,6.5,8.89,5.83,5.54,7.13,6.15,6.1,128379.26953125,117435.88671875,17512.1689453125,9639.2392578125,11572.4692382812,7660.03002929688,8066.75,3815.625,4404,4142.25,6813.75,12986.33984375,6078.25,6132.36987304688,8232.7998046875,NA,NA,NA,NA,NA,NA,NA,NA,600,600,280,280,511,515,459,498,525,473,422,542,461,683,662,597,527,1.03,2.83,0.92,6.59,5.53,6.4,6.89,4.3,7.19,6.26,6.38,9.9,5.45,5.89,7.78,6.76,6.54,64625.791015625,130068.5,65474.5625,117487.5,17678,9804,11872,7636.5,8024,5708,6773.5,6240.5,8621.5,13548,6354.5,6357,8562.5,NA
"13-DEC-2023",2023-12-13 09:40:27,"2023-12-13","9H 40M 27S","Unknown","2.16.0","Unknown","Unknown",600,280,511,515,459,498,525,473,422,542,461,683,662,597,527,3.76,7.15,4.18,5.12,5.77,4.42,6.43,5.95,5.66,8.79,5.55,5.12,6.87,5.99,6.01,125375.609375,115653.20703125,17836.6494140625,9976.19921875,12175.4096679688,7557.1201171875,8026.16015625,3837.75,4402.125,4128.75,6772.875,13113.8500976562,6181.36499023438,6315.22998046875,8644.23486328125,NA,NA,NA,NA,NA,NA,NA,NA,600,600,280,280,511,515,459,498,525,473,422,542,461,683,662,597,527,1.11,2.98,0.78,6.68,5.1,5.8,6.42,4.57,7.2,5.93,5.3,9.03,5.67,5.6,7.93,6.38,6.31,64151.68359375,127922.5,64674.025390625,117302.5,18018.5,10114,12491,7612,8094,5752.5,6786.5,6247.5,8601,13496.5,6367.5,6446,8885.5,NA
"13-DEC-2023",2023-12-13 09:39:09,"2023-12-13","9H 39M 9S","Unknown","LSRII","1","Administrator",600,280,511,515,459,498,525,473,422,542,461,683,662,597,527,3.66,7.56,5.76,7.44,7.18,4.53,6.66,6.2,6.05,8.97,5.45,5.67,7.48,6.52,6.64,124475.7734375,114065.28125,16555.4990234375,9088.16943359375,11333.0092773438,7452.97998046875,7895.36987304688,3607.5,4219.875,3940.5,6277.5,10810.8798828125,5082.97509765625,5150.01000976562,7135.63989257812,55.91,0,20.61,38.4,0.78,0.82,0.75,0.41,600,600,280,280,511,515,459,498,525,473,422,542,461,683,662,597,527,1.02,2.94,0.75,6.99,5.17,6.24,6.2,4.48,7.29,5.97,5.59,9.31,5.16,5.57,7.87,6.48,6.23,63740.201171875,127890.5,63788.048828125,117055.5,18046,10194,12563,7622.5,8074.5,5751,6784,6273,8588,13506,6351,6433,8900,NA
"12-DEC-2023",2023-12-12 14:04:47,"2023-12-12","14H 4M 47S","Unknown","2.16.0","Unknown","Unknown",600,280,511,515,459,498,525,473,422,542,461,683,662,597,527,3.43,6.67,13.8,15.19,14.76,4.05,5.62,5.59,5.51,8.48,5.38,6.03,7.09,6.53,6.06,129152.5703125,118180.44921875,10414.1694335938,6943.16967773438,9857.24951171875,7591.56005859375,9325.4501953125,3642.75,4239.375,3927,6421.125,10355.1645507812,4862.18994140625,6465.28979492188,10149.5498046875,NA,NA,NA,NA,NA,NA,NA,NA,600,600,280,280,511,515,459,498,525,473,422,542,461,683,662,597,527,1.15,2.44,0.75,6.13,5.65,6.29,5.76,4.21,6.77,5.1,4.51,8.9,5.2,5.2,7.02,5.97,5.35,64587.091796875,130795,65495.166015625,118313,18434.5,13540.5,18067.5,7600,9334,5926,7060.5,6461,8747,13807,6503,8559.5,13471,NA
"12-DEC-2023",2023-12-12 14:03:50,"2023-12-12","14H 3M 50S","Unknown","2.16.0","Unknown","Unknown",600,280,511,515,459,498,525,473,422,542,461,683,662,597,527,3.44,6.71,4.2,4.53,4.64,4.13,5.68,5.38,5.06,8.05,5.53,4.99,6.52,5.44,4.76,128760.00390625,117542.48828125,18282.029296875,13469.8193359375,17612.0087890625,7616.97998046875,9366.85986328125,3939,4569.75,4270.5,6967.875,13289.9448242188,6240.40478515625,8256.78515625,12976.08984375,NA,NA,NA,NA,NA,NA,NA,NA,600,600,280,280,511,515,459,498,525,473,422,542,461,683,662,597,527,1.25,2.63,0.77,6.31,5,5.31,5.36,4.21,6.56,5.08,4.63,8.7,5.51,5.37,7.09,5.93,5.16,64734.365234375,130087.5,65755.5,117200,18329.5,13602.5,17915,7559.5,9269.5,5846.5,6981,6381.5,8712,13675,6438,8444.5,13334.5,NA
"11-DEC-2023",2023-12-11 15:24:36,"2023-12-11","15H 24M 36S","Unknown","2.16.0","Unknown","Unknown",600,280,511,515,459,498,525,473,422,542,461,683,662,597,527,4.6,6.85,3.79,4.44,4.62,4.39,5.69,4.01,3.59,7.08,5.2,4.81,6.78,5.31,4.96,130533.41015625,119905.3203125,19370.12890625,13601.6391601562,18049.5888671875,7755.96997070312,9341.849609375,4214.25,4905.75,4564.125,7243.125,13374.4047851562,6270.53979492188,8006.88989257812,12525.08984375,NA,NA,NA,NA,NA,NA,NA,NA,600,600,280,280,511,515,459,498,525,473,422,542,461,683,662,597,527,2.26,2.55,0.96,6.24,4.62,4.95,5.24,4.45,6.44,3.81,3.26,7.97,5.3,5.24,7.41,5.84,5.23,65052.060546875,131028.5,65813.5,119256,19639,13882.5,18566,7696,9257.5,6000.5,7173.5,6555,8510.5,13678.5,6442.5,8147,12787.5,NA
"08-DEC-2023",2023-12-08 15:12:30,"2023-12-08","15H 12M 30S","Unknown","2.16.0","Unknown","Unknown",600,280,511,515,459,498,525,473,422,542,461,683,662,597,527,3.94,8.05,4.71,6.13,7.07,4.97,6.32,4.58,4.4,8.1,5.23,6.17,6.76,6.94,6.9,127370.6484375,114653.62890625,17212.6494140625,8996.12939453125,10737.0893554688,7500.94995117188,7812.55004882812,4018.125,4536.375,4331.625,6836.625,12670.0249023438,5944.99975585938,5732.0048828125,7523.705078125,NA,NA,NA,NA,NA,NA,NA,NA,600,600,280,280,511,515,459,498,525,473,422,542,461,683,662,597,527,0.88,3.08,0.84,7.72,5.8,6.95,8.09,4.64,7.83,4.64,4.29,9.84,5.59,6.52,8.2,7.54,7.46,64390.953125,129545,65126.0390625,115627,17565.5,9236.5,11128.5,7511,7848,5955.5,6911,6461.5,8468,13355.5,6284,5993.5,7904.5,NA
"07-DEC-2023",2023-12-07 09:54:40,"2023-12-07","9H 54M 40S","Unknown","2.16.0","Unknown","Unknown",600,280,511,515,459,498,525,473,422,542,461,683,662,597,527,3.8,7.3,5.15,5.78,6.01,4.52,7.3,5.53,5.22,8.47,5.67,5.76,7.47,6.95,6.25,123948.51953125,113153.02734375,17138.939453125,10394.6694335938,13087.6196289062,7307.02001953125,8056.49975585938,3601.5,4185.375,3905.25,6314.25,10838.759765625,5087.27978515625,5576.40991210938,7970.60498046875,NA,NA,NA,NA,NA,NA,NA,NA,600,600,280,280,511,515,459,498,525,473,422,542,461,683,662,597,527,1.1,3.02,0.81,6.86,5.52,5.92,6.38,4.42,7.99,5.3,4.9,9.25,5.44,5.46,7.48,6.77,5.75,63383.009765625,127984,63700.4140625,116384,18162.5,11100,14136,7500.5,8313,5691.5,6733,6238,8604.5,13657.5,6419,7018,10036.5,NA
"07-DEC-2023",2023-12-07 09:53:23,"2023-12-07","9H 53M 23S","Unknown","2.16.0","Unknown","Unknown",600,280,511,515,459,498,525,473,422,542,461,683,662,597,527,4.05,7.17,4.57,5.11,5.3,4.8,6.66,5.91,5.11,8.25,5.46,5.13,6.93,5.88,5.3,124344.421875,113564.2578125,17795.69921875,10717.9794921875,13564.9794921875,7348.02001953125,8172.1201171875,3747,4290,4059,6700.5,13160.58984375,6157.3798828125,6785.5,9683.3798828125,NA,NA,NA,NA,NA,NA,NA,NA,600,600,280,280,511,515,459,498,525,473,422,542,461,683,662,597,527,1.21,3.1,0.85,6.6,5.25,5.83,5.92,4.81,7.39,5.68,4.74,8.53,5.26,5.58,7.72,6.42,5.52,63712.375,127779,64230.7578125,115754,18053,10957,13996,7462,8249,5663,6660,6168,8594,13602,6379,6972,9990,NA
"06-DEC-2023",2023-12-06 09:54:39,"2023-12-06","9H 54M 39S","Unknown","2.16.0","Unknown","Unknown",600,280,511,515,459,498,525,473,422,542,461,683,662,597,527,3.7,7.2,4.31,5.28,5.44,4.55,6.83,4.9,4.36,7.67,5.48,5.05,6.64,5.95,5.57,126052.7109375,115508.890625,17999.6689453125,10940.279296875,13849.6796875,7465.68994140625,8318.080078125,3951,4588.5,4269.375,6864.375,13222.5,6190.18017578125,6861.34985351562,9843.89453125,NA,NA,NA,NA,NA,NA,NA,NA,600,600,280,280,511,515,459,498,525,473,422,542,461,683,662,597,527,1.06,2.79,0.81,6.72,5.24,5.82,6.29,4.49,7.68,4.91,4.07,8.39,5.48,5.25,7.4,6.48,5.85,64122.88671875,128658.5,64840.955078125,116702.5,18218,11150,14271,7510.5,8349.5,5879,7015.5,6412,8572.5,13675.5,6405.5,7039,10155,NA
"06-DEC-2023",2023-12-06 09:53:41,"2023-12-06","9H 53M 41S","Unknown","2.16.0","Unknown","Unknown",600,280,511,515,459,498,525,473,422,542,461,683,662,597,527,3.52,7,6.01,6.09,6.95,4.21,7.01,4.68,4.16,7.98,5.59,5.43,7.07,6.56,6.15,125941.34375,114996.796875,16843.3203125,10381.01953125,13019.759765625,7445.60009765625,8256.580078125,3803.25,4440.75,4123.5,6460.5,11051.5498046875,5167.22998046875,5676.85986328125,8187.69970703125,NA,NA,NA,NA,NA,NA,NA,NA,600,600,280,280,511,515,459,498,525,473,422,542,461,683,662,597,527,1.02,2.72,0.73,6.59,5.32,5.85,6.28,4.48,7.7,4.58,3.77,8.29,5.72,5.2,7.26,6.42,5.69,63810.484375,129271,64155.5859375,117511,18410,11287,14451,7585,8391,5927,7079,6456,8603,13826,6451,7086,10240,NA
"05-DEC-2023",2023-12-05 11:53:44,"2023-12-05","11H 53M 44S","Unknown","2.16.0","Unknown","Unknown",600,280,511,515,459,498,525,473,422,542,461,683,662,597,527,3.28,7.2,4.43,5.12,4.96,4.67,6.96,4.37,3.65,7.53,5.66,5.27,7.06,5.89,5.59,129165.5234375,117550.27734375,18223.1396484375,12096.6293945312,15456.0893554688,7609.18994140625,8821.9697265625,4087.875,4755.75,4408.875,7070.25,13156.490234375,6202.06982421875,7364.419921875,10953.5600585938,NA,NA,NA,NA,NA,NA,NA,NA,600,600,280,280,511,515,459,498,525,473,422,542,461,683,662,597,527,1.11,2.52,0.92,6.64,5.22,5.78,5.55,4.66,7.75,4.55,3.43,8.22,5.76,5.78,7.72,6.45,5.85,64939.826171875,130153.5,65748.26171875,117199.5,18339,12262,15812.5,7552,8722,5966,7118.5,6469.5,8555.5,13667,6441,7602.5,11362.5,NA
"05-DEC-2023",2023-12-05 11:52:39,"2023-12-05","11H 52M 39S","Unknown","2.16.0","Unknown","Unknown",600,280,511,515,459,498,525,473,422,542,461,683,662,597,527,3.2,6.99,10.82,11.92,13.71,4.37,6.32,4.75,3.97,7.87,5.33,5.55,7.18,6.46,5.97,128403.32421875,116109.12890625,14868.359375,9845.939453125,11985.0893554688,7544.40991210938,8654.27978515625,3778.5,4510.5,4145.25,6545.625,10726.6245117188,5072.10986328125,6021.875,8926.724609375,NA,NA,NA,NA,NA,NA,NA,NA,600,600,280,280,511,515,459,498,525,473,422,542,461,683,662,597,527,0.95,2.6,0.81,6.46,5.16,5.38,5.69,4.29,7.33,4.39,3.45,8.41,5.48,5.52,7.38,6.43,5.69,64492.1171875,130389.5,65120.966796875,116714.5,18354,12303,15818.5,7579.5,8751,5961.5,7114.5,6480.5,8596,13675.5,6422,7630,11358,NA
"04-DEC-2023",2023-12-04 10:08:07,"2023-12-04","10H 8M 7S","Unknown","2.16.0","Unknown","Unknown",600,280,511,515,459,498,525,473,422,542,461,683,662,597,527,3.7,6.52,4.48,4.99,5.14,4.39,6.35,3.44,2.89,6.81,4.78,4.88,6.5,5.53,4.94,127332.5390625,116661.3984375,18174,12007.3193359375,15353.51953125,7595.66015625,8802.7001953125,4260.75,4894.5,4554,7186.5,13270.8798828125,6225.85009765625,7450.52001953125,11055.240234375,NA,NA,NA,NA,NA,NA,NA,NA,600,600,280,280,511,515,459,498,525,473,422,542,461,683,662,597,527,1.31,2.64,0.84,6.11,5.24,5.68,5.69,4.43,7.38,3.71,2.97,7.78,5.48,5.22,7.18,6.11,5.19,64616.4375,128885,65442.90625,116778,18311,12168,15751,7572,8755,5880,6932,6290,8196,13614,6418,7598,11322,NA
"04-DEC-2023",2023-12-04 10:07:06,"2023-12-04","10H 7M 6S","Unknown","2.16.0","Unknown","Unknown",600,280,511,515,459,498,525,473,422,542,461,683,662,597,527,3.65,7.41,8.85,8.1,8.36,4.7,6.56,4.11,3.44,7.79,5.28,5.81,7.49,6.7,5.92,125825.1640625,114904.140625,16152.2392578125,10787.3994140625,13845.779296875,7475.93994140625,8629.6796875,3975.75,4584.75,4242,6615.75,10842.8603515625,5095.47998046875,6057.75,9074.1201171875,NA,NA,NA,NA,NA,NA,NA,NA,600,600,280,280,511,515,459,498,525,473,422,542,461,683,662,597,527,1.15,2.85,0.82,6.85,5.32,6.03,5.95,4.52,7.34,4.03,3.17,8.73,5.87,5.85,7.65,6.36,5.72,64111.6796875,128520,64456.84375,116870,18267,12117,15655,7550,8748,5880,6914,6314,8231,13570,6378,7572,11352,NA
"01-DEC-2023",2023-12-01 09:56:02,"2023-12-01","9H 56M 2S","Unknown","2.16.0","Unknown","Unknown",600,280,511,515,459,498,525,473,422,542,461,683,662,597,527,3.65,7.62,5.07,7.34,7.33,5.19,9.11,5.32,3.92,7.95,5.86,5.66,7.52,8.52,7.98,125631.28125,115624.51171875,18021.119140625,11985.8696289062,15753.6591796875,7438.6298828125,8648.9501953125,4047,4668.75,4341,7000.5,13027.955078125,6127.03979492188,7390.86499023438,11213.5,NA,NA,NA,NA,NA,NA,NA,NA,600,600,280,280,511,515,459,498,525,473,422,542,461,683,662,597,527,1.14,2.82,0.84,7.23,6.31,8.49,8.63,4.98,10.18,5.29,3.63,8.57,6.23,6.11,8.39,8.85,8.58,64100.5859375,128117,64620.353515625,117250,18245,12216,16192,7507,8708,6056,7165.5,6532,8770,13500,6353,7607,11575.5,NA
"01-DEC-2023",2023-12-01 09:54:58,"2023-12-01","9H 54M 58S","Unknown","2.16.0","Unknown","Unknown",600,280,511,515,459,498,525,473,422,542,461,683,662,597,527,3.78,7.09,6.21,8.26,8.52,4.91,8.98,5.1,3.88,7.84,5.44,6.37,8,8.5,8.42,123759.078125,112928.7578125,16854.240234375,11115.779296875,14642.939453125,7277.5,8478.7998046875,3818.25,4438.5,4110.75,6521.25,10644.419921875,4998.31005859375,5979.02978515625,9117.580078125,NA,NA,NA,NA,NA,NA,NA,NA,600,600,280,280,511,515,459,498,525,473,422,542,461,683,662,597,527,1.09,2.88,0.84,6.45,6,7.48,7.5,5,9.45,4.91,3.58,8.55,5.93,6.11,8.2,8.31,7.55,63525.25390625,127570,63814.53515625,115879,18197,12090,16059,7476,8705,6008,7122,6503,8780,13397,6310,7564,11540,NA
"30-NOV-2023",2023-11-30 09:35:31,"2023-11-30","9H 35M 31S","Unknown","2.16.0","Unknown","Unknown",600,280,511,515,459,498,525,473,422,542,461,683,662,597,527,3.86,6.96,5.62,6.73,6.86,5.23,8.55,7.13,6.19,8.46,6.25,4.78,6.65,6.94,6.21,121923.8828125,116795.8828125,18625.619140625,12903.5390625,17206.01953125,7490.69970703125,9082.3203125,3852.75,4509,4193.25,7010.25,14170.009765625,6697.35009765625,8728.490234375,13576.740234375,NA,NA,NA,NA,NA,NA,NA,NA,600,600,280,280,511,515,459,498,525,473,422,542,461,683,662,597,527,1.41,2.95,0.88,6.46,6.74,7.74,8.07,4.96,9.16,6.62,5.58,8.88,6.25,5.18,7.29,7.35,6.37,63344.40234375,126000,63271.1875,120837,18455,12866,17331,7709,9326,5466,6584,6027,8536,14065,6669,8608,13424,NA
"30-NOV-2023",2023-11-30 09:34:03,"2023-11-30","9H 34M 3S","Unknown","2.16.0","Unknown","Unknown",600,280,511,515,459,498,525,473,422,542,461,683,662,597,527,4.18,6.94,11.03,12.89,12.85,4.89,9.04,7.22,6.06,9.37,6.16,6.48,8.08,9.05,8.19,120272.9453125,115025.5,15858.1796875,11186.759765625,14865.2392578125,7415.259765625,8928.9794921875,3588.75,4257,3902.25,6449.25,10662.4599609375,5009.7900390625,6626.419921875,10388.169921875,NA,NA,NA,NA,NA,NA,NA,NA,600,600,280,280,511,515,459,498,525,473,422,542,461,683,662,597,527,1.45,3.28,0.76,6.35,6.37,8.13,8.04,5.02,9.53,6.83,5.55,9.57,5.78,5.25,7.23,7.59,6.67,63183.2734375,124685,62608.80859375,120217,18588,12966,17434,7738,9349,5491,6596,6044,8521,14064,6640,8652,13432,NA
"29-NOV-2023",2023-11-29 10:32:01,"2023-11-29","10H 32M 1S","Unknown","2.16.0","Unknown","Unknown",600,280,511,515,459,498,525,473,422,542,461,683,662,597,527,3.64,6.71,24.99,37.36,44.17,8.02,15.31,14.37,4.78,8.43,7.3,9.7,11.15,22.08,31.76,125041.5,116409.65625,14801.279296875,6800.81982421875,7966.919921875,7430.02001953125,7480.0400390625,3960.75,4485,4062,6324.75,11082.2998046875,5125.41015625,4752.7197265625,6032.73974609375,NA,NA,NA,NA,NA,NA,NA,NA,600,600,280,280,511,515,459,498,525,473,422,542,461,683,662,597,527,1.45,2.59,0.84,6.16,19.94,29.14,38.72,8.1,17.21,14.15,4.64,9,8.27,8.88,11.2,20.93,30.41,63289.875,129271,62824.33984375,121403,17039,8302,9742,7745,7734,6141,7004,6259,8359,14136,6634,6084,7717,NA
"29-NOV-2023",2023-11-29 10:30:47,"2023-11-29","10H 30M 47S","Unknown","2.16.0","Unknown","Unknown",600,280,511,515,459,498,525,473,422,542,461,683,662,597,527,3.79,6.85,19.55,30.14,38.88,7.74,15.71,13.37,4.7,8.7,7.23,8.72,10.49,22.45,33.46,125729.703125,119059.078125,17253.599609375,8428.6796875,9852.9599609375,7590.73974609375,7630.10009765625,4241.25,4733.25,4308,6892.5,14241.349609375,6628.06005859375,6184.43994140625,7869.94970703125,NA,NA,NA,NA,NA,NA,NA,NA,600,600,280,280,511,515,459,498,525,473,422,542,461,683,662,597,527,1.55,2.66,0.83,6.33,20.53,31.48,39.03,8.03,16.44,13.32,4.44,9.47,8.24,9.07,10.69,23.42,33.86,63704.7421875,129116,63961.5625,121940,17075,8402,9938,7752,7755,6132,7017,6281,8381,14188,6660,6090,7806,NA
"28-NOV-2023",2023-11-28 13:03:04,"2023-11-28","13H 3M 4S","Unknown","2.16.0","Unknown","Unknown",600,280,511,515,459,498,525,473,422,542,461,683,662,597,527,4.03,6.58,17.49,26.62,35.2,7.82,15.69,13.82,4.56,8.72,8.01,8.73,10.87,21.06,30.68,125112.171875,118845.05859375,17849.1298828125,9462.1796875,11263.5893554688,7655.92993164062,7963.42993164062,4343.25,4849.5,4416.375,7013.25,14294.03515625,6640.56494140625,6712.10986328125,8941.27978515625,NA,NA,NA,NA,NA,NA,NA,NA,600,600,280,280,511,515,459,498,525,473,422,542,461,683,662,597,527,1.65,2.87,0.82,6.03,19.23,28,35.66,7.99,17.09,13.81,4.23,9.3,8.93,9.35,11.2,21.93,30.13,64048.416015625,127819.5,64454.494140625,120748,17623,9403,11346,7764.5,8015,6346,7254,6494.5,8552.5,14166,6613.5,6586,8840.5,NA
"28-NOV-2023",2023-11-28 13:01:43,"2023-11-28","13H 1M 43S","Unknown","2.16.0","Unknown","Unknown",600,280,511,515,459,498,525,473,422,542,461,683,662,597,527,4.35,7.24,32.66,42.18,47.59,8.26,14.97,13.61,5.54,8.71,7.9,10.2,11.8,20.62,26.37,123747.2421875,117572.421875,12860.6396484375,6716.57958984375,7967.69970703125,7535.7998046875,7853.14013671875,4011.75,4578,4134,6474,10611.6201171875,4868.75,5056.1201171875,6753.52001953125,NA,NA,NA,NA,NA,NA,NA,NA,600,600,280,280,511,515,459,498,525,473,422,542,461,683,662,597,527,1.56,3.29,0.97,6.55,18.19,24.98,29.23,8.13,15.77,13.1,4.81,9.26,8.8,9.14,10.85,18.31,23.94,63486.1953125,127516,63505.50390625,121167,17667,9449,11474,7750,8064,6269,7236,6483,8590,14103,6600,6640,8975,NA
"27-NOV-2023",2023-11-27 13:18:41,"2023-11-27","13H 18M 41S","Unknown","LSRII","1","Administrator",600,280,511,515,459,498,525,473,422,542,461,683,662,597,527,4.64,6.77,13.01,21.27,25.47,7.95,15.11,13.82,5.97,9.95,8.15,8.91,11.63,17.86,23.87,121004.8046875,112586.8203125,17657.638671875,9577.6201171875,11621.2197265625,7247.97998046875,7626,4056,4510.5,4101.75,6767.25,13518.1103515625,6255.77978515625,6440.27978515625,8808.0302734375,55.91,0,20.61,38.4,0.78,0.82,0.75,0.41,600,600,280,280,511,515,459,498,525,473,422,542,461,683,662,597,527,1.3,3.67,0.86,6.3,15,21.05,25.87,7.77,17.18,13.95,5.67,10.38,9.09,8.9,12.03,18.79,24.56,63812.63671875,124127,63858.1328125,115705,17632,9593,11788,7383,7732,6090,6960,6226,8567,13531,6309,6369,8796,NA
"27-NOV-2023",2023-11-27 13:16:08,"2023-11-27","13H 16M 8S","Unknown","2.16.0","Unknown","Unknown",600,280,511,515,459,498,525,473,422,542,461,683,662,597,527,4.49,7.47,19.98,29.03,31.97,8.82,16.55,15.13,6.61,9.61,8.61,10.35,11.64,21.27,28.36,120786.5,112079.2421875,16095.2998046875,8513.69921875,10648.5595703125,7163.52001953125,7515.2998046875,3953.25,4422,4005,6370.5,10865,5014.2998046875,5175.83984375,7073.31982421875,NA,NA,NA,NA,NA,NA,NA,NA,600,600,280,280,511,515,459,498,525,473,422,542,461,683,662,597,527,1.17,3.59,0.88,6.88,17.85,24.9,31.17,8.74,17.47,14.87,5.98,9.96,9.2,9.92,11.53,20.71,27.42,63486.36328125,124571,63238.75,116032,17634,9707,11956,7427,7765,6180,7013,6255,8605,13633,6351,6472,8928,NA
"22-NOV-2023",2023-11-22 10:45:58,"2023-11-22","10H 45M 58S","Unknown","2.16.0","Unknown","Unknown",600,280,511,515,459,498,525,473,422,542,461,683,662,597,527,4.33,7.59,4.12,4.35,4.61,5.27,6.82,3.63,3.17,6.51,4.99,4.88,6.74,5.48,5.06,121442.51171875,111601.99609375,18787.0791015625,11313.1196289062,14197.1694335938,7263.56005859375,8219.27001953125,4252.875,4878,4631.25,7292.25,13600.9296875,6402.56005859375,7203.69995117188,10299.4052734375,NA,NA,NA,NA,NA,NA,NA,NA,600,600,280,280,511,515,459,498,525,473,422,542,461,683,662,597,527,1.2,3.37,0.75,7.1,4.98,5.13,5.29,4.85,7.42,3.54,2.99,8.13,5.48,5.37,7.29,5.92,5.14,63717.091796875,124842.5,64294.111328125,113807.5,18952,11510,14521.5,7369.5,8359.5,5866.5,6907.5,6432,8333,13825,6522.5,7253.5,10430.5,NA
"22-NOV-2023",2023-11-22 10:45:08,"2023-11-22","10H 45M 8S","Unknown","2.16.0","Unknown","Unknown",600,280,511,515,459,498,525,473,422,542,461,683,662,597,527,4.37,8.11,4.96,4.95,5.2,5.46,6.9,3.77,3.42,7.17,5.34,5.61,7.13,5.81,5.59,120172.30078125,109713.12890625,18069.4794921875,10838.4892578125,13603.19921875,7130.71997070312,8074.5400390625,4075.125,4719.75,4466.25,6754.125,11096.8549804688,5214.17504882812,5862.58984375,8410.53466796875,NA,NA,NA,NA,NA,NA,NA,NA,600,600,280,280,511,515,459,498,525,473,422,542,461,683,662,597,527,1.07,3.68,0.81,7.6,5.2,5.33,5.45,5.13,7.88,3.89,3.14,7.54,5.63,5.25,7.18,5.89,5.1,63205.40625,124435.5,63324.826171875,113624,19004.5,11492.5,14557,7346,8387,5865,6883,6445.5,8375.5,13839.5,6528.5,7313.5,10448,NA
"21-NOV-2023",2023-11-21 11:32:28,"2023-11-21","11H 32M 28S","Unknown","2.16.0","Unknown","Unknown",600,280,511,515,459,498,525,473,422,542,461,683,662,597,527,4.36,7.55,4.51,4.73,5.02,5.7,7.04,6.89,6.95,10.3,5.96,5.25,7.06,5.82,5.04,123580.7421875,112339.1796875,18148.259765625,10972.259765625,13557.1796875,7380.81982421875,8309.8798828125,3663,4096.5,3993,6758.25,13262.6796875,6225.85009765625,7038.8798828125,10069.599609375,NA,NA,NA,NA,NA,NA,NA,NA,600,600,280,280,511,515,459,498,525,473,422,542,461,683,662,597,527,1.01,3.53,0.82,7.02,5.6,5.25,5.75,5.03,7.6,6.81,6.44,10.21,5.74,5.37,7.55,6.14,5.31,63638.13671875,126971,64160.23046875,114642,18384,11205,13964,7486,8405,5506,6355,6058,8697,13689,6440,7190,10361,NA
"21-NOV-2023",2023-11-21 11:31:40,"2023-11-21","11H 31M 40S","Unknown","2.16.0","Unknown","Unknown",600,280,511,515,459,498,525,473,422,542,461,683,662,597,527,4.35,7.65,5.01,5.71,5.65,5.71,6.8,7.27,7.42,9.68,5.85,5.59,7.54,6.19,5.93,122167.34375,109970.19921875,17305.859375,10523.3696289062,13103.9995117188,7240.18994140625,8064.28979492188,3486.375,3958.5,3815.625,6256.5,10730.5200195312,5017.57983398438,5610.03002929688,8156.1298828125,NA,NA,NA,NA,NA,NA,NA,NA,600,600,280,280,511,515,459,498,525,473,422,542,461,683,662,597,527,1.04,3.72,0.85,7.18,5.29,5.75,6.02,5.59,7.81,6.71,6.82,9.74,5.53,5.28,7.51,5.68,5.27,63192.80078125,126541.5,62881.08203125,114464,18285.5,11206,14034.5,7461,8407,5465.5,6313.5,5992,8669,13539,6400,7166.5,10314.5,NA
"17-NOV-2023",2023-11-17 09:48:21,"2023-11-17","9H 48M 21S","Unknown","2.16.0","Unknown","Unknown",600,280,511,515,459,498,525,473,422,542,461,683,662,597,527,4.33,7.66,4.23,4.79,5.39,5.09,7.14,4.37,4.11,7.5,4.87,4.85,6.49,5.67,5.45,119510.00390625,108710.6796875,17849.9091796875,9595.169921875,11667.6293945312,7111.44995117188,7664.1298828125,4021.5,4459.5,4348.875,6984,13166.7397460938,6186.07983398438,6367.30004882812,8524.31005859375,NA,NA,NA,NA,NA,NA,NA,NA,600,600,280,280,511,515,459,498,525,473,422,542,461,683,662,597,527,1.04,3.56,0.75,7.18,4.82,5.61,5.91,5.24,7.57,4.07,3.71,8.24,5.08,5.27,7.5,6.02,5.59,63434.603515625,123407.5,63813.69140625,111749,18129.5,9769.5,12033,7261,7825.5,5829,6653,6368.5,8472.5,13438,6323.5,6468,8678.5,NA
"17-NOV-2023",2023-11-17 09:47:24,"2023-11-17","9H 47M 24S","Unknown","2.16.0","Unknown","Unknown",600,280,511,515,459,498,525,473,422,542,461,683,662,597,527,4.2,7.51,4.33,4.98,5.39,4.9,6.36,4.13,3.78,7.38,4.93,5.58,7.05,5.83,5.6,119210.671875,107453.6171875,17252.0390625,9309.68994140625,11430.5092773438,7038.46997070312,7465.68994140625,3862.125,4334.625,4212,6434.25,10579.2299804688,5020.0400390625,5123.56518554688,6835.93017578125,NA,NA,NA,NA,NA,NA,NA,NA,600,600,280,280,511,515,459,498,525,473,422,542,461,683,662,597,527,0.92,3.49,0.75,7.06,4.57,5.35,5.67,4.74,7.2,3.92,3.76,7.76,5.13,4.95,7.37,5.48,5.15,63084.1328125,123690.5,62986.55859375,111755.5,18197,9865.5,12159,7298.5,7822,5848,6665,6382,8499.5,13463,6359,6495,8731,NA
"16-NOV-2023",2023-11-16 09:24:31,"2023-11-16","9H 24M 31S","Unknown","2.16.0","Unknown","Unknown",600,280,511,515,459,498,525,473,422,542,461,683,662,597,527,4.37,7.71,4.05,4.71,5.11,5.19,6.63,6.19,5.74,8.81,5.36,4.94,7.05,5.76,5.3,123446.80078125,113054.62890625,18787.080078125,10519.4697265625,13022.8798828125,7428.3798828125,8116.35986328125,3891,4326,4222.5,6920.25,13589.2451171875,6396.61499023438,6857.65991210938,9418.1103515625,NA,NA,NA,NA,NA,NA,NA,NA,600,600,280,280,511,515,459,498,525,473,422,542,461,683,662,597,527,0.92,3.7,0.89,7.31,5.03,5.51,5.87,5.21,7.2,6.15,5.65,9.22,5.26,5.46,7.74,6.23,5.65,64017.384765625,126302,64208.875,115211,18937,10659.5,13350.5,7542,8259,5806,6648.5,6368,8711,13820.5,6512,6905,9556,NA
"16-NOV-2023",2023-11-16 09:23:47,"2023-11-16","9H 23M 47S","Unknown","2.16.0","Unknown","Unknown",600,280,511,515,459,498,525,473,422,542,461,683,662,597,527,4.56,7.4,4.57,4.99,5.13,5.59,7.11,6.24,6.56,8.32,5.27,5.16,7.14,6.19,5.68,120930.8046875,109457.2890625,17934.5390625,10126.7392578125,12570.4794921875,7188.52978515625,7812.55004882812,3688.5,4153.875,4017,6390,10988.205078125,5149.39501953125,5514.90991210938,7672.94506835938,NA,NA,NA,NA,NA,NA,NA,NA,600,600,280,280,511,515,459,498,525,473,422,542,461,683,662,597,527,0.91,3.85,0.87,6.72,4.87,5.44,5.75,5.44,7.52,5.78,6.14,8.69,5.17,5,7.42,5.69,5.09,63390.748046875,124932,62814.373046875,113973.5,18857,10675.5,13377,7483,8158.5,5731,6559,6286,8710,13702,6446.5,6887,9556,NA
"15-NOV-2023",2023-11-15 09:25:07,"2023-11-15","9H 25M 7S","Unknown","LSRII","1","Administrator",600,280,511,515,459,498,525,473,422,542,461,683,662,597,527,4.18,7.36,4.28,4.65,4.83,4.97,6.6,6.69,6.78,9.55,5.94,4.88,6.45,5.48,5.17,122514.76953125,111054.65234375,18669.2998046875,10683.26953125,13181.2197265625,7422.22998046875,8117.1796875,3750.75,4165.5,4117.5,6798.75,13522.8251953125,6342.49487304688,6907.88500976562,9602.81494140625,55.91,0,20.61,38.4,0.78,0.82,0.75,0.41,600,600,280,280,511,515,459,498,525,473,422,542,461,683,662,597,527,0.85,3.47,0.8,6.75,5.38,5.51,5.7,5.2,7.39,6.75,6.28,9.98,5.57,5.23,7.17,6.14,5.55,63563.734375,126169,63831.947265625,114043,18917,10871,13585,7584.5,8335,5633,6447,6247.5,8684,13810.5,6499,6991,9776.5,NA
"15-NOV-2023",2023-11-15 09:24:11,"2023-11-15","9H 24M 11S","Unknown","2.16.0","Unknown","Unknown",600,280,511,515,459,498,525,473,422,542,461,683,662,597,527,4.25,7.99,5.03,5.36,5.89,5.5,6.36,7.44,6.89,9.57,5.92,5.61,6.92,6.12,5.68,120971.5,109581.515625,17793.359375,10166.51953125,12661.7392578125,7288.16015625,7938.419921875,3571.5,4020.75,3925.5,6371.25,10952.740234375,5131.14990234375,5598.5498046875,7795.330078125,NA,NA,NA,NA,NA,NA,NA,NA,600,600,280,280,511,515,459,498,525,473,422,542,461,683,662,597,527,0.79,3.61,0.84,7.28,5.11,5.54,6.16,5.31,7.1,7.13,6.44,9.9,5.56,5.5,7.26,5.73,5.56,63059.58984375,125595,63118.890625,113606,18809,10837,13509,7544,8264,5573,6403,6156,8726,13731,6457,7010,9778,NA
"14-NOV-2023",2023-11-14 13:01:18,"2023-11-14","13H 1M 18S","Unknown","2.16.0","Unknown","Unknown",600,280,511,515,459,498,525,473,422,542,461,683,662,597,527,3.43,6.98,4.01,4.69,4.58,4.58,5.99,5.64,5.65,8.68,5.42,5.2,6.91,5.72,5.32,127052.8203125,113675.78125,18271.5,10569,12862.19921875,7559.580078125,8304.1396484375,3882.75,4329.75,4200.75,6937.5,13204.0498046875,6213.14013671875,6787.5498046875,9431.6396484375,NA,NA,NA,NA,NA,NA,NA,NA,600,600,280,280,511,515,459,498,525,473,422,542,461,683,662,597,527,0.94,2.75,0.75,6.45,4.37,5.45,4.99,4.25,7.09,5.53,5.2,8.95,5.19,5.79,7.26,5.66,5.35,64194.1875,129596,64739.0703125,114962,18469,10801,13226,7612,8361,5791,6640,6328,8706,13722,6449,6989,9774,NA
"14-NOV-2023",2023-11-14 13:00:47,"2023-11-14","13H 0M 47S","Unknown","2.16.0","Unknown","Unknown",600,280,511,515,459,498,525,473,422,542,461,683,662,597,527,3.92,7.09,5.46,5.24,5.67,4.71,6.9,6,5.87,9.02,5.15,5.73,7.17,6.42,6.34,126288.3984375,112162.0625,17333.939453125,10094.759765625,12207,7454.6201171875,8172.1201171875,3742.5,4204.5,4053.75,6501.75,10940.0302734375,5149.18994140625,5555.91015625,7821.16015625,NA,NA,NA,NA,NA,NA,NA,NA,600,600,280,280,511,515,459,498,525,473,422,542,461,683,662,597,527,0.86,3.23,0.71,6.74,5.12,4.9,5.91,4.47,6.95,5.86,5.71,9.36,5.67,5.87,7.28,6.37,5.79,63748.41015625,129624,63846.375,115020,18528,10764,13252,7627,8345,5794,6616,6303,8758,13755,6476,6981,9814,NA
"13-NOV-2023",2023-11-13 10:19:56,"2023-11-13","10H 19M 56S","Unknown","2.16.0","Unknown","Unknown",600,280,511,515,459,498,525,473,422,542,461,683,662,597,527,4,7.32,4.55,4.84,5.11,5.26,6.5,7.15,7.23,9.44,5.74,5.12,6.74,5.83,5.04,124819.5,112115.3203125,18108.478515625,10529.9995117188,12738.1796875,7433.2998046875,8167.60986328125,3741.75,4153.125,4064.25,6831,13298.349609375,6257.009765625,6854.7900390625,9522.25,NA,NA,NA,NA,NA,NA,NA,NA,600,600,280,280,511,515,459,498,525,473,422,542,461,683,662,597,527,0.98,3.31,0.85,6.67,5.32,5.73,6.15,5.06,7.17,6.64,6.59,9.9,5.65,5.63,7.56,6.12,5.29,63785.193359375,128133,64139.759765625,114578,18324.5,10754,13159,7551.5,8312.5,5629,6435,6200,8742,13701,6453,6992.5,9764.5,NA
"13-NOV-2023",2023-11-13 10:18:23,"2023-11-13","10H 18M 23S","Unknown","2.16.0","Unknown","Unknown",600,280,511,515,459,498,525,473,422,542,461,683,662,597,527,4.09,7.8,5.11,5.53,5.57,5.18,6.87,7.06,7.16,9.23,5.77,5.68,7.26,6.18,5.86,123742.0625,110927.140625,17403.359375,10100.2197265625,12295.919921875,7295.5400390625,7995,3576,4008.75,3891,6342,10849.830078125,5129.509765625,5564.93017578125,7739.97998046875,NA,NA,NA,NA,NA,NA,NA,NA,600,600,280,280,511,515,459,498,525,473,422,542,461,683,662,597,527,0.94,3.35,0.83,7.15,5.28,5.71,6.05,4.98,7.24,6.7,6.82,9.58,5.71,5.58,7.51,6.08,5.64,63267.2421875,127953,63432.48046875,114495,18290,10695,13110,7528,8291,5601,6393,6147,8747,13663,6452,6993,9776,NA
"10-NOV-2023",2023-11-10 11:13:06,"2023-11-10","11H 13M 6S","Unknown","2.16.0","Unknown","Unknown",600,280,511,515,459,498,525,473,422,542,461,683,662,597,527,4.09,7.4,4.3,6.81,7.75,4.75,7.45,4.57,3.98,7.58,4.88,5.05,7.01,7.01,7.7,125051.859375,111974.28125,17873.69921875,10104.8994140625,12501.0595703125,7454.6201171875,7945.7998046875,4161,4584,4444.5,7056.75,13238.490234375,6207.81005859375,6406.66015625,8931.439453125,NA,NA,NA,NA,NA,NA,NA,NA,600,600,280,280,511,515,459,498,525,473,422,542,461,683,662,597,527,0.9,3.28,0.91,6.87,5.02,7.38,8.33,4.52,7.25,4.31,3.69,8.14,5.52,5.31,7.64,7.46,7.92,64062.62109375,127951,64765.40234375,113386,18021,10300,12854,7512,8034,5807,6590,6265,8199,13646,6446,6559,9170,NA
"10-NOV-2023",2023-11-10 11:12:19,"2023-11-10","11H 12M 19S","Unknown","2.16.0","Unknown","Unknown",600,280,511,515,459,498,525,473,422,542,461,683,662,597,527,4.23,8.04,5.28,7.78,9.25,5.43,7.29,5.12,4.51,8.24,5.62,6.1,7.39,7.47,8.02,125332.3203125,112488.421875,17234.099609375,9726.599609375,12001.0791015625,7435.759765625,7923.66015625,4021.5,4487.25,4357.5,6553.5,10933.0595703125,5142.2197265625,5274.23974609375,7360.31982421875,NA,NA,NA,NA,NA,NA,NA,NA,600,600,280,280,511,515,459,498,525,473,422,542,461,683,662,597,527,0.93,3.44,1.01,7.27,5.62,7.38,8.71,4.8,8.27,4.55,3.92,8.87,5.31,6.09,8.09,7.65,7.76,63773.79296875,128530,64082.71484375,114682,18166,10380,12955,7544,8103,5832,6614,6367,8270,13711,6450,6610,9251,NA
"09-NOV-2023",2023-11-09 13:35:53,"2023-11-09","13H 35M 53S","Unknown","2.16.0","Unknown","Unknown",600,280,511,515,459,498,525,473,422,542,461,683,662,597,527,8.73,10.83,20.27,22.11,23.92,9.04,10.86,20.25,20.03,20.61,11.65,7.23,9.51,12.41,17.48,123826.0546875,119102.5390625,17321.849609375,9539.009765625,10915.3193359375,7558.759765625,8370.9697265625,3374.625,3633,3720.375,6303,13513.599609375,6283.044921875,6727.68994140625,8921.60009765625,NA,NA,NA,NA,NA,NA,NA,NA,600,600,280,280,511,515,459,498,525,473,422,542,461,683,662,597,527,1.99,10.96,2.18,11.41,17.64,20.89,23.26,9.99,11.36,21.54,20.61,22.44,10.64,7.4,10.03,12.22,16.93,66250.70703125,122512.5,66621.4140625,117405.5,18108.5,10022.5,11471,7379,8249.5,4350.5,4812.5,4865.5,6889,14169.5,6636.5,7078,9483,NA
"09-NOV-2023",2023-11-09 11:55:32,"2023-11-09","11H 55M 32S","Unknown","2.16.0","Unknown","Unknown",600,280,511,515,459,498,525,473,422,542,461,683,662,597,527,4.4,8,4.59,6.83,7.69,5.43,7.37,4.2,3.87,7.65,5.27,5.26,6.99,7.2,7.72,123130.8203125,111082.1171875,18510.958984375,11290.5,14277.119140625,7321.77978515625,8127.02001953125,4205.25,4677.75,4566.75,7257,13464.8095703125,6327.93994140625,7062.66015625,10215.5595703125,NA,NA,NA,NA,NA,NA,NA,NA,600,600,280,280,511,515,459,498,525,473,422,542,461,683,662,597,527,0.92,3.65,0.76,7.46,5.24,7.62,8.68,5.34,8.25,4.04,3.42,8.25,5.74,5.75,7.67,7.36,7.88,63805.37890625,126311,64435.5859375,113026,18597,11435,14615,7419,8246,5722,6540,6254,8210,13747,6478,7151,10366,NA
"09-NOV-2023",2023-11-09 11:54:09,"2023-11-09","11H 54M 9S","Unknown","2.16.0","Unknown","Unknown",600,280,511,515,459,498,525,473,422,542,461,683,662,597,527,4.34,7.88,4.8,7,7.82,5.61,7.41,4.14,3.83,7.56,5.22,5.78,6.98,7.54,7.88,121998.9921875,108552.83203125,17835.4794921875,10888.4096679688,13816.5297851562,7140.96997070312,7911.76977539062,3999.75,4518.75,4374.375,6609.75,10948.2294921875,5117.4150390625,5640.3701171875,8273.5947265625,NA,NA,NA,NA,NA,NA,NA,NA,600,600,280,280,511,515,459,498,525,473,422,542,461,683,662,597,527,0.9,3.62,0.81,7.26,5.03,7.33,8.36,5.2,7.75,3.94,3.37,8.42,5.63,5.66,7.27,7.49,7.53,63309.40234375,126153,63190.3515625,112577,18569,11414,14598.5,7376,8186,5702,6547,6268,8192.5,13691,6438.5,7107,10338,NA
"08-NOV-2023",2023-11-08 11:37:45,"2023-11-08","11H 37M 45S","Unknown","2.16.0","Unknown","Unknown",600,280,511,515,459,498,525,473,422,542,461,683,662,597,527,4.14,7.43,5,7.18,7.95,5.18,7.01,5.37,4.95,8.34,5.44,5.71,7.07,7.46,7.99,124988.21875,110681.140625,17897.87890625,11039.33984375,14015.0390625,7303.73974609375,8120.4599609375,3872.25,4377,4228.5,6484.5,11269.259765625,5310.72998046875,5931.8798828125,8675.599609375,NA,NA,NA,NA,NA,NA,NA,NA,600,600,280,280,511,515,459,498,525,473,422,542,461,683,662,597,527,0.95,3.29,0.86,6.72,5.2,7.29,8.17,5.05,7.42,5.18,4.66,8.56,5.45,5.52,7.53,7.34,7.68,63534.453125,128831,63381.5390625,114180,18633,11587,14826,7523,8407,5814,6679,6389,8562,13982,6592,7355,10772,NA
"08-NOV-2023",2023-11-08 11:36:59,"2023-11-08","11H 36M 59S","Unknown","2.16.0","Unknown","Unknown",600,280,511,515,459,498,525,473,422,542,461,683,662,597,527,4.77,8.13,5.57,8.39,9.35,6.05,7.67,6.3,5.68,8.87,5.67,6.23,7.65,8.11,9.37,125598.3515625,111469.9765625,17986.01953125,11118.5092773438,14125.7998046875,7329.97998046875,8176.2197265625,3900.75,4401,4264.5,6519.375,11351.669921875,5321.38989257812,5925.11499023438,8700.4052734375,NA,NA,NA,NA,NA,NA,NA,NA,600,600,280,280,511,515,459,498,525,473,422,542,461,683,662,597,527,1.07,3.85,0.96,7.6,5.63,8.09,9.49,5.51,7.73,6.13,5.3,9.16,5.83,5.87,7.57,7.39,8.91,63511.40625,129116.5,63395.84765625,115008,18738.5,11654.5,14949,7546.5,8474,5864,6719,6422.5,8596.5,14141.5,6597,7359.5,10844,NA
"07-NOV-2023",2023-11-07 09:53:06,"2023-11-07","9H 53M 6S","Unknown","2.16.0","Unknown","Unknown",600,280,511,515,459,498,525,473,422,542,461,683,662,597,527,4.16,7.82,4.44,6.52,7.4,5.26,6.89,4.07,3.57,8.07,5.25,5.41,7.02,7.07,7.15,124738.84375,113200.1796875,18791.759765625,11770.9794921875,14892.5390625,7443.9599609375,8368.099609375,4317.75,4800,4701,7321.5,13734.58984375,6443.56005859375,7321.3701171875,10876.4794921875,NA,NA,NA,NA,NA,NA,NA,NA,600,600,280,280,511,515,459,498,525,473,422,542,461,683,662,597,527,0.88,3.47,0.78,7.06,4.89,7.22,8.19,5.21,7.87,3.87,3.11,8.32,5.91,5.95,7.86,7.33,7.58,63883.74609375,127825,64501.39453125,114628,18909,11937,15243,7538,8444,5857,6668,6414,8235,13965,6565,7344,10979,NA
"07-NOV-2023",2023-11-07 09:52:03,"2023-11-07","9H 52M 3S","Unknown","2.16.0","Unknown","Unknown",600,280,511,515,459,498,525,473,422,542,461,683,662,597,527,4.22,7.9,5.05,7.1,7.86,5.34,7.22,3.9,3.44,7.17,5.28,5.63,7.78,7.42,7.87,123631.0625,111316.640625,18088.978515625,11351.33984375,14427.6591796875,7312.759765625,8198.3603515625,4134,4655.25,4515.75,6721.5,11220.4697265625,5284.080078125,5912.60986328125,8848.6201171875,NA,NA,NA,NA,NA,NA,NA,NA,600,600,280,280,511,515,459,498,525,473,422,542,461,683,662,597,527,0.88,3.66,0.79,7.34,5.2,7.62,8.71,5.2,7.64,3.83,3.13,7.01,5.86,5.57,7.96,7.38,7.99,63411.5,127459,63618.82421875,114441,18821,11908,15237,7502,8441,5846,6682,6406,8227,13912,6576,7332,10961,NA
"03-NOV-2023",2023-11-03 09:47:53,"2023-11-03","9H 47M 53S","Unknown","2.16.0","Unknown","Unknown",600,280,511,515,459,498,525,473,422,542,461,683,662,597,527,4.3,8.21,4.98,5.33,5.31,5.91,7.16,9.35,9.13,10.91,6.53,5.51,6.84,5.78,5.38,128125.8203125,116875.421875,18982.080078125,13114.919921875,17128.798828125,7592.3798828125,9063.4599609375,3723.75,4201.5,4108.5,6918.75,14085.5498046875,6615.35009765625,8323.41015625,12767.3994140625,NA,NA,NA,NA,NA,NA,NA,NA,600,600,280,280,511,515,459,498,525,473,422,542,461,683,662,597,527,1.06,3.42,0.98,7.36,5.77,5.99,6.11,5.61,7.58,8.94,8.59,10.95,5.74,6.07,7.42,6.2,5.6,64382.04296875,130293,65055.03515625,117508,18963,13207,17409,7607,9075,5523,6422,6176,8728,14278,6731,8398,12931,NA
"03-NOV-2023",2023-11-03 09:47:12,"2023-11-03","9H 47M 12S","Unknown","2.16.0","Unknown","Unknown",600,280,511,515,459,498,525,473,422,542,461,683,662,597,527,3.4,7.16,7.91,8.38,8.31,4.87,6.21,7.47,7.3,9.69,5.97,5.7,7.29,6.02,5.65,128068.84375,115549.88671875,16204.4995117188,11207.8198242188,14614.4692382812,7559.169921875,8992.1201171875,3622.5,4134.75,4029.75,6552.75,11234.615234375,5370.38500976562,6736.09497070312,10239.955078125,NA,NA,NA,NA,NA,NA,NA,NA,600,600,280,280,511,515,459,498,525,473,422,542,461,683,662,597,527,0.94,2.71,0.78,6.62,5.04,5.34,5.4,4.8,7.07,7.05,6.82,10.03,5.67,5.25,7.33,5.7,5.28,64233.837890625,130489,64660.123046875,117021,19028,13330,17557,7627,9127.5,5566,6479,6216.5,8798.5,14366,6788,8453,13023,NA
"02-NOV-2023",2023-11-02 09:31:31,"2023-11-02","9H 31M 31S","Unknown","2.16.0","Unknown","Unknown",600,280,511,515,459,498,525,473,422,542,461,683,662,597,527,3.56,6.62,4.05,4.57,4.52,4.54,6.14,7.74,7.71,9.66,5.98,4.67,6.24,5.22,4.83,127437.9921875,116302.6484375,19645.4697265625,13221.3896484375,17384.638671875,7707.18017578125,9130.7001953125,3684,4184.25,4079.625,6688.5,14266.1547851562,6690.99487304688,8188.10986328125,12837.509765625,NA,NA,NA,NA,NA,NA,NA,NA,600,600,280,280,511,515,459,498,525,473,422,542,461,683,662,597,527,0.87,2.83,0.91,6.09,4.75,5.21,5.24,4.69,6.79,7.49,7.25,10.23,5.49,5.18,6.96,5.56,5.13,63828.16015625,130636,64085.494140625,118977,19943,13514.5,17970.5,7855.5,9305.5,5539,6489,6196,8644,14437,6812,8244,12968,NA
"02-NOV-2023",2023-11-02 09:31:01,"2023-11-02","9H 31M 1S","Unknown","2.16.0","Unknown","Unknown",600,280,511,515,459,498,525,473,422,542,461,683,662,597,527,3.42,7.33,4.5,4.78,4.86,4.96,6.74,8.1,8.09,9.83,5.95,5.36,7.15,5.82,5.53,125587.62109375,114098.8984375,19004.69921875,12901.5893554688,17008.2890625,7564.09008789062,8882.64990234375,3516,4015.125,3889.5,6182.25,11614.6845703125,5427.169921875,6714.56982421875,10510.96484375,NA,NA,NA,NA,NA,NA,NA,NA,600,600,280,280,511,515,459,498,525,473,422,542,461,683,662,597,527,1.04,2.69,0.9,6.66,4.7,5.01,5.14,4.68,7.2,7.56,7.51,10.02,5.29,5.22,6.97,5.56,5.16,63415.65625,129589,63192.80078125,118158.5,19888,13616.5,18071,7784,9234,5521,6427.5,6172,8745,14396,6763,8317.5,13062,NA
"31-OCT-2023",2023-10-31 12:47:48,"2023-10-31","12H 47M 48S","Unknown","2.16.0","Unknown","Unknown",600,280,511,515,459,498,525,473,422,542,461,683,662,597,527,3.05,6.81,4.13,4.33,4.41,4.17,5.97,5.06,4.64,7.75,5.48,4.66,6.9,5.23,4.86,130405.76171875,117745.02734375,19345.55859375,14054.4291992188,18595.19921875,7745.30981445312,9473.0498046875,4109.25,4572.75,4496.25,7212.375,14183.3349609375,6662.08984375,8628.2451171875,13864.1499023438,NA,NA,NA,NA,NA,NA,NA,NA,600,600,280,280,511,515,459,498,525,473,422,542,461,683,662,597,527,0.92,2.31,0.92,6.4,4.68,5.05,5.07,4.38,7.07,4.89,4.22,8.73,5.88,5.28,7.58,5.8,5.1,64440.267578125,132417.5,65395.052734375,118030,19443,14249,19062.5,7745,9467.5,5381.5,6149,5937.5,7949.5,14460,6809,8756.5,14100,NA
"31-OCT-2023",2023-10-31 12:47:09,"2023-10-31","12H 47M 9S","Unknown","2.16.0","Unknown","Unknown",600,280,511,515,459,498,525,473,422,542,461,683,662,597,527,3.03,6.73,4.47,4.68,4.7,4.32,5.99,4.33,3.9,7.13,5.15,5.08,6.47,5.74,5.15,128025.1796875,114984.91015625,18458.3095703125,13357.4990234375,17801.939453125,7564.5,9161.4501953125,3876.75,4365,4257.75,6537.75,11546.009765625,5414.0498046875,6985.98974609375,11285.865234375,NA,NA,NA,NA,NA,NA,NA,NA,600,600,280,280,511,515,459,498,525,473,422,542,461,683,662,597,527,0.87,2.41,0.87,6.19,4.66,5.02,4.94,4.3,6.75,4.29,3.79,7.94,5.55,5.17,6.71,5.66,4.92,63792.927734375,131467,64485.287109375,116886,19248,14044.5,18793,7663,9362,5318,6070,5865,7927,14272,6714.5,8655.5,13956.5,NA
"30-OCT-2023",2023-10-30 12:42:32,"2023-10-30","12H 42M 32S","Unknown","2.16.0","Unknown","Unknown",600,280,511,515,459,498,525,473,422,542,461,683,662,597,527,0,0,844.26,769.81,576.92,101.1,114.97,345.17,144.46,78,133.15,155.32,260.14,4356.56,1081.43,262143,262143,28.0799980163574,20.2799987792969,35.879997253418,31380.580078125,39081.19921875,48,117,675.75,154.5,172.199996948242,66.8300018310547,5.32999992370605,13.9399995803833,NA,NA,NA,NA,NA,NA,NA,NA,600,600,280,280,511,515,459,498,525,473,422,542,461,683,662,597,527,0,70.48,0,113.42,20.07,30.89,25.06,102.8,103.17,19.92,29.65,22.49,27.09,24.95,20.97,28.58,28.24,262143,42532,262143,22713,266,48,71,1223,1667,67,45,145,104,101,99,83,63,NA
"30-OCT-2023",2023-10-30 12:34:36,"2023-10-30","12H 34M 36S","Unknown","2.16.0","Unknown","Unknown",600,280,511,515,459,498,525,473,422,542,461,683,662,597,527,4.29,7.31,4.14,4.93,4.66,5.19,6.79,3.51,3.2,7.08,4.77,4.61,6.6,5.17,5.16,133513.015625,116139.0625,20068.619140625,11997.1796875,14959.619140625,7653.8798828125,8464.0400390625,4563.75,5036.25,4917,7581.75,14273.740234375,6675.6201171875,7271.35009765625,10620.6396484375,NA,NA,NA,NA,NA,NA,NA,NA,600,600,280,280,511,515,459,498,525,473,422,542,461,683,662,597,527,1.29,3.32,1.54,6.2,4.58,5.16,5.07,4.78,7.04,4.22,3.89,8.46,5.72,4.97,7.25,5.7,5.28,64421.3203125,135654,65244.16796875,116700,19799,11942,15167,7665,8439,4430,4999,4853,6973,14166,6647,7175,10523,NA
"30-OCT-2023",2023-10-30 12:09:41,"2023-10-30","12H 9M 41S","Unknown","2.16.0","Unknown","Unknown",600,280,511,515,459,498,525,473,422,542,461,683,662,597,527,5.53,8.16,4.46,4.81,5.11,6.55,7.48,3.63,3.06,7.29,5.07,4.68,6.09,5.33,5.05,122366.76953125,106160.4765625,19787.818359375,11657.8798828125,14755.259765625,7032.31982421875,8026.15991210938,4543.125,5058.75,4989.75,7616.25,13902.0751953125,6543.60009765625,7297.38500976562,10693.2099609375,NA,NA,NA,NA,NA,NA,NA,NA,600,600,280,280,511,515,459,498,525,473,422,542,461,683,662,597,527,0.67,4.92,0.95,7.71,4.99,5.61,5.92,6.34,8.06,4.12,3.37,9.04,5.79,5.22,7.08,5.63,5.25,63416.861328125,126361,63658.552734375,109275,19594.5,11634,14927,7197,8199,4680,5324,5173.5,7205.5,13700,6475,7131,10514,NA
"26-OCT-2023",2023-10-26 10:07:09,"2023-10-26","10H 7M 9S","Unknown","2.16.0","Unknown","Unknown",600,280,511,515,459,498,525,473,422,542,461,683,662,597,527,2.96,6.46,3.54,4.15,4.93,4.74,6,6.18,5.65,7.13,5.1,4.14,5.87,4.98,5.25,137375.453125,119325.171875,20633.728515625,11670.7495117188,14450.279296875,7908.080078125,8569.41015625,4221.75,4821.75,4621.5,7328.25,14680.2548828125,6863.60473632812,7395.98974609375,10448.0297851562,NA,NA,NA,NA,NA,NA,NA,NA,600,600,280,280,511,515,459,498,525,473,422,542,461,683,662,597,527,0.8,2.52,0.92,6.21,4.71,5.08,5.67,4.88,7.65,5.84,4.84,8.49,5.46,4.52,6.63,5.41,5.3,64602.5859375,139303,64938.4609375,120351.5,20827,11901,14960.5,7949,8624,5737.5,6700,6331.5,8045,14656.5,6896.5,7316,10414.5,NA
"25-OCT-2023",2023-10-25 12:50:13,"2023-10-25","12H 50M 13S","Unknown","2.16.0","Unknown","Unknown",600,280,511,515,459,498,525,473,422,542,461,683,662,597,527,4.55,8.3,4.37,5.04,5.07,5.72,6.96,4.07,3.65,7.15,5.08,5.14,6.95,5.74,5.33,131479.1328125,113000.09765625,18154.888671875,10873.58984375,13502.9697265625,7539.89990234375,8224.18994140625,4075.5,4533,4461.375,7136.25,13644.7998046875,6449.2998046875,6847,9768.66015625,NA,NA,NA,NA,NA,NA,NA,NA,600,600,280,280,511,515,459,498,525,473,422,542,461,683,662,597,527,0.71,3.97,1.15,7.63,5.18,6.5,5.57,5.69,9.16,4.83,4.02,8.2,6.4,5.66,7.38,6.04,5.52,64488.7890625,133537.5,64999.39453125,113698,18140.5,11020,13786,7523.5,8233,5541,6350.5,6100.5,8164,13904.5,6566.5,6924.5,9904.5,NA
"25-OCT-2023",2023-10-25 11:27:43,"2023-10-25","11H 27M 43S","Unknown","2.16.0","Unknown","Unknown",600,280,511,515,459,498,525,473,422,542,461,683,662,597,527,7.01,24.37,7.4,7.47,7.29,12.4,9,10.79,10.55,10.73,6.46,6.39,8.18,6.58,6.6,125440.359375,81224.28125,17676.359375,10986.2998046875,13589.1591796875,6832.23974609375,8087.66015625,3977.25,4353.75,4384.5,7078.5,13245.8701171875,6311.1298828125,7044.6201171875,10335.689453125,NA,NA,NA,NA,NA,NA,NA,NA,600,600,280,280,511,515,459,498,525,473,422,542,461,683,662,597,527,1.16,6.46,1.6,24.19,8.37,8.96,8.5,11.69,9.16,9.7,9.4,11.19,6.23,6.64,8.31,6.73,6.44,63984.25390625,128568,63598.8828125,83905,17706,11099,13965,6902,8096,5425,6105,6030,8163,13541,6477,7137,10504,NA
"25-OCT-2023",2023-10-25 10:36:07,"2023-10-25","10H 36M 7S","Unknown","2.16.0","Unknown","Unknown",600,280,511,515,459,498,525,473,422,542,461,683,662,597,527,5.12,8.55,5.76,6.24,6.18,6.57,7.53,6.37,6.22,8.55,5.81,5.43,6.68,6.05,5.79,138350.40625,118611.359375,19268.33984375,11892.6591796875,14807.51953125,7785.89990234375,8680.51953125,4279.5,4740.75,4629,7270.5,14097.0302734375,6620.68017578125,7380.81982421875,10868.689453125,NA,NA,NA,NA,NA,NA,NA,NA,600,600,280,280,511,515,459,498,525,473,422,542,461,683,662,597,527,1.25,4.03,1.31,7.5,6.55,7.17,7.33,5.79,7.49,5.46,5.18,8.56,5.63,5.91,7.57,6.53,6.09,64758.734375,139800,65478.76171875,118456,19248,11995,15168,7761,8636,5920,6729,6426,8370,14357,6761,7448,11030,NA
"25-OCT-2023",2023-10-25 10:35:22,"2023-10-25","10H 35M 22S","Unknown","2.16.0","Unknown","Unknown",600,280,511,515,459,498,525,473,422,542,461,683,662,597,527,5.37,8.72,6.61,7.01,7.01,6.9,7.63,6.41,6.26,8.67,5.4,6.52,7.58,6.86,6.5,136841.171875,116310.02734375,18477.8095703125,11437.9194335938,14320.4096679688,7624.35986328125,8446.8203125,4101.375,4557.75,4451.25,6656.25,11678.2348632812,5475.7548828125,6055.49487304688,8989.25,NA,NA,NA,NA,NA,NA,NA,NA,600,600,280,280,511,515,459,498,525,473,422,542,461,683,662,597,527,1.21,4.19,1.34,7.68,6.75,7.23,7.42,5.93,7.69,5.65,5.2,9.14,5.64,6.43,7.68,6.72,6.39,64289.91015625,139312,64311.75,118043,19138,11956,15146.5,7726,8604,5901,6696,6454,8394,14292,6721,7420,11024,NA
"23-OCT-2023",2023-10-23 12:01:42,"2023-10-23","12H 1M 42S","Unknown","2.16.0","Unknown","Unknown",600,280,511,515,459,498,525,473,422,542,461,683,662,597,527,2.65,6.7,3.71,4.72,4.6,3.68,5.49,5.59,5.28,8.58,5.88,4.47,6.5,5.48,4.84,141289.3125,121792.140625,20519.8486328125,12774.8393554688,15904.5893554688,8016.72998046875,9040.5,4125,4723.875,4540.125,7211.25,14537.9848632812,6844.1298828125,7848.42504882812,11516.490234375,NA,NA,NA,NA,NA,NA,NA,NA,600,600,280,280,511,515,459,498,525,473,422,542,461,683,662,597,527,0.77,2.19,0.86,6.09,4.65,5.14,5.1,3.72,6.65,5.52,4.9,9.81,6.1,4.99,7.23,6.02,5.4,64611.189453125,143129,64837.607421875,122800,20795,13043,16589,8075.5,9110.5,6127,7204,6802,8987.5,14726.5,6970,7912,11661.5,NA
"23-OCT-2023",2023-10-23 12:00:38,"2023-10-23","12H 0M 38S","Unknown","2.16.0","Unknown","Unknown",600,280,511,515,459,498,525,473,422,542,461,683,662,597,527,2.58,5.93,3.66,4.01,4.36,3.31,5.44,5.04,4.88,7.58,5.52,4.56,6.35,5.66,5.71,140803.5,120446.515625,20014.01953125,12333.359375,15445.5595703125,7926.1201171875,8917.5,3951.75,4533.75,4355.25,6485.25,11852.689453125,5524.75,6366.06982421875,9438.2001953125,NA,NA,NA,NA,NA,NA,NA,NA,600,600,280,280,511,515,459,498,525,473,422,542,461,683,662,597,527,0.73,2.12,0.87,5.64,3.85,4.44,5.06,3.69,6.29,4.77,4.47,8.65,5.67,4.63,6.98,5.57,5.61,64294.8359375,143346,64107.80078125,123150,20970,13137,16594,8066,9147,6158,7204,6806,9047,14706,6907,7928,11743,NA
"20-OCT-2023",2023-10-20 10:28:00,"2023-10-20","10H 28M 0S","Unknown","2.16.0","Unknown","Unknown",600,280,511,515,459,498,525,473,422,542,461,683,662,597,527,5.08,8.67,3.41,3.92,4.44,6.3,7.28,4.31,3.88,7.24,4.95,6.52,7.76,6.71,6.58,138027.0234375,120989.359375,21662.5498046875,13178.099609375,15952.1694335938,7907.669921875,8719.8798828125,4486.5,4925.25,4846.875,7467.375,14109.740234375,6604.68994140625,7295.1298828125,10689.51953125,NA,NA,NA,NA,NA,NA,NA,NA,600,600,280,280,511,515,459,498,525,473,422,542,461,683,662,597,527,1.12,4.06,1.2,7.91,4.4,4.86,4.45,5.85,7.88,4.07,3.21,8.13,5.83,7.12,8.41,7.48,7.28,64874.705078125,139211.5,65885.125,120049,20947.5,12984.5,15991,7821,8638,5261.5,5908,5752.5,7464,14344,6722.5,7356,10844,NA
"20-OCT-2023",2023-10-20 10:27:09,"2023-10-20","10H 27M 9S","Unknown","2.16.0","Unknown","Unknown",600,280,511,515,459,498,525,473,422,542,461,683,662,597,527,5.34,8.84,4.06,4.18,4.52,6.96,7.35,4.45,4.1,7.58,5.15,7.43,8.72,7.54,7.42,136190.34375,118134.1171875,20712.119140625,12735.0595703125,15409.6796875,7752.27978515625,8440.259765625,4269,4742.25,4634.25,6785.25,11614.4794921875,5432.5,5980.259765625,8809.669921875,NA,NA,NA,NA,NA,NA,NA,NA,600,600,280,280,511,515,459,498,525,473,422,542,461,683,662,597,527,1.13,4.38,1.2,7.92,4.29,4.78,4.77,6.22,7.74,3.84,3.39,8.54,5.9,7.25,8.87,7.55,7.05,64344.796875,138554,64649.2421875,119387,20852,12939,16010,7791,8579,5255,5912,5744,7488,14224,6688,7304,10781,NA
"19-OCT-2023",2023-10-19 13:06:00,"2023-10-19","13H 6M 0S","Unknown","2.16.0","Unknown","",600,280,511,515,459,498,525,473,422,542,461,683,662,597,527,4,8.51,4.14,4.31,5.88,4.33,6.49,5.64,4.85,7.71,5.81,5.28,7.56,5.65,6.46,136347.9609375,119694.98828125,19384.169921875,11808.8095703125,15075.0595703125,7737.52001953125,8695.27978515625,4216.875,4642.125,4573.875,7259.625,14183.1298828125,6663.11474609375,7493.36499023438,11154.2548828125,NA,NA,NA,NA,NA,NA,NA,NA,600,600,280,280,511,515,459,498,525,473,422,542,461,683,662,597,527,0.77,3.27,0.7,8.16,4.9,5.41,7.1,4.52,7.29,5.04,4.32,7.53,5.85,5.86,7.88,5.65,5.85,64267.876953125,138778.5,65073.525390625,120458,19320.5,11971,15376.5,7767.5,8718.5,5823,6623,6287,8401.5,14186,6669.5,7452.5,11120,NA
"19-OCT-2023",2023-10-19 13:05:44,"2023-10-19","13H 5M 44S","Unknown","2.16.0","Unknown","Unknown",600,280,511,515,459,498,525,473,422,542,461,683,662,597,527,4.01,8.18,3.95,6.08,4.95,4.09,5.73,5.24,3.85,8.51,6.17,5.62,8.07,5.88,5.32,136958.8359375,117948.80078125,18606.509765625,11553.359375,14554.4091796875,7693.65014648438,8566.5400390625,4028.625,4538.25,4412.25,6566.25,11919.51953125,5486.2099609375,6200.83984375,9209.009765625,NA,NA,NA,NA,NA,NA,NA,NA,600,600,280,280,511,515,459,498,525,473,422,542,461,683,662,597,527,0.62,3.43,0.69,7.35,4.41,5.83,5.98,4.76,5.95,4.94,3.89,6.45,5.89,4.63,7.67,5.66,4.79,64123.220703125,139978,64231.7578125,120438,19379,12018,15428.5,7804.5,8761,5832.5,6671,6386,8397,14306.5,6754,7527.5,11213,NA
"17-OCT-2023",2023-10-17 10:21:08,"2023-10-17","10H 21M 8S","Unknown","2.16.0","Unknown","Unknown",600,280,511,515,459,498,525,473,422,542,461,683,662,597,527,3.28,6.95,3.97,4.46,4.67,4.18,6.2,4.63,4.29,7.6,5.41,4.8,6.49,5.39,5.06,138680.4453125,119665.05859375,19310.849609375,10430.1591796875,12505.7397460938,7762.93994140625,8215.580078125,4206,4692.75,4545.375,7207.875,14289.5249023438,6683.81982421875,6614.32495117188,9023.48486328125,NA,NA,NA,NA,NA,NA,NA,NA,600,600,280,280,511,515,459,498,525,473,422,542,461,683,662,597,527,0.73,2.69,0.72,6.63,4.8,5.13,5.22,4.25,7.24,4.74,4.02,8.49,5.64,5.19,7.06,5.72,5.2,64372.009765625,141048.5,65065.36328125,120591.5,19355,10528,12792,7793.5,8232,5693,6523,6219,8203.5,14482.5,6804,6644.5,9124,NA
"17-OCT-2023",2023-10-17 10:20:17,"2023-10-17","10H 20M 17S","Unknown","2.16.0","Unknown","Unknown",600,280,511,515,459,498,525,473,422,542,461,683,662,597,527,3.42,7.32,4.18,5.09,5.27,4.34,6,4.6,4.3,7.89,5.54,5.59,7.44,6.41,6.14,138035.90625,119121.3984375,18802.6796875,10147.01953125,12249.8994140625,7681.759765625,8099.14013671875,4014,4527.75,4354.5,6458.25,11726.41015625,5496.4599609375,5386.169921875,7391.06982421875,NA,NA,NA,NA,NA,NA,NA,NA,600,600,280,280,511,515,459,498,525,473,422,542,461,683,662,597,527,0.8,2.63,0.76,6.66,4.5,5.25,5.71,4.28,7.03,4.47,3.95,8.51,5.69,5.28,7.45,6.07,5.78,64055.97265625,141024,64417.84375,120955,19369,10541,12870,7795,8284,5707,6527,6217,8176,14494,6825,6668,9157,NA
"16-OCT-2023",2023-10-16 15:28:00,"2023-10-16","15H 28M 0S","Unknown","2.16.0","Unknown","Unknown",600,280,511,515,459,498,525,473,422,542,461,683,662,597,527,2.86,6.61,3.22,3.75,3.69,3.53,5.7,4.65,4.47,7.51,5.22,5.16,6.9,5.68,5.26,140637,123962.6796875,22296.298828125,13608.6591796875,16651.439453125,8117.1796875,8978.1796875,4301.25,4895.25,4619.25,7262.25,14343.439453125,6714.97998046875,7453.39013671875,11040.4794921875,NA,NA,NA,NA,NA,NA,NA,NA,600,600,280,280,511,515,459,498,525,473,422,542,461,683,662,597,527,0.9,2.2,0.88,6.14,3.82,4.58,3.97,3.79,6.7,4.52,3.77,8.49,5.49,5.58,7.19,5.88,5.45,65256.7890625,140872,66257.0703125,122493,21662,13472,16860,8020,8880,5804,6773,6288,8236,14598,6844,7519,11215,NA
"16-OCT-2023",2023-10-16 15:26:35,"2023-10-16","15H 26M 35S","Unknown","2.16.0","Unknown","Unknown",600,280,511,515,459,498,525,473,422,542,461,683,662,597,527,3.42,6.77,3.34,3.98,4.17,4.26,5.88,4.62,4.75,7.51,5.47,4.82,5.87,5.89,5.4,141091.359375,124607.1953125,22400.0390625,13633.619140625,16716.1796875,8163.919921875,9019.1796875,4305.75,4916.25,4632.75,7260,14424.6201171875,6726.8701171875,7475.1201171875,11123.2998046875,NA,NA,NA,NA,NA,NA,NA,NA,600,600,280,280,511,515,459,498,525,473,422,542,461,683,662,597,527,1.25,2.33,1.24,6.05,3.55,4.17,4.37,4.23,6.79,4.5,4.09,8.36,5.47,4.94,6.61,5.88,5.61,65396.33984375,141141,66350.6640625,122841,21733,13511,16880,8069,8904,5805,6813,6313,8217,14672,6864,7535,11260,NA
"16-OCT-2023",2023-10-16 13:17:39,"2023-10-16","13H 17M 39S","Unknown","2.16.0","Unknown","Unknown",600,280,511,515,459,498,525,473,422,542,461,683,662,597,527,2.75,6.31,3.05,3.47,3.76,3.63,5.7,4.4,4.11,7.2,5.12,4.46,6.01,5.22,4.79,142546.9375,126184.875,22391.458984375,14613.2998046875,18030.478515625,8081.919921875,9383.259765625,4317,4819.5,4662,7320,14402.0703125,6755.56982421875,8007.2998046875,12187.25,NA,NA,NA,NA,NA,NA,NA,NA,600,600,280,280,511,515,459,498,525,473,422,542,461,683,662,597,527,0.98,2.02,1.01,5.81,3.67,3.92,4.08,3.8,6.44,4.28,3.65,8.23,5.45,4.73,6.6,5.71,4.86,65191.109375,143111,66222.78125,124729,21866,14588,18298,8001,9271,5813,6657,6324,8295,14728,6921,8124,12440,NA
"16-OCT-2023",2023-10-16 13:10:31,"2023-10-16","13H 10M 31S","Unknown","2.16.0","Unknown","Unknown",600,280,511,515,459,498,525,473,422,542,461,683,662,597,527,3.11,6.78,3.04,3.53,4.06,4.4,6.09,5.18,4.79,7.95,5.31,4.68,6.84,5.51,4.96,141387.734375,124605.15234375,22327.8896484375,14644.8896484375,18109.6484375,8013.85986328125,9325.85986328125,4221.75,4714.5,4568.25,7293.375,14376.8544921875,6726.2548828125,8024.72485351562,12186.2250976562,NA,NA,NA,NA,NA,NA,NA,NA,600,600,280,280,511,515,459,498,525,473,422,542,461,683,662,597,527,1.03,2.29,1.01,6.31,3.82,4.08,4.58,4.38,6.98,4.86,4.35,8.52,5.6,5.07,7.33,5.89,5.2,64973.53125,142386.5,65946.58984375,123866.5,21774,14582,18357.5,7956,9245,5737,6577,6280.5,8345,14710.5,6906.5,8137,12441,NA
"16-OCT-2023",2023-10-16 12:10:06,"2023-10-16","12H 10M 6S","Unknown","LSRII","1","Administrator",555,280,511,515,459,498,525,473,422,542,461,683,662,597,527,2.46,6.46,3.62,7.02,10.66,3.08,4.95,3.77,3.8,6.94,5.42,4.4,6.92,7.08,9.85,145372.265625,123850.74609375,22052.939453125,12446.4594726562,14390.2192382812,7898.64990234375,8490.27978515625,4393.5,4846.875,4663.875,7350.375,14509.6948242188,6833.67504882812,6926.1298828125,9622.28955078125,55.91,0,20.61,38.4,0.78,0.82,0.75,0.41,555,555,280,280,511,515,459,498,525,473,422,542,461,683,662,597,527,1.06,2.16,1.57,6.89,4.98,8.28,10.6,4.13,5.97,4.15,3.97,8.26,5.88,5.34,7.92,7.68,10.22,67464.75,141080.5,67483.59375,120978,21141.5,12175,14454.5,7762,8289,5960.5,6730.5,6329,8325,14652.5,6926,6973,9695,NA
"16-OCT-2023",2023-10-16 11:15:18,"2023-10-16","11H 15M 18S","Unknown","2.16.0","Unknown","Unknown",700,280,511,515,459,498,525,473,422,542,461,683,662,597,527,4.18,9.53,4.22,7.96,11.14,9.57,10.46,7.33,7.06,9.77,5.47,4.41,7.23,6.99,8.56,103899.703125,123924.55078125,21356.3994140625,12266.6694335938,13785.7192382812,7881.42993164062,8487,4412.625,4836,4660.5,7261.875,14003.3447265625,6581.72998046875,6809.89477539062,9590.1044921875,NA,NA,NA,NA,NA,NA,NA,NA,700,700,280,280,511,515,459,498,525,473,422,542,461,683,662,597,527,1.77,4.65,2.23,8.41,4.5,7.25,10.93,9.26,9.16,6.54,6.11,9.15,5.73,4.74,7.33,7.58,9.17,63176.638671875,108104,65561.421875,124561,21601,12584.5,14431,7953,8521.5,6132,6917.5,6561.5,8554,14422.5,6824.5,6965,9896,NA
"16-OCT-2023",2023-10-16 10:49:05,"2023-10-16","10H 49M 5S","Unknown","2.16.0","Unknown","Unknown",700,280,511,515,459,498,525,473,422,542,461,683,662,597,527,3.21,6.2,4.73,7.33,8.93,3.78,6.56,5,4.7,7.41,4.98,4.04,5.97,6.96,8,114631.1796875,129273.8203125,21293.21875,12293.5791015625,14302.859375,8459.939453125,9139.7197265625,4562.25,4997.25,4849.5,7436.25,14678.41015625,6924.080078125,7250.02978515625,10169.2294921875,NA,NA,NA,NA,NA,NA,NA,NA,700,700,280,280,511,515,459,498,525,473,422,542,461,683,662,597,527,1.27,2.93,1.5,5.4,5.23,7.28,8.72,3.8,7.74,3.94,3.67,8.82,5.64,4.72,6.63,6.73,7.76,64120.64453125,117367,66619.125,127048,21251,12480,14785,8308,9065,6324,7101,6772,8620,14809,6977,7271,10258,NA
"16-OCT-2023",2023-10-16 10:35:52,"2023-10-16","10H 35M 52S","Unknown","2.16.0","Unknown","Unknown",700,280,511,515,459,498,525,473,422,542,461,683,662,597,527,2.81,9.07,4.96,5.27,5.03,6.74,7.89,8.53,8.59,10.73,6.23,4.87,6.86,5.6,5,115203.19921875,126433.33984375,21127.0791015625,12970.2294921875,16186.9497070312,8201.6396484375,9165.14013671875,4327.125,4809.375,4616.625,7356,14527.5297851562,6867.5,7684.2197265625,11459.91015625,NA,NA,NA,NA,NA,NA,NA,NA,700,700,280,280,511,515,459,498,525,473,422,542,461,683,662,597,527,0.89,2.7,1.44,8.03,5.95,6.53,6.39,5.99,7.97,8.04,7.72,11.22,5.76,5.48,7.43,6.21,5.57,63512.66796875,119090,65490.330078125,126243.5,21189.5,13117,16654,8172,9113,6096,6956,6573,8706,14540,6905,7641,11450.5,NA
"02-OCT-2023",2023-10-02 14:36:00,"2023-10-02","14H 36M 0S","Unknown","2.16.0","Unknown","Unknown",600,280,511,515,459,498,525,473,422,542,461,683,662,597,527,2.66,7.07,3.83,4.32,4.33,4.38,6.01,3.37,2.99,6.65,4.61,4.37,6.5,5.28,4.85,133449.078125,119909.41796875,20730.330078125,13870.03515625,17696.474609375,7799.01977539062,9204.5,3826.55981445312,4293.43994140625,4256,6517.759765625,14251.8046875,6686.27978515625,8219.6796875,12584.7446289062,NA,NA,NA,NA,NA,NA,NA,NA,600,600,280,280,511,515,459,498,525,473,422,542,461,683,662,597,527,0.67,2.21,1.03,6.5,4.45,5.05,5.02,4.41,7.06,3.95,3.27,8.85,6.03,5.17,6.87,5.55,5.03,68243.6015625,128185.5,64947.703125,120794,20059.5,13527,17501,7840,9236,4488.5,5146.5,5036.5,7263.5,14107,6636,8056,12402,NA
"29-SEP-2023",2023-09-29 13:05:40,"2023-09-29","13H 5M 40S","Unknown","LSRII","1","Administrator",600,280,511,515,459,498,525,473,422,542,461,683,662,597,527,3.36,6.91,3.8,4.25,4.64,4.36,6.27,3.12,2.71,7.04,4.78,4.61,6.53,5.48,5.12,135844.1640625,116949.62890625,18806.9853515625,10551.8701171875,12804.8852539062,7587.4599609375,8140.14013671875,3680.63989257812,4062.07983398438,4038.07995605469,6258.23999023438,13965.830078125,6512.64501953125,6619.65478515625,9128.85498046875,55.09,0,19.61,37.43,0.81,0.82,0.64,0.41,600,600,280,280,511,515,459,498,525,473,422,542,461,683,662,597,527,0.86,2.71,0.76,6.36,4.57,4.83,5.44,4.42,7.04,4,3.43,9.04,6.02,4.95,7.13,5.76,5.36,68119.21875,130717,64908.048828125,117983,18344,10375,12757.5,7628,8189,4301,4845,4765,6992,14141,6615,6649,9204,NA
"29-SEP-2023",2023-09-29 13:04:16,"2023-09-29","13H 4M 16S","Unknown","LSRII","1","Administrator",600,280,511,515,459,498,525,473,422,542,461,683,662,597,527,3.29,7.22,4.26,4.83,4.91,4.62,6.51,3.67,3.41,7.06,5.23,5.31,7,5.99,5.52,134744.9921875,115627.7890625,17973.900390625,9986.0849609375,12105.4497070312,7447.23974609375,7975.31982421875,3338.23999023438,3640.31982421875,3589.11987304688,5558.71997070312,10866.2294921875,5073.955078125,5172.9697265625,7221.125,55.09,0,19.61,37.43,0.81,0.82,0.64,0.41,600,600,280,280,511,515,459,498,525,473,422,542,461,683,662,597,527,0.77,2.72,0.76,6.59,4.41,4.94,5.21,4.49,7.32,4.12,3.48,8.68,6,5.06,7.26,5.74,5.29,67697.765625,130517.5,64251.84375,117760,18242.5,10340.5,12691,7598,8157,4317,4854,4773,7005.5,14056,6589,6613,9168.5,NA
"27-SEP-2023",2023-09-27 10:47:53,"2023-09-27","10H 47M 53S","Unknown","2.16.0","Unknown","Unknown",600,280,511,515,459,498,525,473,422,542,461,683,662,597,527,3.64,7.77,5.78,7.34,10.29,5.97,7.29,4,3.87,7.13,4.45,4.98,6.6,7.06,8.98,147909.296875,122444.0390625,17777.880859375,5971.31982421875,5589.81005859375,7741.6201171875,6933.919921875,3752.31982421875,4192,4111.35986328125,6207.35986328125,13961.7294921875,6525.14990234375,4299.259765625,4161.08984375,NA,NA,NA,NA,NA,NA,NA,NA,600,600,280,280,511,515,459,498,525,473,422,542,461,683,662,597,527,0.84,3.14,1.31,7.02,6.65,8.42,11,5.41,7.82,4.19,3.34,8.6,5.19,5.27,7.36,7.6,9.27,68646.4609375,141147,65497.5234375,122066,17311,5810,5581,7697,6897,4527,5152,4998,6944,14166,6623,4291,4207,NA
"27-SEP-2023",2023-09-27 10:47:25,"2023-09-27","10H 47M 25S","Unknown","2.16.0","Unknown","Unknown",600,280,511,515,459,498,525,473,422,542,461,683,662,597,527,4.16,8.53,7.8,9.71,11.06,6.2,7.94,5.01,4.81,8.7,5.17,6.16,7.72,8.04,9.71,146555.25,121314.8984375,15533.3701171875,5037.39013671875,4891.58984375,7674.78979492188,6817.88989257812,3308.15991210938,3687.67993164062,3641.27990722656,5583.35986328125,10136.634765625,4727.09497070312,3169.09497070312,3109.64501953125,NA,NA,NA,NA,NA,NA,NA,NA,600,600,280,280,511,515,459,498,525,473,422,542,461,683,662,597,527,0.86,3.53,1.27,7.75,6.51,9.09,11.19,5.59,7.97,4.57,3.85,9.11,6.65,5.21,7.22,7.33,9.36,68244.96875,140869,64810.51171875,122240,17241.5,5840.5,5636.5,7693.5,6919,4546,5182,5039.5,7018,14152.5,6623,4356.5,4220.5,NA
"26-SEP-2023",2023-09-26 12:43:54,"2023-09-26","12H 43M 54S","Unknown","2.16.0","Unknown","Unknown",600,280,511,515,459,498,525,473,422,542,461,683,662,597,527,2.69,7.09,5.06,7.27,9.33,4.67,6.73,4.26,3.64,7.43,5,4.88,6.54,6.91,8.81,151524.828125,129681.359375,18206.7744140625,6215.1298828125,5876.95483398438,8017.9599609375,7176.64013671875,3864.31982421875,4262.07983398438,4144.9599609375,6300.15966796875,14134.75,6596.69482421875,4347.02514648438,4226.07495117188,NA,NA,NA,NA,NA,NA,NA,NA,600,600,280,280,511,515,459,498,525,473,422,542,461,683,662,597,527,0.69,2.33,1.22,6.22,6.08,8.18,9.8,4.52,7.55,5.95,5.35,10.04,6.36,5.25,7.09,7.21,8.81,70306.234375,141204.5,67693.0859375,125333.5,17382.5,5974,5747,7735,6930.5,4196,4714,4542,6687,14410,6751,4379,4297.5,NA
"26-SEP-2023",2023-09-26 12:42:53,"2023-09-26","12H 42M 53S","Unknown","LSRII","1","Administrator",600,280,511,515,459,498,525,473,422,542,461,683,662,597,527,2.87,7.36,18.08,18.36,19.41,4.77,6.93,7.83,6.78,9.85,6.55,7.67,9.03,8.96,10.12,150553.46875,128784.28125,3952.80004882812,1308.15002441406,1348.65002441406,7924.47998046875,7050.35986328125,2544,3006.71997070312,2920.31982421875,4795.52001953125,7498.080078125,3655.56005859375,2475.169921875,2265.25,55.09,0,19.61,37.43,0.81,0.82,0.64,0.41,600,600,280,280,511,515,459,498,525,473,422,542,461,683,662,597,527,0.72,2.39,1.17,6.68,16.07,16.63,16.46,4.55,7.63,5.86,5.58,10.2,6.4,5.19,7.42,7.69,8.94,69822.71875,141295,67043.90625,125701,10758,3629,3756,7751,6935,4200,4703,4551,6717,14399,6730,4376,4295,NA
"25-SEP-2023",2023-09-25 10:10:47,"2023-09-25","10H 10M 47S","Unknown","2.16.0","Unknown","Unknown",600,280,511,515,459,498,525,473,422,542,461,683,662,597,527,4.36,8.69,5.13,5.85,5.99,7.09,7.41,3.61,3.08,6.92,4.92,4.65,6.58,4.97,5.25,143330.109375,125177.921875,20302.650390625,12486.9599609375,15505.830078125,7819.52001953125,8892.900390625,3991.03979492188,4256,4235.52001953125,6578.56005859375,14201.580078125,6670.69970703125,7623.1298828125,11187.669921875,NA,NA,NA,NA,NA,NA,NA,NA,600,600,280,280,511,515,459,498,525,473,422,542,461,683,662,597,527,0.77,3.82,1.34,7.78,5.78,7.01,6.98,6.77,7.63,4.04,3.26,8.83,5.53,5.26,7.18,5.42,5.47,68299.6953125,137447,65196.78125,125639,19686,12190,15371,7815,8919,4657,5054,4968,7297,14206,6671,7554,11146,NA
"25-SEP-2023",2023-09-25 10:10:10,"2023-09-25","10H 10M 10S","Unknown","2.16.0","Unknown","Unknown",600,280,511,515,459,498,525,473,422,542,461,683,662,597,527,4.93,8.73,8.52,9.16,9.13,6.82,8.17,4.16,3.99,7.4,5.21,6.32,7.25,6.96,6.03,142253.640625,124603.921875,16396.830078125,10187.3701171875,12725.91015625,7751.4599609375,8810.080078125,3376,3564.7998046875,3629.43994140625,5786.8798828125,9528.8095703125,4469.81982421875,5287.35986328125,7971.2197265625,NA,NA,NA,NA,NA,NA,NA,NA,600,600,280,280,511,515,459,498,525,473,422,542,461,683,662,597,527,0.83,4.23,1.33,7.9,5.71,6.46,6.57,6.43,8.23,3.78,3.28,8.46,5.95,5.18,6.67,6.02,4.98,67999.875,137094,64652.578125,125853,19667,12391,15746,7813,8914,4669,5062,5014,7349,14142,6667,7678,11402,NA
"22-SEP-2023",2023-09-22 14:03:39,"2023-09-22","14H 3M 39S","Unknown","2.16.0","Unknown","Unknown",600,280,511,515,459,498,525,473,422,542,461,683,662,597,527,3.89,7.95,9.54,13.63,15.77,6.93,10.83,6.86,5.87,11.48,8.17,7,9.71,11.18,10.37,156078.21875,137932.203125,16006.41015625,7091.5498046875,7164.4501953125,8188.52001953125,8172.1201171875,4465.27978515625,4526.7197265625,4430.080078125,6437.11962890625,14985.5,6998.69970703125,5386.169921875,5676.85986328125,NA,NA,NA,NA,NA,NA,NA,NA,600,600,280,280,511,515,459,498,525,473,422,542,461,683,662,597,527,0.75,3.58,1.02,7.48,10.54,14.33,16.59,6.85,11.88,7.09,5.7,13.42,9.56,7.63,10.65,11.74,10.67,70772.4140625,144802,68407.5859375,132140,15142,6747,6934,7837,7850,5605,5797,5612,7089,15251,7144,5442,5767,NA
"21-SEP-2023",2023-09-21 13:44:56,"2023-09-21","13H 44M 56S","Unknown","2.16.0","Unknown","Unknown",750,290,511,515,459,498,525,473,422,542,461,683,662,597,527,10.94,0,43.12,51.2,53.79,8.58,67.33,136.97,111.37,37.71,18.93,82.7,114.83,104.12,87.72,151869.7890625,262143,1690.46997070312,721.30500793457,439.830017089844,1226.30999755859,687.97998046875,81103.0393066406,4585.59979248047,2619.51995849609,589.119995117188,1949.9599609375,3176.47509765625,1564.35498046875,705.815017700195,NA,NA,NA,NA,NA,NA,NA,NA,750,750,290,290,511,515,459,498,525,473,422,542,461,683,662,597,527,34.06,44.25,33.77,33.77,46.3,40.62,37.23,16.09,51.03,136.7,106.39,26.21,13.66,85.32,118.51,112.85,93.52,90432.77734375,118159.5,86751.1328125,208871.5,967,365,231,603.5,337,43847.5,2411.5,1371.5,363.5,1404,2492,1072,520,NA
"21-SEP-2023",2023-09-21 13:44:05,"2023-09-21","13H 44M 5S","Unknown","LSRII","1","Administrator",750,290,511,515,459,498,525,473,422,542,461,683,662,597,527,96.33,56.26,64.24,6.5,87.7,1.49,112.64,136.04,18.63,46.13,128.94,121.14,110.1,57.87,121.55,122642.134765625,190028.26953125,39599.2802734375,15124.7250976562,13037.759765625,4866.2900390625,3580.52993774414,61493.1186523438,5804.7998046875,3822.39990234375,3280.31980895996,6395.17993164062,3136.70504760742,4536.03503417969,5272.39514160156,55.09,0,19.61,37.43,0.81,0.82,0.64,0.41,750,750,290,290,511,515,459,498,525,473,422,542,461,683,662,597,527,39.22,68.96,45.46,12.23,3.76,70.7,121.98,88.37,139.54,125.44,34.87,91.57,141.86,135.13,126.34,103.71,135.75,76307.791015625,93789.5,51276.779296875,236881.5,23730.5,11514.5,12522.5,6545,6730.5,46353.5,6135,4477,4815,10086.5,5174.5,6366.5,8830.5,NA
"20-SEP-2023",2023-09-20 15:20:04,"2023-09-20","15H 20M 4S","Unknown","2.16.0","Unknown","Unknown",750,290,511,515,459,498,525,473,422,542,461,683,662,597,527,0,0,-57.71,-80.19,-63.9,128.67,133.04,-153.4,-460.55,194.08,-211.48,-58.26,-121.64,-104.08,-66.13,262143,262143,-5074.2451171875,-2540.56494140625,-3974.67004394531,9047.8798828125,8960.1396484375,-396.799987792969,-120.319999694824,592.319976806641,-343.679992675781,-7601.19482421875,-1821.01495361328,-2493.0048828125,-5544.02001953125,NA,NA,NA,NA,NA,NA,NA,NA,750,750,290,290,511,515,459,498,525,473,422,542,461,683,662,597,527,0,26.51,29.37,127.95,46.33,116.49,118.61,105.96,90.39,33.19,38.55,28.03,29.65,82.37,121.51,136.86,82.37,262143,45117,218798.1796875,54600.5,176,14,15,375,456,67,50,201,135,9,66.5,13,9,NA
"20-SEP-2023",2023-09-20 11:27:53,"2023-09-20","11H 27M 53S","Unknown","LSRII","1","Administrator",750,290,511,515,459,498,525,473,422,542,461,683,662,597,527,32.87,0,84.51,92.73,103.08,86.71,87.64,64.76,53.01,53.42,95.28,55.1,48.71,76.57,94.19,54098.66015625,262143,12246.3896484375,8385.1201171875,10811.0703125,7266.83984375,7750.64013671875,5399.6796875,4202.8798828125,5044.47998046875,5374.7197265625,10272.5498046875,5517.77978515625,4816.27001953125,7416.48974609375,55.09,0,19.61,37.43,0.81,0.82,0.64,0.41,750,750,290,290,511,515,459,498,525,473,422,542,461,683,662,597,527,39.45,34.7,11.34,3.9,110.15,105.26,98.66,99.72,116.09,40.28,79.8,51.07,118.48,117.07,66.42,92.15,98.65,78616.03125,48576,66998.6875,249850,18734,12302,16232,7452,8232,6419,5388,5260,7169,13194,6333,7789,12473,NA
"20-SEP-2023",2023-09-20 11:27:12,"2023-09-20","11H 27M 12S","Unknown","2.16.0","Unknown","Unknown",750,290,511,515,459,498,525,473,422,542,461,683,662,597,527,18.82,0,103.15,99.55,113.56,106.43,92.65,65.12,69.34,71.38,116.39,97.71,59.42,76.83,76.08,54696.1796875,262143,20761.109375,14510.33984375,18088.109375,8007.2998046875,9624.33984375,6120.9599609375,5744.6396484375,6515.19970703125,6512,14454.5498046875,9405.8095703125,9808.83984375,13005.2001953125,NA,NA,NA,NA,NA,NA,NA,NA,750,750,290,290,511,515,459,498,525,473,422,542,461,683,662,597,527,18.58,41.11,0.01,0.01,89.76,93.13,94.15,89.95,93.13,63.73,66.13,69.79,110.74,94.61,50.6,71.7,86.67,69230.703125,54873,66999.203125,256417,19609,13372,17770,7981,9119,6951,5661,6615,7374,14220,8280,9105,12920,NA
"18-SEP-2023",2023-09-18 14:51:26,"2023-09-18","14H 51M 26S","Unknown","2.16.0","Unknown","Unknown",750,290,511,515,459,498,525,473,422,542,461,683,662,597,527,40.12,0,119.81,131.98,141.87,92.69,96.67,47.23,63.18,46.36,107.76,67.77,69.08,120.85,127.55,66253.107421875,262143,18453.0151367188,13168.5751953125,16434.900390625,7234.85986328125,8765.7998046875,7763.19995117188,4367.03979492188,7517.759765625,6518.39990234375,22367.1396484375,12109.5551757812,8888.1845703125,13168.5849609375,NA,NA,NA,NA,NA,NA,NA,NA,750,750,290,290,511,515,459,498,525,473,422,542,461,683,662,597,527,34.45,66.45,1.43,42.42,101.51,102.7,123.71,57.78,53.94,40.75,41.28,23.08,98.45,54.5,55.13,72.92,85.5,80117.296875,62330.5,67092.15234375,196684.5,16977,12333,15301,6266.5,7599.5,5475,4400,5273,6945.5,17800.5,8674.5,8705,12845,NA
"18-SEP-2023",2023-09-18 14:50:34,"2023-09-18","14H 50M 34S","Unknown","2.16.0","Unknown","Unknown",750,290,511,515,459,498,525,473,422,542,461,683,662,597,527,8.94,0,73.06,73.31,71.88,74.93,77.71,66.97,69.76,68.95,69.29,72.63,72.08,70.91,70.54,53815.68359375,262143,38500.515625,26645.3544921875,34195.771484375,14199.5302734375,16889.9501953125,6897.919921875,7405.759765625,7054.7197265625,11004.1596679688,19702.1396484375,9335.2900390625,11931.4096679688,19080.580078125,NA,NA,NA,NA,NA,NA,NA,NA,750,750,290,290,511,515,459,498,525,473,422,542,461,683,662,597,527,28.99,46.32,20.74,27.34,35.31,34,35.18,44.65,35.4,38.32,32.92,26.11,21.02,54.7,52.18,52.14,51.04,86868.58984375,47423.5,77895.68359375,216501,24130.5,16890.5,21394.5,9641.5,11156.5,6372,6265,5666,8117,21410,10092,12566,19620,NA
"15-SEP-2023",2023-09-15 11:12:02,"2023-09-15","11H 12M 2S","Unknown","2.16.0","Unknown","Unknown",750,290,511,515,459,498,525,473,422,542,461,683,662,597,527,40.52,0,127.62,123.62,116.86,71.58,62.95,43.8,16.43,50.91,78.9,115.6,103.63,96.05,100.9,69121.359375,262143,8109.31494140625,3109.18505859375,2665.70999145508,5305.81005859375,5626.02001953125,7696.6396484375,4493.43969726562,7428.79956054688,4575.35986328125,8357.64489746094,6138.11010742188,3913.65502929688,2990.13000488281,NA,NA,NA,NA,NA,NA,NA,NA,750,750,290,290,511,515,459,498,525,473,422,542,461,683,662,597,527,18.54,51.28,0.01,0.01,129.18,134.26,131.53,100.93,88.86,35.32,67.07,39.93,106.46,128.76,102.99,95.98,103.84,70554.24609375,65750.5,67000.515625,256413,3713.5,1885.5,1045.5,4225.5,4712.5,5962,4859,5677.5,4263.5,5732.5,5358.5,3238.5,2618.5,NA
"15-SEP-2023",2023-09-15 11:07:41,"2023-09-15","11H 7M 41S","Unknown","2.16.0","Unknown","Unknown",750,290,511,515,459,498,525,473,422,542,461,683,662,597,527,29.92,10.25,45.69,41.89,47.43,24.51,40.59,57.72,58.81,57.74,20.82,35.06,50.61,39.68,38.56,55436.150390625,245184.09375,17306.865234375,6821.82006835938,6407.5048828125,11376.6796875,10493.9501953125,6473.28002929688,6767.03979492188,6272.31982421875,8674.240234375,15581.4345703125,7043.80004882812,4681.78979492188,4436.40502929688,NA,NA,NA,NA,NA,NA,NA,NA,750,750,290,290,511,515,459,498,525,473,422,542,461,683,662,597,527,7.53,20.02,7.8,0.02,44.94,33.61,18.76,45.69,43.55,54.24,31.08,33.57,36,25.67,48.68,40.04,35.46,57804.845703125,58364.5,62664.5859375,256403,20262,8009,7390.5,11109,11395,9523.5,9252,9162,12148,21130.5,11140.5,7354.5,6848.5,NA
"14-SEP-2023",2023-09-14 09:53:53,"2023-09-14","9H 53M 53S","Unknown","2.16.0","Unknown","Unknown",750,290,511,515,459,498,525,473,422,542,461,683,662,597,527,48.8,0,67.59,75.92,106.47,59.52,52.04,60.69,43.98,31.36,107.29,63.48,89.45,73.36,57.95,73783.7109375,262143,23886.900390625,10559.16015625,10161.4501953125,11027.3603515625,11524.2802734375,7068.7998046875,6172.15966796875,6687.35986328125,7354.8798828125,20284.75,8730.5400390625,8132.35009765625,10353.7294921875,NA,NA,NA,NA,NA,NA,NA,NA,750,750,290,290,511,515,459,498,525,473,422,542,461,683,662,597,527,13.2,32.87,0,0,128.05,140.16,144.89,43.18,130.56,49.05,55.34,65.59,115.41,65.21,85.69,75.9,73.86,63825.08203125,72127,67001.296875,256408,11402,5178,3038,10066,7397,7843,6934,7434,7213,17467,8975,7983,9023,NA
"14-SEP-2023",2023-09-14 09:52:40,"2023-09-14","9H 52M 40S","Unknown","2.16.0","Unknown","Unknown",750,290,511,515,459,498,525,473,422,542,461,683,662,597,527,66.76,0,97.15,128.56,134.92,62.52,72.56,119.95,58.45,99.25,93.79,108.01,93.94,68.69,116.59,180749.02734375,262143,3331.93493652344,1130.76000976562,882.494995117188,5861.77001953125,6359.51000976562,10319.0400390625,4778.23974609375,7065.919921875,3279.03991699219,3981.92004394531,3036.25500488281,3325.71496582031,2186.11999511719,NA,NA,NA,NA,NA,NA,NA,NA,750,750,290,290,511,515,459,498,525,473,422,542,461,683,662,597,527,6.92,77.56,0,0,96.61,110.65,108.7,78.84,106.35,77.41,49.22,72.63,105.8,76.8,59.06,82.79,106.98,65537.75,117867,67002.21484375,256404,2401,1161,757,3986.5,3155.5,11069.5,4845.5,7439,2257.5,3482.5,4716,3728.5,2178.5,NA
"13-SEP-2023",2023-09-13 10:36:32,"2023-09-13","10H 36M 32S","Unknown","2.16.0","Unknown","Unknown",750,290,511,515,459,498,525,473,422,542,461,683,662,597,527,32.36,0,43.45,48.78,67.5,62.82,45.98,40.56,40.37,32.75,31.39,28.47,26.21,50.62,53.46,53506.14453125,262143,31775.8955078125,18350.5498046875,19521,11932.6401367188,14395.509765625,7274.8798828125,6672.31982421875,7505.60009765625,10616,24066.384765625,11113.2548828125,11353.3100585938,15438.9594726562,NA,NA,NA,NA,NA,NA,NA,NA,750,750,290,290,511,515,459,498,525,473,422,542,461,683,662,597,527,3.56,16.47,0.19,0.19,67.15,55.87,60.57,61.98,54.72,44.74,66.65,38.25,47.28,32.08,26.47,52.2,53.08,58655.99609375,51914.5,66999.47265625,256088.5,26530,16284,18870,11707.5,14092,7354.5,6901.5,8173.5,9457.5,24881,11529,11486.5,15692.5,NA
"13-SEP-2023",2023-09-13 10:35:31,"2023-09-13","10H 35M 31S","Unknown","2.16.0","Unknown","Unknown",750,290,511,515,459,498,525,473,422,542,461,683,662,597,527,16.21,0,58.45,64.52,68.44,33.59,71.18,54.46,39.51,42.09,32.59,56.53,49.34,56.09,29.09,58607.779296875,262143,23928.2099609375,12160.9350585938,14175,6764.17993164062,7811.72973632812,6077.11987304688,5727.99975585938,6583.35986328125,5779.83984375,13372.9697265625,6456.88500976562,6794.51977539062,9453.36962890625,NA,NA,NA,NA,NA,NA,NA,NA,750,750,290,290,511,515,459,498,525,473,422,542,461,683,662,597,527,35.55,59.16,10.26,35.82,48.38,69.84,59.46,36.15,67.43,45.14,58.12,55.06,46.3,45.87,64.36,41.66,62.25,77488.6875,57285.5,67880.52734375,184974.5,20477,12976.5,14638.5,7118,8342.5,6158,4814,5216,7140.5,15394.5,7880.5,8376,10538.5,NA
"11-SEP-2023",2023-09-11 14:02:24,"2023-09-11","14H 2M 24S","Unknown","2.16.0","Unknown","Unknown",750,290,511,515,459,498,525,473,422,542,461,683,662,597,527,14.83,9.79,139.77,138.39,138.05,94.18,139,125.49,114.72,140.67,138.08,102.53,114.01,137.83,138.95,23192.7841796875,153978.3671875,17311.3203125,10509.3452148438,12832.4252929688,300.119995117188,7171.31005859375,3737.919921875,312.639999389648,3617.919921875,5729.59985351562,562.929992675781,299.094985961914,6215.80493164062,9153.044921875,NA,NA,NA,NA,NA,NA,NA,NA,750,750,290,290,511,515,459,498,525,473,422,542,461,683,662,597,527,3.81,13.29,1.34,8.71,139.7,138.04,137.4,87.31,138.12,129.19,110.68,138.91,136.98,96.66,96.6,137.91,138.73,51556.740234375,29423,65065.103515625,154672.5,16447,10150,12458,315,7117.5,3972,325.5,3790,5962,602,320,6161.5,9307,NA
"11-SEP-2023",2023-09-11 14:01:52,"2023-09-11","14H 1M 52S","Unknown","2.16.0","Unknown","Unknown",750,290,511,515,459,498,525,473,422,542,461,683,662,597,527,9.54,3.63,16.89,11.18,20.76,13.28,6.72,13.16,15.6,17.7,9.02,12.62,10.24,14.62,13.89,44575.30078125,250312.375,34574.0390625,18824.400390625,20912.580078125,14057.259765625,14797.7197265625,7057.919921875,7869.43994140625,7297.919921875,10384,18562.33984375,8669.0400390625,8368.509765625,11975.2802734375,NA,NA,NA,NA,NA,NA,NA,NA,750,750,290,290,511,515,459,498,525,473,422,542,461,683,662,597,527,2.25,15.82,3.63,0,18.75,15.71,19.69,18.63,13.52,17,16.15,15.04,18.22,21.23,20.41,17.45,21.43,56770.328125,51846,63974.265625,256414,36599,20283,23647,15360,16287,8998,9631,9199,13483,29174,13922,13058,18854,NA
"07-SEP-2023",2023-09-07 11:59:06,"2023-09-07","11H 59M 6S","Unknown","2.16.0","Unknown","Unknown",750,290,511,515,459,498,525,473,422,542,461,683,662,597,527,3.78,6.49,3.16,4.01,4.17,6.44,7.39,4.91,5,7.3,6.38,4.97,5.56,5.71,4.56,32182.919921875,185819.375,27405.541015625,16039.6201171875,18506.880859375,9758,10873.2001953125,5431.6796875,5728,5538.56005859375,7568.6396484375,18014.990234375,8490.689453125,8472.650390625,11623.08984375,NA,NA,NA,NA,NA,NA,NA,NA,750,750,290,290,511,515,459,498,525,473,422,542,461,683,662,597,527,2.71,4.1,0.76,5.8,3.17,3.95,4.16,5.87,8.5,4.69,4.75,7.68,6.9,4.98,6.44,5.35,4.35,54177.046875,39218,65131.6484375,187517,25599,15076,17809,9926,10957,5883,6302,5982,8162,18271,8637,8505,11759,NA
"07-SEP-2023",2023-09-07 11:58:06,"2023-09-07","11H 58M 6S","Unknown","2.16.0","Unknown","Unknown",750,290,511,515,459,498,525,473,422,542,461,683,662,597,527,16.62,15.93,32.02,29.71,37.75,26.35,32.57,26.78,23.27,23.86,32.37,34.01,35.36,33.05,36.18,51357.84375,229720.9453125,26590.6796875,16513.0649414062,18438.0297851562,10615.7197265625,11363.1499023438,5694.7197265625,5330.55981445312,5782.71997070312,7483.19970703125,10746.71484375,5167.02514648438,5707.19995117188,7552.2001953125,NA,NA,NA,NA,NA,NA,NA,NA,750,750,290,290,511,515,459,498,525,473,422,542,461,683,662,597,527,4.88,12.35,3.69,9.34,21.14,20.85,28.85,22.81,31.84,14.02,18.77,8.56,27.38,24.11,23.53,25.13,27.76,59177.25,56868,62369.642578125,241220,30763.5,18555.5,21787.5,11531,12115.5,7327,7432,7568.5,10515,22474,10373,10874,15218,NA
"05-SEP-2023",2023-09-05 12:07:37,"2023-09-05","12H 7M 37S","Unknown","2.16.0","Unknown","Unknown",750,290,511,515,459,498,525,473,422,542,461,683,662,597,527,5.48,0,39.59,32.21,30.26,43.19,39.36,39.6,40.45,36.13,41.31,43.48,42.58,32.74,27.67,49479.044921875,262143,28073.3857421875,16760.5200195312,20620.98046875,10678.8598632812,12210.6196289062,6046.39990234375,6281.27978515625,6144.63989257812,9626.23999023438,20143.9155273438,9406.2197265625,10333.2297363281,14745.240234375,NA,NA,NA,NA,NA,NA,NA,NA,750,750,290,290,511,515,459,498,525,473,422,542,461,683,662,597,527,40.67,35.31,33.94,33.94,42.16,33.31,32.01,43.63,39.9,39.7,41.69,31.53,43.83,44.09,44.81,34.88,29.71,83412.6953125,42211.5,86885.3359375,208661.5,25316.5,15466.5,19504,10447.5,11586.5,6428.5,6765.5,6719.5,9641.5,20550.5,9572.5,10062.5,14460.5,NA
"05-SEP-2023",2023-09-05 12:06:50,"2023-09-05","12H 6M 50S","Unknown","2.16.0","Unknown","Unknown",750,290,511,515,459,498,525,473,422,542,461,683,662,597,527,0.63,0,51.21,52.49,52.71,36.36,31.02,51.84,57.65,44.28,33.45,55.67,50.93,40.32,40.54,52361.5390625,262143,4686.25500488281,2792.47503662109,3441.28503417969,10844.4997558594,12452.1098632812,4007.03991699219,3879.67980957031,3785.27990722656,5984.31982421875,7921.81494140625,3742.27502441406,4149.40502929688,6225.64501953125,NA,NA,NA,NA,NA,NA,NA,NA,750,750,290,290,511,515,459,498,525,473,422,542,461,683,662,597,527,33.22,32.62,15,15,67.31,69.29,71.15,38.44,29.88,51.17,43.15,33.23,26.66,45.6,36.29,30.76,29.71,83743.357421875,43102,74536.8515625,232870,11590,7022,9406,10669.5,12414,6314,6379.5,6489.5,8211.5,19834,9134,9814,14274,NA
"01-SEP-2023",2023-09-01 10:46:11,"2023-09-01","10H 46M 11S","Unknown","2.16.0","Unknown","Unknown",750,290,511,515,459,498,525,473,422,542,461,683,662,597,527,1.73,0,94.84,99.13,95.5,85.18,94.07,89.79,78.74,82.11,84.98,96.36,114.7,102.09,101.57,259113.46875,262143,4041.08996582031,1833.43499755859,1155.05999755859,4124.18994140625,3510.82995605469,16436.1596679688,5485.759765625,8353.919921875,2133.11987304688,3425.34497070312,4490.72998046875,2877.7900390625,1685.92004394531,NA,NA,NA,NA,NA,NA,NA,NA,750,750,290,290,511,515,459,498,525,473,422,542,461,683,662,597,527,4.04,63.71,0,0,78.82,83.28,82.72,77.92,75.1,70.8,68.69,73.75,69.24,88.14,112.31,101.92,89.4,65539,183345,67001.42578125,256409,2167,976.5,608.5,2219.5,1838,9478,3601.5,5899,1296.5,2531.5,3194.5,2107,1369,NA
"01-SEP-2023",2023-09-01 10:45:22,"2023-09-01","10H 45M 22S","Unknown","2.16.0","Unknown","Unknown",750,290,511,515,459,498,525,473,422,542,461,683,662,597,527,95.57,0,90.91,92.64,89.69,75.65,87.8,89.29,80.9,84.16,80.09,93.39,102.86,95.63,90.36,154693,262143,3256.19995117188,1414.26000976562,980.099975585938,4006.10998535156,2847.45007324219,15216.3198242188,5622.39990234375,9335.03955078125,2065.59997558594,2608.42004394531,2969.8349609375,1908.54998779297,1347.46496582031,NA,NA,NA,NA,NA,NA,NA,NA,750,750,290,290,511,515,459,498,525,473,422,542,461,683,662,597,527,12.56,84.72,0.01,0,70.66,71.49,75.12,66.6,82.23,76.12,72.6,67.76,74.63,82.82,95.38,86.76,78.36,67889.72265625,108149,67000.78125,256407,1974.5,800.5,636.5,3122,2236.5,12439.5,5015.5,7903.5,1869.5,2899,3280.5,2297.5,1384,NA
"31-AUG-2023",2023-08-31 14:52:45,"2023-08-31","14H 52M 45S","Unknown","2.16.0","Unknown","Unknown",750,290,511,515,459,498,525,473,422,542,461,683,662,597,527,87.95,0,106.45,102.14,104.39,78.38,77.3,85.97,79.15,64.52,82.29,84.44,101.77,102.04,103.55,127981.69921875,262143,3875.85009765625,1845.98999023438,1153.84503173828,3945.02014160156,3596.93005371094,12472.6396484375,5077.43969726562,6776.9599609375,2135.0400390625,3601.23498535156,5080.10498046875,3392.13500976562,2102.68505859375,NA,NA,NA,NA,NA,NA,NA,NA,750,750,290,290,511,515,459,498,525,473,422,542,461,683,662,597,527,12.59,81.44,0,0.01,97.29,116.09,111.01,75.9,74.44,60.35,81.57,55.97,69.55,76.2,101.03,102.96,94.65,65539.125,122306.5,67002.47265625,256402.5,2270.5,1048.5,718.5,2320.5,2054.5,8071,3551.5,5442.5,1627.5,2798,4186,2554.5,1522.5,NA
"31-AUG-2023",2023-08-31 14:51:39,"2023-08-31","14H 51M 39S","Unknown","2.16.0","Unknown","Unknown",750,290,511,515,459,498,525,473,422,542,461,683,662,597,527,63.7,0,100.94,96.26,89.52,83.65,99.92,87.86,66.75,77.35,95.27,91.15,89.9,97.95,93.24,183365.484375,262143,3180.05993652344,1256.30999755859,829.035003662109,4219.71997070312,3393.97998046875,11831.9995117188,5110.7197265625,6816.95971679688,2360.9599609375,3715.625,4678.71508789062,2906.28491210938,1501.00994873047,NA,NA,NA,NA,NA,NA,NA,NA,750,750,290,290,511,515,459,498,525,473,422,542,461,683,662,597,527,21.24,80.35,0,0,83.99,86.55,84.22,82.56,87.42,79.34,75.12,57.9,75.39,85.73,74.64,96.73,85.12,69233.6875,130100,67001.8203125,256404,1909,788,576.5,2731.5,2498,10160.5,4600.5,7256.5,1792.5,3580.5,4823,2858.5,1534.5,NA
"30-AUG-2023",2023-08-30 10:02:41,"2023-08-30","10H 2M 41S","Unknown","2.16.0","Unknown","Unknown",750,290,511,515,459,498,525,473,422,542,461,683,662,597,527,58.43,0,89.2,92.13,101.24,96.37,103.73,97.66,84.96,91.82,99.03,94.3,98.15,104.88,106.21,188037.84375,262143,3920.39990234375,1611.08996582031,950.130004882812,4974.1201171875,6038.47998046875,20958.71875,7177.599609375,11791.359375,2956.80004882812,4351.73974609375,5386.169921875,3498.93994140625,2138.14990234375,NA,NA,NA,NA,NA,NA,NA,NA,750,750,290,290,511,515,459,498,525,473,422,542,461,683,662,597,527,6.92,93.09,0.01,0.01,80.64,90.06,102.06,81.83,91.86,83.68,74.98,73.77,87.14,101.35,92.21,101.51,93.97,68743.0390625,133299,67001.046875,256411,2017,917,552,2685,2965,13622,4469,6755,1727,2895,3997,2391,1491,NA
"30-AUG-2023",2023-08-30 10:01:48,"2023-08-30","10H 1M 48S","Unknown","2.16.0","Unknown","Unknown",750,290,511,515,459,498,525,473,422,542,461,683,662,597,527,96.47,0,133.93,129.16,130.67,66.51,77.77,99.08,63.21,82.29,81.85,91.49,63.94,94.39,122.5,125134.234375,262143,4316.490234375,1773.08996582031,1215,8720.7001953125,7288.16015625,18595.19921875,7396.47998046875,14367.359375,6528,6142.2099609375,5154.52001953125,3780.19995117188,2209.080078125,NA,NA,NA,NA,NA,NA,NA,NA,750,750,290,290,511,515,459,498,525,473,422,542,461,683,662,597,527,23.13,107.48,13.4,0.02,110.87,100.53,110.63,65.08,79.75,67.36,55.97,75.51,84.69,89.72,60.19,117.73,117.84,66596.265625,123142,66999.203125,256402,2605,1140,788,6206,6380,13276,7425,9528,6078,6154,5821,3565,1998,NA
"29-AUG-2023",2023-08-29 11:16:13,"2023-08-29","11H 16M 13S","Unknown","2.16.0","Unknown","Unknown",750,290,511,515,459,498,525,473,422,542,461,683,662,597,527,76.69,0,66.99,48.11,78.59,56.59,55.13,78.07,30.32,30.35,82.15,101.24,35.06,34.11,65.46,102642.5390625,262143,30899.0703125,19005.029296875,18972.630859375,10096.66015625,13027.33984375,9390.080078125,7317.11962890625,7902.7197265625,9058.5595703125,14393.0498046875,9608.349609375,11133.9599609375,13491.8701171875,NA,NA,NA,NA,NA,NA,NA,NA,750,750,290,290,511,515,459,498,525,473,422,542,461,683,662,597,527,12.77,62.56,0.01,0.01,91.57,43.8,70.34,53.07,68.98,35.3,44.67,55.47,104.9,101.63,87.38,43.34,69.32,65537.25,97771,67003.9140625,256400,25318,17461,18562,10161,12913,7874,6561,8168,8972,14797,7576,10373,13517,NA
"29-AUG-2023",2023-08-29 11:15:05,"2023-08-29","11H 15M 5S","Unknown","2.16.0","Unknown","",750,290,511,515,459,498,525,473,422,542,461,683,662,597,527,16.02,2.58,16.3,1.08,2.02,0.22,1.93,8.03,5.31,7.88,4.89,6.2,11.62,9.02,10.91,64422.8203125,220775.984375,33077.96875,19096.560546875,22651.650390625,10864.1796875,13183.9599609375,6169.60009765625,6518.39990234375,6588.7998046875,11130.240234375,16495.939453125,8384.08984375,9127.419921875,12796.509765625,NA,NA,NA,NA,NA,NA,NA,NA,750,750,290,290,511,515,459,498,525,473,422,542,461,683,662,597,527,1.09,13.91,6.19,3.67,6.81,4.91,0.2,5.12,3.03,8.52,1.09,6.35,7.28,0.13,5.16,0.99,0.05,58163.6328125,63180,60973.0234375,243316,37837,22370,26601,13023,15764,7554,7883,7979,14021,24422,12130,13496,19078,NA
"28-AUG-2023",2023-08-28 14:13:37,"2023-08-28","14H 13M 37S","Unknown","2.16.0","Unknown","Unknown",750,290,511,515,459,498,525,473,422,542,461,683,662,597,527,8.12,0,109.55,119.77,134.07,73.64,105.18,39.02,77.89,64.43,111.91,95.22,64.01,87.89,120.63,57934.412109375,262143,16067.1604003906,8947.26013183594,10239.2098999023,6771.56005859375,6369.35009765625,6013.11987304688,4355.52001953125,5370.8798828125,5304.9599609375,10816.0048828125,5989.89501953125,6197.14990234375,7298.81994628906,NA,NA,NA,NA,NA,NA,NA,NA,750,750,290,290,511,515,459,498,525,473,422,542,461,683,662,597,527,27.08,55.4,1.29,15.8,116.12,129.6,141.35,65.12,106.63,61.91,52.75,42.77,123.99,100.18,69.03,99.16,124.58,72799.1015625,57109,67343.1640625,231711,13976.5,8024.5,9621,5244.5,5535.5,4745.5,3885.5,4297,4721.5,10412.5,5498.5,5932.5,7254.5,NA
"28-AUG-2023",2023-08-28 14:13:02,"2023-08-28","14H 13M 2S","Unknown","2.16.0","Unknown","Unknown",750,290,511,515,459,498,525,473,422,542,461,683,662,597,527,42.67,0,102.38,105.86,105.9,64.49,85.65,11.86,51.17,36.12,83.36,74.38,60.44,88.13,107.9,68815.66796875,262143,29131.244140625,17197.5151367188,21478.365234375,9371.3701171875,11671.4697265625,6628.15991210938,5203.19995117188,6610.8798828125,9044.15966796875,12927.0947265625,6035.60986328125,7211.69506835938,10661.4345703125,NA,NA,NA,NA,NA,NA,NA,NA,750,750,290,290,511,515,459,498,525,473,422,542,461,683,662,597,527,10.05,58.61,0,0,115.32,132.1,136.28,114.8,113.21,46.47,107.68,85.33,121.72,91.73,83.72,97.34,115.86,65386.99609375,62823,67001.0390625,256405,24600.5,14768.5,18688.5,7518.5,9736.5,7643,4492.5,4734,8568.5,15314,7422,9398,14274,NA
"25-AUG-2023",2023-08-25 10:35:46,"2023-08-25","10H 35M 46S","Unknown","2.16.0","Unknown","Unknown",750,290,511,515,459,498,525,473,422,542,461,683,662,597,527,54.47,0,102.65,88.13,90.48,59.24,86.62,60.49,55.71,56.91,88.09,105.04,72.11,76.63,93.44,61998.857421875,262143,25561.169921875,17708.220703125,21696.2548828125,9744.88037109375,10903.1298828125,6911.67993164062,6301.11962890625,7159.67993164062,8504.9599609375,14064.2299804688,7502.384765625,9655.705078125,14747.4946289062,NA,NA,NA,NA,NA,NA,NA,NA,750,750,290,290,511,515,459,498,525,473,422,542,461,683,662,597,527,13.32,44.39,0.68,2.62,111.78,80.95,90.58,96.97,106.66,65.36,47.79,48.93,95.13,111.66,79.11,78.76,93.38,62238.919921875,64145,67003,251963,23206.5,16663,20201,7775,10111,7529.5,6296.5,6928.5,8822,13887.5,7144.5,9757,14719,NA
"25-AUG-2023",2023-08-25 10:34:59,"2023-08-25","10H 34M 59S","Unknown","2.16.0","Unknown","Unknown",750,290,511,515,459,498,525,473,422,542,461,683,662,597,527,28.03,0,111.88,128.08,134.64,77.51,97.26,106.53,103.11,101.26,112.57,99.03,106.71,105.16,135.14,220464.859375,262143,6836.39990234375,3272.39990234375,1834.65002441406,7261.919921875,7589.919921875,15672.3193359375,6128.6396484375,10396.16015625,3160.9599609375,8531.2802734375,5416.919921875,6051.18994140625,2729.36987304688,NA,NA,NA,NA,NA,NA,NA,NA,750,750,290,290,511,515,459,498,525,473,422,542,461,683,662,597,527,10.79,70.09,0,0,110.32,125.62,119.8,88.62,111.83,93.2,78.26,75.7,105.3,96.67,111.9,96.09,116.84,65538.25,177991,67002.6015625,256402,5205,2469,1313,6570,4574,13143,4774,6722,2633,7957,6117,5601,2628,NA
"24-AUG-2023",2023-08-24 10:04:37,"2023-08-24","10H 4M 37S","Unknown","2.16.0","Unknown","Unknown",750,290,511,515,459,498,525,473,422,542,461,683,662,597,527,72.31,0,132.4,103.93,115.21,104.41,125.5,88.14,95.25,90.49,140.5,133.06,124.73,110.3,113.93,94994.8984375,262143,4096.97998046875,574.289978027344,508.679992675781,7106.1201171875,2591.19995117188,13458.5595703125,4197.759765625,6141.43994140625,2432,4556.330078125,2214.40991210938,1409.17004394531,1062.30993652344,NA,NA,NA,NA,NA,NA,NA,NA,750,750,290,290,511,515,459,498,525,473,422,542,461,683,662,597,527,11.45,86.79,0.01,0.01,115.8,100.16,106.21,97.65,126.24,69.63,67.08,84.58,113.67,127.25,115.58,98.26,107.16,68938.5078125,78692,67007.3125,256387,2206,373,342,5004,1872,7427,4564,4833,1736,3147,1647,1183,754,NA
"24-AUG-2023",2023-08-24 10:03:25,"2023-08-24","10H 3M 25S","Unknown","2.16.0","Unknown","Unknown",750,290,511,515,459,498,525,473,422,542,461,683,662,597,527,53.13,0,40.64,39.36,41.02,42.12,40.77,43.42,30.57,34.78,37.29,29.04,33.94,23.23,20.21,83979.6640625,262143,32768.1455078125,20770.0205078125,26796.8251953125,11828.08984375,14699.3198242188,6606.71997070312,6226.55981445312,6361.27978515625,10141.759765625,16266.134765625,8066.34008789062,9714.74462890625,13978.1298828125,NA,NA,NA,NA,NA,NA,NA,NA,750,750,290,290,511,515,459,498,525,473,422,542,461,683,662,597,527,9.64,46.55,0.02,0.01,45.67,41.44,43.4,31.87,52.71,32.71,33.23,42.56,36.08,43.97,45.47,41.36,38.63,62514.859375,87547,67000.38671875,256386,33875.5,21339.5,27854.5,12565.5,15595.5,7519,7803.5,8136,12275.5,23271.5,11521.5,13751.5,19909.5,NA
"23-AUG-2023",2023-08-23 09:57:01,"2023-08-23","9H 57M 1S","Unknown","2.16.0","Unknown","Unknown",750,290,511,515,459,498,525,473,422,542,461,683,662,597,527,61.47,0,86.44,84.06,76.62,65.83,72.38,58.08,46.64,42.57,86.5,98.82,73.62,73.61,75.52,66433.2890625,262143,22399.740234375,14880.509765625,19214.009765625,9033.939453125,10896.9794921875,6595.83984375,5741.43994140625,5958.39990234375,8117.759765625,14040.8603515625,6890.8701171875,9707.16015625,14285.2197265625,NA,NA,NA,NA,NA,NA,NA,NA,750,750,290,290,511,515,459,498,525,473,422,542,461,683,662,597,527,17.75,46.22,0.01,0.01,98.23,76.61,81.42,81.44,93.19,49.71,47.43,50.79,109.47,106.39,94.79,84.64,75.61,65536.5,63809,67006.53125,256386,21228,14492,18681,7988,9961,7071,6324,6229,8268,14087,6816,9536,14551,NA
"23-AUG-2023",2023-08-23 09:56:20,"2023-08-23","9H 56M 20S","Unknown","2.16.0","Unknown","Unknown",750,290,511,515,459,498,525,473,422,542,461,683,662,597,527,10.91,7.87,25.81,17.56,22.72,36.16,18.57,26.1,19.14,30.48,13.92,26.57,12.51,21.29,21.73,46767.873046875,248932.3203125,33050.8349609375,20225.7001953125,26052.83984375,11978.9697265625,14812.0698242188,6101.11987304688,6500.47998046875,6453.43994140625,11271.3598632812,15915.9946289062,7739.77490234375,9499.0849609375,13876.8598632812,NA,NA,NA,NA,NA,NA,NA,NA,750,750,290,290,511,515,459,498,525,473,422,542,461,683,662,597,527,6.3,14.59,7.7,1.79,27.7,23.11,21.69,35.39,33.2,20.69,35.44,34.44,35.41,38.17,36.46,31.48,27.45,57995.0703125,53868,63699.28515625,253335,35967,21964.5,28280,12928,16096.5,7957,8441,8240,14522,24678.5,11994.5,14458.5,20922.5,NA
"22-AUG-2023",2023-08-22 09:34:48,"2023-08-22","9H 34M 48S","Unknown","2.16.0","Unknown","Unknown",750,290,511,515,459,498,525,473,422,542,461,683,662,597,527,76.62,0,78.25,73.08,62.64,68,77.22,33.21,42.79,26.37,108.12,71.97,51.32,76.41,74.48,94207.1875,262143,31830.5703125,21342.28515625,26101.03515625,10577.9995117188,13189.2895507812,7671.35986328125,6655.6796875,7911.35986328125,8900.15966796875,19639.8203125,9355.1748046875,11541.2944335938,16865.96484375,NA,NA,NA,NA,NA,NA,NA,NA,750,750,290,290,511,515,459,498,525,473,422,542,461,683,662,597,527,14.04,80.86,0,0.01,91.16,79.93,79.31,94.68,97.8,33.3,65.07,55.78,101.2,81.61,58.33,72.26,66.33,65537,97308,67007.5703125,256385,27247.5,18238,23000.5,9400.5,11687.5,7625.5,5946,6024,9067,19390.5,9490.5,11751,17259,NA
"22-AUG-2023",2023-08-22 09:33:58,"2023-08-22","9H 33M 58S","Unknown","2.16.0","Unknown","Unknown",750,290,511,515,459,498,525,473,422,542,461,683,662,597,527,40.54,0,18.42,16.91,14.81,14.41,26.37,31.32,27.63,24.72,13.66,16.78,16.3,5.09,7.28,64661.51953125,262143,34788.69140625,22381.109375,28017.900390625,13065.8798828125,16372.939453125,7724.7998046875,8010.8798828125,8045.43994140625,11166.080078125,17761.609375,8370.9697265625,11193.41015625,16371.2998046875,NA,NA,NA,NA,NA,NA,NA,NA,750,750,290,290,511,515,459,498,525,473,422,542,461,683,662,597,527,6.25,37.14,0.01,0.01,22.09,18.47,20.49,24.84,25.46,23.58,30.66,19.06,14.45,19.76,31.95,11.78,12.33,59219.07421875,71559,67002.6015625,256388,40670,26122,32618,14030,18323,9153,8041,8330,14605,27279,12543,16443,23355,NA
"21-AUG-2023",2023-08-21 12:09:15,"2023-08-21","12H 9M 15S","Unknown","2.16.0","Unknown","Unknown",750,290,511,515,459,498,525,473,422,542,461,683,662,597,527,32,0,45.44,35.55,28.17,29.85,42.35,44.76,37.94,35.23,72.11,42.58,42.83,37.04,34.14,52433.91796875,262143,28891.890625,19385.73046875,25936.19921875,12359.0400390625,12774.7802734375,7532.15966796875,7687.0400390625,7426.56005859375,9276.16015625,18890.75,9442.7099609375,11413.169921875,17445.5,NA,NA,NA,NA,NA,NA,NA,NA,750,750,290,290,511,515,459,498,525,473,422,542,461,683,662,597,527,18.94,49.15,0.01,0.02,63.64,46.64,37.52,43.91,54.92,42.51,33.75,50.65,76.94,44.93,42.91,44.24,39.14,65538.75,55873,67006.265625,256386,24723,17443,23123,10089,12310,7910,8341,7233,9689,18964,9609,11079,17029,NA
"21-AUG-2023",2023-08-21 12:08:39,"2023-08-21","12H 8M 39S","Unknown","2.16.0","Unknown","Unknown",750,290,511,515,459,498,525,473,422,542,461,683,662,597,527,31.44,0,5.22,5.29,6.6,1.99,10.58,3.5,3.69,4.78,10.31,6.32,14.06,6.52,4.24,65252.109375,262143,40786.73828125,28512.810546875,36162.44921875,13389.7802734375,19395.458984375,6895.35986328125,7578.8798828125,7072,14255.359375,20008,9383.259765625,14067.509765625,21786.990234375,NA,NA,NA,NA,NA,NA,NA,NA,750,750,290,290,511,515,459,498,525,473,422,542,461,683,662,597,527,24.1,55.76,20.22,17.79,20.52,19.86,18.05,19.79,11.67,29.42,34.67,6.17,29.05,25.61,18.19,24.29,24.66,89774.71875,49778,97088.4609375,176950,23726,16510,21315,7633,11575,5750,5349,5314,10017,21793,9870,14814,22337,NA
"18-AUG-2023",2023-08-18 12:10:49,"2023-08-18","12H 10M 49S","Unknown","2.16.0","Unknown","Unknown",750,290,511,515,459,498,525,473,422,542,461,683,662,597,527,97.21,0,135.24,145.39,144.92,111.53,139.47,29.17,111.6,99.15,141.54,139.63,137.36,140.87,144.41,129360.765625,262143,25399.98046875,8398.8896484375,4489.830078125,7254.5400390625,9478.3798828125,7063.0400390625,4378.8798828125,4836.47998046875,7347.19970703125,13616.099609375,6708.419921875,7944.16015625,11278.689453125,NA,NA,NA,NA,NA,NA,NA,NA,750,750,290,290,511,515,459,498,525,473,422,542,461,683,662,597,527,10.66,85.1,0,0,141.7,142.76,140.91,121.54,141.87,47.78,116.15,111,139.87,137.39,137.08,140.13,144.78,66707.6796875,126082,67006.78125,256389,8069,2721,1633,6998,8928,7401,4742,4866,7810,13705,7001,7965,6132,NA
"18-AUG-2023",2023-08-18 12:10:16,"2023-08-18","12H 10M 16S","Unknown","2.16.0","Unknown","Unknown",750,290,511,515,459,498,525,473,422,542,461,683,662,597,527,88.83,23.9,152.18,149.8,152.6,106.94,89.5,122.73,126.37,128.65,155.1,133.35,119.87,147.86,117.74,149575.578125,225750.09375,1653.2099609375,546.75,277.019989013672,5116.7998046875,672.400024414062,2958.71997070312,672,967.679992675781,263.679992675781,778.589965820312,316.929992675781,302.989990234375,209.099990844727,NA,NA,NA,NA,NA,NA,NA,NA,750,750,290,290,511,515,459,498,525,473,422,542,461,683,662,597,527,10.32,76.4,1.07,0.01,136.29,143.63,133.16,61.27,78.64,126.07,124.53,118.7,120.46,126.05,100.56,142.45,115.47,65537.5,128886,67005.2265625,256385,1648,544,324,2599,756,3227,756,1008,240,988,460,408,312,NA
"17-AUG-2023",2023-08-17 13:28:42,"2023-08-17","13H 28M 42S","Unknown","2.16.0","Unknown","Unknown",750,290,511,515,459,498,525,473,422,542,461,683,662,597,527,85.4,0,135.03,136.51,121.54,101.87,140.87,74.13,74.17,75.88,129.41,124.77,123.41,123.21,124.15,121229.1796875,262143,3367.57495117188,827.819976806641,467.370010375977,9990.06005859375,4146.73999023438,9314.5595703125,4496,5081.27978515625,1568.31994628906,3165.81494140625,1477.22998046875,1602.89495849609,1075.42999267578,NA,NA,NA,NA,NA,NA,NA,NA,750,750,290,290,511,515,459,498,525,473,422,542,461,683,662,597,527,12.57,68.39,0.01,0.01,119.44,121.21,117.99,111.6,126.4,67.11,66.48,59.68,88.19,120.49,116.39,123.71,115.61,65693.0390625,109106,67007.046875,256387.5,1651.5,422,240,8318.5,2272,8341.5,3261.5,4138.5,972.5,2093,1098,1057,731,NA
"17-AUG-2023",2023-08-17 13:27:47,"2023-08-17","13H 27M 47S","Unknown","2.16.0","Unknown","Unknown",750,290,511,515,459,498,525,473,422,542,461,683,662,597,527,87.28,0,147.58,145.96,146.33,87.69,139.49,86.67,94,94.12,144.84,143.58,62.1,145.69,142.87,165004.0703125,262143,6976.125,2511,1495.66497802734,12192.9897460938,6715.80004882812,7696.63989257812,6885.11962890625,6867.19970703125,3299.83996582031,6718.259765625,7237.72998046875,4553.6650390625,2713.99499511719,NA,NA,NA,NA,NA,NA,NA,NA,750,750,290,290,511,515,459,498,525,473,422,542,461,683,662,597,527,18.17,77.5,0.01,0,139.15,143.67,138.44,83.97,133.06,79.86,120.06,107.87,139.85,141.04,138.89,144.34,139.96,67647.859375,108754.5,67004.828125,256392,5345.5,1742.5,1086.5,10185.5,3896.5,9301,4865,5781,2291.5,6359,6757,4295,2599,NA
"09-AUG-2023",2023-08-09 13:13:56,"2023-08-09","13H 13M 56S","Unknown","2.16.0","Unknown","Unknown",750,290,511,515,459,498,525,473,422,542,461,683,662,597,527,0,0,0,0,0,0,0,0,0,0,0,0,0,0,0,262143,262143,3214.88989257812,1637.81994628906,956.609985351562,4701.8798828125,2659.26000976562,16711.0390625,3756.7998046875,6840.9599609375,1590.40002441406,4742.8798828125,8930.6201171875,3474.75,1694.93994140625,NA,NA,NA,NA,NA,NA,NA,NA,750,750,290,290,511,515,459,498,525,473,422,542,461,683,662,597,527,0,0,0,0,0,0,0,0,0,0,0,0,0,0,0,0,0,65537.25,262138,80915.4375,212318,1517,797,409,2075,1305,9070,2139,3727,863,3554,5846,2294,1090,NA
"09-AUG-2023",2023-08-09 13:13:01,"2023-08-09","13H 13M 1S","Unknown","LSRII","1","Administrator",750,290,511,515,459,498,525,473,422,542,461,683,662,597,527,26.36,1.22,31.93,25.98,23.58,45.77,35.52,62.28,9.72,20.59,37.64,10.08,0.8,15.33,18.34,60411.88671875,260004.78125,26164.619140625,18284.939453125,25745.849609375,8463.2197265625,11766.1796875,6268.15966796875,6513.919921875,6436.47998046875,8256.6396484375,16381.5498046875,8082.73974609375,10758.8095703125,17431.560546875,55.09,0,19.61,37.43,0.81,0.82,0.64,0.41,750,750,290,290,511,515,459,498,525,473,422,542,461,683,662,597,527,41.17,18.01,12.17,7.98,5.01,1.41,1.37,5.74,0.89,71.58,24.81,22.24,15.13,23.66,18.55,17.73,18.91,80800.7109375,55775,67015.1484375,243259,23691,16815,24159,7408,10667,7771,5444,5540,8928,16139,7855,11567,19307,NA
"08-AUG-2023",2023-08-08 11:21:44,"2023-08-08","11H 21M 44S","Unknown","2.16.0","Unknown","Unknown",750,290,511,515,459,498,525,473,422,542,461,683,662,597,527,13.35,0,33.96,48.83,49.82,29.58,27.94,20.21,29.93,25.97,15.01,35.54,42.43,42.83,46.89,54247.26953125,262143,39813.12109375,26314.470703125,35119.98046875,13370.099609375,17685.759765625,7605.759765625,7594.8798828125,7943.0400390625,14252.16015625,24767.689453125,11529.2001953125,16054.3701171875,24175.650390625,NA,NA,NA,NA,NA,NA,NA,NA,750,750,290,290,511,515,459,498,525,473,422,542,461,683,662,597,527,17.17,45.37,0.39,3.96,82,57.18,51.13,33.82,55.07,43.51,42.29,49.73,56.87,50.08,45.76,36.32,37.94,65663.75,57052,67006.78125,249726,23610,17339,23634,7628,11083,6123,6300,5656,9137,18029,8585,13385,21085,NA
"08-AUG-2023",2023-08-08 11:20:42,"2023-08-08","11H 20M 42S","Unknown","LSRII","1","Administrator",750,290,511,515,459,498,525,473,422,542,461,683,662,597,527,32,0,42.22,34.57,30.15,54.23,52.35,47.32,41.11,44.04,44.88,40.69,45.58,36.31,23.74,62734.20703125,262143,30302.099609375,21912.1201171875,28596.6455078125,9780.9599609375,13067.1098632812,5220.47973632812,5426.56005859375,5485.43994140625,8051.83984375,13556.2397460938,6314.82006835938,9408.47509765625,14778.0400390625,55.09,0,19.61,37.43,0.81,0.82,0.64,0.41,750,750,290,290,511,515,459,498,525,473,422,542,461,683,662,597,527,11.29,31.67,2.05,2.06,39.11,36.95,32.54,45.84,49.47,51.21,45.61,48.93,51.96,50.99,48.85,44.62,36.43,62963.01953125,61471.5,67004.95703125,252889,30094.5,22320.5,29506.5,9963,13464.5,6492.5,6451,6459,9619,18817,8989,13005,20889,NA
"07-AUG-2023",2023-08-07 10:23:19,"2023-08-07","10H 23M 19S","Unknown","2.16.0","Unknown","Unknown",750,290,511,515,459,498,525,473,422,542,461,683,662,597,527,26.03,0,59.95,55.23,51.64,50.35,58.09,16.74,69.12,52.34,64.79,64.42,51.61,52.21,49.67,50659.0703125,262143,38487.1484375,27016.740234375,35158.05078125,13221.6796875,17042.87890625,7555.19970703125,7823.35986328125,7762.56005859375,14340.4794921875,24416.3203125,11953.9599609375,16120.3798828125,25056.740234375,NA,NA,NA,NA,NA,NA,NA,NA,750,750,290,290,511,515,459,498,525,473,422,542,461,683,662,597,527,14.78,20.49,0.01,0.01,57.04,53.16,50.56,64.29,59.23,31.22,38.8,36.49,58.99,62.48,45.92,53.36,50.51,63109.9765625,57127,67007.8359375,256384,36376,26037,33813,12911,17164,7722,8127,7797,14125,24306,11937,16190,25310,NA
"07-AUG-2023",2023-08-07 10:22:51,"2023-08-07","10H 22M 51S","Unknown","2.16.0","Unknown","Unknown",750,290,511,515,459,498,525,473,422,542,461,683,662,597,527,16.86,0,53.15,53.9,50.38,93.31,54.18,42.44,61.32,48.12,66.37,51.05,56.56,52.05,55.94,53649.75,262143,23284.259765625,17285.400390625,22739.939453125,7189.759765625,11362.740234375,5707.52001953125,4147.19970703125,4686.7197265625,7488.6396484375,12526.7294921875,5691.6201171875,9265.58984375,15262.25,NA,NA,NA,NA,NA,NA,NA,NA,750,750,290,290,511,515,459,498,525,473,422,542,461,683,662,597,527,21.77,25.73,19.84,17.18,9.16,12.32,5.89,8.66,11.54,14.55,12.25,10.63,13.15,21.07,22.28,22.46,27.94,93495.046875,37733,101192.7890625,169773,22820,16926,22846,7297,10916,4472,4685,4521,8691,14359,6994,11062,17330,NA
"04-AUG-2023",2023-08-04 10:34:40,"2023-08-04","10H 34M 40S","Unknown","2.16.0","Unknown","Unknown",750,290,511,515,459,498,525,473,422,542,461,683,662,597,527,12.59,0,52.02,41.99,44.7,5.07,48.37,60.03,63.11,61.98,58.42,62.07,58.2,49.09,46.51,51010.95703125,262143,38430.44921875,23934.689453125,29590.919921875,13699.740234375,16868.220703125,7433.599609375,7589.759765625,7733.759765625,14007.0400390625,25463.458984375,11662.4501953125,15296.2802734375,20952.640625,NA,NA,NA,NA,NA,NA,NA,NA,750,750,290,290,511,515,459,498,525,473,422,542,461,683,662,597,527,16,57.64,0.01,0.01,100.33,71.77,74.22,48.27,108.34,65.55,60.5,58.86,103.85,58.35,54.37,30.74,33.88,62595.69140625,52401,67012.28125,256368,23893,16033,19729,10554,10565,7875,8128,7632,8734,19510,8726,12866,19186,NA
"04-AUG-2023",2023-08-04 10:33:59,"2023-08-04","10H 33M 59S","Unknown","2.16.0","Unknown","Unknown",750,290,511,515,459,498,525,473,422,542,461,683,662,597,527,86.14,0,134.57,146.05,146.9,121.21,136.46,66.15,138.04,137.45,136.47,141.6,136.93,136.58,133.07,165811.03125,262143,19785.060546875,14313.509765625,17656.380859375,7207.7998046875,9853.1201171875,6020.47998046875,3573.76000976562,3502.71997070312,7105.919921875,9894.1201171875,4585.85009765625,6831.419921875,10829.740234375,NA,NA,NA,NA,NA,NA,NA,NA,750,750,290,290,511,515,459,498,525,473,422,542,461,683,662,597,527,5.96,98.96,0,0,140.79,134.27,136.27,127.82,140.2,123.76,130.49,130.72,130.73,143.39,141.16,140.85,136.42,65538.5,106953,67010.1796875,256376,23108,16196,20753,7434,9872,5361,4890,5022,8814,14790,6723,9879,15234,NA
"03-AUG-2023",2023-08-03 10:32:31,"2023-08-03","10H 32M 31S","Unknown","2.16.0","Unknown","Unknown",750,290,511,515,459,498,525,473,422,542,461,683,662,597,527,29.34,0,49.1,37.12,35.74,52.05,45.23,38.91,32.26,25.81,59.92,59.05,63.99,45.11,38.23,53121.9140625,262143,27566.7294921875,18808.2001953125,24125.849609375,9158.57983398438,12719.83984375,6629.759765625,5269.11987304688,6871.67993164062,9011.83984375,16841.98046875,7399.884765625,11036.1748046875,17088.5952148438,NA,NA,NA,NA,NA,NA,NA,NA,750,750,290,290,511,515,459,498,525,473,422,542,461,683,662,597,527,7.48,37.06,9.04,6.23,46.89,35.58,32.8,50.2,53.16,36.91,54.9,24.12,64.98,58.56,62.25,46.22,36.83,63597.115234375,58916,71621.14453125,239892,26734,18338,23874,9005,12406,7145,5901,5861,9371,17128,7614,11136,17186,NA
"03-AUG-2023",2023-08-03 10:31:22,"2023-08-03","10H 31M 22S","Unknown","2.16.0","Unknown","Unknown",750,290,511,515,459,498,525,473,422,542,461,683,662,597,527,54.41,0,51.34,83.87,95.77,45.83,56.45,39.71,45.43,45.37,60.05,46.02,45.74,79.15,83.07,79030.484375,262143,27735.2109375,15964.2900390625,20044.259765625,9789.16015625,13893.259765625,6080.6396484375,6120.31982421875,5985.919921875,9457.919921875,14889.5595703125,7141.7900390625,8742.4296875,12671.8701171875,NA,NA,NA,NA,NA,NA,NA,NA,750,750,290,290,511,515,459,498,525,473,422,542,461,683,662,597,527,17.35,69.59,6.96,5.56,81.8,61.74,68.64,67.35,66.29,49.27,48.69,61.86,67.65,42.1,48.56,71.51,90.26,65536.5,72746,67011.2265625,247116,23093,16213,20705,9430,13122,7225,6610,6318,10966,19746,9954,11414,16194,NA
"31-JUL-2023",2023-07-31 11:35:04,"2023-07-31","11H 35M 4S","Unknown","2.16.0","Unknown","Unknown",750,290,511,515,459,498,525,473,422,542,461,683,662,597,527,7.6,0,7.07,15.37,8.17,15.6,9.29,12.49,13.19,13.2,9.63,12.14,8.63,8.73,4.35,46170.73828125,262143,39907.08203125,23684.400390625,31428,12926.4794921875,17095.359375,7399.0400390625,7056.6396484375,7331.83984375,14068.4794921875,24628.2890625,12279.91015625,15536.9501953125,22965.740234375,NA,NA,NA,NA,NA,NA,NA,NA,750,750,290,290,511,515,459,498,525,473,422,542,461,683,662,597,527,7.33,8.88,0,0.01,14.53,7.16,11.84,19.02,7.03,17.53,17.85,8.61,7.76,1.43,7.38,8.98,4.45,59046.91796875,50884,67010.4453125,256368,36659,22473,29400,12516,16723,7216,7610,7510,14720,24465,11713,15525,23169,NA
"31-JUL-2023",2023-07-31 11:34:27,"2023-07-31","11H 34M 27S","Unknown","2.16.0","Unknown","Unknown",750,290,511,515,459,498,525,473,422,542,461,683,662,597,527,30.99,0.64,41.71,51.77,48.29,37.96,45.47,15.2,33.08,27.39,55.76,36.9,36.19,47.09,52.12,82526.671875,261020.1796875,34441.60546875,20983.455078125,27991.169921875,11116.7397460938,14499.2397460938,6545.59985351562,6318.39990234375,6418.55981445312,11224,16887.490234375,7824.23486328125,9917.490234375,14648.6850585938,NA,NA,NA,NA,NA,NA,NA,NA,750,750,290,290,511,515,459,498,525,473,422,542,461,683,662,597,527,6.85,36.37,7.14,9.2,30.25,32.41,29.48,27.08,28.32,14.14,27.41,22.49,30.89,35.82,31.45,35.93,43.23,63092.3125,85714,67009.53125,236412,35651,22030.5,29678.5,11600,15915,6998.5,7586.5,7822.5,14695,25257,11567,14741,21791,NA
"28-JUL-2023",2023-07-28 10:10:03,"2023-07-28","10H 10M 3S","Unknown","2.16.0","Unknown","Unknown",750,290,511,515,459,498,525,473,422,542,461,683,662,597,527,40.78,0,58.61,47.82,60.81,64.91,53.45,67.45,61.71,68.23,53.23,65.15,57.71,39.2,64.62,58721.73828125,262143,36769.951171875,22247.865234375,25267.9501953125,13449.6396484375,14819.4501953125,7935.03979492188,7497.59985351562,7799.35986328125,11358.7197265625,24993.1904296875,11621.8598632812,12612.009765625,18471.1147460938,NA,NA,NA,NA,NA,NA,NA,NA,750,750,290,290,511,515,459,498,525,473,422,542,461,683,662,597,527,13.51,19.9,0.01,0.01,50.58,34.73,38.7,50.23,49.54,62.34,52.44,64.86,67.18,59.47,58.39,45.2,55.12,61864.50390625,57185.5,67012.93359375,256357.5,33761.5,18943.5,24356.5,11566.5,12694,7794,7390.5,8098,10493.5,25022.5,11509.5,12706.5,18522.5,NA
"28-JUL-2023",2023-07-28 10:09:08,"2023-07-28","10H 9M 8S","Unknown","2.16.0","Unknown","Unknown",750,290,511,515,459,498,525,473,422,542,461,683,662,597,527,20.22,0,32.94,50.5,50.31,10.52,33.29,50.78,40.46,43.34,20.67,22.03,26.09,87.81,90.69,54546.796875,262143,36089.55078125,21505.5,28163.69921875,13114.259765625,16895.279296875,9237.1201171875,9669.1201171875,9822.080078125,11667.83984375,17590.640625,8480.849609375,10213.919921875,15253.2294921875,NA,NA,NA,NA,NA,NA,NA,NA,750,750,290,290,511,515,459,498,525,473,422,542,461,683,662,597,527,38.18,61.77,8.36,0.01,59.74,50.16,40.85,28.58,51.49,42.42,27.46,19.16,44.19,35.94,38.01,30.46,33.28,83406.296875,58421,67009.140625,256356,29511,19139,25299,12632,13831,9336,8029,8945,11893,25487,11346,14075,20975,NA
"27-JUL-2023",2023-07-27 10:48:53,"2023-07-27","10H 48M 53S","Unknown","2.16.0","Unknown","Unknown",750,290,511,515,459,498,525,473,422,542,461,683,662,597,527,28.61,0,117.95,136.16,135.59,72.82,116.62,99.63,53.3,39.67,138.73,85.9,95.59,117.9,134.48,51772.48828125,262143,21023.55078125,3751.11010742188,2285.01000976562,10778.900390625,10697.7197265625,7249.919921875,6091.52001953125,6166.39990234375,3025.28002929688,15504.9697265625,7286.93017578125,5991.330078125,2341.51000976562,NA,NA,NA,NA,NA,NA,NA,NA,750,750,290,290,511,515,459,498,525,473,422,542,461,683,662,597,527,14.4,27.98,7.57,0.01,134.34,142.99,141.7,108.39,113.97,57.11,49.8,46.88,133.05,49.79,97.91,122.8,134.44,62454.24609375,56610,67009.140625,256357,12426,3546,2846,7191,9646,7282,7431,7381,2583,23465,8749,8524,3132,NA
"27-JUL-2023",2023-07-27 10:47:21,"2023-07-27","10H 47M 21S","Unknown","2.16.0","Unknown","Unknown",750,290,511,515,459,498,525,473,422,542,461,683,662,597,527,15.21,0,39.12,31.96,37.88,37.54,39.06,42.89,28.46,19.1,46.57,47.67,28.31,40.02,39.69,43535.80078125,262143,28541.16015625,18895.6796875,25007.939453125,9890.01953125,13240.5400390625,7760.6396484375,7194.8798828125,7681.27978515625,10706.5595703125,23795.990234375,10555.0400390625,11386.1103515625,18519.69921875,NA,NA,NA,NA,NA,NA,NA,NA,750,750,290,290,511,515,459,498,525,473,422,542,461,683,662,597,527,21.95,8.6,0.01,0.02,37.48,33.66,41.83,39.84,38.14,39.33,44.62,28.69,31.57,30.31,49.42,39.64,39.78,66324.6328125,47745,67014.625,256353,27851,18395,24575,10089,13359,7219,6217,6651,10173,24084,9288,11324,18828,NA
"25-JUL-2023",2023-07-25 12:33:23,"2023-07-25","12H 33M 23S","Unknown","2.16.0","Unknown","Unknown",750,290,511,515,459,498,525,473,422,542,461,683,662,597,527,4.74,9.42,13.9,14.27,14,10.15,10.26,11.05,11.2,11.78,6.43,7.15,8.14,6.16,6.49,32614.888671875,156333.8125,14108.580078125,9687.599609375,11866.5,7739.97998046875,11018.33984375,3544.9599609375,3592.31982421875,3763.19995117188,6534.39990234375,9691.580078125,4489.08984375,6201.25,9756.3603515625,NA,NA,NA,NA,NA,NA,NA,NA,750,750,290,290,511,515,459,498,525,473,422,542,461,683,662,597,527,2.84,3.87,1.39,8.91,9.05,9.08,9.98,9.99,9.97,12.15,11.51,13.53,6.93,6.02,7.64,5.11,5.21,53405.53125,39915,58890.375,173833,24461,17028,22619,8723,12341,5053,5243,5302,9334,17423,8233,10929,17277,NA
"25-JUL-2023",2023-07-25 12:32:40,"2023-07-25","12H 32M 40S","Unknown","2.16.0","Unknown","Unknown",750,290,511,515,459,498,525,473,422,542,461,683,662,597,527,5.15,9.79,14.75,12.97,12.5,10.63,9.82,11.69,10.85,12.7,6.82,6.36,8.1,6.04,5.54,32313.4345703125,153993.125,14939.2348632812,10333.9799804688,12835.2602539062,7656.33984375,10972.830078125,3527.35986328125,3540.79992675781,3734.39990234375,6480.6396484375,9783.419921875,4515.94482421875,6232,9872.39013671875,NA,NA,NA,NA,NA,NA,NA,NA,750,750,290,290,511,515,459,498,525,473,422,542,461,683,662,597,527,2.65,4.45,1.25,9.71,10.6,12.38,11.95,10.92,10.52,13.62,13.43,16.6,7.91,6.43,8.67,5.1,4.53,53104.875,40087.5,58632.810546875,171867,24229,16928.5,22664,8609.5,12545,4984,5142.5,5337.5,9193,17223.5,8144,10897.5,17313.5,NA
"24-JUL-2023",2023-07-24 10:33:56,"2023-07-24","10H 33M 56S","Unknown","2.16.0","Unknown","Unknown",750,290,511,515,459,498,525,473,422,542,461,683,662,597,527,24.95,0,44.52,39.1,44.24,35.51,33.61,26.18,32.78,37.93,37.78,48.77,39.39,29.35,45.22,64667.6796875,262143,40250.51953125,27003.779296875,36398.16015625,13147.8798828125,19762.8203125,7434.23974609375,7905.27978515625,7761.919921875,14054.3994140625,25989.080078125,12343.0498046875,17054.359375,25075.599609375,NA,NA,NA,NA,NA,NA,NA,NA,750,750,290,290,511,515,459,498,525,473,422,542,461,683,662,597,527,18.23,56.38,0.21,0.21,62.02,43.8,55.21,64.74,46.23,31.15,56.4,56.78,70.36,61.71,44.26,26.76,37.99,66917.046875,65031,67101.8203125,256022,31249,21977,28719,10100,14586,7610,6640,6718,10228,22422,10226,16002,23367,NA
"24-JUL-2023",2023-07-24 10:33:12,"2023-07-24","10H 33M 12S","Unknown","2.16.0","Unknown","Unknown",750,290,511,515,459,498,525,473,422,542,461,683,662,597,527,51.23,0,32.48,25.03,22.32,29.69,24.24,54.03,39.44,19.5,26.26,60.17,59.4,47.78,48.97,79573.337890625,262143,42039.40625,29847.28515625,46559.609375,13443.0795898438,20910.41015625,6641.28002929688,7431.03979492188,7068.7998046875,12787.51953125,18188.419921875,9094.82470703125,15581.8447265625,25245.9541015625,NA,NA,NA,NA,NA,NA,NA,NA,750,750,290,290,511,515,459,498,525,473,422,542,461,683,662,597,527,27.97,50.45,11.19,5.66,34.28,31.33,29.15,31.11,35.04,43.39,22.7,18.36,31.48,23.59,18.97,20.79,24.91,79690.015625,66649,67011.4921875,246939,37660.5,27343,42060.5,12246,18794.5,7498.5,8306,7784.5,13894.5,25688.5,12960.5,18854,30304,NA
"21-JUL-2023",2023-07-21 09:32:40,"2023-07-21","9H 32M 40S","Unknown","2.16.0","Unknown","Unknown",750,290,511,515,459,498,525,473,422,542,461,683,662,597,527,88.36,0,129.26,136.28,134.94,116.37,109.1,118.03,107.95,105.56,126.2,116.86,102.14,121.78,121.6,162848.0625,262143,7181.86499023438,3587.89501953125,1937.92498779297,7106.93994140625,6703.09008789062,25143.6796875,7401.919921875,9836.7998046875,5664,4696.13989257812,4294.54504394531,3934.77001953125,2344.7900390625,NA,NA,NA,NA,NA,NA,NA,NA,750,750,290,290,511,515,459,498,525,473,422,542,461,683,662,597,527,31.24,78.8,0.01,0.01,126.01,131.42,127.47,105.05,127.24,107.23,109.75,92.45,131.92,124.42,97.46,114.21,124.64,83033.59765625,108641,67014.234375,256360.5,4277,2263,1241,4974,3187.5,12673.5,4529,5617.5,3072,3427,3731,3213,1826.5,NA
"21-JUL-2023",2023-07-21 09:31:50,"2023-07-21","9H 31M 50S","Unknown","2.16.0","Unknown","Unknown",750,290,511,515,459,498,525,473,422,542,461,683,662,597,527,86.32,25.93,66.29,59.28,94.96,25.02,67.35,41.2,6.03,26.6,59.38,30.42,27.16,12.5,33.02,165681.07421875,223117.7265625,15642.3149414062,6927.93017578125,6222.01513671875,10127.4096679688,9780.9599609375,11893.759765625,6734.71997070312,9028.80004882812,8313.59985351562,13609.3349609375,7175.61499023438,5778.3349609375,5078.46508789062,NA,NA,NA,NA,NA,NA,NA,NA,750,750,290,290,511,515,459,498,525,473,422,542,461,683,662,597,527,12.05,64.1,9.48,59.34,113.75,120.94,129.42,44.62,56.19,20.79,25.52,5.27,64.29,72.53,75.31,68.19,94.3,67758.46484375,120079.5,71588.82421875,183085.5,12363.5,5579.5,5651.5,10744,7971.5,10684.5,7620,8390.5,7360.5,13431,7159,5831,5487,NA
"20-JUL-2023",2023-07-20 11:54:38,"2023-07-20","11H 54M 38S","Unknown","2.16.0","Unknown","Unknown",750,290,511,515,459,498,525,473,422,542,461,683,662,597,527,44.06,0,112.38,117.06,123.75,98.63,109.08,56.44,54.17,54.76,114.22,128.97,107.11,91.77,115.53,63083.01953125,262143,21994.740234375,13456.5302734375,16133.580078125,7743.259765625,9275.83984375,6891.52001953125,7255.6796875,6937.599609375,7924.47998046875,13461.1201171875,6956.06005859375,8741.6103515625,12266.7900390625,NA,NA,NA,NA,NA,NA,NA,NA,750,750,290,290,511,515,459,498,525,473,422,542,461,683,662,597,527,21.13,50.91,0.95,9.46,114.92,99.05,88.65,105.58,109.69,59.67,76.57,47.27,123.04,133.37,113.87,99.86,83.89,66544.484375,62127,67011.2265625,241003,21013,12681,15542,7086,9191,7183,4566,5156,8314,12846,6755,8378,12135,NA
"20-JUL-2023",2023-07-20 11:53:55,"2023-07-20","11H 53M 55S","Unknown","2.16.0","Unknown","Unknown",750,290,511,515,459,498,525,473,422,542,461,683,662,597,527,24.48,0,115.44,127.1,131.73,86.2,100.19,74.2,76.25,87.09,54.97,120.76,106.61,110.87,116.93,81432.88671875,262143,28075.814453125,16920.8999023438,20857.5004882812,9229.09985351562,15718.1694335938,9537.91967773438,7134.39965820312,7012.47998046875,9479.67993164062,9387.15478515625,5241.64501953125,8097.90991210938,11510.33984375,NA,NA,NA,NA,NA,NA,NA,NA,750,750,290,290,511,515,459,498,525,473,422,542,461,683,662,597,527,19.88,30,0,0,120.46,126.86,130.88,115.67,87.86,67.13,54.22,87.86,73.23,120.88,85.2,108.02,108.81,73573.41796875,71251,67009.7890625,256372.5,21491,13251,16726.5,6652,12924,7219.5,6600.5,6226.5,8998,13198,6383.5,9402,13876,NA
"19-JUL-2023",2023-07-19 15:09:46,"2023-07-19","15H 9M 46S","Unknown","2.16.0","Unknown","Unknown",750,290,511,515,459,498,525,473,422,542,461,683,662,597,527,29.37,0,51.6,42.41,39.32,22.64,35.84,28.26,49.16,21,54.94,48.91,13.14,47.57,40.09,51387.48828125,262143,41092.109375,24142.859375,27481.6796875,12344.2802734375,15415.1796875,7564.7998046875,8243.2001953125,7799.0400390625,14290.5595703125,23220.759765625,11775.6103515625,13756.3203125,18582.83984375,NA,NA,NA,NA,NA,NA,NA,NA,750,750,290,290,511,515,459,498,525,473,422,542,461,683,662,597,527,21.05,45.51,0.13,0.14,48.07,41.48,39.61,51.17,37.16,53.14,25.51,26.22,58.92,44.02,29.66,46.45,38.91,65537,58322,67016.1953125,256133,37313,22577,26117,12178,15629,7907,8350,7543,14350,23549,11641,13993,18928,NA
"19-JUL-2023",2023-07-19 09:52:02,"2023-07-19","9H 52M 2S","Unknown","2.16.0","Unknown","Unknown",750,290,511,515,459,498,525,473,422,542,461,683,662,597,527,56.77,0,116.74,132.49,144.03,105.98,108.54,71.48,75.95,66.1,116.48,130.64,121.7,121.8,129.78,88856.84375,262143,29542.724609375,13309.5151367188,10903.41015625,8497.65991210938,8231.97973632812,8791.99951171875,7099.52001953125,7743.6796875,4301.43994140625,9010.77502441406,4834.10485839844,7558.96508789062,6634.82495117188,NA,NA,NA,NA,NA,NA,NA,NA,750,750,290,290,511,515,459,498,525,473,422,542,461,683,662,597,527,18.53,47.27,0.15,1.34,112.5,126,145.94,119.08,123.42,37.81,64.77,52.03,103.38,125.59,111.47,126.7,134.48,65644.50390625,77518,67077.73046875,254088,24719.5,11785.5,9720.5,5495,4825.5,7044.5,5566.5,6237.5,2299,6081.5,4013.5,5656.5,4974.5,NA
"19-JUL-2023",2023-07-19 09:51:21,"2023-07-19","9H 51M 21S","Unknown","2.16.0","Unknown","Unknown",750,290,511,515,459,498,525,473,422,542,461,683,662,597,527,26.31,2.2,49.62,41.78,37.93,42.16,35.4,41.85,49.06,36.75,28.26,42.95,44.38,34.64,25.12,49888.296875,258301.640625,24550.291015625,14626.98046875,18280.890625,9039.6796875,11916.240234375,5114.8798828125,4807.6796875,4944,6940.7998046875,13174.5302734375,5847.009765625,8019.18994140625,11825.2197265625,NA,NA,NA,NA,NA,NA,NA,NA,750,750,290,290,511,515,459,498,525,473,422,542,461,683,662,597,527,10.8,41.51,3.89,1.76,20.7,20.15,18.62,15.73,22.61,10.26,6.49,26.84,22.12,40.78,32.63,33.69,31.69,60697.01171875,52462,67012.015625,253367,24692,15972,20224,7579,11456,4423,4475,4634,8411,18309,8565,11201,16593,NA
"18-JUL-2023",2023-07-18 10:07:42,"2023-07-18","10H 7M 42S","Unknown","2.16.0","Unknown","Unknown",750,290,511,515,459,498,525,473,422,542,461,683,662,597,527,36.49,0,50.25,51.09,53.32,7.78,42.77,32.81,42.5,48.93,51.03,50.76,9.02,44.84,51.55,114945.98046875,262143,44952.974609375,29874.419921875,36123.1640625,14519.3295898438,19286.8095703125,11398.7197265625,8719.35961914062,9105.599609375,13631.9995117188,25648.3701171875,12076.3447265625,18071.5693359375,26110.0302734375,NA,NA,NA,NA,NA,NA,NA,NA,750,750,290,290,511,515,459,498,525,473,422,542,461,683,662,597,527,6.1,43.22,0,0,22.91,26.93,27.38,16.94,17.81,23.59,18.09,18.67,18.49,15.52,12.82,7.38,15.96,69596.4765625,108394.5,67009.66796875,256378,37120.5,24466.5,30036.5,10957.5,15842.5,6749.5,6134,6056,11421.5,25285.5,12025.5,17753.5,25981.5,NA
"18-JUL-2023",2023-07-18 10:06:47,"2023-07-18","10H 6M 47S","Unknown","2.16.0","Unknown","Unknown",750,290,511,515,459,498,525,473,422,542,461,683,662,597,527,38.89,10.76,115.46,123.7,124.25,103.17,102.91,108.5,115.89,92.14,101.97,113.58,79.6,122.79,126.05,207674.5625,244404.9296875,5747.759765625,2801.78997802734,1875.9599609375,3613.32995605469,7973.26977539062,8012.7998046875,2636.79992675781,5503.03979492188,2418.87994384766,4771.37487792969,5023.31982421875,4910.77490234375,3228.33996582031,NA,NA,NA,NA,NA,NA,NA,NA,750,750,290,290,511,515,459,498,525,473,422,542,461,683,662,597,527,1.38,64.46,4.32,0.01,103.41,112.15,112.75,90.13,104.67,102.96,110.69,78.5,89.7,104.25,52.91,115.46,116.29,65537,182703,65113.76171875,256372,3322.5,1572.5,1106.5,2785,4976.5,6154,2131,4497,1952,4792.5,5683,4492.5,2940.5,NA
"17-JUL-2023",2023-07-17 10:44:53,"2023-07-17","10H 44M 53S","Unknown","2.16.0","Unknown","Unknown",750,290,511,515,459,498,525,473,422,542,461,683,662,597,527,33.39,3.89,97.18,89.72,95.24,134.85,117.04,127.34,138.74,138.11,98.84,135.46,136.3,97.47,94.3,14459.830078125,164239.4375,23285.880859375,16142.490234375,20114.73046875,7225.83984375,9844.919921875,3020.15991210938,3070.07983398438,3037.43994140625,6657.27978515625,12676.7900390625,5805.60009765625,8961.3701171875,13835.0400390625,NA,NA,NA,NA,NA,NA,NA,NA,750,750,290,290,511,515,459,498,525,473,422,542,461,683,662,597,527,8.09,25.76,1.3,4.07,102.11,91.91,94.39,137.76,123.7,131.54,139.76,136.24,104.69,135.54,136.56,92.96,93.04,48401.17578125,19543,67113.1171875,160983,22914,16109,20529,6977,9436,2927,3016,2935,6730,12820,5881,9084,14156,NA
"17-JUL-2023",2023-07-17 10:44:18,"2023-07-17","10H 44M 18S","Unknown","2.16.0","Unknown","Unknown",750,290,511,515,459,498,525,473,422,542,461,683,662,597,527,8.63,0,59.07,17.64,44.03,34.33,28.7,41.34,43.85,42.56,53.73,69.3,66.99,17.61,39.67,39260.375,262143,23662.125,17102.7451171875,22179.419921875,8653.8701171875,11833.419921875,5000.95983886719,5015.67980957031,5195.19995117188,7241.919921875,10914.2001953125,5191.009765625,7529.44458007812,11741.580078125,NA,NA,NA,NA,NA,NA,NA,NA,750,750,290,290,511,515,459,498,525,473,422,542,461,683,662,597,527,20.71,25.38,0.36,0,56.73,45.17,44.42,55.22,43.51,41.58,16.22,19.47,49.77,70.16,71.51,26.45,40.85,65275.955078125,43303,67010.8359375,256368.5,28552,20184,27003.5,9280,11825.5,6722,5506.5,5608.5,9312,17296.5,8064.5,11500.5,18316.5,NA
"14-JUL-2023",2023-07-14 11:12:21,"2023-07-14","11H 12M 21S","Unknown","2.16.0","Unknown","Unknown",750,290,511,515,459,498,525,473,422,542,461,683,662,597,527,5.5,6.6,114.23,134.36,135.09,100.32,111.84,85.43,106.45,129.76,104.75,103.71,103.33,122.74,129.25,25165.1396484375,138998.609375,993.464996337891,682.424987792969,902.744995117188,245.999992370605,422.300003051758,371.519989013672,135.039993286133,174.400001525879,406.719985961914,515.779998779297,280.029998779297,448.949996948242,586.709991455078,NA,NA,NA,NA,NA,NA,NA,NA,750,750,290,290,511,515,459,498,525,473,422,542,461,683,662,597,527,3.5,5.63,0.65,6.24,104.13,129.94,127.98,90.3,110.73,76.54,95.83,107.77,91.94,92.58,97.21,118.21,130.56,50717.990234375,32318.5,63575.056640625,143474.5,920.5,667.5,884.5,254.5,476,339,172.5,243.5,451.5,548.5,332.5,451.5,590.5,NA
"13-JUL-2023",2023-07-13 10:16:45,"2023-07-13","10H 16M 45S","Unknown","2.16.0","Unknown","Unknown",750,290,511,515,459,498,525,473,422,542,461,683,662,597,527,4.34,10.69,4.72,8.28,9.74,8.64,11.16,10.11,9.31,10.96,8.14,5.12,8.43,6.92,8.17,31374.8046875,188700.859375,29447.955078125,19099.39453125,25319.3857421875,9496.830078125,12517.2998046875,5131.52001953125,5252.47998046875,5263.03979492188,9053.43994140625,18456.7646484375,8686.26025390625,10986.1547851562,16745.220703125,NA,NA,NA,NA,NA,NA,NA,NA,750,750,290,290,511,515,459,498,525,473,422,542,461,683,662,597,527,4.97,5.13,1.48,7.42,6.14,9.47,11.26,8.06,13.31,10.27,7.77,13.11,8.87,5.86,7.58,7.03,7.08,53862.88671875,39165.5,65134.552734375,189665.5,28170,18436,24888.5,9624,12649.5,5658.5,5883.5,5757.5,9980.5,18708.5,8835.5,11151.5,16900.5,NA
"13-JUL-2023",2023-07-13 10:16:10,"2023-07-13","10H 16M 10S","Unknown","2.16.0","Unknown","Unknown",750,290,511,515,459,498,525,473,422,542,461,683,662,597,527,59.09,0,78.43,81.25,110.48,55.3,80.1,72.51,58.2,43.51,62.66,112.23,85.11,63.18,116.98,82239.46484375,262143,20808.4951171875,12414.8701171875,14356.03515625,6345.97998046875,8881.009765625,6338.23999023438,4231.03991699219,4293.11987304688,6085.11987304688,8827.9150390625,4558.5849609375,6610.22485351562,7514.06982421875,NA,NA,NA,NA,NA,NA,NA,NA,750,750,290,290,511,515,459,498,525,473,422,542,461,683,662,597,527,32.44,81.49,12.78,43.81,62.34,72.11,121.31,89.33,82.87,58.39,68.18,53.24,85.12,75.54,65.07,65.58,106.22,84327.140625,70643,67007.57421875,197904,21039,13197,13616.5,5212,9285,6278.5,4432,4754,6593.5,12869,6026.5,8412.5,9941,NA
"12-JUL-2023",2023-07-12 12:54:21,"2023-07-12","12H 54M 21S","Unknown","2.16.0","Unknown","Unknown",750,290,511,515,459,498,525,473,422,542,461,683,662,597,527,30.41,0,136.63,138.6,142.29,29.28,70.1,72.86,74.9,68.84,55.7,104.21,95.71,120.47,134.16,70352.5859375,262143,24715.529296875,15659.73046875,19334.69921875,9999.900390625,9774.400390625,7944.31982421875,8227.83984375,7716.47998046875,7558.39990234375,13487.76953125,6058.16015625,9139.7197265625,13053.990234375,NA,NA,NA,NA,NA,NA,NA,NA,750,750,290,290,511,515,459,498,525,473,422,542,461,683,662,597,527,19.2,45.67,0.01,0.01,138.93,141.87,144.07,75.72,112.18,72.68,12.2,59.28,103.12,119.16,114.23,128.95,137.12,69275.953125,76457,67009.140625,256380,24553,15789,18973,7855,9385,8669,8291,8509,8063,13482,6090,9230,13230,NA
"12-JUL-2023",2023-07-12 12:53:35,"2023-07-12","12H 53M 35S","Unknown","2.16.0","Unknown","Unknown",750,290,511,515,459,498,525,473,422,542,461,683,662,597,527,55.8,0,124.37,135.75,142.24,82.29,12.79,135.29,117.15,123.03,7.6,49.15,31.54,90.39,118.27,72054.287109375,262143,13018.7253417969,8028.31484985352,10318.9953460693,15837.4794921875,9033.52978515625,45114.8774414062,18598.7196044922,23177.9196777344,7106.8798828125,6721.12963867188,3781.01989746094,4087.08489990234,5561.85498046875,NA,NA,NA,NA,NA,NA,NA,NA,750,750,290,290,511,515,459,498,525,473,422,542,461,683,662,597,527,35.51,22.3,0,0,136.67,143.38,145.83,16.61,79.21,116.71,80.61,93,58.46,85.85,70.95,117.01,131.84,78301.537109375,58210.5,67009.00390625,256380.5,13610,9002,11482,9039.5,7378,23554.5,10727.5,13175.5,6399.5,8624,4622,5664,8362,NA
"11-JUL-2023",2023-07-11 10:21:15,"2023-07-11","10H 21M 15S","Unknown","2.16.0","Unknown","Unknown",750,290,511,515,459,498,525,473,422,542,461,683,662,597,527,24.59,0,105.58,93.71,83.75,103.27,96.44,61.75,82.75,111.9,88.05,107.99,103.66,93.19,90.51,65356.828125,262143,24848.369140625,16632.541015625,21792.240234375,7236.5,9962.1796875,5144.31982421875,4081.919921875,4449.919921875,8022.39990234375,14177.3896484375,6705.14013671875,9803.509765625,15199.1103515625,NA,NA,NA,NA,NA,NA,NA,NA,750,750,290,290,511,515,459,498,525,473,422,542,461,683,662,597,527,21.54,61.98,30.51,37.42,47.65,33.67,63.6,59.19,47.24,41.76,64.36,57.94,69.85,95.67,101.86,94.96,94.23,76676.75,53381,84378.1015625,203605,23517,15498,20358,7237,10050,4765,4432,4624,7968,14121,6665,9549,15293,NA
"11-JUL-2023",2023-07-11 10:20:38,"2023-07-11","10H 20M 38S","Unknown","2.16.0","Unknown","Unknown",750,290,511,515,459,498,525,473,422,542,461,683,662,597,527,14.87,4.96,49.65,44.17,45.37,52.09,45.74,49.02,49.9,53.05,52.44,47.57,58.36,38.46,34.86,49532.943359375,253653.0546875,33150.060546875,20069.7744140625,25703.73046875,10772.33984375,13599.2900390625,5664.9599609375,5740.80004882812,5693.11987304688,10867.51953125,15935.8798828125,7383.07495117188,9147.10009765625,13446.3598632812,NA,NA,NA,NA,NA,NA,NA,NA,750,750,290,290,511,515,459,498,525,473,422,542,461,683,662,597,527,8.98,19.89,17.34,13.27,40.89,32.59,28.48,45.96,44.12,51.41,48.43,49.6,42.02,40.7,46.7,33.92,29.37,59404.794921875,52282,66650.390625,235318.5,30831.5,19327.5,25586,10517,14263.5,6539.5,6613,6374,12257,21109,10121,13235,19403.5,NA
"07-JUL-2023",2023-07-07 11:06:29,"2023-07-07","11H 6M 29S","Unknown","2.16.0","Unknown","Unknown",750,290,511,515,459,498,525,473,422,542,461,683,662,597,527,68.9,0,110.85,116.31,113.09,90.5,91.23,100.14,88.28,81.67,94.37,97.87,99.37,93.49,96.66,148915.6875,262143,7575.1201171875,3086.10009765625,1867.85998535156,3582.580078125,3404.63989257812,13401.599609375,3918.71997070312,6020.47998046875,1809.919921875,4377.56982421875,3276.31005859375,2680.169921875,1771.60998535156,NA,NA,NA,NA,NA,NA,NA,NA,750,750,290,290,511,515,459,498,525,473,422,542,461,683,662,597,527,13.49,61.1,0.01,0.01,104.38,107.87,105.77,81.29,94.12,90.03,91.6,82.52,84.83,89.64,93.93,88.13,91.49,67259.78125,113017,67016.4609375,256352,4423,1692,977,2152,2303,9321,2541,4337,1337,3925,2699,2357,1452,NA
"06-JUL-2023",2023-07-06 14:25:54,"2023-07-06","14H 25M 54S","Unknown","2.16.0","Unknown","Unknown",750,290,511,515,459,498,525,473,422,542,461,683,662,597,527,57.28,0,114.75,119.87,126.61,101.26,116.2,97.66,85.83,84.01,100.99,100.67,101.92,103.52,111.15,112123.93359375,262143,13712.490234375,5095.30493164062,2527.20007324219,3870.80993652344,4106.55993652344,13586.2397460938,3036.15991210938,5217.28002929688,1603.83996582031,6001.78515625,4416.92993164062,3710.29504394531,2458.97497558594,NA,NA,NA,NA,NA,NA,NA,NA,750,750,290,290,511,515,459,498,525,473,422,542,461,683,662,597,527,12.53,59.37,0,0,115.36,126.19,122.16,100.99,109.76,102.3,75.74,70.95,95.2,95.25,98.55,109.93,114.02,68988.19921875,94525.5,67015.6796875,256355,7527,3066.5,1619,2815,3051.5,8413,2159,3463.5,1148.5,4582.5,3437,3143,2022,NA
"06-JUL-2023",2023-07-06 14:25:25,"2023-07-06","14H 25M 25S","Unknown","LSRII","1","Administrator",750,290,511,515,459,498,525,473,422,542,461,683,662,597,527,62.86,0,107.01,100.44,110.21,67.09,48.53,79.49,67.1,64.23,62.44,27.82,24.93,55,59.22,156700,262143,9711.08984375,6276.68994140625,3061.39501953125,11485.3295898438,7233.6298828125,22084.798828125,7057.27978515625,11540.1596679688,3714.23999023438,8138.29467773438,5745.53491210938,4242.67980957031,2371.02996826172,55.09,0,19.61,37.43,0.81,0.82,0.64,0.41,750,750,290,290,511,515,459,498,525,473,422,542,461,683,662,597,527,12.17,57.04,0.01,0.01,120.03,100.48,94.92,60.74,90.72,88.97,71.24,56.35,77.14,38.71,26.97,56.45,61.89,68804.53515625,132146,67013.453125,256357.5,11446.5,4573.5,2301.5,7975.5,6090,12316,4078,6544,3665,9967,6472.5,4396.5,2617,NA
"05-JUL-2023",2023-07-05 10:24:42,"2023-07-05","10H 24M 42S","Unknown","2.16.0","Unknown","Unknown",750,290,511,515,459,498,525,473,422,542,461,683,662,597,527,81.04,0,55.77,81.36,143.49,88.54,96.63,62.48,78.75,62.83,113.56,101.31,104.44,97.01,134.35,104440.87109375,262143,23859.3603515625,12486.5551757812,7647.61499023438,6960.56982421875,7897.009765625,7821.43969726562,4406.71997070312,5463.35986328125,6019.19982910156,10140.7348632812,6335.32006835938,8515.90478515625,7428.9951171875,NA,NA,NA,NA,NA,NA,NA,NA,750,750,290,290,511,515,459,498,525,473,422,542,461,683,662,597,527,15.81,69.15,0,0.01,72.98,106.07,143.36,92.58,103.34,61.78,86.25,58.32,117.13,101.35,98.35,103.14,136.48,65537.375,103188.5,67014.890625,256354.5,20402.5,10453,6455,6039,7403.5,7777,4613,5154.5,5820.5,10009,6174.5,8183,6164.5,NA
"05-JUL-2023",2023-07-05 10:23:37,"2023-07-05","10H 23M 37S","Unknown","2.16.0","Unknown","Unknown",750,290,511,515,459,498,525,473,422,542,461,683,662,597,527,95.39,0,95.42,118.8,134.43,38.59,84.18,104.67,66.02,90.19,63.32,57.64,57.27,71.18,114.67,146509.8203125,262143,35303.0390625,22101.2548828125,19176.3452148438,16071.1801757812,17957.1806640625,32404.158203125,13028.4794921875,23525.7587890625,12758.3994140625,19131.21484375,9527.78466796875,13494.1245117188,14116.9150390625,NA,NA,NA,NA,NA,NA,NA,NA,750,750,290,290,511,515,459,498,525,473,422,542,461,683,662,597,527,31.26,71.57,0,0,103.89,126.86,132.43,50.04,78.66,86.98,46.18,71.03,61.76,69.87,64.84,74.38,127.56,72274.390625,85860.5,67015.01953125,256356.5,23599.5,11817.5,8423.5,13546,9758.5,20059.5,12990,16854,8815.5,18902,12701.5,13744.5,10477,NA
"30-JUN-2023",2023-06-30 09:20:10,"2023-06-30","9H 20M 10S","Unknown","LSRII","1","Administrator",750,290,511,515,459,498,525,473,422,542,461,683,662,597,527,3.85,11.79,49.96,60.26,58.9,3.78,15.43,21.27,17.29,27.72,7.95,19.1,21.27,21.01,21.27,31184.228515625,180532.015625,12272.3095703125,8256.330078125,12289.3203125,8876.5,12136,3564.15991210938,3939.83984375,4077.43994140625,6681.599609375,10379.5595703125,4952.7998046875,6970.41015625,11461.9599609375,55.09,0,19.61,37.43,0.81,0.82,0.64,0.41,750,750,290,290,511,515,459,498,525,473,422,542,461,683,662,597,527,2.96,5.01,2.25,10.31,30.96,27.69,29.3,8.04,11.33,8.17,4.25,11.58,6.32,7.22,8.34,6.48,7.03,53901.234375,38537,59986.3671875,199551,25993,18381,27181,9978,14201,6077,6250,6556,10300,19702,9649,12876,20910,NA
"30-JUN-2023",2023-06-30 09:19:03,"2023-06-30","9H 19M 3S","Unknown","2.16.0","Unknown","Unknown",750,290,511,515,459,498,525,473,422,542,461,683,662,597,527,55.79,0,13.75,18.47,13.03,22.9,21.41,28.32,34.99,24.2,24.69,1.09,6.58,5.96,19.3,101389.75,262143,32489.099609375,23739.48046875,32938.6484375,12936.3203125,17675.919921875,7742.7197265625,7745.919921875,7668.47998046875,13640.9599609375,20857.109375,12284.009765625,15850.599609375,23037.080078125,NA,NA,NA,NA,NA,NA,NA,NA,750,750,290,290,511,515,459,498,525,473,422,542,461,683,662,597,527,5.98,45.42,0,0,28.86,20.32,15.32,24.21,9.43,30.75,34.94,13.91,23.92,10.71,12.29,12.54,18.22,65537.5,97455,67013.5859375,256363,31236,22884,31936,13087,16532,7988,8271,7769,12063,20879,11421,14429,23231,NA
"29-JUN-2023",2023-06-29 10:05:02,"2023-06-29","10H 5M 2S","Unknown","2.16.0","Unknown","Unknown",750,290,511,515,459,498,525,473,422,542,461,683,662,597,527,32.03,0,83.45,105.88,97.73,108.07,98.14,47.29,57.68,97.08,76.43,74.6,91.89,103.47,99.15,215568.984375,262143,3091.76989746094,1151.81997680664,775.980026245117,5326.30981445312,4445.21997070312,17066.5600585938,6466.55981445312,9434.8798828125,3065.919921875,2660.90002441406,2220.96997070312,1868.98501586914,1133.23999023438,NA,NA,NA,NA,NA,NA,NA,NA,750,750,290,290,511,515,459,498,525,473,422,542,461,683,662,597,527,19.98,59.89,0,0,61.89,91.82,89.47,106.21,111.52,92.32,22.42,76.7,99.28,85.75,74.6,102.9,94.19,75252.1328125,186711.5,67014.625,256359,1605,591,401,3593,2151,9451.5,5002.5,7122.5,1801,2398,2047,1399,861,NA
"29-JUN-2023",2023-06-29 10:02:00,"2023-06-29","10H 2M 0S","Unknown","2.16.0","Unknown","Unknown",750,290,511,515,459,498,525,473,422,542,461,683,662,597,527,42.19,5.68,29.19,26.25,45.8,19.36,13.62,33.57,2.59,5.81,10.85,10.1,20.37,29.22,21.37,53732.91015625,252464.0625,23668.19921875,16721.640625,19430.279296875,12275.3994140625,16286.83984375,5404.7998046875,5611.52001953125,5914.23974609375,10306.5595703125,16040.4296875,7822.39013671875,10602.189453125,14607.4794921875,NA,NA,NA,NA,NA,NA,NA,NA,750,750,290,290,511,515,459,498,525,473,422,542,461,683,662,597,527,11.47,18.59,5.47,0,52.76,47.58,38.73,19.8,38.37,10.1,18.92,7.67,54.12,52.32,26.57,15.09,44.7,59558.18359375,52419,67015.4140625,256353,28500,20305,29221,13581,14085,8003,8275,8153,10711,19212,9196,12745,21465,NA
"28-JUN-2023",2023-06-28 11:04:37,"2023-06-28","11H 4M 37S","Unknown","2.16.0","Unknown","Unknown",750,290,511,515,459,498,525,473,422,542,461,683,662,597,527,55.2,0,126.78,137.23,137.21,101.49,120.55,118.58,107.36,78.56,119.17,130.38,123.69,126.98,133.13,191021.59375,262143,5903.27978515625,3561.57006835938,3707.3701171875,5861.35986328125,3531.73999023438,13697.919921875,4057.59985351562,4673.27978515625,1493.76000976562,6141.39013671875,4091.80004882812,5456.68994140625,4689.580078125,NA,NA,NA,NA,NA,NA,NA,NA,750,750,290,290,511,515,459,498,525,473,422,542,461,683,662,597,527,2.33,98.62,0,0,124.61,132.53,133.69,102.02,116.32,114.09,101.24,73.42,113.6,129.8,128.23,127.05,131.19,66381.5390625,125692,67016.1953125,256353,3649,2356,2421,2918,2033,9944,3216,3467,1540,5148,3560,4648,3336,NA
"28-JUN-2023",2023-06-28 11:02:52,"2023-06-28","11H 2M 52S","Unknown","2.16.0","Unknown","Unknown",750,290,511,515,459,498,525,473,422,542,461,683,662,597,527,25.96,0,17.21,14.81,72.74,60.95,60.39,93.09,98.02,117.89,64.43,7.5,66.05,35.17,50.7,72614.078125,262143,22722.119140625,15962.669921875,21780.900390625,11487.3798828125,10432.0400390625,30183.6796875,9299.83984375,15452.7998046875,6425.60009765625,10605.4697265625,8434.9296875,10780.1298828125,13317.2099609375,NA,NA,NA,NA,NA,NA,NA,NA,750,750,290,290,511,515,459,498,525,473,422,542,461,683,662,597,527,28.68,9.88,0,0,95.93,109.56,126.94,43.06,110.57,108.55,22.17,75.14,111.33,63.64,7.79,49.58,100.22,82012.4609375,67448,67014.3671875,256360,23727,19195,26155,7464,10975,14700,4468,7908,7772,13977,6397,11053,18297,NA
"27-JUN-2023",2023-06-27 18:33:37,"2023-06-27","18H 33M 37S","Unknown","2.16.0","Unknown","Unknown",750,290,511,515,459,498,525,473,422,542,461,683,662,597,527,3.47,7.97,6.12,5.33,5.01,7.32,7.99,7.69,7.92,7.76,6.39,4.95,5.65,4.58,4.2,34581.853515625,169308.671875,30688.4697265625,22370.580078125,30883.6806640625,8366.0498046875,12421.3598632812,5019.51977539062,5102.07983398438,5225.27978515625,9044.47998046875,17191.9150390625,8161.6650390625,11545.1899414062,18848.109375,NA,NA,NA,NA,NA,NA,NA,NA,750,750,290,290,511,515,459,498,525,473,422,542,461,683,662,597,527,2.66,3.21,0.52,7.69,6.38,5.6,5.45,7.68,8.26,8.55,8.13,9.75,6.55,5.15,6.26,4.73,4.19,54692.884765625,41570.5,64995.607421875,170312,28384,20947,29215.5,8504.5,12498,5243.5,5442.5,5443.5,9533.5,17803.5,8442,11858.5,19375,NA
"26-JUN-2023",2023-06-26 16:30:55,"2023-06-26","16H 30M 55S","Unknown","2.16.0","Unknown","Unknown",750,290,511,515,459,498,525,473,422,542,461,683,662,597,527,9.28,4.68,2.8,3.12,3.66,3.2,4.66,8.78,8.86,10.62,5.72,3.74,5.63,4.18,3.88,33694.427734375,163720.7890625,26389.3955078125,20023.19921875,26704.890625,7637.47998046875,11392.259765625,3468.7998046875,3544.9599609375,3523.19995117188,7232.6396484375,14107.689453125,6652.66015625,10738.5146484375,18239.259765625,NA,NA,NA,NA,NA,NA,NA,NA,750,750,290,290,511,515,459,498,525,473,422,542,461,683,662,597,527,3.26,9.63,1.07,4.05,3.24,3.28,3.76,3.38,5.64,11.09,10.92,13.41,7.09,4.13,6.17,4.45,3.99,53577.1484375,41742,66784.4296875,160439.5,24698,19144.5,25847,7517.5,11166,3316,3461,3399,7093,14552,6877,11021,18783,NA
"26-JUN-2023",2023-06-26 11:42:24,"2023-06-26","11H 42M 24S","Unknown","2.16.0","Unknown","Unknown",750,290,511,515,459,498,525,473,422,542,461,683,662,597,527,28.06,0,61.07,39.81,39.31,50.11,47.8,38.46,87.23,71.04,79.55,48.29,58.17,53.28,39.54,67264.1171875,262143,33516.98828125,27130.94921875,35348.3984375,11102.7998046875,16311.439453125,5084.15966796875,3980.15991210938,4225.919921875,8747.51953125,19685.330078125,9064.2802734375,13133.1201171875,22966.150390625,NA,NA,NA,NA,NA,NA,NA,NA,750,750,290,290,511,515,459,498,525,473,422,542,461,683,662,597,527,12.3,36.97,7.2,14.07,63.51,56.91,56,64.92,52.74,52.1,71.61,50.35,87.66,50.42,51.65,50.31,39.78,65537.5,57892,70431.765625,234142,26429,19884,26441,8488,11455,3739,3735,4108,7787,19105,9197,13277,22729,NA
"26-JUN-2023",2023-06-26 09:58:01,"2023-06-26","9H 58M 1S","Unknown","2.16.0","Unknown","Unknown",750,290,511,515,459,498,525,473,422,542,461,683,662,597,527,13.27,6.39,4.86,5.63,6.34,5.96,7.1,13.06,13.9,14.74,8.24,5.55,7.08,5.81,6.34,37171.36328125,168179.125,23810.759765625,15513.1201171875,19772.505859375,7406.23974609375,10496,2111.35986328125,2160,2185.27990722656,5680.95971679688,13232.5444335938,6265.4150390625,9403.759765625,14302.6450195312,NA,NA,NA,NA,NA,NA,NA,NA,750,750,290,290,511,515,459,498,525,473,422,542,461,683,662,597,527,3.06,11.69,0.61,6.32,4.8,5.76,6.31,6.92,7.63,14.65,14.78,17.36,9.43,6.05,7.57,6.19,6.55,58857.705078125,41440,71093.32421875,155268.5,23457,15376.5,19660.5,6875.5,9693.5,1827,1921,1985.5,5351.5,12961.5,6136.5,9214,14132.5,NA
"23-JUN-2023",2023-06-23 13:45:30,"2023-06-23","13H 45M 30S","Unknown","LSRII","1","Administrator",750,290,511,515,459,498,525,473,422,542,461,683,662,597,527,0,0,-184.81,-234.02,-226.37,121.65,128.24,-608.5,435.28,122.84,629.14,-215.84,-412.99,-317.16,-238.34,262143,262143,-1025.05499267578,-345.869995117188,-445.095001220703,7075.78002929688,7727.26977539062,-52.1599998474121,74.879997253418,1054.39996337891,73.5999984741211,-1123.40002441406,-292.53498840332,-362.235000610352,-627.915008544922,55.09,0,19.61,37.43,0.81,0.82,0.64,0.41,750,750,290,290,511,515,459,498,525,473,422,542,461,683,662,597,527,29.17,34.53,22.61,143.72,25.95,48.27,41.43,91.19,83.93,23.98,30.26,31.42,23.13,117.14,60.23,67.95,112.1,204480.1171875,83585,227456.7109375,46594,240,43,68,265,389.5,68,49,184,141,81,96,72,41,NA
"23-JUN-2023",2023-06-23 10:57:54,"2023-06-23","10H 57M 54S","Unknown","LSRII","1","Administrator",750,290,511,515,459,498,525,473,422,542,461,683,662,597,527,49.86,0,-252.59,-76.38,-104.18,14.75,16.57,-352.12,-283.04,-461.25,-638.66,-83.8,-115.31,-178.67,-99.85,85519.28125,262143,-65.6100006103516,-26.7299995422363,-29.9699993133545,13425.0400390625,14921.5400390625,-5.11999988555908,-3.51999986171722,-5.75999975204468,-8.31999969482422,-37.7200012207031,-18.4500007629395,-15.9899997711182,-20.0900001525879,55.09,0,19.61,37.43,0.81,0.82,0.64,0.41,750,750,290,290,511,515,459,498,525,473,422,542,461,683,662,597,527,4.85,45.04,8.33,12.15,34.48,66.72,63.54,15.06,17.12,47.83,38.44,64.02,47.52,108.72,63.54,93.35,87.21,99150.23046875,55973,101377.0234375,168668,172,20,28,7752,8679.5,31,27,44,78,15,35,27,17,NA
"23-JUN-2023",2023-06-23 10:57:23,"2023-06-23","10H 57M 23S","Unknown","LSRII","1","Administrator",750,290,511,515,459,498,525,473,422,542,461,683,662,597,527,51.03,0,-239.03,-176.5,-219.17,11.32,12.87,-477.73,-1037.82,-3706.5,156.5,-89.54,-108.55,-220.14,-107.59,85476.15625,262143,-39.689998626709,-17.0100002288818,-18.6299991607666,14461.51953125,16284.3798828125,-5.75999975204468,-1.91999995708466,-1.27999997138977,34.5599975585938,-82.8199996948242,-45.9199981689453,-27.0599994659424,-46.3299980163574,55.09,0,19.61,37.43,0.81,0.82,0.64,0.41,750,750,290,290,511,515,459,498,525,473,422,542,461,683,662,597,527,4.79,46.2,12.79,12.65,22.55,41.7,25.18,15.12,16.74,27.58,22.81,36.56,32.54,68.96,42.77,47.44,59.3,98917.3359375,56462,101404.2265625,169419,217,32,53,7775,8726,43,39,73,123,43,52,50,30,NA
"22-JUN-2023",2023-06-22 13:59:08,"2023-06-22","13H 59M 8S","Unknown","2.16.0","Unknown","Unknown",750,290,511,515,459,498,525,473,422,542,461,683,662,597,527,5.28,8.68,8.86,9.39,9.35,8.23,7.93,4.23,3.9,7.14,4.82,5.92,6.87,5.87,5.72,50981.314453125,153497.4453125,20721.0146484375,10158.615234375,12397.8598632812,7324.23974609375,8850.259765625,4126.7197265625,4336,4165.759765625,7735.35986328125,13595.39453125,6401.330078125,6988.44970703125,9601.5849609375,NA,NA,NA,NA,NA,NA,NA,NA,750,750,290,290,511,515,459,498,525,473,422,542,461,683,662,597,527,2.12,5.48,1.26,7.52,9.98,10.52,10.67,7.48,8,5.57,5.08,9.72,5.9,6.46,7.58,6.55,6.04,57782.240234375,57921.5,64665.41015625,155203.5,20514.5,10132.5,12552.5,7428,8956,4432.5,4758,4532,8283,13939,6570,7062.5,9778,NA
"22-JUN-2023",2023-06-22 13:46:43,"2023-06-22","13H 46M 43S","Unknown","2.16.0","Unknown","Unknown",750,290,511,515,459,498,525,473,422,542,461,683,662,597,527,5.19,7.68,10.22,10.57,10.55,7.04,7.38,7.16,7.02,9.38,5.84,5.68,7.13,6.17,5.89,50426.142578125,146083,17862.119140625,9141.66015625,10906.650390625,6950.31982421875,8266.419921875,2983.0400390625,3252.79992675781,3054.71997070312,5912.9599609375,9222.9501953125,4341.89990234375,4761.125,6548.93017578125,NA,NA,NA,NA,NA,NA,NA,NA,750,750,290,290,511,515,459,498,525,473,422,542,461,683,662,597,527,2.09,5.36,1.11,6.89,9.06,9.77,9.93,6.67,7.54,5.78,5.36,9.51,5.91,5.45,7.18,6.15,5.52,57460.947265625,57602,61387.896484375,155734,20884,10545,12991,7466,9049,4385,4762,4452.5,8291,14131,6659,7286,10011,NA
"16-JUN-2023",2023-06-16 12:08:46,"2023-06-16","12H 8M 46S","Unknown","2.16.0","Unknown","Unknown",750,290,511,515,459,498,525,473,422,542,461,683,662,597,527,3.53,11.88,8.44,8.66,8.39,11.39,10.23,8.35,8.34,10.12,5.69,6.01,7.5,5.78,5.4,49916.01953125,140267.5625,20980.619140625,14059.169921875,19118.4296875,6630.52001953125,9411.9599609375,3853.43994140625,3980.15991210938,3946.23999023438,7600,13351.240234375,6328.35009765625,9371.3701171875,14974.01953125,NA,NA,NA,NA,NA,NA,NA,NA,750,750,290,290,511,515,459,498,525,473,422,542,461,683,662,597,527,2.11,3.37,1.16,10.71,10.23,10.79,10.77,10.25,10.31,7.33,7.06,10.25,5.49,6.18,7.79,6.23,5.64,57316.015625,57105,63765.26171875,143887,20237,13660,18809,6783,9622,4877,5142,5006,8590,13627,6475,9420,15130,NA
"16-JUN-2023",2023-06-16 12:08:10,"2023-06-16","12H 8M 10S","Unknown","2.16.0","Unknown","Unknown",750,290,511,515,459,498,525,473,422,542,461,683,662,597,527,3.49,11.56,9.67,9.92,9.97,10.96,9.52,7.61,8.03,9.4,5.25,6.49,7.48,6.52,5.65,49480.96875,128811.3359375,18207.1796875,12161.33984375,16717.58984375,5933.52001953125,8431.240234375,3130.8798828125,3248.63989257812,3280.63989257812,6104.31982421875,8865.4296875,4179.5400390625,6084.81005859375,9828.1103515625,NA,NA,NA,NA,NA,NA,NA,NA,750,750,290,290,511,515,459,498,525,473,422,542,461,683,662,597,527,1.98,3.34,1.42,10.34,9.59,10.27,10.58,10.15,9.13,7.29,6.89,10.3,5.41,6.15,7.55,5.83,5.01,56767.4296875,57083,59495.63671875,141828,19972,13392,18489,6675,9519,4819,5098,4978,8558,13658,6443,9376,15088,NA
"14-JUN-2023",2023-06-14 10:09:29,"2023-06-14","10H 9M 29S","Unknown","2.16.0","Unknown","Unknown",750,290,511,515,459,498,525,473,422,542,461,683,662,597,527,4.03,9.76,5.8,5.48,4.3,9.12,8.57,4.05,3.83,6.98,4.39,5.79,6.71,5.47,5.21,49353.1484375,149845.9765625,24037.560546875,16347.0151367188,21491.3251953125,7087.669921875,9977.349609375,3998.39990234375,4231.6796875,4118.71997070312,7633.27978515625,13683.1352539062,6434.1298828125,9479.4052734375,15253.4350585938,NA,NA,NA,NA,NA,NA,NA,NA,750,750,290,290,511,515,459,498,525,473,422,542,461,683,662,597,527,2.02,4.37,1.24,8.65,7.07,6.93,5.19,8.18,8.51,4.04,3.66,8.61,5.2,6.04,7.59,5.9,5.86,57216.3828125,56665.5,64178.650390625,152688.5,22499,15593,20816,7244,10173,4823,5208.5,5009,8446.5,14073,6642,9658.5,15638,NA
"14-JUN-2023",2023-06-14 10:08:48,"2023-06-14","10H 8M 48S","Unknown","2.16.0","Unknown","Unknown",750,290,511,515,459,498,525,473,422,542,461,683,662,597,527,3.94,9.64,18.66,17.28,16.94,9.44,9.02,6.7,5.39,8.92,4.76,6.86,7.7,6.75,6.78,49367.0078125,134374.21875,17765.73046875,12386.9252929688,16575.435546875,6495.6298828125,8823.60986328125,3149.75988769531,3518.07983398438,3291.83996582031,6202.55981445312,8868.2998046875,4183.22998046875,6151.64013671875,9873.82470703125,NA,NA,NA,NA,NA,NA,NA,NA,750,750,290,290,511,515,459,498,525,473,422,542,461,683,662,597,527,2.04,4.04,1.54,8.65,6.85,6.58,5.54,8.27,8.79,4.72,4.12,9.03,4.73,6.2,7.53,5.78,5.78,56898.64453125,57078.5,58861.734375,149522.5,22184.5,15398,20702,7125.5,9954.5,4810,5204,4998,8503,13878.5,6534.5,9582.5,15495,NA
"13-JUN-2023",2023-06-13 16:49:38,"2023-06-13","16H 49M 38S","Unknown","2.16.0","Unknown","Unknown",750,290,511,515,459,498,525,473,422,542,461,683,662,597,527,2.97,6.43,3.94,4,3.81,5.47,6.02,3.58,2.94,7.26,3.89,5.08,5.9,4.8,5.01,50871.97265625,148113.3203125,23329.6201171875,16460.4150390625,21812.0849609375,7149.580078125,10195.4702148438,4013.43981933594,4323.83984375,4141.11987304688,7817.59985351562,13567.3095703125,6423.4697265625,9663.2900390625,15554.3745117188,NA,NA,NA,NA,NA,NA,NA,NA,750,750,290,290,511,515,459,498,525,473,422,542,461,683,662,597,527,2.01,3.29,0.87,5.5,4.13,4.37,4.03,4.9,6.42,3.33,2.34,8.47,4.91,5.3,6.65,5.22,5.41,57698.34765625,57948,64451.943359375,150220,21930,15610.5,21176.5,7318.5,10281.5,4810.5,5299,5015.5,8575,14063.5,6692,9947.5,16064,NA
"08-JUN-2023",2023-06-08 10:33:33,"2023-06-08","10H 33M 33S","Unknown","2.16.0","Unknown","Unknown",750,290,511,515,459,498,525,473,422,542,461,683,662,597,527,3.72,6.64,5.61,6.04,5.94,5.5,6.43,6.19,6.03,8.58,4.95,4.87,6.64,5.15,4.82,51620.796875,153013.640625,21325.6796875,14517.6298828125,19537.19921875,7202.06005859375,10268.0400390625,3662.71997070312,3932.7998046875,3781.76000976562,7365.11962890625,13854.3095703125,6535.39990234375,9838.3603515625,15844.0400390625,NA,NA,NA,NA,NA,NA,NA,NA,750,750,290,290,511,515,459,498,525,473,422,542,461,683,662,597,527,1.99,3.81,0.79,5.96,6.38,7.02,6.76,5.57,7.01,5.95,5.53,9.17,5.12,5.27,7.29,5.41,5.1,57983.14453125,58369,64805.109375,154703,21149,14540,19808,7323,10400,5753,6351,6000,9663,14259,6733,10004,16182,NA
"08-JUN-2023",2023-06-08 10:32:05,"2023-06-08","10H 32M 5S","Unknown","LSRII","1","Administrator",750,290,511,515,459,498,525,473,422,542,461,683,662,597,527,3.41,6.56,6.74,7.15,7.45,5.45,6.52,6.05,5.75,8.49,4.85,5.29,6.85,5.79,5.64,50902.390625,140180.640625,18559.529296875,12734.8203125,16951.6796875,6601.81982421875,9513.6396484375,3151.35986328125,3513.59985351562,3363.83984375,6181.759765625,9322.990234375,4410.3701171875,6594.85009765625,10655.490234375,55.09,0,19.61,37.43,0.81,0.82,0.64,0.41,750,750,290,290,511,515,459,498,525,473,422,542,461,683,662,597,527,2.03,3.55,1.21,5.97,6.16,6.65,6.67,5.14,6.89,5.79,5.49,9.24,4.81,5.24,6.89,5.34,5.03,57441.06640625,58144,59451.01953125,154482,21245,14647,19967,7330,10409,5758,6347,6031,9686,14248,6733,10054,16246,NA
"05-JUN-2023",2023-06-05 10:02:38,"2023-06-05","10H 2M 38S","Unknown","2.16.0","Unknown","Unknown",750,290,511,515,459,498,525,473,422,542,461,683,662,597,527,3.38,7.01,5.34,5.66,5.9,5.74,6.6,4.21,3.75,7.41,4.59,4.67,6.53,5.15,4.96,49860.962890625,148962.0234375,20797.96484375,14495.7602539062,19542.46484375,7044.2099609375,10223.759765625,3969.28002929688,4173.43994140625,4086.39990234375,7755.52001953125,13858.8203125,6555.89990234375,10135.2001953125,16432.1845703125,NA,NA,NA,NA,NA,NA,NA,NA,750,750,290,290,511,515,459,498,525,473,422,542,461,683,662,597,527,1.94,3.6,0.81,6.45,6.48,6.56,6.88,5.54,6.94,4.1,3.49,8.44,5.16,5.24,7,5.46,5.28,57562.8984375,56872.5,64190.37109375,151981.5,20758.5,14597,19914,7214.5,10426,5192.5,5573,5369,8826,14144,6712,10235,16644,NA
"05-JUN-2023",2023-06-05 10:00:57,"2023-06-05","10H 0M 57S","Unknown","2.16.0","Unknown","Unknown",750,290,511,515,459,498,525,473,422,542,461,683,662,597,527,3.23,6.3,6.82,7.04,7.4,5.62,6.16,4.39,4.05,7.05,4.42,5.14,6.72,5.54,5.33,49306.564453125,138735.8046875,17794.080078125,12640.0498046875,16858.5302734375,6439.86987304688,9413.599609375,3262.39990234375,3515.52001953125,3460.47998046875,6327.0400390625,9166.98486328125,4305.205078125,6621.91015625,10797.5546875,NA,NA,NA,NA,NA,NA,NA,NA,750,750,290,290,511,515,459,498,525,473,422,542,461,683,662,597,527,1.92,3.38,0.99,5.74,5.81,6.33,6.43,5.29,6.5,3.71,3.26,8.12,4.78,4.84,6.63,5.06,4.81,57033.974609375,56708,59949.6796875,151645.5,20832.5,14670,19953,7213.5,10414,5196,5600,5353,8813,14131,6697.5,10238,16662.5,NA
"02-JUN-2023",2023-06-02 12:46:26,"2023-06-02","12H 46M 26S","Unknown","2.16.0","Unknown","Unknown",750,290,511,515,459,498,525,473,422,542,461,683,662,597,527,3.54,6.46,4.99,5.18,5.3,5.35,5.96,3.29,2.76,6.24,4.47,4.87,6.44,5.03,4.45,51423.6796875,149339.21875,20469.10546875,13087.98046875,17292.689453125,7087.669921875,9757.1796875,4078.39990234375,4295.6796875,4153.60009765625,7744.6396484375,13460.3002929688,6333.47509765625,8969.16015625,13957.2197265625,NA,NA,NA,NA,NA,NA,NA,NA,750,750,290,290,511,515,459,498,525,473,422,542,461,683,662,597,527,2.06,3.63,0.8,5.96,5.83,6,6.06,5.23,7.16,3.81,3.28,7.84,4.93,5.28,7.07,5.24,4.71,58045.947265625,58163,64883.759765625,150856,20404,13139,17588.5,7191,9862.5,5074,5470,5207.5,8521,13894,6553.5,9128.5,14298,NA
"02-JUN-2023",2023-06-02 12:45:02,"2023-06-02","12H 45M 2S","Unknown","2.16.0","Unknown","Unknown",750,290,511,515,459,498,525,473,422,542,461,683,662,597,527,3.32,6.4,12.63,11.46,12.82,5.64,6.36,5.76,5.11,8.19,5.16,5.42,6.97,5.86,5.77,50790.73828125,140365.953125,15142.9501953125,10147.6796875,12895.2001953125,6614.1201171875,8928.16015625,3030.39990234375,3397.76000976562,3126.39990234375,6091.52001953125,8965.0595703125,4239.81005859375,5911.3798828125,9267.6396484375,NA,NA,NA,NA,NA,NA,NA,NA,750,750,290,290,511,515,459,498,525,473,422,542,461,683,662,597,527,1.98,3.27,1.03,5.77,6,6.35,6.6,5.4,6.79,3.71,3.15,7.51,4.79,5.06,6.8,5.12,4.91,57354.44140625,58142,61237.953125,149853,20083,13066,17435,7108,9782,5074,5465,5191,8568,13832,6541,9094,14240,NA
"01-JUN-2023",2023-06-01 14:29:53,"2023-06-01","14H 29M 53S","Unknown","2.16.0","Unknown","Unknown",750,290,511,515,459,498,525,473,422,542,461,683,662,597,527,3.65,9.1,7.27,7.54,7.77,8.88,8.44,3.93,3.57,7,4.43,4.62,6.29,4.66,4.36,50629.80859375,150929.203125,21491.3251953125,13844.115234375,18457.4697265625,7074.9599609375,9854.349609375,3912.9599609375,4201.60009765625,4061.43994140625,7604.47998046875,13736.2294921875,6499.31982421875,9308.6396484375,14530.3999023438,NA,NA,NA,NA,NA,NA,NA,NA,750,750,290,290,511,515,459,498,525,473,422,542,461,683,662,597,527,1.94,3.75,1.2,7.97,8.61,8.99,9.3,8.07,8.83,3.97,3.49,8.05,5.14,4.98,6.95,5.14,4.67,57282.69921875,58019.5,63899.33984375,154473,21622.5,14044,18904.5,7259,10084.5,5411,5942,5654,8914,14004,6632,9381,14729,NA
"01-JUN-2023",2023-06-01 14:28:25,"2023-06-01","14H 28M 25S","Unknown","2.16.0","Unknown","Unknown",750,290,511,515,459,498,525,473,422,542,461,683,662,597,527,3.56,9.37,9.27,9.3,9.24,9.33,8.49,4.63,4.14,7.51,4.8,5.66,7.17,6.16,5.69,50527.3984375,138976.0625,18817.919921875,12258.5400390625,16436.51953125,6408.2998046875,9010.9794921875,3317.11987304688,3646.71997070312,3473.919921875,6245.11962890625,9016.7197265625,4214.7998046875,5972.8798828125,9503.3896484375,NA,NA,NA,NA,NA,NA,NA,NA,750,750,290,290,511,515,459,498,525,473,422,542,461,683,662,597,527,1.9,3.48,1.28,8.35,8.31,8.67,8.83,8.4,8.35,4.13,3.56,8.22,5.06,5.14,7.04,5.28,4.87,56750.08203125,58522,59574.26953125,152838,21502,13976,18808,7203,10017,5417,5952,5642,8990,13960,6593,9404,14753,NA
"31-MAY-2023",2023-05-31 14:12:44,"2023-05-31","14H 12M 44S","Unknown","2.16.0","Unknown","Unknown",750,290,511,515,459,498,525,473,422,542,461,683,662,597,527,3.3,7.12,5.1,5.35,5.45,5.81,6.54,5.98,5.87,8.17,4.89,4.54,6.49,4.97,4.42,50772.2578125,147522.09375,20668.76953125,13501.8896484375,17927.73046875,7047.89990234375,9759.6396484375,3665.28002929688,3941.76000976562,3784.31982421875,7352.9599609375,13612.41015625,6448.89013671875,9227.0498046875,14460.2900390625,NA,NA,NA,NA,NA,NA,NA,NA,750,750,290,290,511,515,459,498,525,473,422,542,461,683,662,597,527,1.96,3.45,0.87,6.54,6.06,6.34,6.36,5.32,6.88,5.83,5.46,9.06,5.02,4.95,7.22,5.29,4.65,57377.1640625,58086,63776.46875,151680,20741,13634,18369,7248,10016,5768,6356,5987,9660,14009,6649,9409,14777,NA
"31-MAY-2023",2023-05-31 14:11:29,"2023-05-31","14H 11M 29S","Unknown","2.16.0","Unknown","Unknown",750,290,511,515,459,498,525,473,422,542,461,683,662,597,527,3.21,6.27,6.21,6.34,6.48,5.54,6.3,5.61,5.32,7.6,4.6,5.26,6.45,5.55,5.16,50330.27734375,137635.359375,18227.4296875,11947.5,15856.5595703125,6446.02001953125,9026.5595703125,3249.919921875,3534.71997070312,3334.39990234375,6165.759765625,8847.7998046875,4224.64013671875,5973.69970703125,9310.2802734375,NA,NA,NA,NA,NA,NA,NA,NA,750,750,290,290,511,515,459,498,525,473,422,542,461,683,662,597,527,1.81,3.38,1.04,5.77,5.84,6.19,6.39,5.36,6.66,5.52,5.28,8.68,4.59,4.88,6.38,5.13,4.56,56978.4375,58040,59680.40234375,151047,20744,13662,18353,7243,10012,5751,6316,5946,9629,14009,6624,9424,14792,NA
"30-MAY-2023",2023-05-30 10:25:53,"2023-05-30","10H 25M 53S","Unknown","2.16.0","Unknown","Unknown",750,290,511,515,459,498,525,473,422,542,461,683,662,597,527,3.11,6.43,4.91,5.32,5.43,5.59,6.41,3.22,2.82,6.49,4.11,4.29,5.97,4.79,4.23,49613.41015625,149519.625,21105.3603515625,14369.8051757812,19287.3154296875,7113.5,10130.6899414062,4036.15991210938,4342.39990234375,4149.1201171875,7830.39990234375,13655.0498046875,6472.875,9674.15478515625,15547.2001953125,NA,NA,NA,NA,NA,NA,NA,NA,750,750,290,290,511,515,459,498,525,473,422,542,461,683,662,597,527,1.93,3.2,0.84,5.86,5.89,6.28,6.35,5.44,6.56,3.52,2.81,8.08,4.77,4.75,6.45,5.16,4.49,57667.99609375,56427.5,64478.28515625,151893.5,21053,14452,19639,7253,10245,5561,6125,5749,9077,14014.5,6646,9795,15862,NA
"30-MAY-2023",2023-05-30 10:24:29,"2023-05-30","10H 24M 29S","Unknown","2.16.0","Unknown","Unknown",750,290,511,515,459,498,525,473,422,542,461,683,662,597,527,3.48,6.59,16.57,16.72,18.25,5.53,6.31,6.3,6.4,8.84,5.49,5.53,7.15,5.48,5.68,49656.9140625,144950.9921875,10988.865234375,7439.85009765625,8981.2802734375,6787.9599609375,9671.900390625,2931.19995117188,3092.79992675781,3080.31982421875,5995.83984375,8832.2197265625,4260.10498046875,6356.43505859375,10110.3950195312,NA,NA,NA,NA,NA,NA,NA,NA,750,750,290,290,511,515,459,498,525,473,422,542,461,683,662,597,527,2.06,3.51,0.95,6.16,6.34,6.72,8.05,5.53,6.93,3.69,3.06,8.07,5.02,4.98,6.63,5.01,4.71,57600.64453125,56584.5,61520.876953125,154489.5,21116,14540.5,19328,7390,10404.5,5612.5,6160,5788,9049,14147,6727,9906,16052.5,NA
"18-MAY-2023",2023-05-18 10:16:35,"2023-05-18","10H 16M 35S","Unknown","2.16.0","Unknown","Unknown",750,290,511,515,459,498,525,473,422,542,461,683,662,597,527,4.74,8.9,9.12,9.85,10.66,7.75,8.29,11.86,11.72,12.91,6.57,5.77,7.17,5.65,5.8,53048.763671875,152522.4609375,20499.8857421875,13367.8349609375,17642.6103515625,7247.97998046875,9880.59033203125,3453.43994140625,3722.8798828125,3547.19995117188,7047.99975585938,13722.7001953125,6441.09985351562,9053.2099609375,14036.14453125,NA,NA,NA,NA,NA,NA,NA,NA,750,750,290,290,511,515,459,498,525,473,422,542,461,683,662,597,527,1.92,4.7,1.31,7.62,10.68,11.36,12.07,7.15,8.53,11.5,11.4,12.38,5.55,6.04,7.68,6.39,6.34,58159.908203125,59725.5,64862.375,153684.5,20476,13500.5,17966.5,7321,9951.5,5854.5,6479,6044,9933.5,14287,6719,9380.5,14612,NA
"18-MAY-2023",2023-05-18 10:15:06,"2023-05-18","10H 15M 6S","Unknown","2.16.0","Unknown","Unknown",750,290,511,515,459,498,525,473,422,542,461,683,662,597,527,4.56,8.86,9.13,9.37,9.72,8.13,8.41,11.96,11.91,13.12,6.64,5.66,6.95,5.73,5.35,52763.865234375,151476.546875,20463.435546875,13448.0249023438,17737.3798828125,7181.56005859375,9848.2001953125,3427.19995117188,3685.43994140625,3503.35986328125,7058.23999023438,13636.8046875,6413.4248046875,9075.96484375,14088.830078125,NA,NA,NA,NA,NA,NA,NA,NA,750,750,290,290,511,515,459,498,525,473,422,542,461,683,662,597,527,1.9,4.47,1.31,7.59,10.74,11.04,11.07,7.31,8.4,11.78,11.63,13.62,5.56,6.36,7.6,6.09,5.81,57951.3125,59739,64499.876953125,153493.5,20575,13608,18195,7279.5,9957.5,5809,6416.5,5994.5,9993,14215,6691,9413,14702.5,NA
"17-MAY-2023",2023-05-17 09:40:42,"2023-05-17","9H 40M 42S","Unknown","2.16.0","Unknown","Unknown",750,290,511,515,459,498,525,473,422,542,461,683,662,597,527,4.19,8.66,8.69,8.98,8.77,8.48,8.28,4.58,4.3,7.29,4.44,5,6.47,4.88,4.76,50542.02734375,152664.3125,21069.720703125,13944.150390625,18560.33984375,7184.02001953125,9974.4794921875,4016,4324.47998046875,4110.7197265625,7680,13810.0302734375,6493.169921875,9331.599609375,14492.6796875,NA,NA,NA,NA,NA,NA,NA,NA,750,750,290,290,511,515,459,498,525,473,422,542,461,683,662,597,527,2.07,4.21,1.18,7.56,9.91,10.43,10.31,7.56,8.28,4.12,3.78,8.21,4.6,5.53,6.91,5.18,5.09,58118.4296875,57186,65041.7109375,153519,20757,13907,18756,7239,10066,5432,5968,5617,8801,14206,6694,9530,14903,NA
"17-MAY-2023",2023-05-17 09:40:03,"2023-05-17","9H 40M 3S","Unknown","2.16.0","Unknown","Unknown",750,290,511,515,459,498,525,473,422,542,461,683,662,597,527,4.08,8.73,13.3,13.78,13.24,8.46,8.48,6.08,6.14,8.75,5.56,5.92,7.16,6.09,5.86,49822.078125,142775.9375,14263.2900390625,9244.5302734375,12564.7197265625,6585.419921875,9228.2802734375,2855.67993164062,3166.71997070312,3004.80004882812,5872.6396484375,9256.9794921875,4360.759765625,6261.10986328125,9640.330078125,NA,NA,NA,NA,NA,NA,NA,NA,750,750,290,290,511,515,459,498,525,473,422,542,461,683,662,597,527,1.88,4.1,1.25,8.05,9.99,10.77,10.43,7.91,8.52,4.14,3.65,8.01,5.08,5.75,7.04,5.86,5.33,57632.34765625,56793,60816.5703125,153890,21012,13544,18517,7257,10058,5443,5975,5607,8869,14247,6715,9607,14856,NA
"15-MAY-2023",2023-05-15 14:14:41,"2023-05-15","14H 14M 41S","Unknown","2.16.0","Unknown","Unknown",750,290,511,515,459,498,525,473,422,542,461,683,662,597,527,4.78,8.75,8.42,8.77,8.98,8.06,7.78,10.52,10.94,12.14,5.94,5.51,6.43,5.29,5.04,50313.33984375,151569.625,20334.240234375,13676.0400390625,18191.791015625,7131.5400390625,10013.01953125,3498.23999023438,3711.35986328125,3524.47998046875,7138.56005859375,13657.919921875,6420.60009765625,9370.9599609375,14563.2001953125,NA,NA,NA,NA,NA,NA,NA,NA,750,750,290,290,511,515,459,498,525,473,422,542,461,683,662,597,527,1.99,4.59,1.19,7.7,9.85,10.25,10.89,7.04,7.82,10.13,10.42,12.48,4.86,5.93,6.79,5.74,5.36,57617.0390625,57439,64340.29296875,154303,20429,13866,18655,7263,10148,5753,6249,5823,9765,14186,6677,9707,15159,NA
"15-MAY-2023",2023-05-15 14:14:08,"2023-05-15","14H 14M 8S","Unknown","LSRII","1","Administrator",750,290,511,515,459,498,525,473,422,542,461,683,662,597,527,4.57,7.88,12.32,12.85,13.31,7.3,7.54,9.99,9.71,11.64,5.53,5.88,6.89,5.98,5.64,49758.16796875,142116.65625,16248.599609375,10746.2705078125,13918.23046875,6678.89990234375,9244.6796875,3105.28002929688,3273.59985351562,3153.919921875,6018.56005859375,9153.66015625,4324.27001953125,6291.0400390625,9833.439453125,55.09,0,19.61,37.43,0.81,0.82,0.64,0.41,750,750,290,290,511,515,459,498,525,473,422,542,461,683,662,597,527,2.05,4.4,1.25,7.09,9.95,10.88,10.81,7,8.02,10.21,9.88,12.23,4.99,5.87,6.99,5.69,5.23,57263.33203125,57130,60342.06640625,154303,20645,13708,18377,7287,10152,5807,6316,5904,9811,14271,6706,9742,15231,NA
"12-MAY-2023",2023-05-12 10:25:17,"2023-05-12","10H 25M 17S","Unknown","2.16.0","Unknown","Unknown",750,290,511,515,459,498,525,473,422,542,461,683,662,597,527,3.33,7.32,9.11,10.11,9.6,6.08,7.16,5.02,4.69,7.86,8.48,5.32,6.55,6.52,6.18,49120.609375,134573.484375,15139.7099609375,8050.58984375,10333.169921875,6294.31982421875,8407.4599609375,2984.31982421875,3320.31982421875,3209.59985351562,2641.28002929688,9284.8603515625,4359.1201171875,5413.22998046875,7382.4599609375,NA,NA,NA,NA,NA,NA,NA,NA,750,750,290,290,511,515,459,498,525,473,422,542,461,683,662,597,527,2.07,3.26,1.22,6.8,6.69,7.16,7.9,5.86,7.18,3.65,3.07,8.32,7.77,4.94,6.45,5.92,5.99,56984.57421875,56550,58765.34765625,150086,19312,10772,13384,7058,9290,5407,5989,5701,4333,14253,6711,8286,11314,NA
"11-MAY-2023",2023-05-11 09:43:00,"2023-05-11","9H 43M 0S","Unknown","2.16.0","Unknown","Unknown",750,290,511,515,459,498,525,473,422,542,461,683,662,597,527,3.86,10.33,9.24,10.17,10.42,9.94,9.58,11.47,11.58,12.39,9.58,5.81,7.22,5.68,5.34,48379.8671875,145444.21875,19982.69921875,12662.73046875,17203.58984375,6822.39990234375,9392.2802734375,3367.67993164062,3622.39990234375,3476.47998046875,3990.39990234375,13478.75,6339.419921875,9058.5400390625,13982.2294921875,NA,NA,NA,NA,NA,NA,NA,NA,750,750,290,290,511,515,459,498,525,473,422,542,461,683,662,597,527,2.05,3.61,1.21,9.09,10.82,11.85,12.42,9.19,9.41,11.09,10.93,12.58,9.29,6.34,7.92,6.09,5.91,57014.82421875,55667,63574.54296875,149664,20056,12809,17568,7034,9627,5600,6186,5798,5934,13989,6590,9299,14439,NA
"11-MAY-2023",2023-05-11 09:41:49,"2023-05-11","9H 41M 49S","Unknown","2.16.0","Unknown","Unknown",750,290,511,515,459,498,525,473,422,542,461,683,662,597,527,3.76,10.15,12.64,13.15,12.95,9.7,9.97,10.95,11.09,12.18,9.47,6.49,7.82,6.38,6.11,47854.728515625,136551.3203125,17633.294921875,11075.53515625,15347.8803710938,6385.75,8509.14013671875,2923.52001953125,3226.8798828125,3114.8798828125,3477.76000976562,8638.2900390625,4122.55004882812,5791.455078125,9024.919921875,NA,NA,NA,NA,NA,NA,NA,NA,750,750,290,290,511,515,459,498,525,473,422,542,461,683,662,597,527,2.15,3.75,1.31,9.04,11.25,11.97,11.82,8.86,9.48,11.07,11.07,12.74,9.24,6.4,7.93,6.04,5.65,56461.392578125,55624,59341.21875,150623.5,20240.5,12984,17854,7069.5,9669,5651.5,6239.5,5870,5992.5,14071,6610,9359,14519,NA
"10-MAY-2023",2023-05-10 10:18:23,"2023-05-10","10H 18M 23S","Unknown","2.16.0","Unknown","Unknown",750,290,511,515,459,498,525,473,422,542,461,683,662,597,527,4.05,9.58,10.05,10.3,10.44,9.16,8.7,11.2,11.04,12.61,6.16,5.56,7.19,5.63,5.07,49578.7578125,150356.015625,20251.619140625,13505.1298828125,18540.900390625,7031.5,9846.5595703125,3463.67993164062,3783.03979492188,3603.19995117188,7218.56005859375,13416.01953125,6311.1298828125,9448.4501953125,15120.7998046875,NA,NA,NA,NA,NA,NA,NA,NA,750,750,290,290,511,515,459,498,525,473,422,542,461,683,662,597,527,1.98,4,1.28,8.4,11.46,12.11,12.41,8.07,8.75,10.77,10.53,12.6,5.21,6,7.63,6.06,5.58,57508.30859375,56655,64178.0625,153298,20280,13609,18945,7180,10030,5659,6349,5894,9790,13917,6551,9716,15629,NA
"10-MAY-2023",2023-05-10 10:16:48,"2023-05-10","10H 16M 48S","Unknown","2.16.0","Unknown","Unknown",750,290,511,515,459,498,525,473,422,542,461,683,662,597,527,4.31,8.72,13.23,13.72,13.61,8.16,8.13,9.5,9.57,10.9,5.77,5.98,7.47,6.19,5.74,49103.66796875,143139.203125,15920.5498046875,10642.58984375,15234.48046875,6596.080078125,9132.33984375,2957.43994140625,3290.23999023438,3036.80004882812,5966.080078125,9063.0498046875,4265.22998046875,6291.44970703125,10120.439453125,NA,NA,NA,NA,NA,NA,NA,NA,750,750,290,290,511,515,459,498,525,473,422,542,461,683,662,597,527,1.98,4.23,1.21,7.86,11.08,11.65,11.95,7.49,8.16,10.05,9.66,11.7,5.04,5.95,7.61,5.84,5.48,57108.58203125,56439,60891.3984375,154012,20428,13793,19136,7209,10052,5707,6368,5932,9800,14020,6607,9753,15689,NA
"09-MAY-2023",2023-05-09 11:38:18,"2023-05-09","11H 38M 18S","Unknown","LSRII","1","Administrator",750,290,511,515,459,498,525,473,422,542,461,683,662,597,527,3.46,6.88,5.74,6.23,6.34,5.57,6.48,5.31,5.23,7.68,4.74,4.49,6.17,4.82,4.36,49645.748046875,149710.6796875,20559.419921875,13974.5249023438,19299.46484375,7011.81982421875,10082.3100585938,3725.43994140625,4012.15991210938,3891.19995117188,7362.23999023438,13714.08984375,6477.794921875,9786.9052734375,15718.375,55.09,0,19.61,37.43,0.81,0.82,0.64,0.41,750,750,290,290,511,515,459,498,525,473,422,542,461,683,662,597,527,1.94,3.37,0.76,6.2,6.71,7.3,7.38,5.42,6.98,5.07,4.64,8.4,4.74,4.9,6.72,5.28,4.67,57528.423828125,56585.5,64319.01953125,152472,20504,14087,19629,7159,10242.5,5528,6087.5,5805,9159,14125.5,6681,9985,16097.5,NA
"09-MAY-2023",2023-05-09 11:36:27,"2023-05-09","11H 36M 27S","Unknown","2.16.0","Unknown","Unknown",750,290,511,515,459,498,525,473,422,542,461,683,662,597,527,3.58,6.86,7.73,7.88,8.24,5.72,6.92,5.61,5.43,8.03,5.27,5.74,7.34,5.97,5.81,49025.8984375,138670.203125,17529.2109375,12158.099609375,16630.919921875,6377.9599609375,9256.16015625,3060.47998046875,3357.43994140625,3321.59985351562,6105.60009765625,8934.7197265625,4204.9599609375,6405.83984375,10227.8603515625,NA,NA,NA,NA,NA,NA,NA,NA,750,750,290,290,511,515,459,498,525,473,422,542,461,683,662,597,527,2.08,3.51,1.12,6.07,6.71,7.21,7.46,5.33,7.07,5.01,4.87,8.77,5.04,5,6.59,5.07,4.7,56921.578125,56529,59894.66796875,151832,20513,14126,19686,7152,10233,5499,6022,5800,9293,14112,6661,10065,16207,NA
"08-MAY-2023",2023-05-08 10:23:40,"2023-05-08","10H 23M 40S","Unknown","2.16.0","Unknown","Unknown",750,290,511,515,459,498,525,473,422,542,461,683,662,597,527,3.24,7.91,6.24,6.46,6.69,7.21,7.68,3.32,2.68,6.72,4.22,4.84,6.23,4.85,4.26,50746.078125,146297.84375,20738.4296875,14324.849609375,20025.630859375,6778.1201171875,9864.599609375,3886.07983398438,4215.0400390625,4080,7648,13653,6447.66015625,9971.6103515625,16204.83984375,NA,NA,NA,NA,NA,NA,NA,NA,750,750,290,290,511,515,459,498,525,473,422,542,461,683,662,597,527,1.97,3.15,0.89,7.25,6.98,7.48,7.86,7.12,7.98,3.82,3.24,8.22,5.27,5.25,7.08,5.29,4.71,57584.5234375,57797,63904.71484375,150120,20696,14421,20401,6977,10112,5164,5725,5446,8689,13976,6613,10096,16500,NA
"08-MAY-2023",2023-05-08 10:22:31,"2023-05-08","10H 22M 31S","Unknown","2.16.0","Unknown","Unknown",750,290,511,515,459,498,525,473,422,542,461,683,662,597,527,3.43,7.35,7.52,8.17,8.14,6.96,7.34,4.57,4.66,8.13,5,5.72,6.66,5.71,5.11,50133.544921875,136407.8125,18232.2900390625,12492.6298828125,17622.359375,6334.90991210938,8933.490234375,3049.27990722656,3280,3133.75988769531,6078.080078125,9069.2001953125,4221.15502929688,6442.32983398438,10695.875,NA,NA,NA,NA,NA,NA,NA,NA,750,750,290,290,511,515,459,498,525,473,422,542,461,683,662,597,527,1.98,3.13,1.05,6.87,6.95,7.27,7.29,6.68,7.65,3.88,3.24,8.31,5.05,5.19,6.76,5.13,4.53,57023.28125,57651,59734.591796875,149565,20828.5,14499,20534,7000.5,10120,5180.5,5744,5449.5,8716,14065,6620,10153,16620.5,NA
"05-MAY-2023",2023-05-05 10:30:10,"2023-05-05","10H 30M 10S","Unknown","2.16.0","Unknown","Unknown",750,290,511,515,459,498,525,473,422,542,461,683,662,597,527,3.11,6.79,5.18,5.51,5.58,5.9,6.79,6.06,6.25,8.34,4.82,4.31,5.81,4.71,4.23,51175.73828125,148142.84375,21000.869140625,14649.66015625,20980.619140625,6908.5,10109.7802734375,3368.9599609375,3658.8798828125,3562.23999023438,7139.83984375,13802.6494140625,6506.69970703125,10321.75,16896.099609375,NA,NA,NA,NA,NA,NA,NA,NA,750,750,290,290,511,515,459,498,525,473,422,542,461,683,662,597,527,1.95,3.08,0.75,6.27,6.16,6.35,6.57,5.61,7.18,6.06,5.9,9.04,4.87,4.64,6.5,4.96,4.56,57297.31640625,58581,63593.1953125,152585,21071,14834,21474,7132,10406,5777,6455,6151,10170,14194,6711,10514,17278,NA
"05-MAY-2023",2023-05-05 10:28:33,"2023-05-05","10H 28M 33S","Unknown","2.16.0","Unknown","Unknown",750,290,511,515,459,498,525,473,422,542,461,683,662,597,527,3.25,7.03,6.31,7.19,7.1,5.95,6.93,6.85,6.29,9.26,5.12,5.05,7.09,5.45,5.24,50692.5625,139009.2734375,18593.1455078125,13012.6499023438,19012.7255859375,6553.85009765625,9389.81982421875,2872.63989257812,3207.0400390625,3160.9599609375,6042.8798828125,9074.1201171875,4286.9599609375,6704.11499023438,11070.41015625,NA,NA,NA,NA,NA,NA,NA,NA,750,750,290,290,511,515,459,498,525,473,422,542,461,683,662,597,527,1.93,3.24,1.01,6.51,5.76,6.7,6.45,5.53,7.38,6.44,5.77,8.83,4.91,5.03,6.87,5.12,4.58,56790.5859375,58647,59487.3984375,153063.5,21320.5,15006.5,21793,7155,10458.5,5797,6490,6202.5,10239,14213,6724,10586,17370,NA
"04-MAY-2023",2023-05-04 10:07:19,"2023-05-04","10H 7M 19S","Unknown","2.16.0","Unknown","Unknown",750,290,511,515,459,498,525,473,422,542,461,683,662,597,527,4.49,7.65,6.12,6.7,6.76,6.07,7.19,8.03,7.73,9.86,5.33,4.7,6.65,5.06,4.73,50274.83984375,147666.4140625,20219.2197265625,14919.3901367188,20931.615234375,6867.90991210938,10185.6298828125,3272.31982421875,3603.51989746094,3464.9599609375,7031.35986328125,13717.1650390625,6457.5,10428.5546875,17442.015625,NA,NA,NA,NA,NA,NA,NA,NA,750,750,290,290,511,515,459,498,525,473,422,542,461,683,662,597,527,2.28,4.03,0.84,6.93,7.39,7.91,7.87,5.87,7.53,8.09,7.79,10.31,5.11,5,6.98,5.33,5,57297.064453125,57635.5,63734.6015625,151778.5,20332,15106.5,21408,7081,10449.5,5636.5,6373,5999,10129,14208,6702.5,10691,17963.5,NA
"04-MAY-2023",2023-05-04 10:06:11,"2023-05-04","10H 6M 11S","Unknown","LSRII","1","Administrator",750,290,511,515,459,498,525,473,422,542,461,683,662,597,527,3.14,6.47,7.54,7.77,7.56,6.09,6.63,7.7,6.98,9.42,5.02,5.41,6.6,5.55,5.13,50100.43359375,135814.546875,17945.14453125,13254.83984375,18808.6044921875,6409.52978515625,9266.81982421875,2876.47998046875,3281.59997558594,3098.23999023438,5957.11962890625,8788.14453125,4188.76489257812,6664.55004882812,11066.1049804688,55.09,0,19.61,37.43,0.81,0.82,0.64,0.41,750,750,290,290,511,515,459,498,525,473,422,542,461,683,662,597,527,1.79,2.92,1.17,6.03,7.09,7.19,7.29,5.4,7.14,7.52,7.02,9.87,4.77,4.88,6.54,4.96,4.2,56909.767578125,57843.5,58596.8828125,151733,20374,15104,21468,7094,10480,5681.5,6428.5,5988,10099,14169,6682.5,10692.5,17960.5,NA
"02-MAY-2023",2023-05-02 12:11:49,"2023-05-02","12H 11M 49S","Unknown","2.16.0","Unknown","Unknown",750,290,511,515,459,498,525,473,422,542,461,683,662,597,527,4.08,9.19,5.62,5.3,4.18,8.6,8.43,10.27,10.17,11.73,6.27,4.9,6.53,5.07,4.43,49700.41796875,153528.59375,25493.939453125,18932.939453125,25847.099609375,7170.080078125,10688.7001953125,3464.31982421875,3853.43994140625,3655.0400390625,7239.0400390625,13942.0498046875,6585.009765625,10860.900390625,18417.609375,NA,NA,NA,NA,NA,NA,NA,NA,750,750,290,290,511,515,459,498,525,473,422,542,461,683,662,597,527,2.05,4.07,1.22,7.98,7.12,7.3,5.52,7.99,8.7,10.03,9.66,12.19,5.42,5.54,7.22,5.7,4.9,57424.0234375,56849,64015.421875,156898,24127,18209,25307,7333,10925,5721,6524,6069,9929,14434,6818,11152,19019,NA
"02-MAY-2023",2023-05-02 12:11:00,"2023-05-02","12H 11M 0S","Unknown","2.16.0","Unknown","Unknown",750,290,511,515,459,498,525,473,422,542,461,683,662,597,527,3.97,9.3,7.74,7.47,6.73,8.91,8.8,10.08,10.34,11.73,5.68,5.85,7.22,5.91,5.5,49417.05859375,140019.5078125,18482.580078125,14477.9404296875,19315.259765625,6641.59008789062,9621.4697265625,2909.43994140625,3368.63989257812,3114.8798828125,6040.63989257812,9250.419921875,4375.72509765625,7051.38500976562,12086.5947265625,NA,NA,NA,NA,NA,NA,NA,NA,750,750,290,290,511,515,459,498,525,473,422,542,461,683,662,597,527,2.02,3.77,1.44,8.3,7.3,7.15,5.48,8.41,8.43,10.6,10.42,12.48,5.12,5.48,6.95,5.68,5.05,56862.04296875,57008,58686.435546875,156230,24237,18173,25221,7316,10882.5,5667,6454.5,6001,9920.5,14398.5,6814.5,11150,19014,NA
"28-APR-2023",2023-04-28 10:02:15,"2023-04-28","10H 2M 15S","Unknown","2.16.0","Unknown","Unknown",750,290,511,515,459,498,525,473,422,542,461,683,662,597,527,3.33,7.52,5.64,6.19,6.4,6.41,6.8,4.72,4.44,7.4,4.59,4.45,6.19,5,4.6,48972.76953125,145817.3125,20491.380859375,11737.7099609375,15476.669921875,6849.4599609375,9058.5400390625,3737.59985351562,4184.9599609375,3935.35986328125,7500.7998046875,14327.0400390625,6692.43017578125,8650.58984375,12837.509765625,NA,NA,NA,NA,NA,NA,NA,NA,750,750,290,290,511,515,459,498,525,473,422,542,461,683,662,597,527,1.99,3.25,0.8,6.81,6.69,7.38,7.52,6.15,7.48,4.28,3.88,7.99,4.85,4.93,6.69,5.43,5,57243.90234375,56079,63716.609375,149818,20483,11818,15782,7061,9296,5852,6720,6201,9606,14620,6848,8732,13028,NA
"28-APR-2023",2023-04-28 10:00:53,"2023-04-28","10H 0M 53S","Unknown","2.16.0","Unknown","Unknown",750,290,511,515,459,498,525,473,422,542,461,683,662,597,527,3.28,7.05,8.93,8.59,9.76,6.31,6.88,6.44,5.13,8.39,5.4,5.05,6.83,5.42,5.39,48532.328125,136139.671875,15988.58984375,9459.1796875,12047.9404296875,6392.7197265625,8357.439453125,2783.35986328125,3345.919921875,3007.35986328125,5832.9599609375,9485.759765625,4450.9599609375,5676.85986328125,8477.9794921875,NA,NA,NA,NA,NA,NA,NA,NA,750,750,290,290,511,515,459,498,525,473,422,542,461,683,662,597,527,1.99,3.22,1.05,6.46,6.77,7.01,7.17,6.16,7.34,4.2,3.72,7.85,4.82,4.83,6.91,5.27,4.81,56655.578125,56182,59498.58203125,149844,20633,11899,15837,7077,9306,5863,6728,6235,9631,14621,6847,8743,13049,NA
"27-APR-2023",2023-04-27 09:49:13,"2023-04-27","9H 49M 13S","Unknown","2.16.0","Unknown","Unknown",750,290,511,515,459,498,525,473,422,542,461,683,662,597,527,3.37,7.07,5.47,5.8,5.84,6.16,6.86,5.64,5.38,7.83,4.52,4.45,6.07,4.7,4.15,48114.603515625,142033.4296875,20276.73046875,13499.0551757812,18385.78515625,6657.98999023438,9518.5595703125,3530.23999023438,3899.52001953125,3722.23999023438,7275.83984375,13867.224609375,6519.41015625,9715.3603515625,15636.375,NA,NA,NA,NA,NA,NA,NA,NA,750,750,290,290,511,515,459,498,525,473,422,542,461,683,662,597,527,2,3.26,0.76,6.52,6.78,6.96,7.03,5.92,7.42,5.35,5.02,8.49,4.58,4.76,6.65,5.18,4.42,56922.54296875,55477.5,63361.548828125,146821,20344.5,13634,18806.5,6890,9806,5850,6649,6201,9931,14322,6754,9940,16059,NA
"27-APR-2023",2023-04-27 09:47:52,"2023-04-27","9H 47M 52S","Unknown","2.16.0","Unknown","Unknown",750,290,511,515,459,498,525,473,422,542,461,683,662,597,527,3.36,7.22,7.75,8.05,7.94,6.61,7.19,6.35,6.01,8.74,4.87,5.29,7,5.71,5.51,47416.59765625,133873.203125,17274.060546875,11372.400390625,15922.98046875,6270.5400390625,8876.5,2808.9599609375,3207.0400390625,3018.8798828125,5948.15966796875,9114.7099609375,4282.85986328125,6203.2998046875,10189.7294921875,NA,NA,NA,NA,NA,NA,NA,NA,750,750,290,290,511,515,459,498,525,473,422,542,461,683,662,597,527,2.02,3.27,1,6.49,6.89,7.07,7.18,6.47,7.55,5.53,5.18,8.81,4.86,4.97,6.77,5.02,4.74,56325.62109375,55266,59831.80859375,146526,20398,13714,18945,6896,9823,5841,6675,6209,9918,14318,6746,9919,16050,NA
"26-APR-2023",2023-04-26 10:32:51,"2023-04-26","10H 32M 51S","Unknown","2.16.0","Unknown","Unknown",750,290,511,515,459,498,525,473,422,542,461,683,662,597,527,3.14,6.9,5.29,5.57,5.83,6.09,6.89,7.8,7.9,10.12,5.25,4.33,6.12,4.71,4.41,49713.123046875,143228.578125,20406.330078125,12782.205078125,16962.2099609375,6766.63989257812,9400.8896484375,3167.35998535156,3536,3360.9599609375,6950.71997070312,13747.7099609375,6486.40502929688,9158.78515625,14153.6103515625,NA,NA,NA,NA,NA,NA,NA,NA,750,750,290,290,511,515,459,498,525,473,422,542,461,683,662,597,527,1.97,3.26,0.83,6.25,6.13,6.58,7,5.71,7.47,7.73,7.73,10.07,4.86,4.69,6.11,5.01,4.66,57228.15234375,57048.5,63758.375,147197,20440.5,12870,17270.5,6962.5,9634,5521.5,6351,5945.5,10215,14291.5,6756.5,9419,14615.5,NA
"26-APR-2023",2023-04-26 10:30:08,"2023-04-26","10H 30M 8S","Unknown","2.16.0","Unknown","Unknown",750,290,511,515,459,498,525,473,422,542,461,683,662,597,527,3.15,7.37,8.78,9.79,10.01,6.83,7.18,8.64,8.55,10.51,5.65,5.49,6.98,5.74,5.42,49265.3671875,133801.4453125,16281,9807.48046875,13097.7001953125,6175.419921875,8451.740234375,2675.19995117188,2984.9599609375,2879.03991699219,5756.15966796875,9237.7099609375,4339.43994140625,6013.26489257812,9458.0849609375,NA,NA,NA,NA,NA,NA,NA,NA,750,750,290,290,511,515,459,498,525,473,422,542,461,683,662,597,527,1.98,3.08,1.11,6.74,6.44,6.9,7.09,6.42,7.41,8.3,8.19,10.32,4.87,5.15,6.82,5.32,4.87,56706.626953125,57026.5,59501.619140625,147249,20486,12891,17313.5,6962,9599,5504,6319,5877,10176.5,14320.5,6782,9427,14694.5,NA
"24-APR-2023",2023-04-24 12:31:42,"2023-04-24","12H 31M 42S","Unknown","2.16.0","Unknown","Unknown",750,290,511,515,459,498,525,473,422,542,461,683,662,597,527,3.7,6.64,5.48,5.81,6.02,5.56,6.09,7.93,7.78,9.88,5.41,4.09,5.87,4.66,4.23,52597.9296875,153055.453125,21941.6845703125,13662.2705078125,18069.8857421875,7282.419921875,10046.2299804688,3327.03991699219,3725.11987304688,3537.28002929688,6739.83984375,14273.125,6745.11499023438,9186.6650390625,14444.7099609375,NA,NA,NA,NA,NA,NA,NA,NA,750,750,290,290,511,515,459,498,525,473,422,542,461,683,662,597,527,1.96,3.52,0.97,5.94,6.4,6.66,6.99,5.27,6.81,7.98,7.68,10.32,5.02,4.48,6.42,4.96,4.43,57838.494140625,59712,64081.388671875,156325.5,22158,13918,18599,7476.5,10291,5756,6621,6155.5,9771,14654,6947,9361,14776.5,NA
"24-APR-2023",2023-04-24 12:30:21,"2023-04-24","12H 30M 21S","Unknown","2.16.0","Unknown","Unknown",750,290,511,515,459,498,525,473,422,542,461,683,662,597,527,3.84,6.81,9.52,9.66,10.14,5.58,6.69,8.59,8.24,10.34,5.58,5.1,6.53,5.53,5.15,52100.5078125,145551.640625,18401.580078125,11945.8798828125,15458.0400390625,6844.5400390625,9489.0400390625,2761.59985351562,3246.07983398438,2974.07983398438,5912.9599609375,9600.5595703125,4554.68994140625,6373.0400390625,10003.1796875,NA,NA,NA,NA,NA,NA,NA,NA,750,750,290,290,511,515,459,498,525,473,422,542,461,683,662,597,527,2.02,3.65,1.17,6.05,6.74,7.02,7.22,5.13,7.01,8.17,7.79,10.46,4.97,4.6,6.28,5.26,4.43,57375.58984375,59652,60984.6640625,156273,22535,14382,19127,7484,10323,5773,6645,6168,10137,14699,6964,9733,15262,NA
"21-APR-2023",2023-04-21 10:12:27,"2023-04-21","10H 12M 27S","Unknown","2.16.0","Unknown","Unknown",750,290,511,515,459,498,525,473,422,542,461,683,662,597,527,3.25,7.47,6.2,6.52,6.77,6.79,7.48,3.69,3.4,6.89,4.34,4.72,6.18,4.82,4.51,51762.09375,144380.265625,19915.4697265625,12712.544921875,17061.029296875,6826.09008789062,9425.080078125,3895.67993164062,4174.7197265625,4036.47998046875,7674.8798828125,13768.4150390625,6484.14990234375,9210.240234375,14333.8046875,NA,NA,NA,NA,NA,NA,NA,NA,750,750,290,290,511,515,459,498,525,473,422,542,461,683,662,597,527,1.93,3.3,0.78,6.84,7.19,7.73,7.95,6.65,8.14,3.6,3.06,8.07,4.71,5.07,6.74,5.12,4.81,58001.267578125,58578,64406.8125,146866,19818,12751,17304.5,6956,9571,5562,6105,5808,9065,14163,6691,9379,14675,NA
"21-APR-2023",2023-04-21 10:10:08,"2023-04-21","10H 10M 8S","Unknown","2.16.0","Unknown","Unknown",750,290,511,515,459,498,525,473,422,542,461,683,662,597,527,3.19,7.95,11.33,11.91,13.1,6.89,7.6,6.51,5.88,8.99,6.15,5.46,6.96,5.77,5.47,51372.474609375,137266.765625,13501.080078125,8599.365234375,10828.4848632812,6390.259765625,8832.6298828125,2682.8798828125,2984.9599609375,2864.63989257812,5548.7998046875,9276.865234375,4388.84497070312,6181.15991210938,9667.7998046875,NA,NA,NA,NA,NA,NA,NA,NA,750,750,290,290,511,515,459,498,525,473,422,542,461,683,662,597,527,2.01,3.17,1,7.13,7.27,7.76,7.84,6.42,7.65,3.54,3.05,7.82,4.87,5.08,6.86,5.15,4.86,57437.171875,58709,61020.21875,147395.5,19877.5,12830,17426.5,6981.5,9578,5566,6116,5836.5,9141,14159.5,6718,9439,14755,NA
"20-APR-2023",2023-04-20 10:39:56,"2023-04-20","10H 39M 56S","Unknown","2.16.0","Unknown","Unknown",750,290,511,515,459,498,525,473,422,542,461,683,662,597,527,3.28,7.7,5.92,6.22,6.91,7.01,7.34,5.93,5.91,8.27,4.98,4.64,6.28,5.42,5.17,48779.115234375,144611.921875,20081.9248046875,10336.0048828125,13092.0302734375,6840.84985351562,8519.7998046875,3566.71997070312,3882.8798828125,3723.52001953125,7239.0400390625,13738.4848632812,6456.88500976562,7621.48974609375,10755.9399414062,NA,NA,NA,NA,NA,NA,NA,NA,750,750,290,290,511,515,459,498,525,473,422,542,461,683,662,597,527,2.02,3.35,0.82,6.95,6.99,7.57,8.19,6.54,7.6,5.84,5.45,8.58,4.91,5.13,6.95,5.8,5.36,57120.376953125,55996.5,63520.552734375,149159.5,20182,10455.5,13419.5,7058,8780.5,5931.5,6636,6240,9857.5,14225,6676,7782,11059,NA
"20-APR-2023",2023-04-20 10:38:30,"2023-04-20","10H 38M 30S","Unknown","2.16.0","Unknown","Unknown",750,290,511,515,459,498,525,473,422,542,461,683,662,597,527,3.39,7.64,7.99,8.51,8.89,7.26,7.62,6.58,6.29,8.65,5.38,5.68,7.08,6.39,6.06,48331.359375,136036.359375,17156.609375,8927.8203125,11431.5302734375,6332.85986328125,7926.1201171875,2913.28002929688,3258.23999023438,3093.76000976562,5854.080078125,8929.7998046875,4147.14990234375,4880.64013671875,6967.1298828125,NA,NA,NA,NA,NA,NA,NA,NA,750,750,290,290,511,515,459,498,525,473,422,542,461,683,662,597,527,2.05,3.26,1.03,7.01,7.3,7.91,8.4,6.75,8.06,5.94,5.82,9.05,4.79,5.02,6.89,5.83,5.18,56549.2890625,56006,60043.4296875,148583,20095,10483,13490,7033,8751,5894,6621,6190,9878,14183,6690,7811,11103,NA
"19-APR-2023",2023-04-19 10:28:43,"2023-04-19","10H 28M 43S","Unknown","2.16.0","Unknown","Unknown",750,290,511,515,459,498,525,473,422,542,461,683,662,597,527,3.46,7.29,6.44,7.03,7.5,6.41,6.7,9.39,9.5,11.02,5.45,4.78,6.49,5.47,5.3,49397.80859375,146859.53125,19642.5,10990.8896484375,13981.41015625,6974.919921875,8979.8203125,3153.28002929688,3365.76000976562,3280.63989257812,6864.6396484375,13630.0400390625,6413.2197265625,8191.7998046875,11890.8203125,NA,NA,NA,NA,NA,NA,NA,NA,750,750,290,290,511,515,459,498,525,473,422,542,461,683,662,597,527,2.01,3.29,0.8,6.62,7.78,8.23,8.81,6.06,7.4,9.52,9.21,11.63,5.2,5.13,7,5.87,5.64,57367.5078125,56544,63928.77734375,150398,19717,11121,14281,7167,9196,5498,6022,5775,10042,14191,6690,8441,12322,NA
"19-APR-2023",2023-04-19 10:27:48,"2023-04-19","10H 27M 48S","Unknown","2.16.0","Unknown","Unknown",750,290,511,515,459,498,525,473,422,542,461,683,662,597,527,3.88,7.22,9.13,9.75,10.2,6.14,7.27,9.09,8.86,11.24,6.26,5.67,7.38,6.59,6.38,49033.59765625,135983.0625,16353.08984375,9199.169921875,11791.98046875,6555.89990234375,8213.939453125,2694.39990234375,2967.0400390625,2871.0400390625,5747.83984375,9084.3701171875,4233.66015625,5294.73974609375,7865.85009765625,NA,NA,NA,NA,NA,NA,NA,NA,750,750,290,290,511,515,459,498,525,473,422,542,461,683,662,597,527,2.09,3.59,1.23,6.63,7.37,8.07,8.9,5.86,7.59,9.15,8.79,11.27,5.36,5.17,7.22,6.15,5.7,56937.234375,56482,58802.10546875,151652,19965,11257,14525,7234,9296,5574,6105,5841,10104,14283,6734,8510,12390,NA
"18-APR-2023",2023-04-18 09:43:07,"2023-04-18","9H 43M 7S","Unknown","2.16.0","Unknown","Unknown",750,290,511,515,459,498,525,473,422,542,461,683,662,597,527,3.75,7.38,6.02,6.85,7.2,6.25,7.02,7.57,7.53,8.96,5.16,4.62,6.36,5.08,5.11,51610.01953125,151739.359375,20315.609375,11458.259765625,14469.83984375,7193.85986328125,9253.7001953125,3485.43994140625,3757.43994140625,3620.47998046875,7202.56005859375,13823.9697265625,6522.27978515625,8236.490234375,12031.8603515625,NA,NA,NA,NA,NA,NA,NA,NA,750,750,290,290,511,515,459,498,525,473,422,542,461,683,662,597,527,1.97,3.5,0.95,6.51,7.05,7.96,8.2,5.96,7.26,7.57,7.18,9.73,5.14,5.05,6.8,5.52,5.34,58101.33984375,58325,64653.0703125,153684,20323,11498,14758,7318,9391,5794,6400,6032,9872,14265,6736,8401,12353,NA
"18-APR-2023",2023-04-18 09:41:29,"2023-04-18","9H 41M 29S","Unknown","2.16.0","Unknown","Unknown",750,290,511,515,459,498,525,473,422,542,461,683,662,597,527,3.53,7.02,8.47,9.07,9.24,6.48,7.27,7.76,7.57,9.6,5.31,5.57,7.07,6.11,5.74,50683.322265625,141341.7578125,17419.859375,10017.6752929688,12617.3701171875,6708.01000976562,8390.240234375,2945.919921875,3182.39990234375,3098.8798828125,6033.59985351562,9039.474609375,4260.9248046875,5313.60009765625,7923.86499023438,NA,NA,NA,NA,NA,NA,NA,NA,750,750,290,290,511,515,459,498,525,473,422,542,461,683,662,597,527,2.05,3.44,1.11,6.45,7.54,8.27,8.43,6.17,7.38,7.77,7.42,10.28,5.04,5.08,6.7,5.62,5.15,57294.3515625,58041.5,60206.96484375,153624.5,20400.5,11637,14964.5,7328,9425,5794.5,6443.5,6051.5,9940,14294.5,6740.5,8478.5,12424.5,NA
"14-APR-2023",2023-04-14 13:57:41,"2023-04-14","13H 57M 41S","Unknown","2.16.0","Unknown","Unknown",750,290,511,515,459,498,525,473,422,542,461,683,662,597,527,3.46,7.24,5.57,7.16,7.91,6.18,7.77,5.74,5.61,8.84,4.79,4.69,6.59,5.98,6.32,51753.23828125,146566.796875,19474.01953125,9743.490234375,11542.5,7045.43994140625,8589.5,3619.83984375,3944.31982421875,3766.39990234375,7325.43994140625,13627.990234375,6382.06005859375,7236.91015625,9695.26953125,NA,NA,NA,NA,NA,NA,NA,NA,750,750,290,290,511,515,459,498,525,473,422,542,461,683,662,597,527,2.03,3.73,0.81,6.88,7.06,8.56,8.36,6.1,8.6,5.7,5.2,9.77,4.45,5.34,7.27,6.2,5.93,58208.34765625,58346,64744.29296875,148426,19500,9800,11743,7144,8736,5909,6616,6189,9720,14311,6706,7506,10170,NA
"13-APR-2023",2023-04-13 09:40:03,"2023-04-13","9H 40M 3S","Unknown","2.16.0","Unknown","Unknown",750,290,511,515,459,498,525,473,422,542,461,683,662,597,527,3.64,10.92,9.73,10.85,11.57,10.37,10.01,12.59,12.93,13.59,6.88,5.4,6.73,6.24,6.99,48285.9296875,146811.15625,19637.2353515625,9676.259765625,11681.4150390625,6955.23974609375,8432.47021484375,3289.27990722656,3504.9599609375,3443.19982910156,6911.67993164062,13608.5146484375,6394.15478515625,7180.330078125,9757.1796875,NA,NA,NA,NA,NA,NA,NA,NA,750,750,290,290,511,515,459,498,525,473,422,542,461,683,662,597,527,2.11,3.51,1.38,9.45,11.28,12.53,12.98,9.58,9.58,12.62,12.43,13.57,5.41,5.8,7.55,6.6,7.23,57082.419921875,55520.5,63819.75,150661.5,19805.5,9808,11992,7129.5,8616,5734,6300,6046,9991,14240,6710,7415.5,10157.5,NA
"13-APR-2023",2023-04-13 09:39:22,"2023-04-13","9H 39M 22S","Unknown","2.16.0","Unknown","Unknown",750,290,511,515,459,498,525,473,422,542,461,683,662,597,527,3.78,10.41,13.67,14.53,14.82,10.29,10.26,12.48,12.25,13.63,6.91,6.3,7.84,7.22,7.94,47888.994140625,137106.0546875,15402.9599609375,7609.9501953125,9541.39501953125,6455.44995117188,7883.88989257812,2513.59997558594,2885.43994140625,2710.71997070312,5633.919921875,9062.22998046875,4216.02978515625,4661.0849609375,6406.65991210938,NA,NA,NA,NA,NA,NA,NA,NA,750,750,290,290,511,515,459,498,525,473,422,542,461,683,662,597,527,2.22,3.56,1.45,9.41,10.76,11.98,13.01,9.47,9.75,12.16,12.15,13.46,5.34,5.88,7.28,6.77,7.32,56565.8125,55581,59518.642578125,150848.5,19820.5,9860.5,12084,7143.5,8636.5,5735,6289,6052.5,10001,14275,6703,7459.5,10211,NA
"12-APR-2023",2023-04-12 09:41:07,"2023-04-12","9H 41M 7S","Unknown","2.16.0","Unknown","Unknown",750,290,511,515,459,498,525,473,422,542,461,683,662,597,527,3.88,10.52,9.82,10.6,11.03,9.99,9.36,17.68,17.77,17.42,8.51,798.32,1059,24.86,23.22,50061.162109375,149240.8125,20788.2451171875,13369.0502929688,17233.560546875,7052.40991210938,9783.009765625,2895.67993164062,3131.83996582031,3072.31994628906,6682.23974609375,5.32999992370605,2.86999988555908,207.869995117188,306.269989013672,NA,NA,NA,NA,NA,NA,NA,NA,750,750,290,290,511,515,459,498,525,473,422,542,461,683,662,597,527,1.98,3.86,1.39,9.02,11.44,12.23,12.63,8.74,9.22,17.26,17.17,17.25,6.05,40.15,31.36,24.34,21.29,56999.482421875,57651,63356.36328125,154042,21103,13678,17767.5,7297,10102,5158.5,5767,5561.5,10163,48,52,134,188,NA
"11-APR-2023",2023-04-11 10:06:20,"2023-04-11","10H 6M 20S","Unknown","2.16.0","Unknown","Unknown",750,290,511,515,459,498,525,473,422,542,461,683,662,597,527,3.23,7.34,6.81,7.7,8.59,6.42,7.23,10.86,10.87,12.18,6.3,5.08,6.56,5.53,6.21,48429.91796875,147290.03125,19380.869140625,12526.650390625,16194.330078125,6949.5,9650.580078125,2883.83984375,3045.11987304688,3045.76000976562,6660.47998046875,13704.66015625,6453.39990234375,9327.91015625,14298.75,NA,NA,NA,NA,NA,NA,NA,NA,750,750,290,290,511,515,459,498,525,473,422,542,461,683,662,597,527,2.04,3.35,0.82,6.69,8.01,8.96,9.69,6.15,7.43,10.85,10.59,12.63,5.5,5.42,7.1,5.97,6.51,57429.77734375,55356,64103.30078125,150494,19406,12590,16480,7130,9861,5136,5600,5459,10115,14365,6787,9710,14918,NA
"11-APR-2023",2023-04-11 10:05:25,"2023-04-11","10H 5M 25S","Unknown","2.16.0","Unknown","Unknown",750,290,511,515,459,498,525,473,422,542,461,683,662,597,527,3.27,7.46,16.98,15.98,16.6,6.65,7.14,10.87,11.25,12.42,7.64,5.73,7.09,6.25,6.68,47867.046875,135854.3125,10872.6298828125,7550.81982421875,9720.8095703125,6402.56005859375,8938.8203125,2155.52001953125,2242.56005859375,2353.28002929688,5052.7998046875,9172.51953125,4320.98974609375,6200.43017578125,9524.7099609375,NA,NA,NA,NA,NA,NA,NA,NA,750,750,290,290,511,515,459,498,525,473,422,542,461,683,662,597,527,2.11,3.26,1.07,6.77,7.82,8.67,9.44,6.29,7.25,10.18,10.58,11.88,5.34,5.43,6.99,5.87,6.34,56785.30859375,55369,59734.19921875,149150,19226,12498,16351,7074,9795,5040,5508,5391,10076,14260,6766,9656,14839,NA
"10-APR-2023",2023-04-10 10:57:40,"2023-04-10","10H 57M 40S","Unknown","2.16.0","Unknown","Unknown",750,290,511,515,459,498,525,473,422,542,461,683,662,597,527,4.83,8.8,9.59,10.4,11.02,8.24,8.12,14.53,14.91,15.27,7.44,5.33,6.7,5.93,6.34,48324.044921875,154175.171875,20324.115234375,13480.0200195312,17361.9453125,7306.19970703125,10142.990234375,3095.67993164062,3395.19982910156,3298.8798828125,6806.71997070312,13785.224609375,6504.85498046875,9449.884765625,14804.89453125,NA,NA,NA,NA,NA,NA,NA,NA,750,750,290,290,511,515,459,498,525,473,422,542,461,683,662,597,527,2.1,4.84,1.33,7.57,11.24,11.96,12.44,7.49,8.27,14.39,14.31,15.04,5.94,5.77,7.16,6.22,6.76,57414.255859375,55188.5,64483.513671875,156282.5,20503,13689.5,17801,7437,10291,5507,6223.5,5908,10201,14531,6861.5,9886.5,15556,NA
"10-APR-2023",2023-04-10 10:57:02,"2023-04-10","10H 57M 2S","Unknown","2.16.0","Unknown","Unknown",750,290,511,515,459,498,525,473,422,542,461,683,662,597,527,5.65,9.28,86.9,82.17,91.03,8.65,8.84,27.13,22.04,22.54,13.47,7.14,8.09,6.79,6.9,48159.6484375,145735.3125,8424,6407.10009765625,7422.02978515625,6901.93994140625,9461.16015625,2049.28002929688,2492.15991210938,2408.31982421875,5276.15966796875,8983.099609375,4269.330078125,6367.2998046875,10218.4296875,NA,NA,NA,NA,NA,NA,NA,NA,750,750,290,290,511,515,459,498,525,473,422,542,461,683,662,597,527,2.33,4.98,1.78,8.26,28.14,25.11,31.28,7.68,8.53,14.72,15.05,16.15,6.12,6.35,7.55,5.77,5.61,57195.0859375,55286,61215.69921875,155701,18084,12696,16318,7413,10388,5511,6244,5913,10373,14573,6909,10281,16493,NA
"07-APR-2023",2023-04-07 10:09:22,"2023-04-07","10H 9M 22S","Unknown","2.16.0","Unknown","Unknown",750,290,511,515,459,498,525,473,422,542,461,683,662,597,527,4.85,9.45,10.74,11.05,11.05,8.5,8.49,10.89,11.17,12.39,6.23,5.05,6.54,4.98,4.59,48707.1171875,154811.078125,20390.1298828125,13797.1352539062,18640.5302734375,7297.59008789062,10236.8798828125,3601.59997558594,3866.23999023438,3718.39990234375,7346.56005859375,13887.51953125,6557.1298828125,9805.35498046875,15756.0947265625,NA,NA,NA,NA,NA,NA,NA,NA,750,750,290,290,511,515,459,498,525,473,422,542,461,683,662,597,527,2.01,4.83,1.39,8.15,12.26,12.46,12.63,7.54,8.22,10.44,10.46,12.55,5.3,5.58,7.19,5.54,4.91,57628.34375,55442,64740.892578125,156241,20492,14015,19114.5,7401.5,10353,5763,6352,5961.5,9702,14440.5,6831.5,10120,16329,NA
"07-APR-2023",2023-04-07 10:08:48,"2023-04-07","10H 8M 48S","Unknown","2.16.0","Unknown","Unknown",750,290,511,515,459,498,525,473,422,542,461,683,662,597,527,4.66,8.59,14.63,14.93,14.88,7.98,7.97,9.72,9.94,11.34,6.19,5.51,6.74,5.65,5.25,48256.66796875,142825.953125,13974.9296875,9466.4697265625,12819.0595703125,6747.77978515625,9501.33984375,2693.11987304688,2891.52001953125,2752.63989257812,5684.47998046875,9238.939453125,4380.43994140625,6544.830078125,10539.0498046875,NA,NA,NA,NA,NA,NA,NA,NA,750,750,290,290,511,515,459,498,525,473,422,542,461,683,662,597,527,2.06,4.75,1.26,7.69,11.69,12.01,12.17,7.35,8.02,10.21,9.92,11.91,5.24,5.24,7.17,5.43,4.9,57129.875,55522,60238.07421875,155178,20316,13935,18975,7386,10266,5707,6304,5914,9733,14355,6781,10128,16317,NA
"06-APR-2023",2023-04-06 11:27:11,"2023-04-06","11H 27M 11S","Unknown","2.16.0","Unknown","Unknown",750,290,511,515,459,498,525,473,422,542,461,683,662,597,527,4.65,10.74,11.3,11.53,11.65,10.57,9.96,5.38,5,7.96,5.47,5.57,7.04,5.28,5.01,52425.064453125,151196.9296875,20169,13795.5151367188,18579.375,7169.669921875,10188.08984375,3864.31982421875,4140.15966796875,3955.83984375,7793.59985351562,13631.4750976562,6404.19970703125,9832.6201171875,15698.28515625,NA,NA,NA,NA,NA,NA,NA,NA,750,750,290,290,511,515,459,498,525,473,422,542,461,683,662,597,527,2.13,4.74,1.35,9.33,13.01,13.36,13.3,9.62,9.49,7.52,7,11.05,7.14,6.07,7.87,5.94,5.53,58293.775390625,58902,65018.44140625,152151.5,20232.5,13960,18976,7222.5,10236,4536,4956.5,4636.5,8344.5,14223,6719,10191,16323,NA
"04-APR-2023",2023-04-04 09:36:20,"2023-04-04","9H 36M 20S","Unknown","2.16.0","Unknown","Unknown",750,290,511,515,459,498,525,473,422,542,461,683,662,597,527,3.57,10.47,9.69,10.06,10.08,10.68,9.98,7.81,7.81,9.39,5.08,4.96,6.47,5.03,4.4,48211.23828125,145152.296875,19972.169921875,13781.33984375,18509.310546875,6742.0400390625,9749.7998046875,3607.67993164062,4035.83984375,3788.7998046875,7546.23974609375,13612.8203125,6425.10986328125,9849.01953125,15782.9501953125,NA,NA,NA,NA,NA,NA,NA,NA,750,750,290,290,511,515,459,498,525,473,422,542,461,683,662,597,527,2.03,3.34,1.22,9.35,11.36,11.86,11.81,9.58,9.64,7,6.65,9.46,4.68,5.56,7.03,5.45,4.87,57179.1171875,55374,63701.05078125,149186,20053,13919,18922,6947,9995,6040,6954,6377,10323,14164,6702,10144,16337,NA
"04-APR-2023",2023-04-04 09:35:30,"2023-04-04","9H 35M 30S","Unknown","2.16.0","Unknown","Unknown",750,290,511,515,459,498,525,473,422,542,461,683,662,597,527,3.61,10.35,14.98,14.26,15.4,10.59,10,9.39,8.99,10.84,7.13,5.78,7.38,6.03,5.71,47868.58984375,138872.734375,14742.8095703125,10663.650390625,13728.6904296875,6464.06005859375,9113.4794921875,2556.15991210938,2977.28002929688,2774.39990234375,5521.27978515625,9158.169921875,4296.7998046875,6523.10009765625,10563.650390625,NA,NA,NA,NA,NA,NA,NA,NA,750,750,290,290,511,515,459,498,525,473,422,542,461,683,662,597,527,2.03,3.41,1.35,9.31,11.29,11.68,11.72,9.8,9.73,6.73,6.15,9.43,4.64,5.68,7.18,5.45,5.23,56620.11328125,55442,60403.74609375,150487,20364,14190,19290,7067,10148,6079,7011,6417,10389,14277,6734,10236,16432,NA
"29-MAR-2023",2023-03-29 11:11:37,"2023-03-29","11H 11M 37S","Unknown","2.16.0","Unknown","Unknown",750,290,511,515,459,498,525,473,422,542,461,683,662,597,527,6.01,9.46,10.4,10.75,11.29,8.29,8.2,11.06,11.42,12.46,6.33,5.32,6.81,5.64,5.3,49611.09765625,157330.125,20049.9296875,8560.8896484375,9911.9697265625,7468.56005859375,8394.33984375,3500.7998046875,3872,3601.919921875,7109.759765625,13995.349609375,6516.1298828125,6399.68994140625,8033.5400390625,NA,NA,NA,NA,NA,NA,NA,NA,750,750,290,290,511,515,459,498,525,473,422,542,461,683,662,597,527,2.63,5.31,1.38,8.23,11.96,12.34,12.75,7.51,8.47,10.61,10.74,12.58,5.27,5.77,7.31,5.99,5.76,58376.8046875,55784,65690,156666,20015,8611,10138,7463,8365,6137,6960,6317,10175,14747,6874,6662,8423,NA
"29-MAR-2023",2023-03-29 11:10:37,"2023-03-29","11H 10M 37S","Unknown","2.16.0","Unknown","Unknown",750,290,511,515,459,498,525,473,422,542,461,683,662,597,527,5.91,8.06,26.71,27.68,28.67,7.51,7.94,17.94,15.24,16.39,11.94,6.34,7.5,6.5,6.77,48855.73046875,145733.671875,4083.2099609375,1696.14001464844,1876.77001953125,6879.7998046875,7794.10009765625,1491.83996582031,2016.64001464844,1880.9599609375,4035.83984375,8919.1396484375,4245.5498046875,4187.73974609375,5261.52978515625,NA,NA,NA,NA,NA,NA,NA,NA,750,750,290,290,511,515,459,498,525,473,422,542,461,683,662,597,527,2.54,5.11,1.41,7.22,24.72,26.31,26.31,6.78,7.9,10.36,9.76,11.81,5.11,5.37,6.96,5.64,5.54,57802.20703125,55579,61221.2265625,155834,11899,5027,5775,7410,8334,5822,6880,6264,10159,14695,6881,6677,8434,NA
"28-MAR-2023",2023-03-28 09:36:53,"2023-03-28","9H 36M 53S","Unknown","2.16.0","Unknown","Unknown",750,290,511,515,459,498,525,473,422,542,461,683,662,597,527,3.58,9.9,9.74,10.34,10.47,9.69,9.34,9.39,9.35,10.64,5.52,4.86,6.18,5.13,4.99,48861.119140625,151905,19751.0400390625,8317.8896484375,9761.71484375,7194.27001953125,8080.68994140625,3571.19995117188,3962.23999023438,3704.31994628906,7109.759765625,13949.83984375,6524.94482421875,6320.55981445312,7995.41015625,NA,NA,NA,NA,NA,NA,NA,NA,750,750,290,290,511,515,459,498,525,473,422,542,461,683,662,597,527,1.94,3.54,1.28,8.71,11.45,12.21,12.19,8.67,9.03,8.59,8.41,10.67,4.8,5.31,6.8,5.55,5.3,57516.46484375,55794,64427.029296875,154492.5,19819,8418,10004.5,7317.5,8202,6151,7024,6404,9952,14467,6802,6488.5,8259,NA
"28-MAR-2023",2023-03-28 09:36:05,"2023-03-28","9H 36M 5S","Unknown","2.16.0","Unknown","Unknown",750,290,511,515,459,498,525,473,422,542,461,683,662,597,527,3.81,9.94,16.04,15.74,16.23,9.68,9.49,10.31,9.49,11.81,6.52,5.81,7.04,6.16,6.22,48260.134765625,142904.6796875,12723.0751953125,5689.03491210938,6673.58984375,6591.16015625,7446.82983398438,2355.83984375,2929.28002929688,2539.52001953125,5447.0400390625,9376.4951171875,4405.4501953125,4207.009765625,5354.80493164062,NA,NA,NA,NA,NA,NA,NA,NA,750,750,290,290,511,515,459,498,525,473,422,542,461,683,662,597,527,2.11,3.64,1.39,8.92,11.82,12.39,12.94,8.87,9.16,9.19,8.59,11.23,5.13,5.43,6.88,5.86,5.72,57000.62109375,55575,60089.236328125,155576,19983.5,8478.5,10055,7356,8239,6174,7065,6438.5,10019.5,14515,6830,6509.5,8290,NA
"27-MAR-2023",2023-03-27 10:17:02,"2023-03-27","10H 17M 2S","Unknown","2.16.0","Unknown","Unknown",750,290,511,515,459,498,525,473,422,542,461,683,662,597,527,3.7,9.54,9.74,10.35,10.6,9.01,8.99,11.43,11.65,12.47,6.04,4.61,6.14,4.9,4.54,48802.984375,153301.4609375,20915.4150390625,13606.78515625,18040.3203125,7209.03002929688,9916.669921875,3374.39990234375,3767.99987792969,3558.39990234375,7191.6796875,14084.115234375,6639.33471679688,9568.580078125,14909.4448242188,NA,NA,NA,NA,NA,NA,NA,NA,750,750,290,290,511,515,459,498,525,473,422,542,461,683,662,597,527,2,3.56,1.32,8.33,11.36,12,11.92,8.19,8.63,11.15,10.77,12.11,4.96,5.18,6.69,5.38,4.95,57494.208984375,55770.5,64318.283203125,156084.5,21127.5,13840.5,18598,7354,10063,5930,6818.5,6278,10451,14713.5,6951,9914,15530,NA
"27-MAR-2023",2023-03-27 10:16:24,"2023-03-27","10H 16M 24S","Unknown","2.16.0","Unknown","Unknown",750,290,511,515,459,498,525,473,422,542,461,683,662,597,527,3.56,9.07,14.46,15.15,14.77,8.79,8.82,11.97,11.55,12.63,7.28,5.38,7.32,5.59,5.41,48365.23828125,145941.953125,14533.830078125,8885.7001953125,12586.58984375,6833.8798828125,9319.2998046875,2124.15991210938,2481.919921875,2532.47998046875,5384.9599609375,9507.490234375,4485.81005859375,6432.080078125,10086.41015625,NA,NA,NA,NA,NA,NA,NA,NA,750,750,290,290,511,515,459,498,525,473,422,542,461,683,662,597,527,2.16,3.44,1.34,8.15,11.03,11.33,11.45,8.04,8.45,10.52,10.41,12.36,5.2,4.9,7,5.26,4.82,56991.14453125,55707,60968.890625,156724,21228,13989,18768,7378,10124,5974,6848,6343,10516,14746,6967,9980,15631,NA
"24-MAR-2023",2023-03-24 12:42:39,"2023-03-24","12H 42M 39S","Unknown","2.16.0","Unknown","Unknown",750,290,511,515,459,498,525,473,422,542,461,683,662,597,527,3.15,7.15,6.75,7.45,7.21,7.34,7.03,4.26,3.75,7.22,4.53,4.31,6.13,4.45,4.12,48463.02734375,143816.515625,19379.25,13869.6298828125,18966.9609375,6741.2197265625,9730.1201171875,3745.28002929688,4150.39990234375,3930.23999023438,7580.15966796875,13633.7294921875,6458.72998046875,10098.7099609375,16758.75,NA,NA,NA,NA,NA,NA,NA,NA,750,750,290,290,511,515,459,498,525,473,422,542,461,683,662,597,527,1.75,2.96,0.94,6.72,8.23,8.76,8.83,7.61,7.73,3.96,3.34,7.79,4.54,4.6,6.96,5.12,4.3,57043.13671875,55590,63806.515625,147672,19562,13993,19312,6940,9912,5994,6787,6320,9897,14222,6792,10457,17400,NA
"24-MAR-2023",2023-03-24 12:36:49,"2023-03-24","12H 36M 49S","Unknown","2.16.0","Unknown","Unknown",750,290,511,515,459,498,525,473,422,542,461,683,662,597,527,5.72,8.3,7.33,7.73,7.04,6.44,6.78,3.86,3.77,6.84,4.19,659.5,726.47,18.53,14.51,48034.525390625,145966.1484375,19184.849609375,13946.580078125,18930.509765625,6809.68994140625,9958.89990234375,3785.59997558594,4198.07983398438,3932.15991210938,7634.23999023438,5.9449999332428,4.09999990463257,250.919998168945,397.904983520508,NA,NA,NA,NA,NA,NA,NA,NA,750,750,290,290,511,515,459,498,525,473,422,542,461,683,662,597,527,3.07,3.93,0.85,7.67,8.62,9.11,8.25,6.64,7.21,3.54,3.11,7.29,4.93,33.57,29.91,18.42,15.94,57277.478515625,54899,64079.45703125,149800,19179,14014.5,19228,7000,10168.5,6010,6816,6250,9817,53,57,161,246.5,NA
"21-MAR-2023",2023-03-21 14:44:04,"2023-03-21","14H 44M 4S","Unknown","2.16.0","Unknown","Unknown",750,290,511,515,459,498,525,473,422,542,461,683,662,597,527,3.72,9.77,9.65,9.74,9.87,9.33,9.58,15.77,15.95,17.01,8.36,4.99,6.63,4.87,4.3,48829.93359375,152324.4296875,21015.044921875,14926.6796875,20542.0048828125,7196.31982421875,10408.669921875,2864.31994628906,3234.23986816406,3107.51989746094,6787.19970703125,13878.294921875,6545.64990234375,10447.0048828125,17167.724609375,NA,NA,NA,NA,NA,NA,NA,NA,750,750,290,290,511,515,459,498,525,473,422,542,461,683,662,597,527,1.97,3.62,1.15,8.63,11.24,11.52,11.51,8.51,9.25,15.49,15.47,16.4,6.34,5.58,7.21,5.43,4.81,57096.5703125,56143.5,63776.544921875,156509,21297,15256.5,21226,7393.5,10663,5106,5940,5555,10296,14604.5,6918,10935,18023,NA
"21-MAR-2023",2023-03-21 14:43:04,"2023-03-21","14H 43M 4S","Unknown","2.16.0","Unknown","Unknown",750,290,511,515,459,498,525,473,422,542,461,683,662,597,527,4.04,9.37,12.95,13.41,12.76,9.32,8.82,15.02,15.1,16.2,8.46,5.76,7.13,5.81,5.55,49493.2890625,142775.125,16713.541015625,11894.849609375,16967.0703125,6688.73974609375,9445.580078125,2179.19995117188,2563.19995117188,2419.19995117188,5385.60009765625,9314.3798828125,4400.93994140625,6951.9599609375,11359.8701171875,NA,NA,NA,NA,NA,NA,NA,NA,750,750,290,290,511,515,459,498,525,473,422,542,461,683,662,597,527,1.94,4.01,1.45,8.38,10.82,11.32,11.55,8.43,8.37,15.43,15.35,16.38,6.27,5.63,7.09,5.5,4.95,56741.421875,57218,59730.17578125,156854,21359,15310,21291,7373,10650,5094,5940,5529,10329,14654,6922,11007,18103,NA
"17-MAR-2023",2023-03-17 10:18:50,"2023-03-17","10H 18M 50S","Unknown","2.16.0","Unknown","Unknown",750,290,511,515,459,498,525,473,422,542,461,683,662,597,527,3.93,11.76,10.35,10.9,11.95,11.54,10.92,16.01,16.34,17.24,8.03,6.05,7.22,6.32,6.7,47684.943359375,145953.4375,18585.4501953125,6188.80493164062,6554.92504882812,6806,7100.3798828125,2987.83996582031,3313.27990722656,3109.75988769531,6536.9599609375,13374.4047851562,6252.09008789062,5023.52490234375,5449.31005859375,NA,NA,NA,NA,NA,NA,NA,NA,750,750,290,290,511,515,459,498,525,473,422,542,461,683,662,597,527,2.13,3.76,1.39,10.6,11.97,12.72,13.32,10.6,10.88,15.73,15.74,16.79,6.42,6.65,7.79,6.91,7.13,56895.734375,54894.5,63619.20703125,150013,18648.5,6258,6730.5,7006,7274,5358.5,6145.5,5619,9838,14100.5,6604.5,5217,5704,NA
"17-MAR-2023",2023-03-17 10:17:30,"2023-03-17","10H 17M 30S","Unknown","2.16.0","Unknown","Unknown",750,290,511,515,459,498,525,473,422,542,461,683,662,597,527,3.97,10.9,15.09,15.41,16.7,10.82,10.65,15.92,15.87,16.67,8.64,6.9,8.02,7.42,7.21,47539.796875,135550.921875,14879.7001953125,4962.8701171875,5091.66015625,6336.14013671875,6642.81982421875,2211.19995117188,2565.11987304688,2509.43994140625,5051.52001953125,9008.51953125,4215.6201171875,3267.2900390625,3633.01000976562,NA,NA,NA,NA,NA,NA,NA,NA,750,750,290,290,511,515,459,498,525,473,422,542,461,683,662,597,527,2.22,3.61,1.65,9.7,12.2,12.56,13.23,9.78,10.66,15.1,14.78,16.31,5.92,6.34,8.12,6.68,6.79,56583.72265625,55088,58521.48828125,151702,19070,6387,6902,7122,7383,5507,6338,5772,9894,14267,6704,5264,5765,NA
"16-MAR-2023",2023-03-16 09:45:37,"2023-03-16","9H 45M 37S","Unknown","2.16.0","Unknown","Unknown",750,290,511,515,459,498,525,473,422,542,461,683,662,597,527,3.95,10.97,11.11,11.53,12.09,10.02,9.81,17.66,18.19,18.23,8.89,6.06,7.49,6.15,6.27,47554.4296875,149112.90625,18958.859375,8012.52001953125,9235.6201171875,7096.27978515625,7971.2197265625,2831.35986328125,3160.31982421875,2987.52001953125,6528.6396484375,13652.58984375,6409.93994140625,6300.8798828125,7808.0400390625,NA,NA,NA,NA,NA,NA,NA,NA,750,750,290,290,511,515,459,498,525,473,422,542,461,683,662,597,527,2.04,4.07,1.49,9.44,12.76,13.14,13.82,9.09,9.72,17.49,17.75,18.14,6.59,6.62,8.02,6.66,6.77,57171.28515625,54620,63988.7265625,152466,18942,8066,9398,7262,8126,5078,5823,5394,9906,14435,6799,6594,8238,NA
"16-MAR-2023",2023-03-16 09:44:17,"2023-03-16","9H 44M 17S","Unknown","2.16.0","Unknown","Unknown",750,290,511,515,459,498,525,473,422,542,461,683,662,597,527,4.12,9.56,16.43,17.7,17.17,9.09,9.24,16.11,16.3,17.64,9.45,6.26,7.6,6.64,6.62,47043.1484375,137822.3203125,12558.6450195312,4957.2001953125,6162.88500976562,6540.31982421875,7252.89990234375,2005.11999511719,2217.59985351562,2234.8798828125,4754.23999023438,9248.7802734375,4345.58984375,4264,5339.43017578125,NA,NA,NA,NA,NA,NA,NA,NA,750,750,290,290,511,515,459,498,525,473,422,542,461,683,662,597,527,2.03,4.05,1.46,8.6,12.22,12.69,13.29,8.48,9.09,16.4,16.26,16.96,6.25,6.19,7.56,6.33,6.24,56767.2734375,54448,58793.109375,153277,19299,8279,9674.5,7308.5,8197.5,5157,5928.5,5490,9981,14527.5,6842,6671,8347,NA
"15-MAR-2023",2023-03-15 09:57:29,"2023-03-15","9H 57M 29S","Unknown","2.16.0","Unknown","Unknown",750,290,511,515,459,498,525,473,422,542,461,683,662,597,527,4.03,10.32,10.17,10.94,11.61,9.15,9.54,15.6,16.24,16.55,7.94,5.68,7.03,5.86,5.97,49181.4375,152693.015625,19431.900390625,8221.90478515625,9685.17041015625,7203.69970703125,8147.10986328125,3007.03991699219,3344.63989257812,3169.919921875,6674.23999023438,13907.2001953125,6539.5,6471.43994140625,8070.23510742188,NA,NA,NA,NA,NA,NA,NA,NA,750,750,290,290,511,515,459,498,525,473,422,542,461,683,662,597,527,2,3.93,1.32,9.06,12.17,12.73,13.28,8.45,9.4,15.49,15.55,16.15,6.22,6.08,7.89,6.2,6.36,57411.67578125,56222.5,64099.55078125,155855,19504,8300,9938,7370,8303.5,5388.5,6167,5707,10047.5,14591.5,6881,6712.5,8417,NA
"15-MAR-2023",2023-03-15 09:56:48,"2023-03-15","9H 56M 48S","Unknown","2.16.0","Unknown","Unknown",750,290,511,515,459,498,525,473,422,542,461,683,662,597,527,3.87,9.42,13.9,15.54,15.14,9.1,9.24,14.97,15.03,15.98,8.37,6.18,7.86,6.86,6.73,48685.173828125,142210.953125,15095.9697265625,6119.955078125,7545.14990234375,6607.96997070312,7356.6298828125,2296.9599609375,2509.43994140625,2343.0400390625,5121.919921875,9351.27978515625,4393.56005859375,4279.580078125,5388.6298828125,NA,NA,NA,NA,NA,NA,NA,NA,750,750,290,290,511,515,459,498,525,473,422,542,461,683,662,597,527,2.14,3.64,1.38,8.48,11.5,12.38,12.43,8.28,9.12,14.77,14.76,16.08,5.79,5.8,7.79,6.43,6.26,56904.9765625,56209,59903.185546875,155234.5,19579.5,8336,9974,7381,8298.5,5367,6168,5655.5,10067.5,14663.5,6893,6741,8449,NA
"14-MAR-2023",2023-03-14 11:20:35,"2023-03-14","11H 20M 35S","Unknown","2.16.0","Unknown","Unknown",750,290,511,515,459,498,525,473,422,542,461,683,662,597,527,4.22,9.6,10.37,11.18,11.39,8.87,9.22,13.13,13.01,13.97,6.86,5.41,7.03,5.87,5.64,47779.654296875,152022.671875,19284.8857421875,8319.10498046875,9713.115234375,7270.53002929688,8125.3798828125,3248.9599609375,3644.15991210938,3403.51989746094,6893.76000976562,13777.0249023438,6475.1298828125,6365.455078125,8092.169921875,NA,NA,NA,NA,NA,NA,NA,NA,750,750,290,290,511,515,459,498,525,473,422,542,461,683,662,597,527,2.05,4.19,1.42,8.28,12.22,12.76,12.82,7.9,8.92,12.78,12.4,13.83,5.46,5.88,7.48,6.36,6.09,57339.9765625,54674,64341.591796875,154550,19407,8412,10000.5,7412,8261,5808,6697,6133,10209,14522.5,6842,6635.5,8494,NA
"14-MAR-2023",2023-03-14 11:19:54,"2023-03-14","11H 19M 54S","Unknown","2.16.0","Unknown","Unknown",750,290,511,515,459,498,525,473,422,542,461,683,662,597,527,4.06,9.74,16.84,16.04,16.54,9.54,9.6,13.79,14.22,15.53,8.79,6.94,8.06,6.93,6.8,47429.302734375,139453.7109375,13358.115234375,6019.919921875,7108.15502929688,6644.4599609375,7397.6298828125,2253.75988769531,2628.15991210938,2269.11999511719,4977.59985351562,9196.2998046875,4300.89990234375,4218.48974609375,5427.169921875,NA,NA,NA,NA,NA,NA,NA,NA,750,750,290,290,511,515,459,498,525,473,422,542,461,683,662,597,527,2.08,3.92,1.42,8.77,12.57,12.92,13.11,8.77,9.24,13.84,13.77,14.67,5.62,6.62,7.71,6.66,6.35,56778.287109375,54759.5,59790.66015625,152649.5,19112,8268.5,9824,7319,8200,5677,6548,5957,10188.5,14418,6770,6599.5,8498,NA
"13-MAR-2023",2023-03-13 10:19:55,"2023-03-13","10H 19M 55S","Unknown","2.16.0","Unknown","Unknown",750,290,511,515,459,498,525,473,422,542,461,683,662,597,527,3.49,7.97,6.66,6.99,7.38,6.98,7.57,8.72,8.69,9.99,5.58,5.04,6.28,5.3,5.1,48188.908203125,144215.453125,19335.5107421875,11181.6450195312,14270.1752929688,6803.5400390625,8860.919921875,3161.27990722656,3542.71997070312,3372.7998046875,6983.99975585938,13882.3950195312,6574.14501953125,8466.08984375,12432.83984375,NA,NA,NA,NA,NA,NA,NA,NA,750,750,290,290,511,515,459,498,525,473,422,542,461,683,662,597,527,2.09,3.37,0.85,7.24,7.98,8.48,8.6,6.42,7.86,8.5,8.26,10.46,5.13,5.35,6.88,5.81,5.34,57033.259765625,55433.5,63578.453125,148671,19395,11264.5,14577,7030,9112,5634,6516,6067,10397.5,14536,6897,8784,12946.5,NA
"13-MAR-2023",2023-03-13 10:18:50,"2023-03-13","10H 18M 50S","Unknown","2.16.0","Unknown","Unknown",750,290,511,515,459,498,525,473,422,542,461,683,662,597,527,3.43,7.52,9.49,10.33,10.7,6.94,7.62,9.03,9.17,10.73,5.81,5.64,6.96,6.02,5.76,47691.873046875,134427.9296875,15491.25,8641.48486328125,11085.2548828125,6338.18994140625,8150.7998046875,2500.47998046875,2756.79992675781,2728.63989257812,5654.07983398438,9157.759765625,4319.96484375,5490.7197265625,8137.884765625,NA,NA,NA,NA,NA,NA,NA,NA,750,750,290,290,511,515,459,498,525,473,422,542,461,683,662,597,527,2.09,3.16,1.16,6.92,7.92,8.16,8.8,6.36,7.88,8.3,8.21,10.21,4.67,5.14,6.9,5.53,5.29,56536.25,55328.5,59305.017578125,148630.5,19528,11299,14629,7049.5,9112,5644,6507.5,6058,10419,14579.5,6889.5,8820,12981,NA
"08-MAR-2023",2023-03-08 10:38:24,"2023-03-08","10H 38M 24S","Unknown","2.16.0","Unknown","Unknown",750,290,511,515,459,498,525,473,422,542,461,683,662,597,527,3.12,5.64,4.69,5.67,6.23,4.7,6.36,6.22,6.16,9.63,5.44,4.23,5.73,5.08,4.87,50588.23046875,153796.734375,21186.359375,8743.1396484375,10409.3095703125,7367.69970703125,8282.8203125,3018.23999023438,3406.07983398438,3184,6591.35986328125,14453.7294921875,6752.2900390625,6540.31982421875,8391.8798828125,NA,NA,NA,NA,NA,NA,NA,NA,750,750,290,290,511,515,459,498,525,473,422,542,461,683,662,597,527,1.75,3.23,0.85,5.08,5.22,6.61,6.74,4.87,6.89,6.39,6.07,10.21,5.27,4.63,6.15,5.56,5.16,57282.75390625,58030,63899.94921875,157691,21423,8887,10735,7582,8523,5379,6249,5719,9965,15077,7062,6750,8729,NA
"07-MAR-2023",2023-03-07 16:09:01,"2023-03-07","16H 9M 1S","Unknown","2.16.0","Unknown","Unknown",750,290,511,515,459,498,525,473,422,542,461,683,662,597,527,3.93,6.95,6.51,6.76,6.89,5.55,6.52,8.46,8.18,9.7,5.24,4.83,6.27,4.7,4.26,51380.173828125,153207.984375,20537.1455078125,14426.91015625,19456.2001953125,7250.84985351562,10443.9296875,3225.919921875,3611.83996582031,3433.59985351562,7045.11962890625,13843.4448242188,6540.93505859375,10137.25,16652.9697265625,NA,NA,NA,NA,NA,NA,NA,NA,750,750,290,290,511,515,459,498,525,473,422,542,461,683,662,597,527,1.99,3.96,0.89,6.21,7.61,8.03,8.21,5.32,6.92,8.41,7.99,10.14,5.01,5.26,6.84,5,4.47,58066.43359375,58031.5,64958.1484375,154404.5,20573.5,14567.5,19869,7335,10497.5,5755,6619,6156,10484,14641,6933,10630,17513,NA
"06-MAR-2023",2023-03-06 11:46:34,"2023-03-06","11H 46M 34S","Unknown","2.16.0","Unknown","Unknown",750,290,511,515,459,498,525,473,422,542,461,683,662,597,527,3.1,7.44,5.82,6.33,6.48,6.41,7.09,9.29,9.21,10.97,5.74,4.71,6.42,4.9,4.24,50298.322265625,146072.7421875,20565.08984375,14113.8452148438,19440,6877.75,9941.27001953125,2958.07983398438,3281.919921875,3178.23999023438,6792.63989257812,13958.6552734375,6594.64501953125,10277.4697265625,16879.0849609375,NA,NA,NA,NA,NA,NA,NA,NA,750,750,290,290,511,515,459,498,525,473,422,542,461,683,662,597,527,1.96,3.11,0.89,6.73,7.08,7.39,7.64,6.18,7.32,9.22,8.97,11.13,5.32,5.1,7,5.32,4.67,57157.23046875,57777,63343.75,151169.5,20744,14333,19937,7120,10250.5,5316.5,6081,5772,10380.5,14586.5,6916.5,10636,17531.5,NA
"06-MAR-2023",2023-03-06 11:45:35,"2023-03-06","11H 45M 35S","Unknown","LSRII","1","Administrator",750,290,511,515,459,498,525,473,422,542,461,683,662,597,527,3.38,7.45,7.92,8.2,8.19,6.98,7.23,9.68,9.91,11.13,6.27,5.44,7.22,5.86,5.17,49867.892578125,136549.671875,17704.169921875,12190.5,17108.4150390625,6275.86987304688,8998.68017578125,2494.07983398438,2838.07995605469,2728.63989257812,5743.03979492188,9178.259765625,4293.93017578125,6556.31005859375,10832.6103515625,55.09,0,19.61,37.43,0.81,0.82,0.64,0.41,750,750,290,290,511,515,459,498,525,473,422,542,461,683,662,597,527,2.01,3.12,1.09,6.74,7.24,7.52,7.79,6.38,7.4,9.61,9.62,11.3,5.33,5.12,6.79,5.28,4.75,56649.5703125,57833,59290.314453125,150766.5,20718.5,14316,19947.5,7104.5,10253,5277,6047.5,5742,10396.5,14564,6918,10659.5,17522,NA
"03-MAR-2023",2023-03-03 10:26:00,"2023-03-03","10H 26M 0S","Unknown","2.16.0","Unknown","Unknown",750,290,511,515,459,498,525,473,422,542,461,683,662,597,527,3.61,9.67,9.78,10.71,11.38,9.38,9.49,11.97,12.01,13.45,6.33,5.51,6.75,6.16,6.48,47485.8984375,148936.59375,19561.0947265625,7312.68017578125,8307.3603515625,7056.10009765625,7641.580078125,3357.75988769531,3682.55981445312,3450.23999023438,6885.11962890625,13858.615234375,6476.15478515625,5752.9150390625,6889.64013671875,NA,NA,NA,NA,NA,NA,NA,NA,750,750,290,290,511,515,459,498,525,473,422,542,461,683,662,597,527,2.02,3.63,1.29,8.51,11.4,12.13,12.69,8.6,9.47,11.59,11.49,13.09,5.25,5.97,7.38,6.63,6.78,57144.91015625,54493.5,64121.376953125,152015.5,19593,7382,8490.5,7208,7765,5938,6705,6127.5,10060,14511,6807,5936.5,7174,NA
"03-MAR-2023",2023-03-03 10:25:23,"2023-03-03","10H 25M 23S","Unknown","2.16.0","Unknown","Unknown",750,290,511,515,459,498,525,473,422,542,461,683,662,597,527,3.7,9.95,15.94,16.7,18.09,10.1,9.76,12.55,13.12,13.63,7.59,6.17,7.62,6.68,7.19,47092.814453125,138317.59375,13193.2802734375,4901.71508789062,5213.96997070312,6406.25,6835.52001953125,2456.31982421875,2632.9599609375,2607.67993164062,5151.35986328125,9258.6201171875,4346,3807.875,4579.90502929688,NA,NA,NA,NA,NA,NA,NA,NA,750,750,290,290,511,515,459,498,525,473,422,542,461,683,662,597,527,2.13,3.71,1.47,8.89,11.58,12.43,13.08,9.17,9.48,12.53,12.21,13.5,5.32,5.89,7.5,6.41,6.79,56619.2109375,54622,59725.291015625,151552.5,19381,7302,8425,7181.5,7742,5886,6629,6094,10028,14464,6799,5931.5,7155.5,NA
"02-MAR-2023",2023-03-02 09:58:58,"2023-03-02","9H 58M 58S","Unknown","2.16.0","Unknown","Unknown",750,290,511,515,459,498,525,473,422,542,461,683,662,597,527,3.28,7.95,6.11,6.57,6.58,7.46,7.56,6.87,6.66,8.47,5.07,4.77,6.59,4.79,4.43,47980.23828125,141149.46875,20101.7705078125,13897.9799804688,19148.8056640625,6571.88989257812,9611.2197265625,3424.63989257812,3783.03979492188,3598.07983398438,7273.599609375,13835.4501953125,6538.68017578125,10218.01953125,16654.19921875,NA,NA,NA,NA,NA,NA,NA,NA,750,750,290,290,511,515,459,498,525,473,422,542,461,683,662,597,527,1.95,3.16,0.88,7.32,7.34,7.67,7.84,7.07,7.68,6.71,6.39,8.86,4.91,5.23,6.97,5.2,4.71,57047.38671875,55141.5,63499.671875,145666.5,20140.5,14016.5,19563,6787,9909,5880,6684,6230.5,10304,14446.5,6837,10570,17280.5,NA
"02-MAR-2023",2023-03-02 09:58:06,"2023-03-02","9H 58M 6S","Unknown","2.16.0","Unknown","Unknown",750,290,511,515,459,498,525,473,422,542,461,683,662,597,527,3.18,7.5,9.67,11.09,10.92,7.25,7.6,9.06,8.37,9.69,6.57,5.56,7.01,6.03,5.5,47670.314453125,135008.078125,15920.955078125,10618.2900390625,14714.0551757812,6195.51000976562,8975.7197265625,2399.35986328125,2753.919921875,2771.83984375,5476.80004882812,9256.365234375,4364.4501953125,6724.205078125,11031.2548828125,NA,NA,NA,NA,NA,NA,NA,NA,750,750,290,290,511,515,459,498,525,473,422,542,461,683,662,597,527,1.98,2.98,1.05,6.91,6.9,7.39,7.38,6.81,7.59,6.14,5.73,9.15,4.87,5.19,6.49,5.29,4.61,56598.392578125,55251,60243.89453125,146928.5,20372.5,14203.5,19830.5,6853,10003,5932,6737,6305,10309.5,14536.5,6880,10633,17355,NA
"28-FEB-2023",2023-02-28 10:17:45,"2023-02-28","10H 17M 45S","Unknown","2.16.0","Unknown","Unknown",750,290,511,515,459,498,525,473,422,542,461,683,662,597,527,3.18,7.74,6.53,6.84,6.85,7.19,7.78,8.01,8.12,9.64,5.4,4.78,6.45,4.74,4.48,47977.544921875,142632.8515625,19883.4755859375,13862.7451171875,18982.7548828125,6676.43994140625,9775.2197265625,3256.31982421875,3544.63989257812,3431.0400390625,7095.6796875,13783.9951171875,6506.49487304688,10252.2548828125,16813.279296875,NA,NA,NA,NA,NA,NA,NA,NA,750,750,290,290,511,515,459,498,525,473,422,542,461,683,662,597,527,2,3.2,0.86,7.03,7.68,8.05,8.04,6.81,7.9,7.84,7.9,10.15,4.92,5.29,6.77,5.23,4.82,56890.8515625,55357,63526.755859375,147177,19953.5,14012,19392.5,6905,10065,5768,6471,6127,10483,14448,6824.5,10636.5,17512,NA
"28-FEB-2023",2023-02-28 10:16:23,"2023-02-28","10H 16M 23S","Unknown","2.16.0","Unknown","Unknown",750,290,511,515,459,498,525,473,422,542,461,683,662,597,527,3.26,7.65,9.52,10.89,10.26,6.95,7.41,9.73,9.4,10.6,6.8,5.59,7.19,6.04,5.47,47529.01953125,133525.515625,16123.0498046875,10905.83984375,15493.6796875,6231.18017578125,9173.33984375,2389.76000976562,2705.28002929688,2730.23999023438,5507.83984375,9185.2294921875,4346,6705.9599609375,11172.5,NA,NA,NA,NA,NA,NA,NA,NA,750,750,290,290,511,515,459,498,525,473,422,542,461,683,662,597,527,2.04,3.27,1.18,7.12,7.2,7.55,7.67,6.72,7.61,7.47,7.54,9.82,5.18,5.23,7.03,5.27,4.62,56365.60546875,55313,59240.8828125,147671,20128,14125,19526,6932,10117,5793,6511,6157,10527,14452,6853,10692,17577,NA
"24-FEB-2023",2023-02-24 10:34:33,"2023-02-24","10H 34M 33S","Unknown","2.16.0","Unknown","Unknown",750,290,511,515,459,498,525,473,422,542,461,683,662,597,527,3.28,6.9,6.43,7.12,7.47,6.02,6.49,6.27,6.1,8.21,4.64,4.55,6.02,5.12,5.12,48168.1171875,146483.15625,19438.380859375,11813.0400390625,15563.33984375,6944.580078125,9366.0400390625,3479.67993164062,3811.83984375,3674.8798828125,7205.759765625,13999.8603515625,6619.44970703125,9056.080078125,13904.330078125,NA,NA,NA,NA,NA,NA,NA,NA,750,750,290,290,511,515,459,498,525,473,422,542,461,683,662,597,527,2.04,3.14,0.83,6.26,7.71,8.4,8.51,5.53,6.89,6.19,5.82,8.7,4.62,5.08,6.63,5.59,5.42,57225.66796875,55298,63884.94140625,150156,19445,11910,15838,7126,9572,6061,6825,6423,10328,14598,6915,9331,14403,NA
"24-FEB-2023",2023-02-24 10:33:55,"2023-02-24","10H 33M 55S","Unknown","2.16.0","Unknown","Unknown",750,290,511,515,459,498,525,473,422,542,461,683,662,597,527,3.2,7.29,12.93,13.34,12.31,6.22,7.29,10.11,9.48,10.98,6.33,5.35,6.81,5.96,5.73,48494.59765625,139386.0625,14104.5302734375,8580.330078125,11889.1796875,6647.73974609375,8860.099609375,2355.83984375,2693.76000976562,2576,5575.6796875,9425.080078125,4434.9697265625,6023.31005859375,9308.2294921875,NA,NA,NA,NA,NA,NA,NA,NA,750,750,290,290,511,515,459,498,525,473,422,542,461,683,662,597,527,1.99,3.22,1.14,6.55,7.47,8.3,8.61,5.88,7.26,5.78,5.56,9,4.83,4.94,6.52,5.58,4.99,56828.7109375,56010,59893.57421875,152337,19698,12087,16123,7214,9674,6154,6928,6521,10402,14638,6911,9357,14446,NA
"17-FEB-2023",2023-02-17 10:31:35,"2023-02-17","10H 31M 35S","Unknown","2.16.0","Unknown","Unknown",750,290,511,515,459,498,525,473,422,542,461,683,662,597,527,3.35,8.57,7.56,9.32,9.76,9.1,10.83,4.76,3.52,6.3,3.75,5.42,7.25,6.14,6.08,47466.6484375,139043.296875,18429.119140625,6441.1201171875,6963.56982421875,6571.47998046875,7063.47998046875,3904,4282.23974609375,4019.19995117188,7390.080078125,13697.2802734375,6440.27978515625,5327.5400390625,6020.85009765625,NA,NA,NA,NA,NA,NA,NA,NA,750,750,290,290,511,515,459,498,525,473,422,542,461,683,662,597,527,2.12,3.25,0.95,7.6,9.18,10.29,11.61,8.58,11.1,4.35,3.58,8.85,4.41,5.84,6.92,6.23,5.84,57012.7578125,54569,63741.80859375,143260,18305,6453,7162,6720,7172,5788,6466,5983,8899,14183,6686,5399,6190,NA
"17-FEB-2023",2023-02-17 10:31:05,"2023-02-17","10H 31M 5S","Unknown","2.16.0","Unknown","Unknown",750,290,511,515,459,498,525,473,422,542,461,683,662,597,527,3.56,9.63,11.21,11.39,11.4,8.46,9.82,8.88,8.29,10.53,5.49,5.83,7.77,6.79,7.92,46986.5546875,125700.66796875,14984.5952148438,5130.5400390625,5773.67993164062,6020.84985351562,6215.18994140625,2472.9599609375,2826.55993652344,2760.63989257812,5440.63989257812,8701.02001953125,4117.8349609375,3344.16491699219,3856.4599609375,NA,NA,NA,NA,NA,NA,NA,NA,750,750,290,290,511,515,459,498,525,473,422,542,461,683,662,597,527,2.18,2.88,1.47,8.88,8.27,9.88,9.67,8.27,9.57,4.11,3.15,10.53,5.22,5.29,6.84,5.88,7.02,56302.724609375,54793.5,58151.634765625,141586.5,17984,6313,7054,6649.5,7055,5732.5,6494,5958.5,8975.5,14006.5,6640.5,5334.5,6146.5,NA
"16-FEB-2023",2023-02-16 10:58:20,"2023-02-16","10H 58M 20S","Unknown","2.16.0","Unknown","Unknown",750,290,511,515,459,498,525,473,422,542,461,683,662,597,527,5.43,8.17,4.27,9.98,15.1,3.87,11.05,4.62,4.3,9.82,7.17,4.02,6.96,8.16,12.45,32746.1748046875,167752.3203125,24238.4404296875,12917.474609375,13965.2099609375,7898.64990234375,9113.06982421875,3140.47985839844,3383.99987792969,3222.71984863281,6282.23974609375,13598.4697265625,6377.7548828125,7623.53979492188,9284.44970703125,NA,NA,NA,NA,NA,NA,NA,NA,750,750,290,290,511,515,459,498,525,473,422,542,461,683,662,597,527,2.88,5.77,1.16,5.9,4.98,8.93,14.48,4.23,13.45,5.35,4.37,10.43,8.32,4.82,6.88,8.85,13.3,56706.693359375,37839.5,68374.30078125,159904.5,25075.5,13566,14656.5,7569,8761.5,5103,5649.5,5332,8455,14255.5,6725,8106.5,9848,NA
"15-FEB-2023",2023-02-15 10:03:35,"2023-02-15","10H 3M 35S","Unknown","2.16.0","Unknown","Unknown",750,290,511,515,459,498,525,473,422,542,461,683,662,597,527,3.62,11.3,10.44,10.72,10.8,11.38,10.6,14,14.4,14.48,7.03,5.76,7,5.5,4.95,46719.75,140270.84375,19275.5703125,11321.3701171875,14922.6298828125,6569.83984375,8775.6396484375,3096.9599609375,3427.19995117188,3263.35986328125,6855.6796875,13531.2294921875,6386.56982421875,8493.9697265625,12861.2900390625,NA,NA,NA,NA,NA,NA,NA,NA,750,750,290,290,511,515,459,498,525,473,422,542,461,683,662,597,527,2.03,3.31,1.27,9.84,12.2,12.47,12.76,10.31,10.09,13.69,13.81,15.05,5.47,6.3,7.63,6.03,5.55,56460.48828125,54318,63004.37109375,146083,19391,11463,15320,6857,9070,5565,6344,5883,10328,14319,6766,8899,13538,NA
"15-FEB-2023",2023-02-15 10:02:45,"2023-02-15","10H 2M 45S","Unknown","2.16.0","Unknown","Unknown",750,290,511,515,459,498,525,473,422,542,461,683,662,597,527,3.78,11.38,13.63,13.49,13.81,11.45,11.12,14.25,14.27,14.87,7.32,7.35,8.39,7.27,6.83,46333.59375,131520.2109375,16568.955078125,9881.1904296875,13041.4047851562,6152.05004882812,7955.22998046875,2547.83984375,2986.23999023438,2807.99987792969,5762.8798828125,8395.9794921875,3994.21997070312,5033.16015625,7896.39477539062,NA,NA,NA,NA,NA,NA,NA,NA,750,750,290,290,511,515,459,498,525,473,422,542,461,683,662,597,527,2.1,3.44,1.47,10.19,12.36,12.38,12.6,10.59,10.62,13.99,13.66,14.73,5.75,6.83,7.75,6.32,5.85,55834.705078125,54368,58732.13671875,146418.5,19532.5,11532,15430,6877,9138,5583,6378,5929.5,10373,14351,6814.5,8943,13557.5,NA
"13-FEB-2023",2023-02-13 14:19:08,"2023-02-13","14H 19M 8S","Unknown","2.16.0","Unknown","Unknown",750,290,511,515,459,498,525,473,422,542,461,683,662,597,527,3.93,9.99,10.09,10.52,10.75,9.32,8.94,14.52,14.68,15.32,7.5,4.98,6.5,5.09,4.42,49871.359375,152191.171875,20969.279296875,14312.7001953125,19823.939453125,7177.4599609375,10235.240234375,3116.80004882812,3543.0400390625,3325.43994140625,6967.6796875,14037.580078125,6637.48974609375,10243.439453125,16693.150390625,NA,NA,NA,NA,NA,NA,NA,NA,750,750,290,290,511,515,459,498,525,473,422,542,461,683,662,597,527,1.98,3.82,1.42,8.67,11.73,12.52,12.37,8.38,8.6,14.11,13.85,14.69,5.74,5.52,7.03,5.55,4.91,57412.3203125,56997,64017.58203125,155563,21174,14546,20375,7356,10430,5589,6553,5995,10504,14723,6979,10662,17439,NA
"13-FEB-2023",2023-02-13 14:18:11,"2023-02-13","14H 18M 11S","Unknown","2.16.0","Unknown","Unknown",750,290,511,515,459,498,525,473,422,542,461,683,662,597,527,4.11,9.64,14.17,14.26,14.23,9.21,8.83,13.55,13.53,15.05,7.5,5.85,7.09,5.79,5.37,49373.552734375,143044.8984375,17327.51953125,11873.3852539062,15975.6298828125,6615.34985351562,9501.74951171875,2318.07983398438,2749.11999511719,2680.31982421875,5646.39990234375,9444.96484375,4473.10009765625,6841.46484375,11230.7197265625,NA,NA,NA,NA,NA,NA,NA,NA,750,750,290,290,511,515,459,498,525,473,422,542,461,683,662,597,527,1.94,4.03,1.45,8.64,12.23,12.1,12.22,8.44,8.53,13.86,13.54,15.06,5.68,5.7,6.77,5.55,4.96,56875.90234375,56998.5,59918.3515625,156186.5,21454.5,14834,20738.5,7391.5,10463,5653.5,6630,6064,10591.5,14754,7015.5,10728.5,17571,NA
"10-FEB-2023",2023-02-10 10:31:07,"2023-02-10","10H 31M 7S","Unknown","2.16.0","Unknown","Unknown",750,290,511,515,459,498,525,473,422,542,461,683,662,597,527,3.42,7.6,6.56,7.01,7.1,6.8,7.21,5.65,5.35,8,4.75,4.82,6.41,4.88,4.48,47154.80078125,142625.875,19427.041015625,12927.599609375,17739.810546875,6739.580078125,9578.419921875,3560.31982421875,3971.83984375,3736.9599609375,7333.759765625,13781.740234375,6500.9599609375,9810.0703125,15518.5,NA,NA,NA,NA,NA,NA,NA,NA,750,750,290,290,511,515,459,498,525,473,422,542,461,683,662,597,527,2.09,3.34,0.78,6.92,7.81,8.15,8.15,6.65,7.17,5.44,4.83,8.27,4.88,5.15,7,5.12,4.8,57139.64453125,54165,63788.390625,146619,19466,13041,18121,6935,9824,6106,7004,6457,10307,14453,6840,10201,16192,NA
"10-FEB-2023",2023-02-10 10:29:27,"2023-02-10","10H 29M 27S","Unknown","2.16.0","Unknown","Unknown",750,290,511,515,459,498,525,473,422,542,461,683,662,597,527,3.51,7.93,10.88,10.24,10.25,6.82,7.56,7.61,7.03,9.65,6.94,5.85,7.54,6.16,6.06,46768.2578125,131252.484375,15201.2705078125,10449.8095703125,14481.990234375,6165.580078125,8696.099609375,2680.31982421875,3091.19995117188,2881.28002929688,5577.60009765625,9032.2998046875,4328.3701171875,6361.14990234375,10161.439453125,NA,NA,NA,NA,NA,NA,NA,NA,750,750,290,290,511,515,459,498,525,473,422,542,461,683,662,597,527,2.08,3.23,1.3,7.06,7.74,8.31,8.36,6.56,8.15,5.3,5.04,8.44,4.87,5.24,7.51,5.34,5,56590.21484375,54277,58434.51953125,147235,19586,13109,18225,6959,9872,6129,7024,6468,10355,14488,6889,10292,16348,NA
"09-FEB-2023",2023-02-09 11:19:27,"2023-02-09","11H 19M 27S","Unknown","2.16.0","Unknown","Unknown",750,290,511,515,459,498,525,473,422,542,461,683,662,597,527,7.25,11.13,10.62,11.16,11.2,11.02,10.43,10.26,10.33,11.28,6.06,6.22,7.67,5.67,5.3,46928.41796875,143967.3984375,19572.83984375,13245.9296875,17913.5556640625,6774.42993164062,9658.3701171875,3401.919921875,3811.83984375,3587.51989746094,7232,13512.9848632812,6376.72998046875,9680.71484375,15476.0649414062,NA,NA,NA,NA,NA,NA,NA,NA,750,750,290,290,511,515,459,498,525,473,422,542,461,683,662,597,527,3.02,5.11,1.32,9.89,12.36,13.16,13.12,10.03,10.35,9.77,9.33,11.12,5.2,6.8,8.06,6.37,5.92,56817.23046875,54196,63787.01171875,147655,19615.5,13407,18314,6964,9847,6027,6938,6358.5,10546.5,14327.5,6768,10177.5,16333.5,NA
"09-FEB-2023",2023-02-09 11:18:29,"2023-02-09","11H 18M 29S","Unknown","2.16.0","Unknown","Unknown",750,290,511,515,459,498,525,473,422,542,461,683,662,597,527,7.12,11.2,17.07,16.2,17.09,10.93,10.66,11.79,12.59,13.58,8.38,7.46,9.02,7.22,7.3,46827.55078125,135313.9375,14474.7001953125,10262.7001953125,13374.7197265625,6350.080078125,8979,2550.39990234375,2782.07983398438,2605.43994140625,5477.759765625,8892.900390625,4203.72998046875,6365.66015625,10260.25,NA,NA,NA,NA,NA,NA,NA,NA,750,750,290,290,511,515,459,498,525,473,422,542,461,683,662,597,527,3.1,4.94,1.79,10.02,12.37,13.01,12.99,9.82,10.14,9.26,9.05,11.36,5.14,6.75,8.08,6.32,6.12,56455.5703125,54496,59476.03125,149057,19766,13531,18483,7023,9942,6069,6966,6384,10580,14374,6792,10253,16438,NA
"07-FEB-2023",2023-02-07 11:14:04,"2023-02-07","11H 14M 4S","Unknown","2.16.0","Unknown","Unknown",750,290,511,515,459,498,525,473,422,542,461,683,662,597,527,3.44,7.77,7.03,7.44,7.68,6.79,7.01,6.67,6.53,8.93,4.88,5.32,7.17,5.52,4.8,49320.0390625,145135.4921875,19269.08984375,13283.5952148438,17891.279296875,6847.81982421875,9891.65966796875,3429.11987304688,3735.67993164062,3632,7288.31982421875,13384.6552734375,6324.66015625,9720.89453125,15661.384765625,NA,NA,NA,NA,NA,NA,NA,NA,750,750,290,290,511,515,459,498,525,473,422,542,461,683,662,597,527,1.95,3.44,0.83,6.96,8.43,8.77,9.1,6.32,7.13,6.33,5.97,9.36,4.8,5.83,7.89,5.89,5.26,57281.716796875,56541.5,63775.572265625,148986.5,19292.5,13376,18247,7057,10140.5,6128,6864.5,6542,10725,14281,6765,10272,16601,NA
"07-FEB-2023",2023-02-07 11:12:39,"2023-02-07","11H 12M 39S","Unknown","2.16.0","Unknown","Unknown",750,290,511,515,459,498,525,473,422,542,461,683,662,597,527,3.43,7.11,11.46,10.96,11.44,6.45,6.91,6.58,6.89,8.5,5.49,5.62,7.42,5.93,5.58,49082.109375,135462.359375,13990.3203125,10137.9599609375,13176.2705078125,6391.89990234375,9147.919921875,2726.39990234375,2933.11987304688,2957.43994140625,5758.080078125,8963.830078125,4237.759765625,6332.0400390625,10482.8798828125,NA,NA,NA,NA,NA,NA,NA,NA,750,750,290,290,511,515,459,498,525,473,422,542,461,683,662,597,527,1.96,3.45,1.09,6.42,8.34,8.6,8.88,6.05,7.15,5.96,5.67,8.79,4.51,5.6,7.29,5.73,5.01,56768.69921875,56766,59665.83203125,148935,19312,13481,18439,7062,10183,6144,6877,6531,10752,14285,6773,10316,16758,NA
"03-FEB-2023",2023-02-03 10:25:23,"2023-02-03","10H 25M 23S","Unknown","2.16.0","Unknown","Unknown",750,290,511,515,459,498,525,473,422,542,461,683,662,597,527,3.81,9.26,10.8,11.15,11.38,8.27,8.26,12.42,12.8,13.4,6.49,5.3,6.7,5.35,5.12,46596.55078125,150281.40625,19414.890625,11544.9296875,15011.73046875,7129.080078125,9343.080078125,3176.9599609375,3424.63989257812,3377.919921875,7045.11962890625,14008.8798828125,6600.58984375,8839.189453125,13089.25,NA,NA,NA,NA,NA,NA,NA,NA,750,750,290,290,511,515,459,498,525,473,422,542,461,683,662,597,527,1.93,3.85,1.33,8.02,12.49,13.02,13.16,7.32,8.27,11.9,11.92,13.09,5.11,5.77,7.17,5.99,5.72,56779.046875,53937,63634.96875,154449,19510,11694,15403,7357,9591,5695,6319,6106,10524,14732,6950,9212,13709,NA
"03-FEB-2023",2023-02-03 10:24:06,"2023-02-03","10H 24M 6S","Unknown","2.16.0","Unknown","Unknown",750,290,511,515,459,498,525,473,422,542,461,683,662,597,527,4.07,8.46,14.62,15,15.33,7.84,8.26,11.33,11.37,12.84,6.7,5.83,7.16,5.92,5.77,46418.6796875,141071.15625,14779.259765625,8859.7802734375,11601.6298828125,6559.18017578125,8492.740234375,2553.59985351562,2712.31982421875,2646.39990234375,5539.19970703125,9368.08984375,4421.85009765625,5856.85009765625,8748.169921875,NA,NA,NA,NA,NA,NA,NA,NA,750,750,290,290,511,515,459,498,525,473,422,542,461,683,662,597,527,2.03,4.03,1.3,7.56,12.41,12.79,13.02,7.22,8.29,11.64,11.5,13.04,4.98,5.64,7.21,5.58,5.44,56390.57421875,54038,59491.18359375,155375,19860,11975,15782,7413,9654,5772,6406,6163,10544,14813,6992,9281,13837,NA
"02-FEB-2023",2023-02-02 13:05:45,"2023-02-02","13H 5M 45S","Unknown","2.16.0","Unknown","Unknown",750,290,511,515,459,498,525,473,422,542,461,683,662,597,527,3.49,9.47,10.45,11.16,11.33,8.94,8.71,13.7,13.85,14.29,6.83,5.39,6.72,5.43,5.06,46565.75,148351.125,19451.33984375,11751.48046875,15371.3701171875,7043.7998046875,9279.1201171875,3075.19995117188,3363.83984375,3307.52001953125,6941.43994140625,13524.669921875,6381.64990234375,8661.25,12930.580078125,NA,NA,NA,NA,NA,NA,NA,NA,750,750,290,290,511,515,459,498,525,473,422,542,461,683,662,597,527,2.04,3.33,1.32,8.3,12.23,12.95,13.13,7.96,8.6,13.16,13,13.98,5.4,5.92,7.53,5.95,5.6,56590.5859375,54018,63412.74609375,153104,19550,11897,15752,7285,9552,5532,6228,5969,10459,14204,6717,9002,13496,NA
"02-FEB-2023",2023-02-02 13:04:57,"2023-02-02","13H 4M 57S","Unknown","2.16.0","Unknown","Unknown",750,290,511,515,459,498,525,473,422,542,461,683,662,597,527,3.64,9.15,14.23,14.36,14.98,8.71,9.01,13.5,13.34,14.54,7.05,6.13,7.58,6.26,6.03,46260.828125,135764.9375,15718.0498046875,9566.91015625,12614.1298828125,6419.77978515625,8381.2197265625,2606.71997070312,2852.47998046875,2774.39990234375,5732.47998046875,8948.66015625,4192.25,5612.48974609375,8578.83984375,NA,NA,NA,NA,NA,NA,NA,NA,750,750,290,290,511,515,459,498,525,473,422,542,461,683,662,597,527,2.02,3.4,1.46,8.11,11.92,12.44,13.03,7.98,8.78,13.11,12.9,13.91,5.42,5.75,7.3,5.64,5.61,56043.078125,54235,57944.95703125,153595,19586,12013,15912,7285,9593,5530,6242,5981,10472,14217,6718,9049,13645,NA
"31-JAN-2023",2023-01-31 13:26:11,"2023-01-31","13H 26M 11S","Unknown","2.16.0","Unknown","Unknown",750,290,511,515,459,498,525,473,422,542,461,683,662,597,527,3.08,8.08,7.19,7.65,7.96,7.49,7.88,6.98,6.8,9.16,4.99,5.05,6.56,5.22,5.06,48008.34375,144165.0234375,18834.9306640625,11514.9599609375,15140.9252929688,6795.33984375,9029.4296875,3427.83984375,3725.43994140625,3652.47998046875,7271.6796875,13396.544921875,6305.80004882812,8543.990234375,13051.1201171875,NA,NA,NA,NA,NA,NA,NA,NA,750,750,290,290,511,515,459,498,525,473,422,542,461,683,662,597,527,1.98,3.15,0.87,7.43,8.41,8.83,9.1,7.23,8.28,6.76,6.59,9.57,4.87,5.53,7.28,5.66,5.42,57113.849609375,55174.5,63665.228515625,148260.5,18716.5,11526.5,15366,7010,9289,6078,6782,6491,10599,13930.5,6575,8803,13503.5,NA
"31-JAN-2023",2023-01-31 13:24:53,"2023-01-31","13H 24M 53S","Unknown","2.16.0","Unknown","Unknown",750,290,511,515,459,498,525,473,422,542,461,683,662,597,527,3.25,7.58,10.72,11.08,11.38,6.84,7.42,7.72,7.34,9.41,5.56,5.64,7.15,6.26,6.01,47643.75,134799.796875,14330.5205078125,8777.16015625,11628.3603515625,6437,8357.439453125,2656,2973.43994140625,2894.07983398438,5960.31982421875,8941.2802734375,4218.89990234375,5647.75,8737.099609375,NA,NA,NA,NA,NA,NA,NA,NA,750,750,290,290,511,515,459,498,525,473,422,542,461,683,662,597,527,2.04,3.01,1.16,6.99,7.9,8.49,8.6,6.37,7.55,6.52,6.18,9.08,4.79,5.18,7.05,5.81,5.26,56558.0546875,55257,59420.53125,148682,18869,11647,15478,7027,9332,6095,6814,6513,10639,13959,6600,8851,13559,NA
"27-JAN-2023",2023-01-27 10:29:41,"2023-01-27","10H 29M 41S","Unknown","2.16.0","Unknown","Unknown",750,290,511,515,459,498,525,473,422,542,461,683,662,597,527,3.47,8.42,7.9,8.81,9.84,7.63,8.35,9.92,10.19,12.04,6.1,5.43,7.25,6.44,6.7,46499.142578125,142148.6328125,17177.2646484375,6423.705078125,7043.76000976562,6759.669921875,7313.169921875,3040.63989257812,3360.31994628906,3188.15991210938,6474.8798828125,13062.3950195312,6143.85009765625,5276.7001953125,6156.76489257812,NA,NA,NA,NA,NA,NA,NA,NA,750,750,290,290,511,515,459,498,525,473,422,542,461,683,662,597,527,2.12,3.29,0.86,7.63,9.27,10.28,11.24,6.96,8.95,9.84,9.96,12,5.65,5.88,8.02,6.9,7.14,56231.41796875,54324.5,62745.017578125,148242,17210,6466.5,7203.5,7059.5,7616,5501,6249,5788,9930,13636.5,6440.5,5438.5,6381.5,NA
"27-JAN-2023",2023-01-27 10:28:23,"2023-01-27","10H 28M 23S","Unknown","2.16.0","Unknown","Unknown",750,290,511,515,459,498,525,473,422,542,461,683,662,597,527,3.24,6.98,8.93,9.41,9.97,6.65,7.41,9.37,8.78,11.49,6.09,5.91,7.72,7.17,7.25,45954.3671875,130452.15625,14444.73046875,5449.68017578125,6023.97021484375,6163.93994140625,6450.1201171875,2592.63989257812,2897.919921875,2748.80004882812,5530.8798828125,8048.7099609375,3849.48999023438,3211.53002929688,3797.419921875,NA,NA,NA,NA,NA,NA,NA,NA,750,750,290,290,511,515,459,498,525,473,422,542,461,683,662,597,527,2.22,3.04,1.25,6.49,7.91,9.18,9.12,6.19,7.79,9.3,8.57,11.41,5.3,5.26,7.31,5.89,5.9,55614.84375,54295,58337.1796875,146461,16932,6412,7139,6945,7515,5373,6123,5650,9940,13545,6368,5483,6429,NA
"25-JAN-2023",2023-01-25 10:02:19,"2023-01-25","10H 2M 19S","Unknown","2.16.0","Unknown","Unknown",750,290,511,515,459,498,525,473,422,542,461,683,662,597,527,3.78,9.62,9.9,10.79,11.78,9.58,9.44,13.1,13.21,13.95,6.91,5.06,6.6,5.62,5.92,48931.1875,150173.15625,19898.4609375,7749.27001953125,8841.9599609375,7122.52001953125,7762.93994140625,3216.63989257812,3577.59985351562,3413.76000976562,6904.31982421875,13741.1494140625,6442.73974609375,5888.009765625,7052,NA,NA,NA,NA,NA,NA,NA,NA,750,750,290,290,511,515,459,498,525,473,422,542,461,683,662,597,527,1.95,3.83,1.42,8.26,11.67,12.32,13.45,8.52,9.41,12.58,12.44,13.87,5.28,5.59,7.19,6.09,6.3,56900.84765625,56489,63376.3671875,154976,20077,7869,9104,7363,8016,5764,6602,6134,10249,14292,6701,6040,7298,NA
"25-JAN-2023",2023-01-25 10:01:08,"2023-01-25","10H 1M 8S","Unknown","2.16.0","Unknown","Unknown",750,290,511,515,459,498,525,473,422,542,461,683,662,597,527,3.73,9.24,12.68,13.44,13.91,9.15,8.8,12.86,12.81,13.64,6.42,5.36,6.87,6.46,6.76,48674.0078125,139459.859375,16624.4404296875,6399.81005859375,7603.06518554688,6660.0400390625,7220.51000976562,2667.83996582031,3039.67993164062,2804.15991210938,5654.71997070312,9180.10498046875,4314.63500976562,3867.53002929688,4759.07495117188,NA,NA,NA,NA,NA,NA,NA,NA,750,750,290,290,511,515,459,498,525,473,422,542,461,683,662,597,527,2.01,3.69,1.35,8.17,11.35,11.73,12.79,8.43,8.73,12.84,12.87,13.89,4.93,5.22,6.94,6.3,6.4,56363.2578125,56691,59178.45703125,154017.5,19968,7889,9242.5,7311.5,8009,5673.5,6467.5,6043,10227,14252,6716,6060.5,7404.5,NA
"24-JAN-2023",2023-01-24 10:56:07,"2023-01-24","10H 56M 7S","Unknown","2.16.0","Unknown","Unknown",750,290,511,515,459,498,525,473,422,542,461,683,662,597,527,3.7,8.84,10.21,10.45,10.97,8.53,8.62,12.36,12.37,13.08,6.49,5.35,6.61,5.19,4.79,46959.21875,149561.4375,20082.330078125,13865.580078125,19006.650390625,7000.33984375,9974.4794921875,3194.23999023438,3474.55981445312,3393.919921875,7149.43994140625,13768.2099609375,6474.31005859375,10120.439453125,16133.5,NA,NA,NA,NA,NA,NA,NA,NA,750,750,290,290,511,515,459,498,525,473,422,542,461,683,662,597,527,2.06,3.75,1.29,7.64,11.67,12.38,12.74,7.59,8.41,11.84,11.75,12.69,5.06,5.69,7.07,5.58,5.21,56997.19140625,54099,63863.8671875,153194,20060,13972,19360,7188,10208,5708,6372,6099,10644,14260,6728,10395,16656,NA
"24-JAN-2023",2023-01-24 10:55:11,"2023-01-24","10H 55M 11S","Unknown","2.16.0","Unknown","Unknown",750,290,511,515,459,498,525,473,422,542,461,683,662,597,527,3.76,8.96,16.14,17.44,17.03,8.7,8.91,11.91,11.74,13.4,7.22,6.02,7.56,6.05,5.89,46552.66015625,140520.125,13154.400390625,8505,12498.2998046875,6425.52001953125,9084.7802734375,2558.07983398438,2893.43994140625,2810.8798828125,5639.6796875,9115.5302734375,4332.06005859375,6711.69970703125,10736.259765625,NA,NA,NA,NA,NA,NA,NA,NA,750,750,290,290,511,515,459,498,525,473,422,542,461,683,662,597,527,2.14,3.91,1.42,8.04,12.24,12.48,12.66,7.73,8.91,11.81,11.7,12.95,5.16,5.75,7.25,5.76,5.36,56377.4375,54173,59517.6640625,154595,20312,14217,19736,7248,10337,5764,6488,6227,10682,14302,6772,10450,16777,NA
"23-JAN-2023",2023-01-23 11:34:52,"2023-01-23","11H 34M 52S","Unknown","2.16.0","Unknown","Unknown",750,290,511,515,459,498,525,473,422,542,461,683,662,597,527,3.28,7.1,6.57,6.82,7.06,6.56,7.17,7.22,7.33,9.23,4.9,4.52,6.12,4.67,4.35,46202.30859375,143711.96875,19659.9150390625,14178.6450195312,19607.2646484375,6705.14013671875,9815.400390625,3298.55981445312,3573.11987304688,3552.31994628906,7257.599609375,13632.705078125,6440.28002929688,10287.1049804688,16717.544921875,NA,NA,NA,NA,NA,NA,NA,NA,750,750,290,290,511,515,459,498,525,473,422,542,461,683,662,597,527,1.98,3.28,0.82,6.28,7.67,7.98,8.18,6.14,7.5,7.08,7.02,9.24,4.58,5,6.63,4.91,4.62,56541.234375,53637.5,63201.087890625,148862,19671,14294.5,20000,6954,10147.5,5871.5,6550,6380,10752,14133.5,6690,10565,17240,NA
"23-JAN-2023",2023-01-23 11:33:15,"2023-01-23","11H 33M 15S","Unknown","2.16.0","Unknown","Unknown",750,290,511,515,459,498,525,473,422,542,461,683,662,597,527,3.65,7.24,10.2,11.44,11.74,6.54,6.99,8,7.43,9.26,5.45,5.82,7.31,5.92,5.46,45930.884765625,132109.3828125,15646.7705078125,11006.6850585938,15366.9150390625,6149.18017578125,9090.9296875,2667.51989746094,2980.15991210938,3018.23999023438,6058.8798828125,9033.5302734375,4262.15502929688,6747.78002929688,11077.3798828125,NA,NA,NA,NA,NA,NA,NA,NA,750,750,290,290,511,515,459,498,525,473,422,542,461,683,662,597,527,2.14,3.58,1.38,6.58,7.57,7.9,8.14,5.85,7.16,7.15,6.81,9.09,4.87,5.32,7.06,5.11,4.82,56218.875,53667.5,58014.595703125,149161,19725,14432,20200,6975,10180.5,5865,6564.5,6379,10764.5,14169,6699,10632.5,17337,NA
"20-JAN-2023",2023-01-20 11:53:50,"2023-01-20","11H 53M 50S","Unknown","LSRII","1","Administrator",750,290,511,515,459,498,525,473,422,542,461,683,662,597,527,3.17,7.9,6.65,7.25,7.44,6.93,7.41,7.05,7,9.43,5.14,4.63,6.93,5.16,4.98,74556.7890625,146017.40625,19725.119140625,12288.509765625,16587.990234375,6872.419921875,9273.3798828125,3390.71997070312,3794.55981445312,3623.67993164062,7235.83984375,13698.509765625,6464.4697265625,8971.6201171875,14027.740234375,55.09,0,19.61,37.43,0.81,0.82,0.64,0.41,750,750,290,290,511,515,459,498,525,473,422,542,461,683,662,597,527,1.56,2.75,0.87,7.18,8.19,8.73,8.39,6.66,7.66,6.76,6.67,10.25,4.89,5.01,7.35,5.72,5.22,59536.6953125,82070,63460.16015625,150769,19777,12430,16936,7103,9548,6034,6932,6480,10608,14214,6715,9206,14454,NA
"20-JAN-2023",2023-01-20 11:51:41,"2023-01-20","11H 51M 41S","Unknown","2.16.0","Unknown","Unknown",750,290,511,515,459,498,525,473,422,542,461,683,662,597,527,3.09,8.18,8.78,9.09,9.14,6.9,7.6,6.77,6.69,9.38,5.42,6.01,7.11,5.9,5.79,74499.421875,141213.8359375,17429.580078125,10974.28515625,14747.2651367188,6646.10009765625,8819.509765625,3057.28002929688,3455.03991699219,3318.40002441406,6314.23974609375,9728.06982421875,4633.205078125,6313.18017578125,9936.759765625,NA,NA,NA,NA,NA,NA,NA,NA,750,750,290,290,511,515,459,498,525,473,422,542,461,683,662,597,527,1.55,2.88,1.03,7.42,7.64,8.28,8.61,6.56,7.88,6.58,6.09,9.57,4.95,5.69,7.11,5.46,5.35,59232.25390625,82471,60736.423828125,152280,20023,12556,17106.5,7190,9629,6049,7010,6540.5,10642.5,14249,6763,9230.5,14490,NA
"19-JAN-2023",2023-01-19 10:24:24,"2023-01-19","10H 24M 24S","Unknown","2.16.0","Unknown","Unknown",750,290,511,515,459,498,525,473,422,542,461,683,662,597,527,3.31,8.17,6.97,7.35,7.37,7.43,7.58,7.99,7.67,9.45,5.56,5.14,6.33,5.48,5.02,74187.9609375,144016.59375,19602.810546875,12775.3203125,17272.439453125,6755.97998046875,9379.9794921875,3287.67993164062,3664,3584.63989257812,7203.83984375,13580.01953125,6414.85986328125,9278.7099609375,14711.2099609375,NA,NA,NA,NA,NA,NA,NA,NA,750,750,290,290,511,515,459,498,525,473,422,542,461,683,662,597,527,1.57,3.01,0.81,7.56,7.89,8.5,8.48,7,7.64,7.57,7.31,9.93,5.25,5.74,6.95,5.94,5.49,59492.78125,81732,63369.703125,149007,19546,12839,17582,6992,9668,5859,6696,6407,10646,14083,6694,9538,15227,NA
"19-JAN-2023",2023-01-19 10:23:01,"2023-01-19","10H 23M 1S","Unknown","2.16.0","Unknown","Unknown",750,290,511,515,459,498,525,473,422,542,461,683,662,597,527,3.39,7.8,8.95,9.58,9.48,7.3,7.71,7.54,7.81,9.76,5.4,5.65,7.24,5.93,5.65,73981.6015625,136859.640625,16737.83984375,10719.5400390625,14609.16015625,6478,8731.3603515625,2933.11987304688,3292.7998046875,3168.63989257812,6303.35986328125,9655.91015625,4574.77978515625,6538.27001953125,10493.5400390625,NA,NA,NA,NA,NA,NA,NA,NA,750,750,290,290,511,515,459,498,525,473,422,542,461,683,662,597,527,1.46,3.06,1.03,6.84,7.99,8.31,8.73,6.73,7.83,7.14,7.22,10.11,4.91,5.54,7.24,5.54,5.11,59174.68359375,82048,59744.94921875,149945,19659,12914,17658,7027,9698,5856,6719,6406,10639,14158,6713,9615,15295,NA
"18-JAN-2023",2023-01-18 12:03:25,"2023-01-18","12H 3M 25S","Unknown","2.16.0","Unknown","Unknown",750,290,511,515,459,498,525,473,422,542,461,683,662,597,527,2.82,7.52,6.81,7.38,7.55,6.84,7,5.72,5.73,8.03,4.73,5.13,6.51,5.28,5.2,75476.5546875,144582.3984375,19201.8603515625,12575.25,16867.03515625,6784.68017578125,9505.43994140625,3516.7998046875,3818.23986816406,3757.11987304688,7388.7998046875,13308.1899414062,6277.09985351562,9154.06982421875,14522.2001953125,NA,NA,NA,NA,NA,NA,NA,NA,750,750,290,290,511,515,459,498,525,473,422,542,461,683,662,597,527,1.5,2.71,0.77,7.04,7.97,8.72,8.56,6.41,7.5,5.58,5.31,8.7,4.64,5.65,7.12,5.87,5.57,60017.298828125,82487.5,63817.185546875,148352.5,19102.5,12592,17115,6970,9760,6193,6909,6654,10644,13932,6576.5,9492,15096.5,NA
"18-JAN-2023",2023-01-18 12:02:20,"2023-01-18","12H 2M 20S","Unknown","2.16.0","Unknown","Unknown",750,290,511,515,459,498,525,473,422,542,461,683,662,597,527,2.78,7.49,9.59,9.78,10.28,6.54,7.05,6.14,5.7,8.33,4.84,5.96,7.22,6.06,6.05,75280.203125,138683.3203125,15722.5053710938,10308.0595703125,13505.1298828125,6568.60986328125,9127.419921875,2992.31994628906,3403.83996582031,3239.35998535156,6406.39990234375,9632.1298828125,4531.93505859375,6574.35009765625,10465.455078125,NA,NA,NA,NA,NA,NA,NA,NA,750,750,290,290,511,515,459,498,525,473,422,542,461,683,662,597,527,1.52,2.72,0.89,6.92,7.72,8.26,8.51,6.28,7.83,5.16,5.1,8.73,4.73,5.77,7.14,5.7,5.43,59606.68359375,82807.5,61006.638671875,148845,19206.5,12677.5,17208.5,7000,9791,6207,6921,6656,10698,13977,6601,9553,15155.5,NA
"13-JAN-2023",2023-01-13 10:42:38,"2023-01-13","10H 42M 38S","Unknown","2.16.0","Unknown","Unknown",750,290,511,515,459,498,525,473,422,542,461,683,662,597,527,2.72,8.8,6.94,7.13,7.03,7.17,7.63,5.64,5.23,7.91,5.18,4.58,6.41,4.92,4.4,76608.8359375,149669.6796875,21082.6806640625,13669.96484375,18590.310546875,7046.669921875,9821.9599609375,3631.03991699219,4112.9599609375,3934.71984863281,7496.63989257812,13873.375,6596.080078125,9589.490234375,15331.3349609375,NA,NA,NA,NA,NA,NA,NA,NA,750,750,290,290,511,515,459,498,525,473,422,542,461,683,662,597,527,1.58,2.78,1.02,8.12,8.29,8.39,8.4,6.95,7.98,5.11,4.51,8.21,4.96,5.37,7.03,5.19,4.64,59764.78515625,84014,63351.1953125,155041.5,21207.5,13832,19092.5,7296.5,10139,6268.5,7271.5,6852,10508,14231,6783,9742.5,15630.5,NA
"13-JAN-2023",2023-01-13 10:41:41,"2023-01-13","10H 41M 41S","Unknown","2.16.0","Unknown","Unknown",750,290,511,515,459,498,525,473,422,542,461,683,662,597,527,2.79,7.26,6.9,7.42,7.73,6.08,6.29,4.79,4.24,6.9,4.53,5.37,6.34,5.24,5.43,76505.65625,142620.140625,19017.990234375,12441.599609375,17056.169921875,6673.16015625,9366.8603515625,3265.919921875,3875.19995117188,3603.19995117188,6549.759765625,9841.2294921875,4692.0400390625,6764.58984375,10799.8095703125,NA,NA,NA,NA,NA,NA,NA,NA,750,750,290,290,511,515,459,498,525,473,422,542,461,683,662,597,527,1.51,2.42,1.07,6.54,6.43,7.13,7.42,5.93,6.69,4.24,3.96,7.99,4.87,4.75,6.81,5.37,4.57,59602.7265625,84049,60851.00390625,153596,21540,14061,19269,7326,10197,6324,7455,6864,10623,14234,6790,9794,15647,NA
"10-JAN-2023",2023-01-10 12:06:57,"2023-01-10","12H 6M 57S","Unknown","2.16.0","Unknown","Unknown",750,290,511,515,459,498,525,473,422,542,461,683,662,597,527,3.1,9.57,10.81,10.93,11.43,9.22,9.12,13.72,14,14.76,7,5.89,7.2,5.61,5.36,77239.8515625,151114.9296875,19402.3349609375,12459.8251953125,16245.3603515625,7093,9701.82958984375,3201.27990722656,3544.31982421875,3412.47998046875,6988.7998046875,13381.580078125,6304.77514648438,8847.1845703125,13718.599609375,NA,NA,NA,NA,NA,NA,NA,NA,750,750,290,290,511,515,459,498,525,473,422,542,461,683,662,597,527,1.66,2.63,1.3,8.33,12.77,12.8,13.16,8.18,8.65,13.37,13.22,14.49,5.41,6.19,8.01,6.33,5.99,60237.3359375,84111,64080.44140625,154325,19454,12603,16589,7264,9902,5749,6549.5,6145,10448.5,14078.5,6644,9216,14357,NA
"10-JAN-2023",2023-01-10 12:06:15,"2023-01-10","12H 6M 15S","Unknown","2.16.0","Unknown","Unknown",750,290,511,515,459,498,525,473,422,542,461,683,662,597,527,2.93,8.32,12.84,12.91,13.65,7.75,8.35,11.76,11.75,13.31,6.66,6.61,7.86,6.32,6.28,76992.296875,143704.171875,15094.349609375,10036.7099609375,12754.259765625,6742.85986328125,9240.580078125,2824.31982421875,3181.43994140625,3022.07983398438,6108.15966796875,9707.5703125,4571.91015625,6399.68994140625,9984.3203125,NA,NA,NA,NA,NA,NA,NA,NA,750,750,290,290,511,515,459,498,525,473,422,542,461,683,662,597,527,1.54,2.69,1.16,7.26,10.78,11.11,11.53,7,8.38,11.38,11.33,13.2,5.43,6.31,7.91,6.24,6.06,59944.02734375,84193,61381.04296875,153325,19271,12495,16479,7226,9839,5679,6454,6133,10505,14033,6618,9249,14416,NA
"09-JAN-2023",2023-01-09 14:38:34,"2023-01-09","14H 38M 34S","Unknown","2.16.0","Unknown","Unknown",750,290,511,515,459,498,525,473,422,542,461,683,662,597,527,2.87,7.39,6.98,7.21,7.5,6.54,7.08,9.25,9.54,10.89,5.79,4.88,6.46,5.32,4.84,75594.74609375,147451.171875,19748.205078125,13019.9404296875,17018.099609375,6911.36987304688,9767.83984375,3099.52001953125,3527.35998535156,3383.67993164062,6881.27978515625,13682.724609375,6455.24487304688,9324.8349609375,14685.5849609375,NA,NA,NA,NA,NA,NA,NA,NA,750,750,290,290,511,515,459,498,525,473,422,542,461,683,662,597,527,1.51,2.66,0.9,6.75,8.24,8.71,8.74,6.21,7.37,9.12,9.29,11,5.37,5.3,7.11,5.55,5.23,59684.953125,83014,63106.544921875,152939,19869,13212,17468,7188.5,10120,5583,6545,6139.5,10426.5,14198,6717,9578,15138.5,NA
"09-JAN-2023",2023-01-09 14:37:15,"2023-01-09","14H 37M 15S","Unknown","2.16.0","Unknown","Unknown",750,290,511,515,459,498,525,473,422,542,461,683,662,597,527,3.12,7.43,8.24,8.52,8.67,6.5,7.03,9.19,9.1,10.7,5.75,5.82,7.14,6.35,5.94,75290.6015625,141446.71875,17572.94921875,11770.1103515625,15477.48046875,6597.7197265625,9301.259765625,2869.76000976562,3306.23999023438,3148.15991210938,6140.7998046875,9469.3603515625,4468.58984375,6394.77001953125,10154.8798828125,NA,NA,NA,NA,NA,NA,NA,NA,750,750,290,290,511,515,459,498,525,473,422,542,461,683,662,597,527,1.51,2.69,1,6.69,7.65,8.02,8.37,5.95,7.13,8.83,8.75,10.92,5.01,5.27,6.86,5.42,5.14,59307.4609375,83194,60404.49609375,153346,19996,13400,17705,7182,10168,5590,6539,6162,10558,14245,6723,9710,15340,NA
"06-JAN-2023",2023-01-06 10:42:24,"2023-01-06","10H 42M 24S","Unknown","2.16.0","Unknown","",750,290,511,515,459,498,525,473,422,542,461,683,662,597,527,4.09,8.07,7.39,8.16,8.62,6.91,7.79,6.23,5.93,8.32,4.77,4.97,6.39,5.82,5.96,76240.39453125,151657.359375,19127.7451171875,7628.580078125,8786.8798828125,7164.75,7877.32983398438,3639.0400390625,4201.60009765625,3932.47985839844,7354.8798828125,13772.3095703125,6468.97998046875,5948.89501953125,7268.06982421875,NA,NA,NA,NA,NA,NA,NA,NA,750,750,290,290,511,515,459,498,525,473,422,542,461,683,662,597,527,1.57,4.25,0.94,7.21,8.57,9.63,9.88,6.44,8.35,5.8,5.18,8.73,4.87,5.34,7.09,6.32,6.28,60268.40234375,83028.5,64292.185546875,154588.5,18935,7602,8903,7302,8030,6006.5,7096,6501,9802,14107,6646.5,6002,7395,NA
"06-JAN-2023",2023-01-06 10:40:05,"2023-01-06","10H 40M 5S","Unknown","2.16.0","Unknown","Unknown",750,290,511,515,459,498,525,473,422,542,461,683,662,597,527,3.97,8.06,9.28,9.96,10.57,7.31,7.96,6.51,6.26,9.15,5.2,5.5,7.15,6.56,6.55,74728.11328125,140944.8828125,15952.9497070312,6226.46997070312,7367.76025390625,6718.259765625,7265.60986328125,3075.83984375,3642.55993652344,3296,6225.27978515625,9660.830078125,4555.919921875,4130.13500976562,5084.205078125,NA,NA,NA,NA,NA,NA,NA,NA,750,750,290,290,511,515,459,498,525,473,422,542,461,683,662,597,527,1.62,4.14,0.98,7.5,8.79,9.7,10.39,6.89,8.49,6.21,6.11,9.48,5.11,5.54,7.49,6.69,6.37,59532.189453125,82486,60961.369140625,151512,18562,7414,8662,7174.5,7898.5,5896,6996,6389.5,9804,13910,6570,5942,7338.5,NA
"05-JAN-2023",2023-01-05 10:15:28,"2023-01-05","10H 15M 28S","Unknown","2.16.0","Unknown","Unknown",750,290,511,515,459,498,525,473,422,542,461,683,662,597,527,3.64,8,7.49,7.8,7.97,6.86,7.46,3.45,2.92,7.01,4.42,5.09,6.85,5.09,4.67,82450.828125,152542.953125,19182.419921875,13526.1904296875,19179.990234375,6984.759765625,10170.4599609375,3715.83984375,4188.15966796875,4101.1201171875,7762.56005859375,13577.9697265625,6399.68994140625,9920.76953125,16285.2001953125,NA,NA,NA,NA,NA,NA,NA,NA,750,750,290,290,511,515,459,498,525,473,422,542,461,683,662,597,527,1.39,3.62,0.82,7.17,8.66,9.15,9.35,6.51,7.79,4.26,3.67,8.62,5.37,5.55,7.41,5.57,5.04,60768.06640625,89053,64467.703125,154955,19020,13504,19419,7123,10333,5042,5812,5575,8779,14140,6687,10217,16846,NA
"05-JAN-2023",2023-01-05 10:14:19,"2023-01-05","10H 14M 19S","Unknown","2.16.0","Unknown","Unknown",750,290,511,515,459,498,525,473,422,542,461,683,662,597,527,3.92,7.6,9.4,9.55,9.71,6.82,7.21,5.53,4.54,7.94,5.25,5.6,7.49,5.74,5.42,81902.5859375,146757.03125,16726.5,11826,16912.80078125,6611.66015625,9666.16015625,2984.31982421875,3552,3427.83984375,6450.56005859375,9854.349609375,4685.47998046875,7160.64990234375,11808,NA,NA,NA,NA,NA,NA,NA,NA,750,750,290,290,511,515,459,498,525,473,422,542,461,683,662,597,527,1.42,3.87,0.93,6.96,8.81,9.15,9.28,6.63,7.56,4.83,3.92,8.7,5.61,5.64,7.57,5.69,5.07,60396.5546875,89003,61776.16015625,155522,19121,13564,19497,7133,10360,5035,5821,5573,8801,14139,6698,10244,16869,NA
"03-JAN-2023",2023-01-03 14:16:51,"2023-01-03","14H 16M 51S","Unknown","2.16.0","Unknown","Unknown",750,290,511,515,459,498,525,473,422,542,461,683,662,597,527,2.95,8.09,7.29,7.78,7.83,7.3,7.86,3.6,2.88,6.56,4.38,4.62,6.45,5.02,4.82,77109.3359375,148434.765625,20192.490234375,12579.2998046875,16073.6396484375,7012.64013671875,9471,4007.03979492188,4312.31982421875,4166.39990234375,7889.27978515625,13660.7900390625,6469.7998046875,9025.740234375,14174.1103515625,NA,NA,NA,NA,NA,NA,NA,NA,750,750,290,290,511,515,459,498,525,473,422,542,461,683,662,597,527,1.53,2.7,0.85,7.28,8.49,9.1,9.17,7.08,7.91,4.53,3.84,8.22,5.29,5.23,6.85,5.6,5.18,59939.07421875,84333,64055.58984375,151730,20008,12549,16260,7182,9685,6052,6686,6296,9563,14137,6686,9220,14553,NA
"03-JAN-2023",2023-01-03 14:15:32,"2023-01-03","14H 15M 32S","Unknown","2.16.0","Unknown","Unknown",750,290,511,515,459,498,525,473,422,542,461,683,662,597,527,3.46,8.81,11.66,12.62,12.27,8.98,9,5.28,4.37,7.75,5.09,5.95,7.39,5.84,5.85,74455.1484375,129853.5625,14403.419921875,8603.009765625,11460.6904296875,6075.3798828125,8361.5400390625,3146.23999023438,3606.39990234375,3454.07983398438,6397.43994140625,9460.75,4485.39990234375,6251.68017578125,9851.4794921875,NA,NA,NA,NA,NA,NA,NA,NA,750,750,290,290,511,515,459,498,525,473,422,542,461,683,662,597,527,1.6,2.88,1.09,8.13,9.75,10.01,10.35,8.68,8.81,3.83,3.28,8.08,5.25,5.55,7.47,5.73,5.22,59124.7265625,82523,59862.75,142138,18288,11432,14793,6680,9105,6157,6785,6437,9858,13669,6493,9009,14204,NA
