"SAMPLE","DateTime","DATE","TIME","Timepoint","CYT","CYTSN","OP","FSC-A_Gain","SSC-A_Gain","R670-A_Gain","R730-A_Gain","R780-A_Gain","B530-A_Gain","B710-A_Gain","V450-A_Gain","V525-A_Gain","V610-A_Gain","V670-A_Gain","Y590-A_Gain","Y615-A_Gain","Y710-A_Gain","Y780-A_Gain","FSC-A-% rCV","SSC-A-% rCV","R670-A-% rCV","R730-A-% rCV","R780-A-% rCV","B530-A-% rCV","B710-A-% rCV","V450-A-% rCV","V525-A-% rCV","V610-A-% rCV","V670-A-% rCV","Y590-A-% rCV","Y615-A-% rCV","Y710-A-% rCV","Y780-A-% rCV","FSC-A","SSC-A","R670-A","R730-A","R780-A","B530-A","B710-A","V450-A","V525-A","V610-A","V670-A","Y590-A","Y615-A","Y710-A","Y780-A","Red_LaserDelay","Blue_LaserDelay","Violet_LaserDelay","yellow green_LaserDelay","Red_AreaScalingFactor","Blue_AreaScalingFactor","Violet_AreaScalingFactor","yellow green_AreaScalingFactor","FSC-H_Gain","FSC-W_Gain","SSC-H_Gain","SSC-W_Gain","R670-H_Gain","R730-H_Gain","R780-H_Gain","B530-H_Gain","B710-H_Gain","V450-H_Gain","V525-H_Gain","V610-H_Gain","V670-H_Gain","Y590-H_Gain","Y615-H_Gain","Y710-H_Gain","Y780-H_Gain","FSC-H-% rCV","FSC-W-% rCV","SSC-H-% rCV","SSC-W-% rCV","R670-H-% rCV","R730-H-% rCV","R780-H-% rCV","B530-H-% rCV","B710-H-% rCV","V450-H-% rCV","V525-H-% rCV","V610-H-% rCV","V670-H-% rCV","Y590-H-% rCV","Y615-H-% rCV","Y710-H-% rCV","Y780-H-% rCV","FSC-H","FSC-W","SSC-H","SSC-W","R670-H","R730-H","R780-H","B530-H","B710-H","V450-H","V525-H","V610-H","V670-H","Y590-H","Y615-H","Y710-H","Y780-H","Time_Gain"
"15-NOV-2024",2024-11-15 12:28:31,"2024-11-15","12H 28M 31S","Unknown","2.16.0","Unknown","Unknown",600,280,511,515,459,498,525,473,422,542,461,683,662,597,527,4.74,6.81,5.53,5.76,5.8,4.19,5.41,4.94,4.52,8.05,4.3,6.47,8.11,6.37,5.78,61725.5078125,111838.3984375,8892.7998046875,10766.080078125,14395.51953125,6856.80029296875,10282.400390625,3591.080078125,3990.919921875,4246.60009765625,6140.39990234375,11484,5488.80029296875,10103.6005859375,16974.80078125,NA,NA,NA,NA,NA,NA,NA,NA,600,600,280,280,511,515,459,498,525,473,422,542,461,683,662,597,527,2.25,4.73,1.55,6.32,6.95,6.99,6.94,4.28,6.28,4.69,3.97,8.78,5.41,6.87,8.88,6.6,6.17,64964.328125,62427,63997.25390625,114517,8996,10941,14715,6994,10534,5408,6165,6471,7589,11976,5745,10561,17769,NA
"15-NOV-2024",2024-11-15 12:28:02,"2024-11-15","12H 28M 2S","Unknown","2.16.0","Unknown","Unknown",600,280,511,515,459,498,525,473,422,542,461,683,662,597,527,5,6.63,6.54,6.57,6.74,4.34,5.74,5.03,4.43,8.1,5.35,10.79,11.61,10.84,10.44,60840.009765625,107326.00390625,7979.83984375,9695.6796875,12965.439453125,6553.60009765625,9793.6005859375,3346.28002929688,3780.80004882812,3974.26000976562,5236.68017578125,7410.2001953125,3528.40014648438,6422.39990234375,10897.6000976562,NA,NA,NA,NA,NA,NA,NA,NA,600,600,280,280,511,515,459,498,525,473,422,542,461,683,662,597,527,2.27,5.21,1.48,5.83,7.18,7.14,7.14,4.34,6.34,4.57,3.99,8.79,5.22,7.02,9.12,7,6.48,64075.705078125,62431.5,61331.896484375,114390,8998,10926,14677.5,6997,10536,5413,6162,6469,7595,11972,5736,10534.5,17793.5,NA
"14-NOV-2024",2024-11-14 14:37:26,"2024-11-14","14H 37M 26S","Unknown","2.16.0","Unknown","Unknown",600,280,511,515,459,498,525,473,422,542,461,683,662,597,527,4.7,6.8,6.02,5.92,5.91,4.1,5.39,7.53,7.34,9.78,5.42,6.27,7.88,5.91,5.47,62942.109375,112576.8046875,8997.759765625,11116.7998046875,14878.080078125,6856,10624.7998046875,3425.84008789062,3788.9599609375,4071.16015625,6124.080078125,11705.2001953125,5608,10857.6005859375,18048,NA,NA,NA,NA,NA,NA,NA,NA,600,600,280,280,511,515,459,498,525,473,422,542,461,683,662,597,527,1.96,5.04,1.4,5.94,7.47,7.02,7.3,4.12,6.23,7.17,6.63,10.37,5.41,6.87,8.69,6.31,5.8,64711.62109375,63962,63483.85546875,116089,9111,11264,15170,7059,10977,5457,6216,6550,8078,12080,5800,11229,18745,NA
"14-NOV-2024",2024-11-14 14:36:54,"2024-11-14","14H 36M 54S","Unknown","2.16.0","Unknown","Unknown",600,280,511,515,459,498,525,473,422,542,461,683,662,597,527,4.01,7.18,8.31,8.49,7.84,4.54,5.83,8.07,8.2,10.73,6.31,9.99,11.24,10.04,9.4,62069.3125,109331.203125,7824.6396484375,9620.16015625,13065.279296875,6596.80029296875,10193.6005859375,3155.5400390625,3535.32006835938,3758.69995117188,5209.47998046875,7422.60009765625,3549.20007324219,6768.80029296875,11451,NA,NA,NA,NA,NA,NA,NA,NA,600,600,280,280,511,515,459,498,525,473,422,542,461,683,662,597,527,1.75,4.36,1.33,6.52,7.87,7.69,7.54,4.4,6.5,7.45,7.51,10.72,5.75,6.88,8.61,6.46,5.85,63495.97265625,64320.5,61669.509765625,116132.5,8995,11073,14912.5,7054,10955.5,5405,6160.5,6486.5,8076.5,11950,5733,11084,18541.5,NA
"13-NOV-2024",2024-11-13 13:22:51,"2024-11-13","13H 22M 51S","Unknown","2.16.0","Unknown","Unknown",600,280,511,515,459,498,525,473,422,542,461,683,662,597,527,5.39,6.08,6.23,6.4,6.36,3.83,5.45,7.47,7.36,9.56,5.24,5.44,7.25,5.45,5.01,62409.26953125,111718.3984375,9005.439453125,11048.3193359375,14875.51953125,6872,10620,3416.32006835938,3793.71997070312,4080,6077.16015625,11907.2001953125,5727.2001953125,11051.6005859375,18419.201171875,NA,NA,NA,NA,NA,NA,NA,NA,600,600,280,280,511,515,459,498,525,473,422,542,461,683,662,597,527,2,5.95,1.34,5.46,7.67,7.56,7.63,4.1,6.42,7.33,6.9,9.98,5.14,6.08,7.91,5.72,5.32,64534.34765625,63570,63113.5078125,116159,9109,11196,15168,7124,11021,5524,6317,6639,8195,12196,5864,11321,18961,NA
"13-NOV-2024",2024-11-13 13:22:15,"2024-11-13","13H 22M 15S","Unknown","2.16.0","Unknown","Unknown",600,280,511,515,459,498,525,473,422,542,461,683,662,597,527,5.32,6.37,9.61,8.9,9.17,4.05,5.47,7.97,7.93,10.81,5.91,8.9,10.35,9.16,8.58,61617.70703125,108545.19921875,7524.7998046875,9365.11962890625,12668.16015625,6650.39990234375,10077.2001953125,3154.85998535156,3557.76000976562,3783.18005371094,5100,7454.60009765625,3577.40002441406,6804.39990234375,11833.6005859375,NA,NA,NA,NA,NA,NA,NA,NA,600,600,280,280,511,515,459,498,525,473,422,542,461,683,662,597,527,1.87,5.95,1.28,5.83,8.09,7.78,8.02,4.08,6.27,7.66,7.24,11.09,5.42,6.06,8.17,5.73,5.23,63544.609375,63758.5,61095.5703125,116486.5,9083,11125,15043.5,7130,11011.5,5498,6307,6639.5,8229,12192.5,5871.5,11319,18924.5,NA
"12-NOV-2024",2024-11-12 11:34:45,"2024-11-12","11H 34M 45S","Unknown","2.16.0","Unknown","Unknown",600,280,511,515,459,498,525,473,422,542,461,683,662,597,527,4.45,6.65,6.29,6.53,6.22,4.31,5.58,5.57,5.4,8.47,4.87,6.03,7.89,5.98,5.58,62731.8984375,111464.8046875,8826.240234375,10892.16015625,14619.51953125,6797.60009765625,10502.400390625,3620.32006835938,3975.28002929688,4275.16015625,6154,11430.7998046875,5488.80029296875,10472,17663.599609375,NA,NA,NA,NA,NA,NA,NA,NA,600,600,280,280,511,515,459,498,525,473,422,542,461,683,662,597,527,1.83,4.83,1.42,6.13,7.62,7.6,7.52,4.43,6.37,4.99,4.29,9.2,5.22,6.46,8.6,6.42,6.05,64466.90234375,63950,63428.37890625,115109,8949,11057,14911,6998,10853,5287,5947,6318,7474,11846,5722,10878,18389,NA
"12-NOV-2024",2024-11-12 11:34:02,"2024-11-12","11H 34M 2S","Unknown","2.16.0","Unknown","Unknown",600,280,511,515,459,498,525,473,422,542,461,683,662,597,527,4.54,6.76,9.16,9.3,9.11,4.28,5.63,6.13,5.96,9.15,5.86,9.83,10.87,9.9,9.89,61890.2890625,107947.203125,7489.27978515625,9264,12442.8798828125,6572,10117.6005859375,3336.76000976562,3706.67993164062,3943.32006835938,5113.60009765625,7064.80029296875,3393.19995117188,6367.2001953125,10508,NA,NA,NA,NA,NA,NA,NA,NA,600,600,280,280,511,515,459,498,525,473,422,542,461,683,662,597,527,1.86,4.98,1.37,6.06,7.4,7.57,7.41,4.29,6.38,5,4.53,9.08,5.18,7.17,8.76,6.55,6.04,63562.94921875,64072,61569.0546875,114869,8936,11048,14869,6988,10837,5283,5955,6300,7496,11841,5687,10859,18371,NA
"11-NOV-2024",2024-11-11 14:06:43,"2024-11-11","14H 6M 43S","Unknown","2.16.0","Unknown","Unknown",600,280,511,515,459,498,525,473,422,542,461,683,662,597,527,3.41,6.42,4.17,4.12,4.48,3.85,5.4,4,3.48,7.06,4.51,5.1,6.91,5,4.37,63215.07421875,110973.6015625,8940.7998046875,10942.7197265625,14959.0395507812,6714.39990234375,10495.6000976562,3628.47998046875,3957.60009765625,4286.71997070312,6140.73999023438,11612.400390625,5560.39990234375,10653.8002929688,17936.0009765625,NA,NA,NA,NA,NA,NA,NA,NA,600,600,280,280,511,515,459,498,525,473,422,542,461,683,662,597,527,1.45,3.13,0.79,6.14,5.36,4.77,5.44,4.22,6.1,4.89,4.12,8.86,5.82,5.77,7.8,5.56,4.73,64430.201171875,64209.5,63182.58984375,115176.5,9013,11074.5,15184,6951.5,10896,4577.5,5104,5433,6686,11891,5704,10912,18446,NA
"11-NOV-2024",2024-11-11 14:05:38,"2024-11-11","14H 5M 38S","Unknown","2.16.0","Unknown","Unknown",600,280,511,515,459,498,525,473,422,542,461,683,662,597,527,3.43,6.13,6.32,6.78,6.05,3.77,5.58,3.95,3.4,7.72,4.95,6.87,8.73,6.8,6.1,62327.6484375,107697.6015625,7152,8508.16015625,11979.1997070312,6513.60009765625,10158.400390625,3365.32006835938,3708.0400390625,4017.78002929688,5147.94018554688,6936.60009765625,3416.80004882812,6265.40014648438,11051.3999023438,NA,NA,NA,NA,NA,NA,NA,NA,600,600,280,280,511,515,459,498,525,473,422,542,461,683,662,597,527,1.42,3.07,0.84,5.87,5.72,5.1,5.03,4.03,6.45,4.75,3.96,8.64,5.58,5.42,8.02,5.23,4.45,63445.63671875,64392,61255.15625,115355,9058,11056.5,15151,6973.5,10938,4599.5,5127,5488,6721,11862.5,5676,10921,18463,NA
"08-NOV-2024",2024-11-08 10:23:49,"2024-11-08","10H 23M 49S","Unknown","2.16.0","Unknown","Unknown",600,280,511,515,459,498,525,473,422,542,461,683,662,597,527,4.24,6.62,5.74,5.98,5.76,4.2,5.92,4.76,4.31,8.01,4.65,6.05,7.6,5.69,5.27,63160.7890625,112022.3984375,8917.759765625,10304,13722.8798828125,6862.39990234375,10076,3751.56005859375,4112.64013671875,4455.35986328125,6221.31982421875,11783.2001953125,5638.80029296875,9908,16313.2001953125,NA,NA,NA,NA,NA,NA,NA,NA,600,600,280,280,511,515,459,498,525,473,422,542,461,683,662,597,527,2.07,5.15,1.34,6.13,7.09,7.21,7.11,4.29,6.7,4.6,3.92,9.16,5.68,6.82,8.32,6.17,5.78,64934.40625,64017,63895.328125,114888,9037,10446,13984,7019,10314,4702,5254,5646,6787,12085,5791,10169,16821,NA
"08-NOV-2024",2024-11-08 10:23:05,"2024-11-08","10H 23M 5S","Unknown","2.16.0","Unknown","Unknown",600,280,511,515,459,498,525,473,422,542,461,683,662,597,527,4.43,6.94,6.12,6.31,6.44,4.27,5.74,4.94,4.34,8.13,4.94,7.65,9.01,8.09,7.95,62331.5,110012,8087.6796875,9299.2001953125,12452.4794921875,6644,9792,3506.76000976562,3903.88012695312,4165,5367.240234375,8142.80029296875,3896.40014648438,6619.60009765625,11009.2001953125,NA,NA,NA,NA,NA,NA,NA,NA,600,600,280,280,511,515,459,498,525,473,422,542,461,683,662,597,527,2.04,5.16,1.28,6.21,7.07,7.28,7.25,4.37,6.56,4.69,3.97,9.22,5.5,6.61,8.33,6.41,5.85,64058.0078125,64021,62447.69140625,115333,9032,10425,13953,7027,10335,4708,5269,5643,6791,12120,5801,10181,16817,NA
"07-NOV-2024",2024-11-07 09:44:20,"2024-11-07","9H 44M 20S","Unknown","2.16.0","Unknown","Unknown",600,280,511,515,459,498,525,473,422,542,461,683,662,597,527,3.69,7.2,4.97,4.97,4.86,4.85,5.64,4.79,4.33,7.91,4.79,5.68,7.61,5.34,4.73,63247.02734375,112907.203125,9171.83984375,10512.6396484375,14108.16015625,6891.2001953125,10191.2001953125,3723.67993164062,4119.43994140625,4420,6226.76025390625,12067.6005859375,5799.2001953125,10241.6005859375,16856.400390625,NA,NA,NA,NA,NA,NA,NA,NA,600,600,280,280,511,515,459,498,525,473,422,542,461,683,662,597,527,1.77,4.02,1.38,6.39,6.2,6.15,5.93,4.51,6.15,6,5.6,10.48,6.28,6.4,8.1,5.97,5.15,64492.31640625,64408,63385.0390625,116817,9309,10709,14433,7108,10533,4201,4743,5035,6562,12170,5859,10375,17132,NA
"07-NOV-2024",2024-11-07 09:43:46,"2024-11-07","9H 43M 46S","Unknown","2.16.0","Unknown","Unknown",600,280,511,515,459,498,525,473,422,542,461,683,662,597,527,3.64,7.21,5.53,5.46,5.48,4.86,6.41,5.07,4.47,8.53,4.97,7.73,9.11,7.39,7.02,62356.5234375,110623.6015625,8287.03955078125,9483.19970703125,12913.279296875,6723.60009765625,9848,3470.71997070312,3904.56005859375,4135.080078125,5322.35986328125,8057.19995117188,3867.60009765625,6946.60009765625,11573.6000976562,NA,NA,NA,NA,NA,NA,NA,NA,600,600,280,280,511,515,459,498,525,473,422,542,461,683,662,597,527,1.69,4,1.31,6.59,6.3,5.89,6.08,4.69,6.8,6.34,5.56,10.4,6.28,6.28,8.07,5.87,5.38,63629.22265625,64454,62005.861328125,116777.5,9340.5,10776.5,14614,7100.5,10540,4208,4764,5048,6566,12195,5872,10424.5,17284,NA
"06-NOV-2024",2024-11-06 12:02:13,"2024-11-06","12H 2M 13S","Unknown","2.16.0","Unknown","Unknown",600,280,511,515,459,498,525,473,422,542,461,683,662,597,527,3.85,7.05,5.04,4.82,4.69,4.63,6.21,5.51,4.81,8.46,5.15,6.04,7.56,5.86,5.3,63499.58984375,112620,9055.359375,10575.359375,14173.439453125,6812,10335.2001953125,3678.1201171875,4006.56005859375,4347.240234375,6306.31982421875,11835.6005859375,5663.2001953125,10315.6005859375,16941.599609375,NA,NA,NA,NA,NA,NA,NA,NA,600,600,280,280,511,515,459,498,525,473,422,542,461,683,662,597,527,1.84,4.05,1.29,6.35,6.45,6.05,6.04,4.63,6.74,6.77,6.3,10.9,6.52,6.58,8.39,6.23,5.69,64717.16015625,64544,63703.6875,115757,9224,10776,14497,6983,10625,4229,4710,5021,6617,12100,5811,10595,17453,NA
"06-NOV-2024",2024-11-06 12:01:45,"2024-11-06","12H 1M 45S","Unknown","2.16.0","Unknown","Unknown",600,280,511,515,459,498,525,473,422,542,461,683,662,597,527,3.78,7.51,6.16,6.02,5.73,4.92,6.54,5.54,4.85,8.36,5.41,9.16,9.47,8.89,8.1,62377.69921875,109803.6015625,8199.35986328125,9622.7197265625,12895.3598632812,6586.80004882812,9953.2001953125,3439.09997558594,3797.11999511719,4095.64013671875,5520.580078125,7898.60009765625,3885.00012207031,6821.00024414062,11623,NA,NA,NA,NA,NA,NA,NA,NA,600,600,280,280,511,515,459,498,525,473,422,542,461,683,662,597,527,1.75,4.03,1.3,6.68,6.75,6.6,6.17,4.8,6.95,6.79,6.53,10.73,6.29,6.97,8.72,6.89,6.1,63680.931640625,64562.5,62231.03515625,115475,9224,10823,14535,6962.5,10626.5,4246.5,4735.5,5069.5,6669,12139.5,5823,10645.5,17536.5,NA
"05-NOV-2024",2024-11-05 09:58:32,"2024-11-05","9H 58M 32S","Unknown","2.16.0","Unknown","Unknown",600,280,511,515,459,498,525,473,422,542,461,683,662,597,527,3.5,6.68,5.62,5.49,5.11,4.88,5.99,4.08,3.65,7.51,4.47,6.06,7.87,5.63,5.13,62858.1796875,111355.6015625,8908.16015625,10302.3999023438,14087.9995117188,6770.39990234375,10166.0004882812,3644.1201171875,4037.16015625,4311.2001953125,6117.6201171875,11837.6000976562,5656.40014648438,10202.7998046875,16837.6005859375,NA,NA,NA,NA,NA,NA,NA,NA,600,600,280,280,511,515,459,498,525,473,422,542,461,683,662,597,527,2.02,4,1.35,6,7.24,6.59,6.11,4.51,6.41,4.55,3.82,8.92,5.78,6.79,8.71,6.3,5.46,64178.830078125,64354.5,63194.99609375,115360,9048,10494,14420.5,6985.5,10531,4964,5625,5928,6927,12106,5795.5,10453,17340.5,NA
"05-NOV-2024",2024-11-05 09:57:49,"2024-11-05","9H 57M 49S","Unknown","2.16.0","Unknown","Unknown",600,280,511,515,459,498,525,473,422,542,461,683,662,597,527,3.37,7.11,6.19,6.32,6.18,4.9,5.85,4.11,3.63,7.71,4.64,8.03,9.44,8.41,8.26,61879.892578125,108845.6015625,8019.83984375,9309.11962890625,12814.3999023438,6554.80004882812,9846.400390625,3410.19995117188,3802.56005859375,4051.43994140625,5233.2802734375,7748.19995117188,3803.80004882812,6617.00024414062,11079.6005859375,NA,NA,NA,NA,NA,NA,NA,NA,600,600,280,280,511,515,459,498,525,473,422,542,461,683,662,597,527,2,3.99,1.38,6.11,7.08,6.9,6.9,4.78,6.45,4.5,3.93,8.6,5.61,6.7,8.42,6.15,5.8,63326.8359375,64314,61773.298828125,115289.5,9014,10516,14471,6983.5,10491,4956.5,5620,5940,6935.5,12056.5,5776,10445,17369,NA
"04-NOV-2024",2024-11-04 10:10:43,"2024-11-04","10H 10M 43S","Unknown","2.16.0","Unknown","Unknown",600,280,511,515,459,498,525,473,422,542,461,683,662,597,527,3.89,6.41,6.25,6.23,6.25,4.42,5.41,7.17,6.81,9.47,5.04,6.35,7.78,5.71,5.33,62419.27734375,110286.3984375,8760.9599609375,10405.1201171875,13971.83984375,6784,10368.7998046875,3485,3906.60009765625,4109.919921875,6078.52001953125,11437.2001953125,5488,10222.400390625,16950.400390625,NA,NA,NA,NA,NA,NA,NA,NA,600,600,280,280,511,515,459,498,525,473,422,542,461,683,662,597,527,2.05,4.49,1.33,5.77,7.46,7.47,7.35,4.36,6.11,6.65,6.32,10.08,5.08,6.76,8.29,6.24,5.66,64015.84375,64277,62822.734375,114969,8962,10662,14366,7043,10770,5395,6213,6412,7822,11867,5704,10641,17706,NA
"04-NOV-2024",2024-11-04 10:10:12,"2024-11-04","10H 10M 12S","Unknown","2.16.0","Unknown","Unknown",600,280,511,515,459,498,525,473,422,542,461,683,662,597,527,3.78,6.81,8.05,7.88,7.85,4.25,5.68,7.02,6.96,9.54,5.21,8.89,10.99,8.85,8.93,61759.38671875,108657.6015625,7660.15966796875,9114.240234375,12228.4794921875,6648,10029.6005859375,3257.88012695312,3679.47998046875,3845.40014648438,5151.68017578125,7184.39990234375,3328.40014648438,6314.80029296875,10244.7998046875,NA,NA,NA,NA,NA,NA,NA,NA,600,600,280,280,511,515,459,498,525,473,422,542,461,683,662,597,527,2.14,4.4,1.26,6.03,7.66,7.53,7.51,4.37,6.38,6.41,6.28,9.78,4.97,6.72,8.62,6.21,5.68,63362.05078125,64263,61642.4140625,115328,8975,10696,14383,7059,10791,5409,6253,6411,7813,11922,5713,10689,17755,NA
"01-NOV-2024",2024-11-01 09:50:35,"2024-11-01","9H 50M 35S","Unknown","2.16.0","Unknown","Unknown",600,280,511,515,459,498,525,473,422,542,461,683,662,597,527,3.54,7.33,5.23,5.79,6.52,4.88,6.2,4.24,3.53,7.58,4.82,5.74,7.4,5.97,5.97,62825.068359375,111493.6015625,8835.83984375,9065.27978515625,11556.4799804688,6835.2001953125,9511.2001953125,3686.9599609375,4255.43994140625,4433.94018554688,6273,11816,5685.2001953125,9045.80029296875,13788.0004882812,NA,NA,NA,NA,NA,NA,NA,NA,600,600,280,280,511,515,459,498,525,473,422,542,461,683,662,597,527,2.12,3.74,1.31,6.51,6.75,6.95,7.3,4.64,6.62,4.84,3.97,9.58,5.97,6.44,8.39,6.48,6.39,64414.591796875,64040.5,63332.595703125,115267,9016.5,9237,11864.5,7041.5,9838.5,4320,5074,5237.5,6679,12061.5,5821,9243,14116.5,NA
"01-NOV-2024",2024-11-01 09:49:36,"2024-11-01","9H 49M 36S","Unknown","2.16.0","Unknown","Unknown",600,280,511,515,459,498,525,473,422,542,461,683,662,597,527,3.49,7.27,6.75,6.98,7.22,5.21,6.38,4.5,4.08,7.86,5.33,8.91,9.79,9.08,8.99,61953.814453125,108020.40234375,7975.67993164062,8569.27978515625,11363.2001953125,6626.80004882812,9316.7998046875,3406.80004882812,3967.1201171875,4125.89990234375,5337.32006835938,7514.60009765625,3602,5738.40014648438,9255.2001953125,NA,NA,NA,NA,NA,NA,NA,NA,600,600,280,280,511,515,459,498,525,473,422,542,461,683,662,597,527,1.97,3.75,1.38,6.51,6.71,6.6,6.79,4.81,6.94,4.98,4.32,9.47,5.97,6.38,8.63,6.24,5.93,63495.47265625,64154.5,61382.376953125,115110.5,9241.5,9929,13174,7043,10118,4344,5113,5252,6762,12090,5831,9722,15527.5,NA
"31-OCT-2024",2024-10-31 09:39:10,"2024-10-31","9H 39M 10S","Unknown","2.16.0","Unknown","Unknown",600,280,511,515,459,498,525,473,422,542,461,683,662,597,527,3.27,7.33,5.16,5.21,5.4,5.28,6.13,4.3,3.53,7.6,4.38,5.71,7.34,5.49,4.95,61838.697265625,109727.203125,9003.83984375,9979.83984375,13291.51953125,6711.2001953125,9820.7998046875,3598.22009277344,3927,4328.5400390625,6166.919921875,11716.8002929688,5602.2001953125,9761.2001953125,15722.2001953125,NA,NA,NA,NA,NA,NA,NA,NA,600,600,280,280,511,515,459,498,525,473,422,542,461,683,662,597,527,1.86,3.52,1.33,6.43,6.54,6.35,6.69,4.75,6.52,5.13,4.4,9.41,5.55,6.26,8.36,5.96,5.48,63781.95703125,63680,62601.244140625,114665,9222,10255,13724.5,6991,10242.5,4512,5035.5,5468,6730,11925,5726,9967,16152.5,NA
"31-OCT-2024",2024-10-31 09:38:26,"2024-10-31","9H 38M 26S","Unknown","2.16.0","Unknown","Unknown",600,280,511,515,459,498,525,473,422,542,461,683,662,597,527,3.48,7.86,10.12,9.55,10.28,5.45,6.93,4.9,4.1,8.45,5.79,10,10.24,9.52,9.1,61174.95703125,107610.3984375,7368.31982421875,8412.16015625,10998.3994140625,6510.39990234375,9497.6005859375,3350.36010742188,3659.76000976562,4018.80004882812,5155.080078125,6847.60009765625,3383.19995117188,5620.39990234375,9171.2001953125,NA,NA,NA,NA,NA,NA,NA,NA,600,600,280,280,511,515,459,498,525,473,422,542,461,683,662,597,527,1.9,3.86,1.36,6.85,7.48,7.05,7.49,4.98,7.54,5.57,4.54,10.05,6.35,6.74,9.27,6.69,6.19,62804.6484375,63894,61148.1328125,115103,9202,10262,13760,6991,10301,4549,5059,5547,6867,11963,5743,10016,16240,NA
"30-OCT-2024",2024-10-30 10:06:51,"2024-10-30","10H 6M 51S","Unknown","2.16.0","Unknown","Unknown",600,280,511,515,459,498,525,473,422,542,461,683,662,597,527,3.73,6.99,5.19,5.32,5.66,5.01,5.62,4.66,4.12,7.24,4.36,5.53,6.98,5.33,4.91,61931.09765625,110168,8952.3193359375,10072.3193359375,13454.080078125,6723.2001953125,9792.7998046875,3547.56005859375,3935.84008789062,4276.52001953125,6098.919921875,11674.7998046875,5581.2001953125,9754.400390625,15941.6005859375,NA,NA,NA,NA,NA,NA,NA,NA,600,600,280,280,511,515,459,498,525,473,422,542,461,683,662,597,527,1.78,3.5,1.33,6.09,6.6,6.63,6.66,4.65,6.26,4.4,3.61,8.02,5.19,6.06,7.74,5.86,5.33,63789.1484375,63817,62408.29296875,115387,9161,10335,13871,7009,10230,5127,5825,6268,7345,11939,5726,10019,16426,NA
"30-OCT-2024",2024-10-30 10:05:47,"2024-10-30","10H 5M 47S","Unknown","2.16.0","Unknown","Unknown",600,280,511,515,459,498,525,473,422,542,461,683,662,597,527,3.83,7.16,8.74,8.6,9.69,5.14,6.33,5.15,4.56,8.11,5.53,9.8,10.79,9.65,9.98,61272.75,107657.6015625,7777.27978515625,8697.27978515625,11470.7197265625,6602,9542.00048828125,3320.09997558594,3722.32006835938,4005.20007324219,5133.65991210938,7322.2001953125,3505.19995117188,6026.60009765625,9685.00048828125,NA,NA,NA,NA,NA,NA,NA,NA,600,600,280,280,511,515,459,498,525,473,422,542,461,683,662,597,527,1.88,3.69,1.39,6.19,7.33,6.82,6.87,5.03,6.71,4.58,3.91,8.71,5.62,6.47,8.63,6.32,5.99,63013.630859375,63884,60782.91015625,115836.5,9264,10371,13974.5,7045,10322.5,5146,5843,6297,7385,12039,5787,10118.5,16605,NA
"29-OCT-2024",2024-10-29 10:28:09,"2024-10-29","10H 28M 9S","Unknown","2.16.0","Unknown","Unknown",600,280,511,515,459,498,525,473,422,542,461,683,662,597,527,3.76,7.26,6.18,6.19,6.09,4.8,6.04,6.14,5.58,8.66,5,6.85,8.61,6.88,6.35,62694.16796875,110624,8808.3193359375,9954.5595703125,13236.4794921875,6752,9822.400390625,3512.88012695312,3900.47998046875,4212.60009765625,6003.72021484375,11222.7998046875,5371.60009765625,9303.6005859375,15383.6005859375,NA,NA,NA,NA,NA,NA,NA,NA,600,600,280,280,511,515,459,498,525,473,422,542,461,683,662,597,527,1.72,4.12,1.38,6.46,7.57,7.5,7.53,4.56,6.55,5.32,4.66,8.98,5.51,7.15,9.22,7.21,6.76,64218.44140625,64195,63310.49609375,114552,9029,10204,13645,6960,10141,5295,6043,6436,7513,11749,5642,9761,16219,NA
"29-OCT-2024",2024-10-29 10:27:12,"2024-10-29","10H 27M 12S","Unknown","2.16.0","Unknown","Unknown",600,280,511,515,459,498,525,473,422,542,461,683,662,597,527,3.62,7.11,7.96,7.67,8.12,4.8,5.88,6.15,5.74,8.82,5.67,9.92,11.05,9.91,9,61626.94921875,106156,7661.43994140625,8836.4794921875,11632,6527.2001953125,9464.7998046875,3227.28002929688,3618.9599609375,3910,5029.2802734375,6457.2001953125,3086.40014648438,5236.80029296875,9107.2001953125,NA,NA,NA,NA,NA,NA,NA,NA,600,600,280,280,511,515,459,498,525,473,422,542,461,683,662,597,527,1.81,3.89,1.43,6.28,7.69,7.48,7.45,4.59,6.55,5.25,4.64,8.88,5.47,7.46,9.12,7.21,6.47,63297.609375,64019,60768.13671875,114273,9001,10212,13717,6947,10141,5309,6039,6429,7541,11779,5641,9769,16253,NA
"28-OCT-2024",2024-10-28 10:03:55,"2024-10-28","10H 3M 55S","Unknown","2.16.0","Unknown","Unknown",600,280,511,515,459,498,525,473,422,542,461,683,662,597,527,3.84,6.6,6.97,7.02,7.23,4.51,5.9,8.74,8.38,10.7,5.87,6.73,8.72,6.37,5.82,62163.63671875,110832.8046875,8811.51953125,10279.0400390625,13656.9599609375,6785.60009765625,10087.2001953125,3357.84008789062,3779.43994140625,4041.919921875,5956.1201171875,11214.400390625,5372,9632.7998046875,16061.2001953125,NA,NA,NA,NA,NA,NA,NA,NA,600,600,280,280,511,515,459,498,525,473,422,542,461,683,662,597,527,1.96,4.53,1.38,5.98,8.56,8.26,8.48,4.29,6.69,8.57,7.94,11.47,5.56,7.31,9.26,6.95,6.36,64183.5078125,63716,62774,115613,9029,10536,14108,7042,10528,5382,6235,6567,7999,11664,5604,10063,16844,NA
"28-OCT-2024",2024-10-28 10:03:05,"2024-10-28","10H 3M 5S","Unknown","2.16.0","Unknown","Unknown",600,280,511,515,459,498,525,473,422,542,461,683,662,597,527,3.67,6.57,11.47,11.2,11.35,4.36,5.68,8.93,9,11.35,6.72,10.44,11.04,10.47,9.87,61310.478515625,106346.80078125,6989.43994140625,8139.19970703125,10855.0395507812,6552,9712,3053.5400390625,3426.52001953125,3640.71997070312,4721.580078125,5924.80029296875,2947.19995117188,5025.2001953125,8860.39990234375,NA,NA,NA,NA,NA,NA,NA,NA,600,600,280,280,511,515,459,498,525,473,422,542,461,683,662,597,527,1.75,4.42,1.35,5.83,7.85,8.09,8.16,4.44,6.01,8.17,7.8,10.93,5.29,6.96,9.18,6.77,6.08,63285.056640625,63772.5,60246.4609375,115400.5,9013.5,10494.5,14041,7032.5,10499,5365,6212,6528.5,8027,11531.5,5554,9969,16798.5,NA
"25-OCT-2024",2024-10-25 09:54:47,"2024-10-25","9H 54M 47S","Unknown","2.16.0","Unknown","Unknown",600,280,511,515,459,498,525,473,422,542,461,683,662,597,527,4.3,7.07,5.94,6.18,6.03,4.37,5.72,7.34,7.04,9.56,5.28,5.95,7.65,6.01,5.26,62346.12890625,112323.203125,9098.8798828125,10249.599609375,13640.9599609375,6860,10010.400390625,3476.84008789062,3909.32006835938,4239.7998046875,6050.64013671875,11812.400390625,5637.60009765625,9776.400390625,16021.2001953125,NA,NA,NA,NA,NA,NA,NA,NA,600,600,280,280,511,515,459,498,525,473,422,542,461,683,662,597,527,1.87,5.08,1.5,6.3,7.32,7.51,7.47,4.37,6.47,6.67,6.25,9.86,5.24,6.64,8.54,6.46,5.72,64695.390625,63460,63151.13671875,116385,9260,10408,13944,7093,10361,5358,6191,6618,7755,12060,5765,10001,16449,NA
"25-OCT-2024",2024-10-25 09:53:41,"2024-10-25","9H 53M 41S","Unknown","2.16.0","Unknown","Unknown",600,280,511,515,459,498,525,473,422,542,461,683,662,597,527,4.36,6.71,7.36,7.39,7.55,4.41,5.98,7.38,7.16,9.7,5.94,8.09,9.7,8.49,7.88,61533.77734375,109374,8007.0400390625,9185.919921875,12110.3999023438,6663.2001953125,9593.6005859375,3208.919921875,3676.42004394531,3928.36010742188,5015.34008789062,7816,3639.80004882812,6209.60009765625,10591.8002929688,NA,NA,NA,NA,NA,NA,NA,NA,600,600,280,280,511,515,459,498,525,473,422,542,461,683,662,597,527,1.79,5.01,1.41,5.98,7.26,7.42,7.22,4.11,6.68,6.52,6.15,9.79,5.27,6.47,8.18,6.32,5.62,63861.216796875,63417,61432.794921875,116392,9289,10524,14065,7102,10378.5,5369,6204.5,6622.5,7809.5,12088.5,5788.5,10044,16545,NA
"24-OCT-2024",2024-10-24 10:03:28,"2024-10-24","10H 3M 28S","Unknown","2.16.0","Unknown","Unknown",600,280,511,515,459,498,525,473,422,542,461,683,662,597,527,3.88,7.09,5.31,5.73,5.72,4.67,5.94,4.92,4.37,8.13,4.89,6.41,7.85,6.11,5.61,62708.796875,111117.6015625,9144.9599609375,10688,14392.9599609375,6807.2001953125,10101.6005859375,3650.23999023438,4035.80004882812,4438.35986328125,6311.080078125,11946,5709.2001953125,10161.6005859375,16895.599609375,NA,NA,NA,NA,NA,NA,NA,NA,600,600,280,280,511,515,459,498,525,473,422,542,461,683,662,597,527,1.96,4.68,1.37,6.44,6.6,7.19,7.12,4.56,6.54,4.56,3.82,9.03,5.64,6.82,8.91,6.43,5.96,64381.57421875,64038,63244.0078125,115079,9283,10872,14704,7020,10467,4939,5583,6059,7226,12191,5855,10395,17340,NA
"24-OCT-2024",2024-10-24 10:02:50,"2024-10-24","10H 2M 50S","Unknown","2.16.0","Unknown","Unknown",600,280,511,515,459,498,525,473,422,542,461,683,662,597,527,3.33,7.08,7.91,8.75,8.03,5.02,6.07,5.54,4.82,8.39,5.57,9.8,10.57,9.78,8.89,61718.578125,105827.203125,7808.6396484375,8937.599609375,12330.2392578125,6495.2001953125,9666.400390625,3345.60009765625,3744.76000976562,4024.919921875,5215.60009765625,7278,3590.40014648438,6099.2001953125,10578,NA,NA,NA,NA,NA,NA,NA,NA,600,600,280,280,511,515,459,498,525,473,422,542,461,683,662,597,527,1.86,3.88,1.42,6.43,7.04,7.16,6.97,4.68,6.65,4.67,3.83,8.49,5.67,6.68,8.45,6.27,5.81,63286.30078125,64124,60547.33984375,114452,9203,10707,14547,7006,10395,4926,5574,6042,7218,12095,5790,10335,17234,NA
"23-OCT-2024",2024-10-23 09:32:22,"2024-10-23","9H 32M 22S","Unknown","2.16.0","Unknown","Unknown",600,280,511,515,459,498,525,473,422,542,461,683,662,597,527,3.49,7.6,5.41,5.51,5.48,5.35,6.26,5.3,5.06,8.42,4.97,6.32,7.53,5.79,5.36,61810.20703125,110936,9278.7197265625,10758.3994140625,14608.6396484375,6767.2001953125,10300.7998046875,3594.47998046875,3944.67993164062,4332.2802734375,6307.68017578125,11773.6005859375,5612,10318.7998046875,17105.599609375,NA,NA,NA,NA,NA,NA,NA,NA,600,600,280,280,511,515,459,498,525,473,422,542,461,683,662,597,527,1.86,3.98,1.41,6.56,6.73,6.58,6.78,4.65,6.76,4.62,4.17,8.72,5.56,6.86,8.28,6.34,5.8,64009.109375,63471,62727.640625,115766,9496,11016,15050,7022,10709,5138,5765,6243,7542,12030,5749,10567,17587,NA
"23-OCT-2024",2024-10-23 09:31:36,"2024-10-23","9H 31M 36S","Unknown","2.16.0","Unknown","Unknown",600,280,511,515,459,498,525,473,422,542,461,683,662,597,527,3.67,7.44,9.83,9.38,9.58,5.44,6.2,6.23,5.87,9.26,5.83,10.1,11.38,10.54,10.23,61005.55859375,107983.203125,7761.919921875,8962.5595703125,12208.6396484375,6567.2001953125,9968.7998046875,3251.080078125,3590.40014648438,3920.19995117188,5149.64013671875,7107.2001953125,3392.40014648438,5928,9945.6005859375,NA,NA,NA,NA,NA,NA,NA,NA,600,600,280,280,511,515,459,498,525,473,422,542,461,683,662,597,527,1.8,4.1,1.39,6.52,6.78,6.44,6.57,4.91,6.79,4.87,4.32,9.47,5.65,6.56,8.56,6.37,5.71,63203.94921875,63484,60944.44921875,115844,9472,10960,14924,7034,10780,5145,5766,6259,7583,12015,5765,10589,17655,NA
"22-OCT-2024",2024-10-22 11:13:25,"2024-10-22","11H 13M 25S","Unknown","2.16.0","Unknown","Unknown",600,280,511,515,459,498,525,473,422,542,461,683,662,597,527,3.31,7.24,6.17,6.14,6.31,5.35,6.19,5.45,5.1,8.55,4.58,6.86,8.28,6.49,5.82,61706.2578125,108280.3984375,8841.599609375,10392.6396484375,14022.0795898438,6686,10141.2001953125,3531.919921875,3873.28002929688,4269.0400390625,6232.8798828125,10996.400390625,5267.2001953125,9638.39990234375,16065.6005859375,NA,NA,NA,NA,NA,NA,NA,NA,600,600,280,280,511,515,459,498,525,473,422,542,461,683,662,597,527,1.63,3.28,1.39,6.26,8.01,7.46,7.67,4.95,6.6,4.64,4.15,9.13,5.29,7.32,8.75,6.88,6.18,63553.263671875,63685,62499.357421875,113466,9150.5,10754,14571,6973,10604,5115,5755,6236,7583.5,11592.5,5556,10172,17004,NA
"22-OCT-2024",2024-10-22 11:12:58,"2024-10-22","11H 12M 58S","Unknown","LSRII","1","Administrator",600,280,511,515,459,498,525,473,422,542,461,683,662,597,527,3.14,7.27,15.23,13.58,13.58,5.33,6.23,6.14,5.98,8.68,6.83,11.24,13.27,11.59,11.15,60860.4140625,106232.40234375,6487.67993164062,7879.35986328125,10680.9599609375,6530.39990234375,9905.2001953125,3170.83996582031,3472.080078125,3864.09997558594,4909.94018554688,5746.19995117188,2639.40002441406,4943.00024414062,8360.2001953125,60.61,0,21.4,39.37,0.64,0.8,0.68,0.4,600,600,280,280,511,515,459,498,525,473,422,542,461,683,662,597,527,1.6,3.34,1.32,6.54,7.32,6.96,7.29,4.96,6.67,4.41,3.91,8.78,5.53,7.01,8.99,7,6.67,62715.33984375,63763,60755.7421875,114246,9169,10794.5,14620,7007,10630.5,5138,5781.5,6293,7620,11544,5482.5,10077,16960,NA
"17-OCT-2024",2024-10-17 10:11:37,"2024-10-17","10H 11M 37S","Unknown","2.16.0","Unknown","Unknown",600,280,511,515,459,498,525,473,422,542,461,683,662,597,527,5.24,7.2,6.22,6.8,6.84,4.59,6.09,8.29,7.87,10.9,5.67,6.4,8.03,5.86,5.93,61624.63671875,112932.8046875,8830.080078125,8178.56005859375,10727.6796875,7008.80029296875,8974.400390625,3454.40014648438,4009.28002929688,4216,6024.80029296875,11922,5668.80029296875,8137.2001953125,12514,NA,NA,NA,NA,NA,NA,NA,NA,600,600,280,280,511,515,459,498,525,473,422,542,461,683,662,597,527,1.96,5.69,1.46,6.37,8.11,8.13,8.13,4.42,6.87,7.85,7.47,11.32,5.7,6.99,8.81,6.37,6.6,64106.03125,63217,62566.30078125,118249,9034,8387,11073,7312,9394,5516,6586,6799,8034,12215,5839,8350,12907,NA
"17-OCT-2024",2024-10-17 10:11:06,"2024-10-17","10H 11M 6S","Unknown","2.16.0","Unknown","Unknown",600,280,511,515,459,498,525,473,422,542,461,683,662,597,527,4.66,6.76,11.24,12.29,12.54,4.53,6.28,8.98,8.88,11.27,6.78,9.08,10.57,9.12,8.78,60709.87890625,109547.203125,6868.15991210938,6200.31982421875,8140.47973632812,6720.80029296875,8655.60009765625,3108.28002929688,3646.16015625,3784.88012695312,4675.68017578125,6848.60009765625,3265.40002441406,4583.00024414062,7398.39990234375,NA,NA,NA,NA,NA,NA,NA,NA,600,600,280,280,511,515,459,498,525,473,422,542,461,683,662,597,527,1.8,5.61,1.33,6.06,7.61,7.88,8.01,4.44,6.75,7.74,7.47,10.76,5.46,6.92,8.77,6.4,6.08,63413.923828125,63069.5,60885.279296875,117865,9024.5,8404.5,11060.5,7290,9363,5524.5,6607,6789,8031,12234,5842.5,8347,12895,NA
"11-OCT-2024",2024-10-11 10:48:47,"2024-10-11","10H 48M 47S","Unknown","2.16.0","Unknown","Unknown",600,280,511,515,459,498,525,473,422,542,461,683,662,597,527,4.62,6.39,5.4,6.18,6.35,3.84,5.7,6.75,6.55,8.95,5.29,6.11,8.01,6.18,6.46,63216.228515625,112190.40234375,8919.35986328125,9613.759765625,12669.1201171875,6865.2001953125,9757.2001953125,3533.9599609375,3902.52001953125,4281.9599609375,6035,11881.0004882812,5649.60009765625,9305.2001953125,14931.6000976562,NA,NA,NA,NA,NA,NA,NA,NA,600,600,280,280,511,515,459,498,525,473,422,542,461,683,662,597,527,2.02,5.43,1.31,6.09,6.8,7.05,7.37,4.22,6.56,6.01,5.53,9.47,5.38,6.81,8.58,6.86,7.09,65309.0078125,63555.5,64139.619140625,114924.5,9064,9795.5,12929.5,7012,9956,5233,5923,6406,7464,12309,5875,9669,15564.5,NA
"11-OCT-2024",2024-10-11 10:48:09,"2024-10-11","10H 48M 9S","Unknown","2.16.0","Unknown","Unknown",600,280,511,515,459,498,525,473,422,542,461,683,662,597,527,4.59,6.64,6.49,6.48,7.27,3.93,5.75,7.27,6.94,9.63,6.08,7.6,9.77,7.75,8.16,62485.884765625,109246.8046875,8038.71997070312,8723.83984375,11499.51953125,6728,9507.2001953125,3240.19995117188,3625.080078125,3945.02001953125,4905.52001953125,8165.40014648438,3806.59997558594,6192.60009765625,10032,NA,NA,NA,NA,NA,NA,NA,NA,600,600,280,280,511,515,459,498,525,473,422,542,461,683,662,597,527,1.86,5.26,1.27,6.14,7.16,7.11,7.88,4.24,6.76,6.34,5.74,9.68,5.49,6.82,9.28,7.03,7.1,64280.53125,64009.5,62089.79296875,115288.5,9045,9781,12969.5,7039.5,10013,5226.5,5903,6388.5,7472,12260,5864,9668.5,15520,NA
"10-OCT-2024",2024-10-10 09:40:13,"2024-10-10","9H 40M 13S","Unknown","2.16.0","Unknown","Unknown",600,280,511,515,459,498,525,473,422,542,461,683,662,597,527,4.9,6.28,5.09,5.35,5.77,3.85,5.44,6.96,6.74,9.56,5.28,5.82,7.64,5.54,5.5,61961.12890625,112094.80078125,9102.39990234375,10182.7197265625,13453.439453125,6785.2001953125,10045.2001953125,3412.57995605469,3819.90002441406,4172.47998046875,6105.0400390625,12007.0004882812,5752.39990234375,10080.6000976562,16211,NA,NA,NA,NA,NA,NA,NA,NA,600,600,280,280,511,515,459,498,525,473,422,542,461,683,662,597,527,1.79,5.48,1.23,5.81,6.77,6.33,6.68,4.04,6.5,6.64,6.32,10.03,5.53,6.32,8.38,6.1,5.74,64774.146484375,62736.5,63195.076171875,116374.5,9308,10415,13831,7021.5,10428.5,5147,5926.5,6334,7714.5,12334,5933.5,10394,16772,NA
"10-OCT-2024",2024-10-10 09:39:16,"2024-10-10","9H 39M 16S","Unknown","2.16.0","Unknown","Unknown",600,280,511,515,459,498,525,473,422,542,461,683,662,597,527,5.5,6.15,11.2,11.25,12.38,3.95,5.56,8.78,7.87,11.11,8.38,9.22,10.52,9.08,8.95,60495.8203125,108064.8046875,7125.759765625,8024.31982421875,10337.919921875,6584,9735.2001953125,2926.71997070312,3421.080078125,3610.1201171875,4379.2001953125,7035.60009765625,3365.60009765625,5838,9578.400390625,NA,NA,NA,NA,NA,NA,NA,NA,600,600,280,280,511,515,459,498,525,473,422,542,461,683,662,597,527,1.72,6.53,1.28,5.74,6.36,6.43,6.7,4.14,6.58,6.83,6.14,10.19,5.25,6.36,8.14,6.13,5.73,63996.4765625,61995,60869.11328125,116323,9374,10578,14155,7027,10450,5190,5967,6414,7707,12398,5940,10503,17102,NA
"09-OCT-2024",2024-10-09 10:39:05,"2024-10-09","10H 39M 5S","Unknown","2.16.0","Unknown","Unknown",600,280,511,515,459,498,525,473,422,542,461,683,662,597,527,4.61,6.41,6.91,7.08,8.64,4.18,5.49,8.84,8.7,10.52,7,8.33,9.2,8.2,8.69,62234.86328125,108513.203125,8048,9021.759765625,12125.4399414062,6610.39990234375,9790.400390625,3149.080078125,3523.080078125,3905.919921875,4840.919921875,8042,3925.60009765625,6647.00024414062,11018.2001953125,NA,NA,NA,NA,NA,NA,NA,NA,600,600,280,280,511,515,459,498,525,473,422,542,461,683,662,597,527,1.85,5.35,1.27,6.05,6.67,7,8.71,4.18,6.26,6.8,6.2,10.02,5.15,6.46,8.47,6.4,7.41,64062.259765625,63865,61265.794921875,116063,9253,10379,14169,7066,10432,4929,5599,6051,7207.5,12310.5,5900,10334.5,17007,NA
"09-OCT-2024",2024-10-09 10:38:05,"2024-10-09","10H 38M 5S","Unknown","2.16.0","Unknown","Unknown",600,280,511,515,459,498,525,473,422,542,461,683,662,597,527,4.51,6.36,5.13,5.29,5.37,4.11,5.48,7.63,7.42,9.52,5.14,5.74,7.5,5.74,5.25,62961.744140625,112772.40234375,9186.5595703125,10492.4799804688,14476.7998046875,6887.60009765625,10210.400390625,3555.0400390625,3952.84008789062,4327.86010742188,6129.86010742188,12098.400390625,5780.80029296875,10302,17182.400390625,NA,NA,NA,NA,NA,NA,NA,NA,600,600,280,280,511,515,459,498,525,473,422,542,461,683,662,597,527,1.94,5.48,1.34,5.88,6.33,6.34,6.52,4.2,6.2,6.83,6.13,10.14,5.19,6.33,8.44,6.39,5.7,65008.455078125,63640.5,63803.904296875,115928,9293,10657,14753,7061,10497,4926,5610,6066,7199,12313.5,5903,10515,17602.5,NA
"08-OCT-2024",2024-10-08 12:44:59,"2024-10-08","12H 44M 59S","Unknown","2.16.0","Unknown","Unknown",600,280,511,515,459,498,525,473,422,542,461,683,662,597,527,4.98,6.68,5.31,5.2,5.13,4.21,5.49,6.82,6.54,9.03,5.15,5.9,7.48,5.85,5.08,62588.677734375,111929.6015625,9099.19970703125,10648.3193359375,14598.3994140625,6811.2001953125,10189.6005859375,3645.14001464844,4009.61999511719,4414.90014648438,6238.65991210938,11860.6000976562,5677.2001953125,10160,17077.7998046875,NA,NA,NA,NA,NA,NA,NA,NA,600,600,280,280,511,515,459,498,525,473,422,542,461,683,662,597,527,1.94,5.8,1.33,6.07,6.65,6.22,6.39,4.28,6.72,5.84,5.18,10.04,5.53,6.7,8.41,6.34,5.67,64844.9140625,63499,63568.990234375,115356.5,9292.5,10860.5,14956,6997,10515,4595,5183,5650.5,6970,12142.5,5823,10410.5,17555,NA
"08-OCT-2024",2024-10-08 12:44:12,"2024-10-08","12H 44M 12S","Unknown","2.16.0","Unknown","Unknown",600,280,511,515,459,498,525,473,422,542,461,683,662,597,527,4.84,6.16,10.12,10.31,11.59,4,5.31,9.08,8.17,11.06,7.94,8.87,9.98,8.76,8.93,61764.77734375,109412.8046875,7348.47998046875,8560.6396484375,11481.599609375,6590.39990234375,9886.400390625,3087.19995117188,3517.64013671875,3718.23999023438,4583.8798828125,7351.60009765625,3619.60009765625,6355.60009765625,10513.2001953125,NA,NA,NA,NA,NA,NA,NA,NA,600,600,280,280,511,515,459,498,525,473,422,542,461,683,662,597,527,1.88,5.65,1.22,6,6.62,6.57,6.29,4.15,6.46,5.58,5.09,9.65,5.29,6.44,8.13,6.38,5.68,64046.35546875,63483,62173.5859375,115462,9293,10805,14935,6999,10493,4598,5187,5667,6975,12170,5834,10440,17631,NA
"07-OCT-2024",2024-10-07 14:03:52,"2024-10-07","14H 3M 52S","Unknown","2.16.0","Unknown","Unknown",600,280,511,515,459,498,525,473,422,542,461,683,662,597,527,4.1,6.43,4.53,4.55,4.4,4.47,5.67,4.53,3.9,7.85,4.69,5.54,7.36,5.3,4.81,63049.5234375,112357.203125,9513.599609375,11276.4799804688,15271.3598632812,6810,10577.2001953125,3760.40014648438,4121.47998046875,4594.080078125,6512.35986328125,12072.2001953125,5805,10844.400390625,18238.201171875,NA,NA,NA,NA,NA,NA,NA,NA,600,600,280,280,511,515,459,498,525,473,422,542,461,683,662,597,527,1.77,5.03,1.28,6.02,6.05,5.69,5.44,4.39,6.41,4.69,3.87,9.77,5.7,5.86,8.43,5.75,5.45,64686.755859375,64129.5,63353.208984375,116230,9681.5,11502.5,15618,7025,10945.5,4127,4619.5,5136,6937.5,12067.5,5822.5,10884.5,18360.5,NA
"07-OCT-2024",2024-10-07 14:03:14,"2024-10-07","14H 3M 14S","Unknown","2.16.0","Unknown","Unknown",600,280,511,515,459,498,525,473,422,542,461,683,662,597,527,3.9,6.3,10.4,9.13,9.3,4.01,5.5,6.19,6.14,9.35,9.08,7.7,9.36,7.84,7.65,62233.708984375,109164.40234375,7418.23974609375,9055.35986328125,12313.279296875,6536.80029296875,10089.6000976562,3200.080078125,3561.16015625,3718.57995605469,4357.10009765625,7506.40014648438,3590.20007324219,6864.60009765625,11322.400390625,NA,NA,NA,NA,NA,NA,NA,NA,600,600,280,280,511,515,459,498,525,473,422,542,461,683,662,597,527,1.7,4.83,1.26,5.84,5.71,5.31,5.27,4.01,6.27,4.42,3.73,8.83,5.29,5.83,8.04,5.68,4.86,63820.126953125,64125.5,61470.15234375,116476,9716,11505,15644,7039.5,10928,4130,4665.5,5104,6945,12092.5,5815.5,10920,18386,NA
"04-OCT-2024",2024-10-04 09:54:13,"2024-10-04","9H 54M 13S","Unknown","2.16.0","Unknown","Unknown",600,280,511,515,459,498,525,473,422,542,461,683,662,597,527,3.8,6.59,4.59,4.69,4.64,4.64,6.04,4.21,3.62,7.59,4.51,5.44,7.25,5.19,4.9,63276.673828125,112896.80078125,9499.51953125,10321.2797851562,14097.919921875,6963.60009765625,10088,3815.14001464844,4237.080078125,4675,6433.82006835938,12303,5876.39990234375,10095.400390625,16550.400390625,NA,NA,NA,NA,NA,NA,NA,NA,600,600,280,280,511,515,459,498,525,473,422,542,461,683,662,597,527,1.68,4.4,1.28,6.07,5.6,5.58,5.68,4.5,6.95,4.87,4.13,9.6,5.86,5.88,8.01,5.82,5.32,64617.498046875,64380.5,63562.873046875,116444.5,9617,10491,14372,7148,10384,4018,4543,4996.5,6720,12199,5838,10035,16515.5,NA
"04-OCT-2024",2024-10-04 09:53:16,"2024-10-04","9H 53M 16S","Unknown","2.16.0","Unknown","Unknown",600,280,511,515,459,498,525,473,422,542,461,683,662,597,527,4.02,6.88,5.31,5.28,5.52,4.64,6,5.08,4.42,8.36,6.48,7.25,8.58,7.03,7.08,62626.408203125,110127.6015625,8527.359375,9335.99951171875,12794.8798828125,6814.39990234375,9652.39990234375,3416.32006835938,3844.0400390625,4136.43994140625,5087.080078125,8555.6005859375,4164.19995117188,7091.40014648438,11499.2001953125,NA,NA,NA,NA,NA,NA,NA,NA,600,600,280,280,511,515,459,498,525,473,422,542,461,683,662,597,527,1.67,4.58,1.3,6.4,5.79,5.79,5.72,4.37,6.64,5.07,4.19,9.56,5.71,6.07,8.17,5.83,5.37,63866.25,64455,61859.708984375,116644.5,9651,10540,14458,7217,10380,4024.5,4527,5007,6740,12246,5887,10082,16585.5,NA
"02-OCT-2024",2024-10-02 09:47:47,"2024-10-02","9H 47M 47S","Unknown","2.16.0","Unknown","Unknown",600,280,511,515,459,498,525,473,422,542,461,683,662,597,527,3.84,6.53,4.29,4.45,4.63,4.44,5.66,4.16,3.49,7.34,4.61,5.44,7.21,5.22,4.96,63250.494140625,112666.80078125,9298.8798828125,10508.4799804688,14253.439453125,6916.80029296875,10200,3806.64013671875,4218.72021484375,4590.34008789062,6494,12171.8002929688,5818.40014648438,10289.400390625,16796.2001953125,NA,NA,NA,NA,NA,NA,NA,NA,600,600,280,280,511,515,459,498,525,473,422,542,461,683,662,597,527,1.86,4.55,1.31,5.94,5.51,5.53,5.58,4.28,6.46,5.26,4.6,9.49,5.66,6.16,8.23,5.79,5.39,64954.3125,64067.5,63925.677734375,115385.5,9411.5,10626,14478,7063,10438,3947,4448,4811,6694,12186,5840,10324,16922.5,NA
"02-OCT-2024",2024-10-02 09:47:04,"2024-10-02","9H 47M 4S","Unknown","2.16.0","Unknown","Unknown",600,280,511,515,459,498,525,473,422,542,461,683,662,597,527,3.79,6.63,5.14,5.06,5.59,4.62,5.67,4.53,3.95,7.73,5.45,6.89,8.8,6.75,6.4,62376.544921875,110018.40234375,8293.759765625,9448.95947265625,12798.080078125,6736,9908.7998046875,3448.9599609375,3774,4103.1201171875,5285.97998046875,8479.39990234375,3984.40014648438,6989.39990234375,11792.6000976562,NA,NA,NA,NA,NA,NA,NA,NA,600,600,280,280,511,515,459,498,525,473,422,542,461,683,662,597,527,1.78,4.49,1.22,6.18,5.76,5.75,5.84,4.63,6.69,5.3,4.77,9.99,5.92,6.37,8.89,6.26,5.91,64028.23828125,64114,62421.123046875,115557,9423,10661.5,14556.5,7055,10482,3948,4428.5,4847.5,6762,12181,5852,10377.5,17040.5,NA
"01-OCT-2024",2024-10-01 10:33:28,"2024-10-01","10H 33M 28S","Unknown","2.16.0","Unknown","Unknown",600,280,511,515,459,498,525,473,422,542,461,683,662,597,527,3.04,6.29,4.14,4.31,4.48,3.75,5.38,3.85,3.17,7.18,4.43,4.89,7.14,4.91,4.69,63493.814453125,114011.6015625,9530.56005859375,10706.2397460938,14595.1997070312,6973.2001953125,10230.8002929688,3874.64013671875,4276.86010742188,4668.8798828125,6440.9599609375,12236.8002929688,5861.2001953125,10314.2001953125,17070.400390625,NA,NA,NA,NA,NA,NA,NA,NA,600,600,280,280,511,515,459,498,525,473,422,542,461,683,662,597,527,1.24,2.81,0.71,6.05,5.43,4.93,5.2,4.41,6.56,4.58,3.74,9.61,5.72,5.67,7.92,5.49,4.85,64817.126953125,64204,63774.34765625,117443.5,9644,10786.5,14816,7151.5,10505,4012,4520,4912,6674.5,12198,5849.5,10278.5,17079,NA
"01-OCT-2024",2024-10-01 10:31:51,"2024-10-01","10H 31M 51S","Unknown","2.16.0","Unknown","Unknown",600,280,511,515,459,498,525,473,422,542,461,683,662,597,527,2.96,5.83,4.32,4.06,4.31,3.79,5.86,3.84,3.53,7.16,6.34,5.72,7.48,5.63,5.43,62641.423828125,109019.6015625,8524.16015625,9652.4794921875,13241.9194335938,6678.80004882812,9729.60009765625,3478.88012695312,3929.71997070312,4205.4599609375,4946.31982421875,8463.39990234375,4120.19995117188,7189.19995117188,11837.8002929688,NA,NA,NA,NA,NA,NA,NA,NA,600,600,280,280,511,515,459,498,525,473,422,542,461,683,662,597,527,1.12,2.91,0.82,5.66,5.08,4.7,4.65,3.97,6.38,4.52,3.56,9.27,5.62,5.13,7.89,4.96,4.25,64037.564453125,64157,61264.27734375,116626.5,9638.5,10870,14885,7139.5,10462,4004,4566,4909,6661.5,12183,5845,10266,17103,NA
"30-SEP-2024",2024-09-30 10:00:03,"2024-09-30","10H 0M 3S","Unknown","2.16.0","Unknown","Unknown",600,280,511,515,459,498,525,473,422,542,461,683,662,597,527,3.86,6.46,4.27,4.26,4.37,4.24,5.56,4.25,3.6,7.45,4.61,5.21,7.17,5.16,4.93,63694.783203125,114620.3984375,9711.359375,11008.3198242188,14962.8793945312,7043.60009765625,10424,3886.88012695312,4195.26000976562,4642.35986328125,6609.26000976562,12275.6005859375,5885.2001953125,10524,17446.400390625,NA,NA,NA,NA,NA,NA,NA,NA,600,600,280,280,511,515,459,498,525,473,422,542,461,683,662,597,527,1.84,4.74,1.32,5.94,5.42,5.28,5.35,4.18,6.26,5.51,4.81,10.15,5.8,5.86,8.03,5.38,5.41,65311.962890625,64119.5,64205.92578125,117058,9765,11096,15148,7171,10617,3983,4379,4819,6752,12184,5845,10457,17430.5,NA
"30-SEP-2024",2024-09-30 09:59:31,"2024-09-30","9H 59M 31S","Unknown","2.16.0","Unknown","Unknown",600,280,511,515,459,498,525,473,422,542,461,683,662,597,527,3.87,6.62,4.46,4.49,4.46,4.56,5.89,4.33,3.42,7.47,4.79,6.32,8.13,5.8,5.55,62930.943359375,110993.6015625,8780.7998046875,9995.19970703125,13613.4399414062,6808.80029296875,10051.6000976562,3584.28002929688,3920.88012695312,4307.1201171875,5576.34008789062,8883,4236.39990234375,7608.00024414062,12809.400390625,NA,NA,NA,NA,NA,NA,NA,NA,600,600,280,280,511,515,459,498,525,473,422,542,461,683,662,597,527,1.75,4.7,1.29,6.03,5.25,5.18,5.23,4.42,6.59,5.45,4.56,10.04,5.78,5.79,8.32,5.55,4.99,64310.6796875,64426,62288.552734375,116784.5,9777,11154.5,15236,7151,10622.5,3998,4408,4857,6809.5,12194,5844,10520,17447.5,NA
"27-SEP-2024",2024-09-27 09:57:37,"2024-09-27","9H 57M 37S","Unknown","2.16.0","Unknown","Unknown",600,280,511,515,459,498,525,473,422,542,461,683,662,597,527,4.9,4.97,4,3.74,4.05,3.13,4.71,8.08,8.31,10.08,5.22,4.37,6.37,4.12,3.49,60030.73828125,117225.6015625,9547.19970703125,10223.359375,14022.0795898438,7165.60009765625,10199.2001953125,3354.43994140625,3548.580078125,3949.10009765625,5973.80029296875,12752.2001953125,6061,10308.400390625,16699.6005859375,NA,NA,NA,NA,NA,NA,NA,NA,600,600,280,280,511,515,459,498,525,473,422,542,461,683,662,597,527,1.42,4.78,0.69,5.14,4.33,4.27,4.41,3.78,6.1,10.18,9.36,12.73,6.01,4.81,7.31,4.3,3.8,68435.73828125,57622,67120.328125,114495.5,9613,10374,14333,7004.5,9990,3219,3508,3879.5,5940.5,12626.5,6062,10266,16762.5,NA
"27-SEP-2024",2024-09-27 09:56:52,"2024-09-27","9H 56M 52S","Unknown","2.16.0","Unknown","Unknown",600,280,511,515,459,498,525,473,422,542,461,683,662,597,527,4.94,5.42,6.98,6.69,6.8,3.73,5.3,9.26,9.47,10.8,5.57,5.09,7.21,4.9,4.26,59131.763671875,113465.203125,6792.9599609375,7621.76000976562,10126.3999023438,6946,9965.2001953125,3037.22009277344,3283.0400390625,3659.080078125,5281.21997070312,9495.2001953125,4516.60009765625,7803.00024414062,12622.6000976562,NA,NA,NA,NA,NA,NA,NA,NA,600,600,280,280,511,515,459,498,525,473,422,542,461,683,662,597,527,1.38,4.75,0.72,5.3,5,4.55,4.66,4.2,6.53,10.76,10.87,13.34,6.96,4.67,7.16,4.87,3.97,67267.81640625,57546,64758.794921875,115052.5,9641,10440,14512.5,7007.5,10122,3218,3492,3906,5960.5,12632,6042.5,10357,16870.5,NA
"26-SEP-2024",2024-09-26 10:06:43,"2024-09-26","10H 6M 43S","Unknown","2.16.0","Unknown","Unknown",600,280,511,515,459,498,525,473,422,542,461,683,662,597,527,3.65,7.04,4.68,4.55,4.34,4.88,5.99,4.51,3.93,7.76,4.81,5.79,7.73,5.58,5.03,62530.9296875,111600,9513.599609375,11568.6396484375,16272,6776.80029296875,10656.7998046875,3777.40014648438,4130.31982421875,4482.56005859375,6513.0400390625,11956,5716.80029296875,11045.2001953125,18905.201171875,NA,NA,NA,NA,NA,NA,NA,NA,600,600,280,280,511,515,459,498,525,473,422,542,461,683,662,597,527,1.87,4,1.33,6.4,5.98,5.29,5.32,4.66,6.68,5.72,4.87,10.62,6.27,6.36,8.55,6.17,5.67,64222.6171875,64001,63331.98828125,115468,9695,11824,16698,6992,11015,3938,4383,4718,6765,12057,5791,11153,19161,NA
"26-SEP-2024",2024-09-26 10:06:09,"2024-09-26","10H 6M 9S","Unknown","2.16.0","Unknown","Unknown",600,280,511,515,459,498,525,473,422,542,461,683,662,597,527,3.7,7,10.44,9.93,11.36,5.04,6.15,6.35,6.32,9.18,9.11,9.72,10.87,9.67,9.8,61739.3671875,108606.3984375,7941.759765625,9703.0400390625,13344,6572,10156,3204.84008789062,3510.84008789062,3777.40014648438,4616.52001953125,7464.39990234375,3572.80004882812,6812,11440,NA,NA,NA,NA,NA,NA,NA,NA,600,600,280,280,511,515,459,498,525,473,422,542,461,683,662,597,527,1.82,4.18,1.39,6.21,6,5.44,5.49,4.68,6.45,5.6,5.05,10.39,6.24,6.24,8.49,5.88,5.51,63288.03125,64145,61429.234375,115619,9711,11846,16686,6997,10994,3944,4377,4739,6768,12040,5778,11147,19148,NA
"25-SEP-2024",2024-09-25 13:52:36,"2024-09-25","13H 52M 36S","Unknown","2.16.0","Unknown","Unknown",600,280,511,515,459,498,525,473,422,542,461,683,662,597,527,3.4,5.64,3.72,3.66,3.43,3.51,5.09,4.09,3.44,7.1,4.32,4.86,6.68,4.61,3.83,63643.578125,115365.6015625,9644.16015625,11884.7998046875,16727.6796875,7020,11155.2001953125,3867.16015625,4216.68017578125,4515.2001953125,6538.2001953125,12105.6005859375,5772.39990234375,11158.7998046875,19230,NA,NA,NA,NA,NA,NA,NA,NA,600,600,280,280,511,515,459,498,525,473,422,542,461,683,662,597,527,1.31,3.24,0.86,5.18,4.8,4.39,4.09,4.04,6.06,5.01,4.3,9.38,5.57,5.21,7.37,4.86,4.12,65948.65625,63253,65544.84375,115371,9603,11842,16707,7016,11154,3850,4279,4550,6519,12245,5851,11288,19526,NA
"25-SEP-2024",2024-09-25 12:06:28,"2024-09-25","12H 6M 28S","Unknown","2.16.0","Unknown","Unknown",600,280,511,515,459,498,525,473,422,542,461,683,662,597,527,3.65,6.39,88.59,33.89,37.79,4.37,5.4,4.54,3.8,7.22,4.66,5.37,7.26,5.07,4.56,59137.83984375,118682.6953125,63.9599990844727,81.8999938964844,79.5599975585938,7227.47998046875,10842.0400390625,4284,4716.75,5145.75,7329,12615.2900390625,6006.08984375,10792.4296875,18007.19921875,NA,NA,NA,NA,NA,NA,NA,NA,600,600,280,280,511,515,459,498,525,473,422,542,461,683,662,597,527,1.46,4.03,1.24,5.71,20.29,30.15,30.2,4.31,6.3,5.47,4.84,9.62,5.86,5.88,8.12,5.62,4.99,62463.921875,62238,65755.3828125,118219,95,59,54,7191,10822,3987,4475,4853,6750,12286,5876,10546,17639,NA
"25-SEP-2024",2024-09-25 12:05:32,"2024-09-25","12H 5M 32S","Unknown","2.16.0","Unknown","Unknown",600,280,511,515,459,498,525,473,422,542,461,683,662,597,527,3.66,6.62,209.73,42.77,58.69,4.38,5.66,4.62,4.21,7.91,4.69,6.13,8.19,6.08,5.94,58403.76171875,114447.3984375,31.9799995422363,40.5599975585938,37.439998626709,7000.33984375,10414.8203125,3895.5,4382.25,4734.75,6408,9215.5703125,4379.6201171875,7983.10986328125,13461.1201171875,NA,NA,NA,NA,NA,NA,NA,NA,600,600,280,280,511,515,459,498,525,473,422,542,461,683,662,597,527,1.47,4.03,1.25,5.92,27.58,35.04,37.85,4.23,6.19,5.33,4.93,9.88,5.9,5.96,8.32,5.65,5.3,61623.7734375,62234,63171.58984375,118635,86,55,47,7183,10880,3974,4482,4862,6756,12322,5884,10634,17994,NA
"23-SEP-2024",2024-09-23 11:33:55,"2024-09-23","11H 33M 55S","Unknown","2.16.0","Unknown","Unknown",600,280,511,515,459,498,525,473,422,542,461,683,662,597,527,3.73,6.69,88.59,35.69,39.16,4.6,5.72,4.51,3.77,7.38,4.7,5.54,7.36,5.59,5.1,59309.521484375,117294.84765625,63.9599990844727,84.2399978637695,82.6800003051758,7115.14013671875,10825.6396484375,4193.25,4659.75,5050.5,7257.75,12521.6044921875,5952.99487304688,10914.8149414062,18477.8798828125,NA,NA,NA,NA,NA,NA,NA,NA,600,600,280,280,511,515,459,498,525,473,422,542,461,683,662,597,527,1.81,4.52,1.23,6.22,21.9,28.51,23.41,4.48,6.25,5.77,5.03,9.83,5.98,6.11,7.91,6.13,5.51,61972.869140625,62935,65118.25,118018,88,52,57,7142,10885,3930,4450,4787.5,6752,12320,5869,10784.5,18308,NA
"23-SEP-2024",2024-09-23 11:29:58,"2024-09-23","11H 29M 58S","Unknown","2.16.0","Unknown","Unknown",600,280,511,515,459,498,525,473,422,542,461,683,662,597,527,3.61,6.88,211.27,48.41,55.6,4.55,5.95,4.65,4.11,8,4.93,6.15,7.91,6,5.54,58250.2109375,114493.3203125,31.1999988555908,38.2199974060059,37.439998626709,6862.580078125,10455,3847.5,4360.5,4675.875,6357.75,9362.349609375,4450.9599609375,8151.82495117188,13889.9794921875,NA,NA,NA,NA,NA,NA,NA,NA,600,600,280,280,511,515,459,498,525,473,422,542,461,683,662,597,527,1.74,4.35,1.18,6.28,35.58,35.45,34.21,4.39,6.42,5.46,5.07,10.22,6.02,6.05,8.08,5.68,5.23,61216.611328125,62522.5,63543.701171875,118142.5,75,46,52,7124,10917,3935,4473,4802,6761.5,12357,5889,10774,18368,NA
"20-SEP-2024",2024-09-20 10:03:13,"2024-09-20","10H 3M 13S","Unknown","2.16.0","Unknown","Unknown",600,280,511,515,459,498,525,473,422,542,461,683,662,597,527,3.11,5.94,88.59,35.36,39.16,3.77,5.29,3.74,3.09,7.2,4.4,5.02,6.84,4.67,4.05,59687.66015625,116082.4765625,63.9599990844727,85.0199966430664,82.6800003051758,7093,10901.080078125,4239.75,4743,5096.625,7272.75,12308.2001953125,5872.22509765625,11008.294921875,18573.615234375,NA,NA,NA,NA,NA,NA,NA,NA,600,600,280,280,511,515,459,498,525,473,422,542,461,683,662,597,527,1.13,3.09,0.84,5.64,19.67,27.97,26.96,4.17,6.3,4.42,3.62,9.32,5.65,5.44,7.75,5.11,4.3,61916.072265625,63221,65210.138671875,116817.5,98,53,55,7110,10970,4058,4624,4947,6804.5,12135,5818,10891,18438,NA
"20-SEP-2024",2024-09-20 10:02:14,"2024-09-20","10H 2M 14S","Unknown","2.16.0","Unknown","Unknown",600,280,511,515,459,498,525,473,422,542,461,683,662,597,527,3.06,6.18,228.74,45.62,57.49,3.96,5.45,3.76,3.26,7.34,4.64,5.54,7.55,5.34,4.65,59031.28125,113572.4609375,27.2999992370605,40.5599975585938,38.2199974060059,6902.759765625,10573.900390625,3936.75,4465.5,4757.25,6399.75,9232.7900390625,4397.66015625,8291.4296875,14027.330078125,NA,NA,NA,NA,NA,NA,NA,NA,600,600,280,280,511,515,459,498,525,473,422,542,461,683,662,597,527,1.09,3.13,0.84,5.92,27.58,37.85,33.98,4.26,6.28,4.46,3.7,9.52,5.58,5.5,7.61,5.19,4.25,61218.42578125,63270,63396.15234375,117484,86,47,48,7135,11005,4060,4649,4981,6797,12175,5847,10946,18522,NA
"19-SEP-2024",2024-09-19 09:44:23,"2024-09-19","9H 44M 23S","Unknown","2.16.0","Unknown","Unknown",600,280,511,515,459,498,525,473,422,542,461,683,662,597,527,3.34,6.38,85.74,33.09,37.07,3.92,5.81,3.83,3.22,7.83,4.57,5.17,7.22,4.85,4.29,59237.37109375,115789.7421875,64.7399978637695,87.3600006103516,84.2399978637695,7047.89990234375,10995.3798828125,4241.25,4760.25,5095.875,7285.875,12159.7802734375,5808.67504882812,10955.8149414062,18516.419921875,NA,NA,NA,NA,NA,NA,NA,NA,600,600,280,280,511,515,459,498,525,473,422,542,461,683,662,597,527,1.26,3.28,0.84,6.1,20.08,27.97,29.12,4.37,6.69,4.72,3.9,9.53,5.73,5.46,8.02,5.29,4.66,61901.154296875,62841.5,64954.8828125,117017,96,53,56,7095.5,11090,3988,4566,4863,6782,12038,5768,10869.5,18421.5,NA
"19-SEP-2024",2024-09-19 09:43:50,"2024-09-19","9H 43M 50S","Unknown","2.16.0","Unknown","Unknown",600,280,511,515,459,498,525,473,422,542,461,683,662,597,527,3.19,6.17,198.89,49.42,59.3,4.13,5.34,3.98,3.15,7.11,4.76,5.61,7.41,5.65,4.9,58592.4609375,112615.51953125,31.9799995422363,37.439998626709,35.0999984741211,6755.97998046875,10608.75,3938.25,4485.75,4753.125,6348,9074.52978515625,4336.97998046875,8148.75,13834.8349609375,NA,NA,NA,NA,NA,NA,NA,NA,600,600,280,280,511,515,459,498,525,473,422,542,461,683,662,597,527,1.24,3.43,0.9,6.01,31.51,37.06,37.06,4.38,6.13,4.75,3.8,9.75,5.85,5.58,7.88,5.17,4.41,61119.84765625,62894,63056.9296875,117228,80,48,48,7110,11095,3995,4582.5,4867,6794,12041,5775.5,10887,18434,NA
"16-SEP-2024",2024-09-16 09:54:49,"2024-09-16","9H 54M 49S","Unknown","2.16.0","Unknown","Unknown",600,280,511,515,459,498,525,473,422,542,461,683,662,597,527,3.05,5.92,85.47,33.81,37.74,3.79,5.02,3.72,2.96,7.22,4.45,4.71,6.75,4.52,3.83,59130.439453125,114876.2578125,66.2999954223633,88.9199981689453,85.7999954223633,7095.4599609375,11047.0400390625,4182,4675.125,5016,7270.5,12365.39453125,5899.48999023438,11454.169921875,19246.6298828125,NA,NA,NA,NA,NA,NA,NA,NA,600,600,280,280,511,515,459,498,525,473,422,542,461,683,662,597,527,1.18,3.11,0.82,5.58,20.55,24.71,28.12,4.07,6.25,4.26,3.73,9.01,5.53,5.17,7.26,5.01,4.21,61698.724609375,62861,64660.892578125,116478,101,54,58,7172,11190,4036,4616,4911.5,6868,12163,5816.5,11309.5,19036.5,NA
"16-SEP-2024",2024-09-16 09:53:59,"2024-09-16","9H 53M 59S","Unknown","2.16.0","Unknown","Unknown",600,280,511,515,459,498,525,473,422,542,461,683,662,597,527,3.09,6.56,207.56,48.41,54.46,4.04,5.3,3.86,3.07,7.41,4.4,5.79,7.47,5.33,4.64,58245.03125,111071.046875,31.1999988555908,38.2199974060059,38.2199974060059,6810.10009765625,10691.5698242188,3886.5,4436.625,4709.625,6374.25,9180.31005859375,4401.14501953125,8548.294921875,14386.6948242188,NA,NA,NA,NA,NA,NA,NA,NA,600,600,280,280,511,515,459,498,525,473,422,542,461,683,662,597,527,1.09,3.19,0.86,6.17,27.27,37.85,35.58,4.31,6.49,4.55,3.99,9.76,5.2,5.55,7.71,5.21,4.26,60932.583984375,62695,62152.265625,117060,87,47,50,7177,11231,4040,4643,4945.5,6848.5,12174,5847,11332.5,19090,NA
"13-SEP-2024",2024-09-13 10:51:43,"2024-09-13","10H 51M 43S","Unknown","2.16.0","Unknown","Unknown",600,280,511,515,459,498,525,473,422,542,461,683,662,597,527,2.88,7.04,73.28,33.03,43.24,3.91,5.34,3.55,2.71,6.84,4.67,4.48,6.48,4.84,4.35,55969.900390625,115052.1484375,67.8600006103516,78.7799987792969,74.879997253418,7203.28979492188,10088.0498046875,4164.75,4854.375,5028.75,6949.5,12696.8798828125,6064.92504882812,9873.6201171875,15578.9750976562,NA,NA,NA,NA,NA,NA,NA,NA,600,600,280,280,511,515,459,498,525,473,422,542,461,683,662,597,527,0.96,2.96,0.69,6.88,23.06,22.62,28.83,4.31,6.19,4.77,3.27,8.7,5.6,4.75,7.57,5.05,4.54,61313.166015625,59879.5,64133.37109375,117862,90,59,54,7344.5,10303.5,4225,5008,5130,6694.5,12409,5956,9655,15316,NA
"12-SEP-2024",2024-09-12 13:10:15,"2024-09-12","13H 10M 15S","Unknown","2.16.0","Unknown","Unknown",600,280,511,515,459,498,525,473,422,542,461,683,662,597,527,3.49,6.4,276.07,55.37,62.52,4.34,5.56,4.2,3.58,8.06,4.97,6.4,7.75,5.92,5.17,55529.970703125,111360.1015625,22.6199989318848,32.3699989318848,32.3699989318848,6897.84008789062,9977.759765625,3783,4491.75,4603.125,6167.25,9150.9951171875,4351.32983398438,7418.3349609375,12180.2797851562,NA,NA,NA,NA,NA,NA,NA,NA,600,600,280,280,511,515,459,498,525,473,422,542,461,683,662,597,527,1.44,4.34,1.33,5.74,33.41,30.89,30.67,4.42,6.8,5.26,4.43,8.72,5.54,5.78,7.67,5.41,4.43,60875.705078125,60045,61643.396484375,118089,71,48,58,7315,10541,4213.5,5017,5154,6862.5,12432.5,5922,10310.5,16836,NA
"12-SEP-2024",2024-09-12 13:09:57,"2024-09-12","13H 9M 57S","Unknown","2.16.0","Unknown","Unknown",600,280,511,515,459,498,525,473,422,542,461,683,662,597,527,5.49,5.05,94.43,34.33,44.9,3.38,4.75,7.25,6.59,8.53,5.67,4.04,6.89,4.24,3.79,60189.380859375,125514.12109375,61.2299976348877,74.0999984741211,68.25,7901.10986328125,11257.7802734375,4341,5119.125,5181.75,7357.875,13261.4501953125,6367.30004882812,11054.009765625,17823.9296875,NA,NA,NA,NA,NA,NA,NA,NA,600,600,280,280,511,515,459,498,525,473,422,542,461,683,662,597,527,1.33,6.23,1.33,4.84,20.45,24.08,21.18,4.36,5.8,9.46,8.11,11.18,6.46,4.93,8.17,4.64,3.88,65576.12890625,60384.5,69599.2265625,118590,87,58.5,63,7463.5,10714,4168.5,4951.5,4985.5,6550.5,12970,6228,10743,17465.5,NA
"11-SEP-2024",2024-09-11 13:10:36,"2024-09-11","13H 10M 36S","Unknown","2.16.0","Unknown","Unknown",600,280,511,515,459,498,525,473,422,542,461,683,662,597,527,3.46,6.97,248.55,47.32,58.61,4.75,6.05,4.39,3.86,7.51,4.88,6.28,7.44,6.29,5.73,57844.69140625,110683.6015625,26.519998550415,36.6599998474121,33.5399971008301,6800.259765625,9783.419921875,3827.25,4417.125,4690.875,6050.25,9302.48974609375,4422.259765625,7608.3701171875,12474.455078125,NA,NA,NA,NA,NA,NA,NA,NA,600,600,280,280,511,515,459,498,525,473,422,542,461,683,662,597,527,1.82,4.07,1.32,6.4,34.53,31.98,32.95,4.59,6.5,4.72,4.04,8.63,5.73,6.03,7.77,5.91,5.28,60839.564453125,62573.5,61928.60546875,116884.5,73,51,54,7107,10420.5,4443.5,5174,5478,6776,12416.5,5925,10204,16624,NA
"11-SEP-2024",2024-09-11 13:10:04,"2024-09-11","13H 10M 4S","Unknown","2.16.0","Unknown","Unknown",600,280,511,515,459,498,525,473,422,542,461,683,662,597,527,3.33,7.42,203.86,52.71,63.54,5.02,6.35,4.39,3.65,7.49,4.85,6.37,7.95,6.43,5.74,57967.90234375,109703.6953125,31.1999988555908,35.0999984741211,32.7599983215332,6760.080078125,9739.9599609375,3826.5,4413.75,4694.25,6120.75,9260.669921875,4402.98974609375,7607.14013671875,12426.2802734375,NA,NA,NA,NA,NA,NA,NA,NA,600,600,280,280,511,515,459,498,525,473,422,542,461,683,662,597,527,1.79,3.84,1.26,6.53,32.5,36.31,33.57,4.84,6.74,4.6,3.79,9.07,5.62,5.96,8.14,6.21,5.29,60610.421875,62903,61831.8515625,116075,73,49,53,7075,10381,4445,5168,5476,6865,12348,5880,10193,16546,NA
"10-SEP-2024",2024-09-10 10:56:39,"2024-09-10","10H 56M 39S","Unknown","2.16.0","Unknown","Unknown",600,280,511,515,459,498,525,473,422,542,461,683,662,597,527,3.79,6.8,81.19,37.06,40.85,4.47,5.63,6.66,6.34,9.08,5.12,6.12,7.75,6.37,5.47,59100.83984375,115405.98046875,65.5199966430664,81.1199951171875,76.4399948120117,7137.27978515625,10237.2900390625,4000.875,4553.25,4831.5,6855.75,12181.919921875,5845.57495117188,9907.85498046875,16257.9345703125,NA,NA,NA,NA,NA,NA,NA,NA,600,600,280,280,511,515,459,498,525,473,422,542,461,683,662,597,527,2,4.72,1.38,6.24,20.5,30.2,30.77,4.4,6.53,5.68,4.98,9.66,5.48,6.54,8.53,6.93,6.12,61921.896484375,62727,65180.951171875,116233,94,54,53,7162,10304,4828,5615.5,5902.5,7082,12245,5909,9999,16465,NA
"10-SEP-2024",2024-09-10 10:56:13,"2024-09-10","10H 56M 13S","Unknown","2.16.0","Unknown","Unknown",600,280,511,515,459,498,525,473,422,542,461,683,662,597,527,3.99,6.8,241.45,48.35,63.54,4.44,5.93,6.23,5.91,9.3,4.91,6.72,8.71,6.87,6.45,58243.1796875,112000.515625,27.2999992370605,35.879997253418,32.7599983215332,6838.7998046875,9771.1201171875,3764.25,4329,4542,5932.5,9126.599609375,4327.5498046875,7326.69970703125,12222.509765625,NA,NA,NA,NA,NA,NA,NA,NA,600,600,280,280,511,515,459,498,525,473,422,542,461,683,662,597,527,1.83,4.87,1.24,6.38,30.03,37.85,36.24,4.47,6.62,5.46,4.86,9.54,5.27,6.6,8.58,6.36,5.91,61063.19140625,62676,63147.953125,116297,79,47,45,7160,10366,4833,5638,5891,7064,12271,5876,10018,16541,NA
"06-SEP-2024",2024-09-06 10:49:56,"2024-09-06","10H 49M 56S","Unknown","2.16.0","Unknown","Unknown",600,280,511,515,459,498,525,473,422,542,461,683,662,597,527,3.37,6.72,99.55,39.74,42.83,5.05,5.76,4.12,3.68,7.1,4.38,6.31,7.87,5.88,5.47,59717.26171875,113961.9609375,54.5999984741211,75.6599960327148,70.1999969482422,7033.9599609375,10271.3203125,4132.5,4500,4905,6951,12187.66015625,5809.2900390625,10127.8203125,16497.580078125,NA,NA,NA,NA,NA,NA,NA,NA,600,600,280,280,511,515,459,498,525,473,422,542,461,683,662,597,527,1.78,3.87,1.24,6.05,20.08,30.26,32.62,4.58,6.28,4.83,4.26,9.23,5.79,6.85,8.79,6.42,5.98,61985.515625,63412,65342.8515625,114059,96,49,50,7019,10286,4019,4487,4834,6578,12157,5821,10133,16553,NA
"06-SEP-2024",2024-09-06 10:49:25,"2024-09-06","10H 49M 25S","Unknown","2.16.0","Unknown","Unknown",600,280,511,515,459,498,525,473,422,542,461,683,662,597,527,3.44,7.43,241.45,50.54,64.63,5.13,6.31,4.23,3.6,7.52,4.68,7.24,8.39,6.7,6.73,58546.951171875,110742.640625,27.2999992370605,34.3199996948242,30.4199981689453,6754.33984375,9841.22998046875,3809.25,4218,4546.125,6074.625,9087.85498046875,4326.93481445312,7542.35986328125,12366.830078125,NA,NA,NA,NA,NA,NA,NA,NA,600,600,280,280,511,515,459,498,525,473,422,542,461,683,662,597,527,1.71,3.82,1.25,6.7,32.95,39.65,37.93,4.86,6.65,4.86,3.97,9.43,5.84,7.13,8.2,6.56,6.25,60790.96484375,63336,63503.740234375,114106,81,43,43,7006.5,10307,4008.5,4480,4834,6572.5,12088,5755.5,10049.5,16494,NA
"05-SEP-2024",2024-09-05 13:04:22,"2024-09-05","13H 4M 22S","Unknown","2.16.0","Unknown","Unknown",600,280,511,515,459,498,525,473,422,542,461,683,662,597,527,4.1,6.62,86.79,37.07,42.14,4.41,5.83,4.31,3.65,7.54,4.51,5.4,7.43,5.5,5.17,60359.2109375,117146.8359375,63.9599990844727,78,74.0999984741211,7196.31982421875,10574.7197265625,4165.5,4696.5,4970.25,6953.625,12547.4345703125,6000.14501953125,10512.8100585938,17133.080078125,NA,NA,NA,NA,NA,NA,NA,NA,600,600,280,280,511,515,459,498,525,473,422,542,461,683,662,597,527,1.8,4.86,1.26,6.17,22.32,26.74,33.57,4.36,6.61,5.1,4.12,9.22,5.69,6.16,8.33,5.92,5.66,62457.564453125,63493,65909.19921875,116626.5,93,61,53,7134,10527.5,4276,4928,5151.5,6602.5,12429.5,5965,10435,17067,NA
"05-SEP-2024",2024-09-05 13:03:44,"2024-09-05","13H 3M 44S","Unknown","2.16.0","Unknown","Unknown",600,280,511,515,459,498,525,473,422,542,461,683,662,597,527,4.03,6.83,198.89,47.44,58.01,4.41,5.6,4.34,3.69,7.85,4.71,6.28,8.1,5.95,5.83,59335.05078125,112724.16796875,31.9799995422363,39,35.879997253418,6871.18994140625,10080.669921875,3832.5,4420.125,4619.25,6146.25,9311.919921875,4450.9599609375,7840.83984375,12813.7299804688,NA,NA,NA,NA,NA,NA,NA,NA,600,600,280,280,511,515,459,498,525,473,422,542,461,683,662,597,527,1.69,4.8,1.22,6.37,29.29,31.21,39.54,4.32,6.27,4.72,4.18,9.8,5.82,6.29,8.12,5.71,5.42,61641.81640625,63367.5,63280.0078125,116739,81,57,45,7114.5,10544.5,4271,4927,5168,6600.5,12415,5943.5,10433,17072.5,NA
"04-SEP-2024",2024-09-04 12:20:26,"2024-09-04","12H 20M 26S","Unknown","2.16.0","Unknown","Unknown",600,280,511,515,459,498,525,473,422,542,461,683,662,597,527,4.69,7.06,93.84,36.37,40.03,4.39,5.75,5.5,4.97,8.18,4.99,6.34,8.23,6.41,5.92,59679.51953125,114709.796875,61.6199989318848,82.6800003051758,78,7139.73974609375,10464.01953125,4082.25,4626.75,4869,6912,12104.4296875,5790.43017578125,10140.939453125,16585.3203125,NA,NA,NA,NA,NA,NA,NA,NA,600,600,280,280,511,515,459,498,525,473,422,542,461,683,662,597,527,1.79,5.27,1.39,6.49,19.87,25.18,27.97,4.38,6.53,4.97,4.36,9.16,5.52,7.01,9.02,7.04,6.44,62365.55859375,62899,65672.6484375,114406,97,53,53,7109,10437,4444,5164,5373,6744,12242,5867,10271,16875,NA
"04-SEP-2024",2024-09-04 12:19:53,"2024-09-04","12H 19M 53S","Unknown","2.16.0","Unknown","Unknown",600,280,511,515,459,498,525,473,422,542,461,683,662,597,527,5.08,7.07,194.15,45.62,57.49,4.26,5.58,5.07,4.36,8,5.01,7.22,8.52,6.94,6.36,58681.26171875,111914.421875,32.7599983215332,40.5599975585938,38.2199974060059,6992.14013671875,10213.099609375,3839.25,4407.75,4614,6167.25,9253.2900390625,4424.31005859375,7787.5400390625,12753.8701171875,NA,NA,NA,NA,NA,NA,NA,NA,600,600,280,280,511,515,459,498,525,473,422,542,461,683,662,597,527,1.59,5.72,1.2,6.77,29.65,36.31,37.06,4.49,6.92,4.99,4.19,9.37,5.61,7.2,8.49,6.65,5.93,61703.640625,62383,63884.5546875,114997,85,49,48,7127,10473,4461,5169,5398,6765,12329,5904,10391,17002,NA
"03-SEP-2024",2024-09-03 11:50:52,"2024-09-03","11H 50M 52S","Unknown","2.16.0","Unknown","Unknown",600,280,511,515,459,498,525,473,422,542,461,683,662,597,527,4.79,6.67,80.87,36.72,39.25,4.27,5.6,6.15,5.66,8.73,4.95,5.9,7.78,5.84,5.26,59454.5625,114951.6953125,68.6399993896484,85.0199966430664,79.5599975585938,7119.23974609375,10406.6201171875,4104.75,4697.25,4930.5,6969.75,12131.490234375,5806.830078125,10161.0302734375,16762.439453125,NA,NA,NA,NA,NA,NA,NA,NA,600,600,280,280,511,515,459,498,525,473,422,542,461,683,662,597,527,2.02,6.07,1.41,6.39,21.18,23.83,26.96,4.27,6.47,5.43,4.71,9.7,5.55,6.56,8.54,6.27,5.76,62093.4296875,63004,65413.2421875,115446,98,56,55,7117,10448,4422,5159,5382,6835,12167,5831,10214,16923,NA
"03-SEP-2024",2024-09-03 11:50:02,"2024-09-03","11H 50M 2S","Unknown","2.16.0","Unknown","Unknown",600,280,511,515,459,498,525,473,422,542,461,683,662,597,527,4.86,6.97,209.08,49.42,59.3,4.23,5.79,6.23,5.89,9.04,5.22,6.88,8.91,6.73,6.5,58627.2421875,110219.4765625,30.4199981689453,37.439998626709,35.0999984741211,6876.52001953125,9988.419921875,3803.25,4437,4589.25,5968.5,8981.4599609375,4264.41015625,7412.7998046875,12345.509765625,NA,NA,NA,NA,NA,NA,NA,NA,600,600,280,280,511,515,459,498,525,473,422,542,461,683,662,597,527,1.99,5.91,1.45,6.41,27.91,37.06,37.06,4.34,6.49,5.42,4.93,10.03,5.62,6.71,8.96,6.44,5.94,61082.1875,63260,62588.59375,115409,85,48,48,7138,10437,4404,5171,5350,6838,12090,5806,10131,16802,NA
"30-AUG-2024",2024-08-30 09:20:59,"2024-08-30","9H 20M 59S","Unknown","2.16.0","Unknown","Unknown",600,280,511,515,459,498,525,473,422,542,461,683,662,597,527,3.42,7.07,105.9,45.94,60.89,5.04,7.09,4.58,3.84,7.4,4.65,5.71,7.5,8.9,10.52,58496.26171875,112973.0390625,54.5999984741211,55.379997253418,43.6800003051758,7135.64013671875,8277.900390625,4183.875,4745.25,4989,6769.5,12395.5302734375,5906.2548828125,7134.81982421875,10023.474609375,NA,NA,NA,NA,NA,NA,NA,NA,600,600,280,280,511,515,459,498,525,473,422,542,461,683,662,597,527,2.03,4.34,1.38,6.31,21.66,25.66,32.54,4.71,7.75,4.87,4.32,9.49,5.75,6.16,8.41,9.42,10.84,61344.724609375,62753,64512.20703125,114575.5,89,52,41,7203,8408,4022,4650,4859,6422,12329,5904,7098,10024,NA
"30-AUG-2024",2024-08-30 09:20:07,"2024-08-30","9H 20M 7S","Unknown","2.16.0","Unknown","Unknown",600,280,511,515,459,498,525,473,422,542,461,683,662,597,527,3.6,7.03,276.75,64.25,96.69,4.86,7.58,4.37,3.87,7.67,4.9,6.61,7.87,9.61,11.71,57638.6015625,109639.7421875,23.3999996185303,23.3999996185303,17.939998626709,6858.47998046875,7922.83984375,3893.25,4483.5,4670.25,5922,9115.1201171875,4378.39013671875,5270.14013671875,7386.9697265625,NA,NA,NA,NA,NA,NA,NA,NA,600,600,280,280,511,515,459,498,525,473,422,542,461,683,662,597,527,1.76,4.43,1.43,6.27,31.63,29.65,49.42,4.48,8.31,4.97,4.21,9.61,6.03,6.16,8.29,9.33,11,60865.5,62288,62128.28515625,115459,75,45,33,7207,8417,4025,4654,4858,6440,12372,5917,7117,10069,NA
"29-AUG-2024",2024-08-29 10:28:47,"2024-08-29","10H 28M 47S","Unknown","LSRII","1","Administrator",600,280,511,515,459,498,525,473,422,542,461,683,662,597,527,4.09,7.47,101.66,44.68,60.89,4.84,7.23,4.55,4.02,7.95,5.01,6.37,8.01,9.06,10.54,57436.58203125,113200.1796875,54.5999984741211,56.939998626709,43.6800003051758,7135.64013671875,8345.1396484375,4228.5,4591.5,4980.75,6680.25,11970.76953125,5688.33984375,6914.23974609375,9879.76953125,55.91,0,20.61,38.4,0.78,0.82,0.75,0.41,600,600,280,280,511,515,459,498,525,473,422,542,461,683,662,597,527,1.95,5.29,1.43,6.6,22.68,29.65,29.65,4.65,7.77,5.68,5.16,10.51,6.52,6.98,8.78,9.66,11.06,61735.27734375,61346,65261.84765625,113478,85,45,45,7136,8373,3970,4398,4742,6279,12170,5794,7013,10079,NA
"29-AUG-2024",2024-08-29 10:27:42,"2024-08-29","10H 27M 42S","Unknown","2.16.0","Unknown","Unknown",600,280,511,515,459,498,525,473,422,542,461,683,662,597,527,4.02,7.24,286.3,71.57,92.66,5.08,7.36,4.71,4.15,7.86,5.21,7.21,8.89,9.64,10.82,56426.111328125,109285.91015625,22.6199989318848,22.6199989318848,18.7199993133545,6901.1201171875,7934.72998046875,3916.5,4287,4613.25,5694,8600.9794921875,4026.19995117188,4851.32495117188,7143.83984375,NA,NA,NA,NA,NA,NA,NA,NA,600,600,280,280,511,515,459,498,525,473,422,542,461,683,662,597,527,1.87,5.09,1.33,6.38,34.38,36.06,36.06,4.8,7.99,5.67,5.12,10.25,6.22,7.04,8.78,9.22,10.59,60846.65625,61071,63108.765625,113251,69,37,37,7138,8389,3977,4402,4743,6315,12134,5784.5,7032.5,10123.5,NA
"28-AUG-2024",2024-08-28 10:13:51,"2024-08-28","10H 13M 51S","Unknown","2.16.0","Unknown","Unknown",600,280,511,515,459,498,525,473,422,542,461,683,662,597,527,4.06,7.09,97.49,43.93,55.6,4.79,6.47,4.3,3.76,7.41,4.69,5.06,7.07,5.66,5.68,58300.162109375,116187.4375,56.939998626709,63.1799964904785,49.9199981689453,7381.64013671875,8710.8603515625,4212,4706.25,5068.875,6970.5,12651.7802734375,6042.98974609375,7635.02001953125,11099.51953125,NA,NA,NA,NA,NA,NA,NA,NA,600,600,280,280,511,515,459,498,525,473,422,542,461,683,662,597,527,1.91,5.11,1.3,6.34,20.08,26.96,29.65,4.61,7.33,4.9,4.48,9.54,5.97,5.64,7.83,6.23,5.99,61838.857421875,62081.5,64600.94921875,117662,96,55,45,7456,8833,4058,4632,4958,6604,12455,5968,7526,10995,NA
"28-AUG-2024",2024-08-28 10:13:03,"2024-08-28","10H 13M 3S","Unknown","2.16.0","Unknown","Unknown",600,280,511,515,459,498,525,473,422,542,461,683,662,597,527,4.1,6.94,266.87,62.9,87.86,4.96,6.64,4.43,3.8,7.65,4.95,6.1,7.99,6.85,6.36,57492.8203125,112625.359375,23.3999996185303,25.7399997711182,21.0599994659424,7056.10009765625,8309.8798828125,3912,4452.75,4722.75,5998.5,9286.5,4429.64013671875,5530.48974609375,8204.509765625,NA,NA,NA,NA,NA,NA,NA,NA,600,600,280,280,511,515,459,498,525,473,422,542,461,683,662,597,527,1.84,4.95,1.27,6.33,29.65,32.95,39.02,4.75,7.4,5.11,4.4,9.89,5.94,5.9,8.06,6.45,5.91,60905.90234375,62161,62578.20703125,117848,80,45,38,7456,8851,4061,4652,4962,6588,12446,5958,7538,11034,NA
"26-AUG-2024",2024-08-26 10:39:33,"2024-08-26","10H 39M 33S","Unknown","2.16.0","Unknown","Unknown",600,280,511,515,459,498,525,473,422,542,461,683,662,597,527,3.37,7.08,102.32,42.36,52.95,4.94,6.24,5.44,4.66,8.54,4.76,5.88,7.7,5.92,5.53,59491.5625,113697.1015625,55.379997253418,65.5199966430664,54.5999984741211,7195.09008789062,9199.580078125,4182,4438.5,4867.125,6943.875,12189.5048828125,5830.19970703125,8334.47998046875,12505.8198242188,NA,NA,NA,NA,NA,NA,NA,NA,600,600,280,280,511,515,459,498,525,473,422,542,461,683,662,597,527,1.74,3.97,1.39,6.55,22.68,31.54,27.8,4.61,6.76,6.92,5.98,10.93,6.09,6.33,8.5,6.58,6.07,61629.828125,63483.5,65037.048828125,114531,85,47,48,7206,9255,3994.5,4326,4705,6537.5,12209.5,5864,8373,12604,NA
"26-AUG-2024",2024-08-26 10:37:57,"2024-08-26","10H 37M 57S","Unknown","2.16.0","Unknown","Unknown",600,280,511,515,459,498,525,473,422,542,461,683,662,597,527,3.33,7.21,235.47,59.3,81.8,4.89,6,5.48,4.86,8.49,4.91,6.99,8.73,7.31,6.79,58585.4296875,110272.3671875,26.519998550415,27.2999992370605,22.6199989318848,6892.10009765625,8882.64990234375,3876,4174.125,4537.5,6030,8994.169921875,4248.830078125,5997.27490234375,9228.07470703125,NA,NA,NA,NA,NA,NA,NA,NA,600,600,280,280,511,515,459,498,525,473,422,542,461,683,662,597,527,1.8,4.1,1.33,6.5,32.95,40.77,32.54,4.48,6.77,6.98,6.23,10.64,6.3,6.65,8.55,6.53,6.06,60674.087890625,63510,63006.818359375,114536.5,72,40,41,7224.5,9273,3991,4330,4715.5,6544,12249,5881,8361,12632,NA
"23-AUG-2024",2024-08-23 10:55:37,"2024-08-23","10H 55M 37S","Unknown","2.16.0","Unknown","Unknown",600,280,511,515,459,498,525,473,422,542,461,683,662,597,527,3.29,7.51,92.91,40.9,51.09,5.33,6.55,5.79,5.46,8.21,4.91,5.91,7.7,6,5.32,59374.271484375,112914.41015625,58.4999961853027,67.8600006103516,57.7199974060059,7133.59008789062,9147.919921875,4073.625,4433.25,4835.25,6735,12447.6000976562,5936.39013671875,8518.5703125,12949.64453125,NA,NA,NA,NA,NA,NA,NA,NA,600,600,280,280,511,515,459,498,525,473,422,542,461,683,662,597,527,1.85,3.83,1.4,6.66,24.14,25.18,21.18,4.83,7.21,5.18,4.48,9.01,5.51,6.64,8.81,6.24,5.77,61464.744140625,63517.5,64518.52734375,114369,86,53,56,7199.5,9268,4653,5175.5,5581,6742,12369,5912.5,8461,12926,NA
"23-AUG-2024",2024-08-23 10:54:36,"2024-08-23","10H 54M 36S","Unknown","2.16.0","Unknown","Unknown",600,280,511,515,459,498,525,473,422,542,461,683,662,597,527,3.21,7.33,253.84,64.11,76.38,5.17,6.49,5.87,5.35,8.81,4.93,6.82,8.11,6.95,6.28,58307.931640625,109959.5390625,25.7399997711182,28.8599987030029,25.7399997711182,6931.4599609375,8856.41015625,3834,4218.75,4571.25,5932.5,9181.7451171875,4379.82495117188,6304.97998046875,9681.330078125,NA,NA,NA,NA,NA,NA,NA,NA,600,600,280,280,511,515,459,498,525,473,422,542,461,683,662,597,527,1.9,4.13,1.3,6.69,32.95,32.95,33.28,4.92,7.1,5.3,4.5,9.63,5.64,6.58,8.31,6.58,5.9,60796.30859375,63252.5,62601.419921875,114995,72,45,49,7230,9301.5,4673,5190,5632,6780,12351.5,5905.5,8535.5,13074,NA
"22-AUG-2024",2024-08-22 09:50:40,"2024-08-22","9H 50M 40S","Unknown","2.16.0","Unknown","Unknown",600,280,511,515,459,498,525,473,422,542,461,683,662,597,527,3.64,6.62,86.98,39.98,46.82,4.3,5.75,5.45,4.73,8.2,4.67,5.79,7.43,5.72,5.31,59912.62109375,115392.859375,58.4999961853027,69.4199981689453,59.2799987792969,7233.2197265625,9495.599609375,4164.75,4489.5,4883.25,7026.75,12469.740234375,5947.0498046875,8826.0703125,13464.3994140625,NA,NA,NA,NA,NA,NA,NA,NA,600,600,280,280,511,515,459,498,525,473,422,542,461,683,662,597,527,1.6,4.31,1.26,6.01,22.15,32.62,29.01,4.25,6.97,4.95,4.08,9.08,5.46,6.46,8.15,6.25,5.69,62459.44921875,63068,65807.3671875,114887,87,50,46,7188,9466,4647,5123,5505,6865,12461,5964,8845,13545,NA
"22-AUG-2024",2024-08-22 09:49:10,"2024-08-22","9H 49M 10S","Unknown","2.16.0","Unknown","Unknown",600,280,511,515,459,498,525,473,422,542,461,683,662,597,527,3.93,6.77,204.36,51.72,68.12,4.54,5.96,5.34,4.95,8.72,4.81,6.64,8.23,6.8,6.44,59118.6015625,111920.15625,28.8599987030029,33.5399971008301,28.8599987030029,7038.8798828125,9213.51953125,3875.25,4249.5,4579.5,6237,9370.9599609375,4489.91015625,6619.44970703125,10186.8603515625,NA,NA,NA,NA,NA,NA,NA,NA,600,600,280,280,511,515,459,498,525,473,422,542,461,683,662,597,527,1.62,4.53,1.27,6.38,31.63,38.83,40.77,4.58,6.95,4.95,4.33,9.64,5.42,6.39,8.13,6.64,6.04,61486.6484375,63229,63747.93359375,114967,75,42,40,7180,9475,4642,5138,5535,6863,12429,5980,8824,13536,NA
"21-AUG-2024",2024-08-21 15:14:49,"2024-08-21","15H 14M 49S","Unknown","2.16.0","Unknown","Unknown",600,280,511,515,459,498,525,473,422,542,461,683,662,597,527,4.77,6.33,88.57,38.75,46.92,3.8,5.5,5.2,4.85,8.1,4.85,5.85,7.5,5.86,5.52,58861.08203125,113401.8984375,60.0599975585938,68.6399993896484,61.6199989318848,7166.7998046875,9431.6396484375,4187.25,4427.25,4873.5,6966.75,12288.1103515625,5864.22998046875,8632.1396484375,13222.08984375,NA,NA,NA,NA,NA,NA,NA,NA,600,600,280,280,511,515,459,498,525,473,422,542,461,683,662,597,527,1.93,5.54,1.49,5.79,20.22,32.95,29.12,4.13,6.97,4.82,4.16,9.02,5.45,6.37,8.31,6.23,5.99,62565.3515625,61936,66180.5703125,112186,88,45,56,7077,9340,4493,4850,5294,6716,12404,5942,8756,13450,NA
"20-AUG-2024",2024-08-20 11:00:31,"2024-08-20","11H 0M 31S","Unknown","2.16.0","Unknown","Unknown",600,280,511,515,459,498,525,473,422,542,461,683,662,597,527,4.27,6.67,90.5,37.89,53.22,3.97,5.6,3.84,3.49,7.88,4.5,5.44,8.06,5.3,5.21,59521.16015625,114183.359375,60.0599975585938,70.1999969482422,60.8399963378906,7133.18017578125,9381.6201171875,4257.75,4430.25,4956,6926.25,12430.3798828125,5918.35009765625,8735.8701171875,13602.5703125,NA,NA,NA,NA,NA,NA,NA,NA,600,600,280,280,511,515,459,498,525,473,422,542,461,683,662,597,527,2.19,5.19,1.31,6.07,19.13,30.89,23.72,4.5,6.64,4.34,3.74,10.13,6.17,6.1,8.46,5.67,5.82,62112.0859375,63015,65374.39453125,114167,93,48,50,7118,9418,4103,4357,4846,6564,12400,5943,8779,13659,NA
"20-AUG-2024",2024-08-20 10:03:04,"2024-08-20","10H 3M 4S","Unknown","2.16.0","Unknown","Unknown",600,280,511,515,459,498,525,473,422,542,461,683,662,597,527,4.56,7.73,97.83,43.51,41.86,4.94,6.18,4.52,4.51,8.51,4.49,5.71,7.79,5.53,4.26,57395.509765625,113654.4609375,57.3299980163574,71.7599945068359,66.2999954223633,7199.18994140625,9658.7802734375,4191.375,4452,4948.125,7002.375,12677.6098632812,6039.30004882812,9277.06982421875,14410.4750976562,NA,NA,NA,NA,NA,NA,NA,NA,600,600,280,280,511,515,459,498,525,473,422,542,461,683,662,597,527,1.69,4.55,1.33,6.93,21.8,29.1,35.45,4.58,7.27,4.65,3.8,10.26,5.86,6.06,8.04,6.26,4.69,61739.830078125,61050,64415.216796875,115619.5,85,53.5,46,7293.5,9778,4149,4510.5,4992.5,6740,12412,5928.5,9082.5,14182.5,NA
"19-AUG-2024",2024-08-19 14:42:22,"2024-08-19","14H 42M 22S","Unknown","2.16.0","Unknown","Unknown",600,280,511,515,459,498,525,473,422,542,461,683,662,597,527,7.09,6.11,78.71,33.58,47.62,3.14,5.36,9,9.04,10.88,6.64,4.94,6.62,4.96,4.19,60125.740234375,121046.34765625,63.1799964904785,70.5899963378906,64.3499984741211,7577.61987304688,10137.6596679688,4217.25,4550.625,4933.125,6918,12855.5498046875,6131.13989257812,9332.419921875,14613.4248046875,NA,NA,NA,NA,NA,NA,NA,NA,600,600,280,280,511,515,459,498,525,473,422,542,461,683,662,597,527,2.04,7.95,1.59,5.46,21.7,24.71,23.87,4,8.19,10.18,11.31,14.12,7.93,5.41,7.62,5.12,4.58,64383.54296875,61552.5,68803.8828125,115062,82,54,59,7215,9662.5,3744,4116,4461.5,6114,12800,6141.5,9273.5,14646.5,NA
"19-AUG-2024",2024-08-19 11:03:03,"2024-08-19","11H 3M 3S","Unknown","2.16.0","Unknown","Unknown",600,280,511,515,459,498,525,473,422,542,461,683,662,597,527,4.76,6.9,203.61,52.95,66.33,4.32,5.7,5.64,4.9,8.9,4.87,6.02,8.07,5.93,5.46,57802.880859375,110046.046875,29.2499990463257,32.7599983215332,29.6399993896484,6938.02001953125,9616.9599609375,3852.75,4155,4515.75,6066,9291.830078125,4428.61499023438,7228.2998046875,11683.1547851562,NA,NA,NA,NA,NA,NA,NA,NA,600,600,280,280,511,515,459,498,525,473,422,542,461,683,662,597,527,2.06,5.75,1.3,6,33.89,31.98,35.58,4.15,6.49,6.96,6.69,11.01,6.44,6.14,8.34,5.97,5.12,61401.974609375,62101.5,63024.8515625,114306,70,51,50,7123.5,10074.5,3856,4189,4570,6489,12372,5922,9662,15677.5,NA
"19-AUG-2024",2024-08-19 10:49:53,"2024-08-19","10H 49M 53S","Unknown","LSRII","1","Administrator",600,280,511,515,459,498,525,473,422,542,461,683,662,597,527,5.19,6.45,88.21,36.31,42.83,4.32,5.64,5.77,5.29,9,5.2,5.42,7,5.3,4.81,57949.400390625,113805.74609375,61.6199989318848,76.4399948120117,70.1999969482422,7117.60009765625,10054.4296875,4078.875,4393.5,4791.75,6887.25,12327.6748046875,5890.6748046875,9661.240234375,15694.5947265625,55.91,0,20.61,38.4,0.78,0.82,0.75,0.41,600,600,280,280,511,515,459,498,525,473,422,542,461,683,662,597,527,2.05,5.99,1.5,5.77,21.42,29.07,32.35,4.3,6.77,7.62,7.31,12.2,6.66,5.91,7.77,5.94,5.12,62123.787109375,61402.5,65362.751953125,114134.5,90,51,55,7107,10100.5,3795,4177,4519,6442.5,12393,5932,9741.5,15878,NA
"19-AUG-2024",2024-08-19 09:40:28,"2024-08-19","9H 40M 28S","Unknown","2.16.0","Unknown","",600,280,511,515,459,498,525,473,422,542,461,683,662,597,527,4,6.69,86.05,38.52,39.18,4.54,6.53,5.41,4.64,8.07,5.27,5.78,6.87,4.94,5.21,59208.51171875,115073.87890625,55.7699966430664,79.5599975585938,75.2699966430664,7151.6298828125,10261.4799804688,4102.125,4429.875,4821,6969.375,12432.8403320312,5958.73510742188,10182.14453125,16589.21484375,NA,NA,NA,NA,NA,NA,NA,NA,600,600,280,280,511,515,459,498,525,473,422,542,461,683,662,597,527,2.07,5.3,1.55,5.74,19.99,29.65,31.21,4.66,7.37,6.36,6.22,10.96,6.76,5.96,8.27,5.73,5.51,62334.4140625,62647.5,65332.400390625,115099.5,89,50,57,7151,10323.5,3858,4230,4599.5,6517,12387,5961.5,10162.5,16616.5,NA
"19-AUG-2024",2024-08-19 09:29:24,"2024-08-19","9H 29M 24S","Unknown","2.16.0","Unknown","Unknown",600,280,511,515,459,498,525,473,422,542,461,683,662,597,527,3.92,7.45,95.24,32.39,35.52,5.07,5.79,4.21,3.78,7.78,4.47,5.84,7.03,5.54,5.08,58481.830078125,113560.5703125,58.8899974822998,80.3399963378906,74.879997253418,7069.21997070312,10178.66015625,4116,4415.25,4873.875,6992.25,12421.7700195312,5928.18994140625,10247.5400390625,16555.5947265625,NA,NA,NA,NA,NA,NA,NA,NA,600,600,280,280,511,515,459,498,525,473,422,542,461,683,662,597,527,2.26,4.5,1.33,6.29,23.06,23.78,29.65,4.76,7.07,5.13,4.74,10.33,6.11,6.2,7.57,6.1,5.63,61500.099609375,62555.5,64788.90625,114629.5,90,53,55,7118,10307,3904,4250.5,4680,6611.5,12340.5,5882,10189.5,16550.5,NA
"19-AUG-2024",2024-08-19 09:20:28,"2024-08-19","9H 20M 28S","Unknown","2.16.0","Unknown","Unknown",600,280,511,515,459,498,525,473,422,542,461,683,662,597,527,3.8,6.47,89.69,35.58,44.16,4.69,5.15,4.06,3.53,7.86,4.55,5.21,6.54,5.28,4.58,59641.78125,115500.28125,63.1799964904785,78,73.3199996948242,7155.31982421875,10489.439453125,4158,4473,4938.75,7206.75,12545.1796875,6008.14013671875,10608.75,17156.859375,NA,NA,NA,NA,NA,NA,NA,NA,600,600,280,280,511,515,459,498,525,473,422,542,461,683,662,597,527,1.92,4.08,1.4,5.69,20.95,26.74,33.28,4.66,5.96,5.01,4.55,10.36,5.74,5.92,7.36,5.82,5.03,61911.7890625,63423,65290.6640625,115659,92,61,49,7160,10540,3907,4300,4692,6693,12345,5940,10501,17040,NA
"16-AUG-2024",2024-08-16 09:50:34,"2024-08-16","9H 50M 34S","Unknown","2.16.0","Unknown","Unknown",600,280,511,515,459,498,525,473,422,542,461,683,662,597,527,3.25,6.27,4.16,3.69,3.82,3.87,5.62,4.35,3.9,8.13,4.22,5.03,8.04,5.38,3.89,59532.26171875,113008.296875,17664.66015625,19120.138671875,26304.71875,6852.73974609375,10311.5,4091.25,4306.5,4813.5,6951.75,11877.7001953125,5668.66015625,10173.740234375,16526.689453125,NA,NA,NA,NA,NA,NA,NA,NA,600,600,280,280,511,515,459,498,525,473,422,542,461,683,662,597,527,1.29,2.53,0.82,6.31,4.41,4.5,4.08,4.42,6.59,4.96,3.78,10.33,5.59,5.22,8.16,5.63,4.15,61450.421875,63398,65140.421875,113965,17746,19418,26871,6882,10410,4129,4429,4907,6680,11938,5721,10211,16649,NA
"16-AUG-2024",2024-08-16 09:49:26,"2024-08-16","9H 49M 26S","Unknown","2.16.0","Unknown","Unknown",600,280,511,515,459,498,525,473,422,542,461,683,662,597,527,3.11,6.67,5.87,7.15,6.38,4.41,6.44,4.35,4.14,7.65,5.08,6.54,8.88,5.98,5.3,58510.3203125,110363.796875,16472.8203125,17656.859375,24495.8984375,6676.43994140625,10044.1796875,3811.5,4086,4536,6133.5,8930.2099609375,4292.2900390625,7638.2998046875,12455.3896484375,NA,NA,NA,NA,NA,NA,NA,NA,600,600,280,280,511,515,459,498,525,473,422,542,461,683,662,597,527,1.15,2.64,0.88,6.43,4.72,4.64,4.61,4.73,7.29,4.74,4.24,10.39,5.95,6.14,8.84,5.74,4.8,60587.546875,63205,63582.1953125,113906,17814,19467,26803,6891,10435,4127,4445,4950,6726,11959,5771,10263,16745,NA
"15-AUG-2024",2024-08-15 11:12:12,"2024-08-15","11H 12M 12S","Unknown","2.16.0","Unknown","Unknown",600,280,511,515,459,498,525,473,422,542,461,683,662,597,527,3.28,7.45,5.53,5.65,5.43,5.36,6.2,4.89,4.31,7.93,4.74,6.45,8.08,6.22,5.72,59419.78125,113987.7890625,17603.4296875,19138.859375,26141.69921875,6875.69970703125,10339.3798828125,4115.25,4361.25,4807.875,7116,11790.7802734375,5665.78979492188,10211.0498046875,16577.734375,NA,NA,NA,NA,NA,NA,NA,NA,600,600,280,280,511,515,459,498,525,473,422,542,461,683,662,597,527,1.88,3.55,1.28,6.7,6.48,6.47,6.66,5.19,6.88,4.63,3.92,9.46,5.77,6.96,9.1,6.7,6.12,61498.783203125,63442.5,65429.51953125,114163.5,17781,19516,26900,6854,10324,4099,4427,4872,6784,12012,5776,10353,16853,NA
"15-AUG-2024",2024-08-15 11:11:05,"2024-08-15","11H 11M 5S","Unknown","2.16.0","Unknown","Unknown",600,280,511,515,459,498,525,473,422,542,461,683,662,597,527,3.38,7.67,6.59,6.86,6.35,5.74,6.58,5.18,4.6,8.27,5.07,7.96,9.69,8.07,7.37,58338.640625,109766.8359375,16576.55859375,17952.478515625,24751.73828125,6585.419921875,9865.419921875,3817.5,4083,4462.5,6164.25,8679.7001953125,4108.2001953125,7319.72998046875,12136,NA,NA,NA,NA,NA,NA,NA,NA,600,600,280,280,511,515,459,498,525,473,422,542,461,683,662,597,527,1.94,3.45,1.31,6.9,6.64,6.76,6.76,5.11,6.78,4.83,3.94,9.43,5.67,7.38,9.01,6.96,6.32,60393.54296875,63444,63066.98828125,113915,17585,19273,26628,6824,10292,4084,4406,4840,6825,11935,5709,10225,16692,NA
"14-AUG-2024",2024-08-14 10:58:51,"2024-08-14","10H 58M 51S","Unknown","2.16.0","Unknown","Unknown",600,280,511,515,459,498,525,473,422,542,461,683,662,597,527,3.22,7.78,5.25,5.38,5.02,5.45,6.3,4.53,3.92,7.54,4.42,6.97,8.38,6.57,6.11,57626.01953125,112835.28125,17742.66015625,19768.318359375,26866.318359375,6849.4599609375,10268.0400390625,4125,4310.25,4776,6966.75,11377.91015625,5440.7001953125,9783.009765625,16369.25,NA,NA,NA,NA,NA,NA,NA,NA,600,600,280,280,511,515,459,498,525,473,422,542,461,683,662,597,527,1.94,3.72,1.33,6.84,6.22,6.43,6.14,5.03,6.94,4.65,3.83,9.4,5.55,7.36,8.95,6.93,6.54,61557.76171875,61610,65559.453125,112651,17938,20131,27634,6807,10234,3988,4253,4682,6626,11750,5635,10096,16904,NA
"14-AUG-2024",2024-08-14 10:57:49,"2024-08-14","10H 57M 49S","Unknown","2.16.0","Unknown","Unknown",600,280,511,515,459,498,525,473,422,542,461,683,662,597,527,3.11,7.52,5.86,6.11,5.69,5.49,6.3,4.38,3.76,7.49,4.62,8.06,9.56,7.63,7.55,56613.330078125,109362.171875,16862.0390625,18794.87890625,25740.779296875,6619.0400390625,9739.9599609375,3836.25,4050.75,4468.5,6060,8393.31494140625,3949.93994140625,7131.74487304688,11998.6499023438,NA,NA,NA,NA,NA,NA,NA,NA,600,600,280,280,511,515,459,498,525,473,422,542,461,683,662,597,527,1.97,3.67,1.3,6.49,6.04,6.18,6.04,5.09,6.69,4.6,3.84,9.38,5.71,7.37,8.99,7.09,6.62,60633.67578125,61431.5,63425.08984375,112556.5,17854,20038.5,27621,6812,10223,3994,4242,4692,6636.5,11754,5626,10099,16893,NA
"13-AUG-2024",2024-08-13 10:54:00,"2024-08-13","10H 54M 0S","Unknown","2.16.0","Unknown","Unknown",600,280,511,515,459,498,525,473,422,542,461,683,662,597,527,3.78,6.92,5.15,5.12,4.46,5.09,5.87,4.32,3.77,7.22,4.42,6.53,7.98,5.96,5.48,57896.859375,114093.9765625,18088.978515625,20684.818359375,27986.3984375,6929,10814.16015625,4148.25,4484.25,4863.75,7163.25,11677.2099609375,5585.02001953125,10600.1396484375,17582.029296875,NA,NA,NA,NA,NA,NA,NA,NA,600,600,280,280,511,515,459,498,525,473,422,542,461,683,662,597,527,1.76,4.07,1.27,6.1,6.05,6.01,5.65,4.94,6.82,4.53,3.64,9.35,5.46,6.96,8.82,6.51,5.9,61886.83203125,61462,65774.84375,113551,18246,21043,28813,6877,10757,4030,4445,4790,6788,11967,5731,10856,18018,NA
"13-AUG-2024",2024-08-13 10:53:19,"2024-08-13","10H 53M 19S","Unknown","2.16.0","Unknown","Unknown",600,280,511,515,459,498,525,473,422,542,461,683,662,597,527,3.71,7.52,6.25,6.32,5.98,5.35,6.08,4.58,3.89,8.28,4.97,8.33,8.93,6.91,6.82,57073.98046875,110216.609375,17306.2490234375,19802.2490234375,26745.80859375,6634.6201171875,10384.8896484375,3882,4257,4578.375,6363,8703.47998046875,4186.30493164062,7933.5,13060.3447265625,NA,NA,NA,NA,NA,NA,NA,NA,600,600,280,280,511,515,459,498,525,473,422,542,461,683,662,597,527,1.84,3.59,1.3,6.66,6.12,6.37,6.08,5.05,6.31,4.85,3.9,9.77,5.62,7.77,8.89,6.54,6.06,61015.501953125,61498.5,63686.51171875,113333.5,18338.5,21141,28792.5,6887.5,10708.5,4047,4470,4811,6846,12015,5735,10938.5,18103.5,NA
"09-AUG-2024",2024-08-09 10:55:01,"2024-08-09","10H 55M 1S","Unknown","2.16.0","Unknown","Unknown",600,280,511,515,459,498,525,473,422,542,461,683,662,597,527,3.56,8.81,4.49,4.24,3.57,7.36,7.16,6.06,5.63,8.72,4.83,7.03,8.82,6.8,6.18,56872.69921875,109071.4765625,19206.71875,22259.638671875,30099.41796875,6521.4599609375,10387.759765625,4020,4227.75,4732.5,7023,11100.75,5284.080078125,10129.4599609375,17065.4296875,NA,NA,NA,NA,NA,NA,NA,NA,600,600,280,280,511,515,459,498,525,473,422,542,461,683,662,597,527,1.69,2.76,1.35,7.82,5.35,5.17,4.41,6.74,7.66,5.83,5.17,10.57,5.91,7.13,9.18,6.72,6.1,61206.359375,60803,64943.6484375,109816,18764,21984,30280,6537,10432,3792,4073,4529,6649,11402,5444,10392,17487,NA
"09-AUG-2024",2024-08-09 10:54:10,"2024-08-09","10H 54M 10S","Unknown","2.16.0","Unknown","Unknown",600,280,511,515,459,498,525,473,422,542,461,683,662,597,527,3.66,9.37,7.1,7.6,6.05,7.77,7.42,5.92,5.34,8.68,4.97,8.3,9.48,7.6,7.45,56108.650390625,105684.87890625,17428.7099609375,19997.25,27724.708984375,6304.97998046875,9885.919921875,3740.25,3975.75,4420.5,6199.5,8294.0947265625,3981.09985351562,7602.4248046875,12727.2197265625,NA,NA,NA,NA,NA,NA,NA,NA,600,600,280,280,511,515,459,498,525,473,422,542,461,683,662,597,527,1.76,2.83,1.6,7.98,5.29,5.11,4.28,6.9,7.4,5.55,5.04,9.69,5.64,7.53,9.26,6.61,6.43,60524.650390625,60697.5,62957.9375,109734.5,18812,22047.5,30340,6536,10424.5,3795,4062,4523.5,6667.5,11427,5465,10437,17570,NA
"08-AUG-2024",2024-08-08 12:03:07,"2024-08-08","12H 3M 7S","Unknown","2.16.0","Unknown","Unknown",600,280,511,515,459,498,525,473,422,542,461,683,662,597,527,4.67,10.64,7.86,7.05,5.84,9.46,8.41,10.93,10.89,12.24,6.1,7.4,9,6.98,6.31,55726.0703125,104028.48046875,18668.5185546875,21473.3994140625,29955.509765625,6183.2099609375,9892.47998046875,3794.25,3942,4459.5,6870,10745.689453125,5122.7451171875,9882.2294921875,16584.08984375,NA,NA,NA,NA,NA,NA,NA,NA,600,600,280,280,511,515,459,498,525,473,422,542,461,683,662,597,527,1.56,3.32,1.38,9.44,8.22,8.11,7.41,8.72,8.56,10,9.67,12.85,6.02,7.12,9.27,6.44,5.85,60674.98046875,60058.5,64130.111328125,106047.5,18218.5,21018.5,29824.5,6258.5,10034,3683,3919,4371.5,6645,11031,5256.5,10101,16994.5,NA
"08-AUG-2024",2024-08-08 12:02:29,"2024-08-08","12H 2M 29S","Unknown","2.16.0","Unknown","Unknown",600,280,511,515,459,498,525,473,422,542,461,683,662,597,527,4.49,9.98,10.38,11.28,9.58,9.51,8.53,10.35,10.45,12.23,5.85,8.32,9.47,7.75,7.73,54909.8515625,100365.5390625,15979.4692382812,17974.3193359375,26110.8896484375,5974.92993164062,9391.0498046875,3551.25,3759.75,4164,6059.25,7844.73486328125,3776.09997558594,7238.7548828125,12057.2802734375,NA,NA,NA,NA,NA,NA,NA,NA,600,600,280,280,511,515,459,498,525,473,422,542,461,683,662,597,527,1.46,3.41,1.65,8.8,8.04,8.05,7.09,8.54,7.99,9.17,8.79,12.9,6.25,6.89,8.47,6.23,5.77,59801.7421875,60134,61833.314453125,106118,18173.5,21029.5,29753,6285.5,10061,3694,3948.5,4391,6649.5,11047,5287.5,10168,17037.5,NA
"07-AUG-2024",2024-08-07 12:27:06,"2024-08-07","12H 27M 6S","Unknown","2.16.0","Unknown","Unknown",600,280,511,515,459,498,525,473,422,542,461,683,662,597,527,3.19,6.35,3.15,2.89,3.15,3.94,5.22,3.81,3.37,7.18,4.29,5.39,7.36,5.03,4.48,58020.810546875,112630.28125,19483.2294921875,22325.939453125,30448.46875,6782.2197265625,10634.169921875,4145.25,4353,4814.25,6940.5,11413.78515625,5455.6650390625,10343.8896484375,17596.583984375,NA,NA,NA,NA,NA,NA,NA,NA,600,600,280,280,511,515,459,498,525,473,422,542,461,683,662,597,527,1.41,2.79,0.8,5.89,3.86,3.45,3.36,4.26,6.26,4.31,3.55,9.33,5.47,5.7,7.93,5.42,4.68,61738.970703125,61547,65541.27734375,112567.5,19153,22200.5,30844.5,6764,10611.5,3990,4264,4695.5,6560.5,11743,5631,10618,18102,NA
"07-AUG-2024",2024-08-07 12:25:49,"2024-08-07","12H 25M 49S","Unknown","2.16.0","Unknown","Unknown",600,280,511,515,459,498,525,473,422,542,461,683,662,597,527,3.3,6.11,7.42,7.38,7.1,4.08,5.64,3.79,3.27,7.43,4.54,6.18,8.07,5.55,5.29,57056.22265625,108334.296875,17216.16015625,19932.8984375,27435.71875,6552.6201171875,10112.240234375,3867.75,4117.5,4507.5,6045.75,8564.080078125,4075.81005859375,7744.080078125,13236.849609375,NA,NA,NA,NA,NA,NA,NA,NA,600,600,280,280,511,515,459,498,525,473,422,542,461,683,662,597,527,1.35,2.99,0.89,5.59,3.7,3.35,3.47,4.3,6.39,4.27,3.53,8.79,5.58,5.91,8.27,5.33,4.6,60931.4296875,61368,62782.0390625,112943,19179,22292,30940,6752,10621,3994,4281,4688,6585,11757,5650,10678,18194,NA
"06-AUG-2024",2024-08-06 11:35:08,"2024-08-06","11H 35M 8S","Unknown","2.16.0","Unknown","Unknown",600,280,511,515,459,498,525,473,422,542,461,683,662,597,527,3.21,6.48,3.26,3.05,3.19,3.74,5.08,3.79,3.12,7.35,4.37,5.5,7.09,4.93,4.49,58874.029296875,113821.73828125,19212.958984375,21947.2490234375,30446.9091796875,6870.77978515625,10798.990234375,4168.5,4244.25,4810.5,6966.75,11261.2646484375,5367.51489257812,10237.0849609375,17467.025390625,NA,NA,NA,NA,NA,NA,NA,NA,600,600,280,280,511,515,459,498,525,473,422,542,461,683,662,597,527,1.19,2.88,0.86,6.11,3.64,3.28,3.18,4.19,5.88,4.27,3.67,9.23,5.51,5.69,7.58,5.21,4.6,62207.462890625,62009.5,66052.21875,113006.5,18894,21844.5,30875,6801,10682.5,3954,4105.5,4612,6537,11730,5606,10648,18164,NA
"06-AUG-2024",2024-08-06 11:33:58,"2024-08-06","11H 33M 58S","Unknown","2.16.0","Unknown","Unknown",600,280,511,515,459,498,525,473,422,542,461,683,662,597,527,3.4,6.55,6.71,6.65,6.25,4.03,5.63,3.82,3.17,7.17,4.69,6.64,8.63,6.62,6.12,58124.0390625,109884.51171875,17265.689453125,19842.8095703125,27802.708984375,6552.6201171875,10379.9697265625,3875.25,4002,4497.75,6075.375,8416.68505859375,4017.38488769531,7498.07983398438,12877.89453125,NA,NA,NA,NA,NA,NA,NA,NA,600,600,280,280,511,515,459,498,525,473,422,542,461,683,662,597,527,1.27,2.96,0.91,5.91,3.92,3.49,3.41,4.4,6.47,4.64,3.79,9.26,5.51,6.16,8.51,5.39,4.82,61202.4296875,62207,63876.3203125,112825.5,18915,21898,30926.5,6801,10691,3958,4110,4625,6540,11699,5585.5,10608.5,18141.5,NA
"05-AUG-2024",2024-08-05 10:54:42,"2024-08-05","10H 54M 42S","Unknown","2.16.0","Unknown","Unknown",600,280,511,515,459,498,525,473,422,542,461,683,662,597,527,3.38,6.51,3.75,3.63,3.51,3.89,5.38,3.82,3.37,7.39,4.51,5.2,6.82,4.85,4.3,58832.220703125,115123.8984375,18117.83984375,19488.298828125,27710.6689453125,6977.3798828125,10594.3999023438,4193.25,4461,4929.375,7094.25,11889.794921875,5696.3349609375,10303.7099609375,17222.2548828125,NA,NA,NA,NA,NA,NA,NA,NA,600,600,280,280,511,515,459,498,525,473,422,542,461,683,662,597,527,0.98,3.08,0.9,6.18,4.42,4.14,4.02,4.19,6.61,4.5,3.64,9.39,5.48,5.76,7.47,5.3,4.67,62315.05078125,61879.5,65738.8046875,114910,18209,19769.5,28318,6943,10548.5,4049,4400,4837.5,6710,12054.5,5794,10435,17469.5,NA
"05-AUG-2024",2024-08-05 10:54:06,"2024-08-05","10H 54M 6S","Unknown","2.16.0","Unknown","Unknown",600,280,511,515,459,498,525,473,422,542,461,683,662,597,527,3.24,6.3,4.9,5.6,4.86,3.81,5.39,3.66,3.32,7.6,4.27,5.96,8.07,5.68,4.96,58155.859375,111456.0390625,17080.439453125,18211.439453125,26063.69921875,6671.52001953125,10148.3203125,3894,4217.25,4610.25,6219,8944.150390625,4295.16015625,7715.3798828125,12990.439453125,NA,NA,NA,NA,NA,NA,NA,NA,600,600,280,280,511,515,459,498,525,473,422,542,461,683,662,597,527,1,3,0.93,5.73,4.35,4.37,4.26,4.16,6.09,4.1,3.54,9.39,5.11,5.88,8.11,5.2,4.64,61515.578125,61949,63668.63671875,114665,18188,19704,28186,6944,10511,4050,4401,4829,6705,12048,5778,10407,17430,NA
"02-AUG-2024",2024-08-02 09:42:20,"2024-08-02","9H 42M 20S","Unknown","2.16.0","Unknown","Unknown",600,280,511,515,459,498,525,473,422,542,461,683,662,597,527,3.19,7.75,3.74,4.03,5.13,5.65,6.66,5.2,4.66,7.89,4.7,6.48,7.77,6.25,6.26,57981.9609375,112832.8203125,19260.9287109375,18970.37890625,25102.3486328125,6913.01000976562,9705.52001953125,4125.75,4436.25,4778.25,6921.375,11690.740234375,5594.85986328125,9134.3896484375,14484.4794921875,NA,NA,NA,NA,NA,NA,NA,NA,600,600,280,280,511,515,459,498,525,473,422,542,461,683,662,597,527,1.42,3.16,1.26,6.94,4.32,4.63,4.98,5.5,7.3,4.67,4.03,9.18,5.71,7.03,8.67,6.85,6.76,61601.73046875,61731,64996.630859375,113694.5,19081,19074.5,25638.5,6947.5,9764.5,4063,4450.5,4778,6660.5,11982,5748,9312,14793,NA
"02-AUG-2024",2024-08-02 09:40:48,"2024-08-02","9H 40M 48S","Unknown","2.16.0","Unknown","Unknown",600,280,511,515,459,498,525,473,422,542,461,683,662,597,527,3.11,7.4,7.6,7.48,8.19,5.65,6.52,4.47,4.16,7.45,4.71,7.07,8.79,7.25,6.88,57598.640625,109863.59765625,17222.0087890625,17269.978515625,22534.19921875,6707.60009765625,9411.1396484375,3876.75,4254,4551,6130.125,8942.919921875,4240.2197265625,6949.90991210938,11118.9951171875,NA,NA,NA,NA,NA,NA,NA,NA,600,600,280,280,511,515,459,498,525,473,422,542,461,683,662,597,527,1.49,3.15,1.29,6.62,4.13,4.06,4.02,5.31,6.98,4.45,3.81,9.19,5.71,6.86,8.77,6.74,6.1,61151.72265625,61820.5,62811.640625,114346.5,19236,19396.5,26020,6993,9870,4063,4479,4810,6728,12161,5816,9567,15268.5,NA
"01-AUG-2024",2024-08-01 11:21:32,"2024-08-01","11H 21M 32S","Unknown","2.16.0","Unknown","Unknown",600,280,511,515,459,498,525,473,422,542,461,683,662,597,527,3.21,7.45,5.09,5.39,5.11,5.27,6.41,4.82,4.27,7.65,4.54,6.37,8.08,5.96,5.69,58918.0625,114380.9765625,18010.978515625,17788.6796875,24309.478515625,7039.69970703125,9790.7998046875,4202.25,4503.75,4854.75,7008.75,11904.349609375,5699.41015625,9278.2998046875,14985.08984375,NA,NA,NA,NA,NA,NA,NA,NA,600,600,280,280,511,515,459,498,525,473,422,542,461,683,662,597,527,1.71,3.48,1.23,6.66,6.15,6.39,6.27,5.21,7.01,4.57,4.01,9.69,5.86,6.91,8.54,6.55,6.3,61298.83984375,63135,65483.484375,114387,18177,18087,25043,7024,9772,4059,4439,4759,6674,12108,5801,9412,15233,NA
"01-AUG-2024",2024-08-01 11:20:10,"2024-08-01","11H 20M 10S","Unknown","2.16.0","Unknown","Unknown",600,280,511,515,459,498,525,473,422,542,461,683,662,597,527,3.22,7.65,5.88,6.1,5.74,5.38,6.38,4.7,4.16,7.71,4.91,7.29,8.68,6.91,6.81,58111.4609375,111561.41015625,17200.5595703125,16945.5,23292.7490234375,6847.40991210938,9468.5400390625,3906,4246.5,4529.25,6089.25,8903.56005859375,4210.28979492188,6816.044921875,11177.625,NA,NA,NA,NA,NA,NA,NA,NA,600,600,280,280,511,515,459,498,525,473,422,542,461,683,662,597,527,1.68,3.27,1.21,7,6.2,6.34,6.18,5.11,6.91,4.68,4.11,9.26,5.95,6.95,8.7,6.69,6.21,60294.107421875,63296,63780.330078125,114496,18146.5,18033.5,25002.5,7017,9782,4059,4439,4755,6685.5,12097,5801.5,9420,15219.5,NA
"31-JUL-2024",2024-07-31 11:08:44,"2024-07-31","11H 8M 44S","Unknown","2.16.0","Unknown","Unknown",600,280,511,515,459,498,525,473,422,542,461,683,662,597,527,3.63,7.88,4.96,5.17,4.69,5.84,6.56,4.14,3.55,7.73,4.49,5.86,7.45,5.44,4.98,59816.791015625,120407.56640625,20152.0791015625,21031.919921875,28478.96875,7365.64990234375,10776.0297851562,4159.5,4560.375,4885.125,7237.875,13095.8095703125,6274.22998046875,11067.1298828125,18034.0546875,NA,NA,NA,NA,NA,NA,NA,NA,600,600,280,280,511,515,459,498,525,473,422,542,461,683,662,597,527,1.8,3.8,1.28,7.09,5.59,5.97,5.8,5.37,7.11,4.68,3.98,9.22,5.81,6.26,8.2,5.78,5.29,62220.19921875,63202.5,65527.763671875,120282,20166,21268,29184,7329,10775,3978.5,4429,4726.5,6810.5,13118.5,6294,11072.5,18089,NA
"31-JUL-2024",2024-07-31 11:08:04,"2024-07-31","11H 8M 4S","Unknown","2.16.0","Unknown","Unknown",600,280,511,515,459,498,525,473,422,542,461,683,662,597,527,3.48,8.13,5.88,6.21,5.79,5.84,6.81,4.3,3.77,7.77,4.99,6.74,8.88,6.86,6.26,60754.7421875,117250.9765625,19383.779296875,20060.818359375,27231.359375,7124.97998046875,10455.8203125,3877.5,4305.75,4594.5,6414,9927.740234375,4757.22998046875,8392.2900390625,13680.4697265625,NA,NA,NA,NA,NA,NA,NA,NA,600,600,280,280,511,515,459,498,525,473,422,542,461,683,662,597,527,1.74,3.55,1.23,7.17,5.89,6.36,6.14,5.58,7.13,4.99,4.28,10.08,6.28,6.01,8.51,6.17,5.56,60976.47265625,65561,64010.375,119877,20300,21296,29198,7335,10731,3984,4438,4766,6871,13129,6324,11125,18132,NA
"30-JUL-2024",2024-07-30 14:12:59,"2024-07-30","14H 12M 59S","Unknown","2.16.0","Unknown","Unknown",600,280,511,515,459,498,525,473,422,542,461,683,662,597,527,3.83,7.74,4.36,4.71,4.48,5.48,6.46,4.24,3.77,7.56,4.54,5.54,7.41,5.32,4.94,46052.421875,120248.8984375,20038.19921875,20850.958984375,28567.498046875,7393.1201171875,10720.6796875,4142.25,4576.5,4869.75,7223.25,13053.990234375,6271.35986328125,10935.9296875,18008.4296875,NA,NA,NA,NA,NA,NA,NA,NA,600,600,280,280,511,515,459,498,525,473,422,542,461,683,662,597,527,2.26,4.57,1.24,6.78,5.24,5.46,5.53,5.11,6.93,4.61,3.83,9.91,5.69,5.81,8.12,5.83,5.25,64476.50390625,47106,65901.2890625,119314,20118,21147,29175,7315,10606,3954,4455,4714,6775,13138,6336,10992,18115,NA
"30-JUL-2024",2024-07-30 14:12:15,"2024-07-30","14H 12M 15S","Unknown","2.16.0","Unknown","Unknown",600,280,511,515,459,498,525,473,422,542,461,683,662,597,527,3.89,7.55,6.95,8.22,7.4,5.54,6.17,4,3.67,7.5,4.65,6.19,8.07,6.24,5.67,45144.44140625,115772.515625,18409.55859375,18844.01953125,26323.439453125,7150.39990234375,10269.6796875,3804,4240.5,4474.5,6284.25,9679.689453125,4644.89013671875,8080.68994140625,13330.330078125,NA,NA,NA,NA,NA,NA,NA,NA,600,600,280,280,511,515,459,498,525,473,422,542,461,683,662,597,527,2.24,4.48,1.23,6.64,5.2,5.31,5.29,5.21,6.96,4.5,3.9,9.25,5.67,6.09,8.07,5.77,5.2,63277.0234375,47006,63448.2109375,119344,20095,21103,29251,7310,10679,3954,4443,4710,6778,13154,6321,10980,18114,NA
"29-JUL-2024",2024-07-29 10:14:55,"2024-07-29","10H 14M 55S","Unknown","2.16.0","Unknown","Unknown",600,280,511,515,459,498,525,473,422,542,461,683,662,597,527,3.86,6.81,4.11,4.36,4.56,4.72,5.51,4.28,3.64,7.3,4.62,4.97,6.82,5.06,4.49,44378.5390625,122111.9375,20017.919921875,19461,25917.83984375,7503,10450.080078125,4186.5,4671,4920.75,7077,13361.490234375,6388.6201171875,10301.66015625,16339.7294921875,NA,NA,NA,NA,NA,NA,NA,NA,600,600,280,280,511,515,459,498,525,473,422,542,461,683,662,597,527,2.32,4.31,1.26,6.09,4.79,5.02,5.3,4.54,6.43,4.2,3.52,9.09,5.59,5.54,7.34,5.44,4.83,64407.55078125,45416,66106.8359375,120957,20112,19758,26543,7408,10353,4127,4677,4911,6716,13373,6405,10304,16364,NA
"29-JUL-2024",2024-07-29 10:14:15,"2024-07-29","10H 14M 15S","Unknown","2.16.0","Unknown","Unknown",600,280,511,515,459,498,525,473,422,542,461,683,662,597,527,4.19,7.27,9.45,10.26,10.93,4.92,5.99,4.31,3.63,7.4,5.03,5.92,7.69,5.89,5.76,43644.4609375,118908.1953125,17156.099609375,16615.55859375,22130.16015625,7266.83984375,10011.3798828125,3869.25,4377.75,4567.5,6107.25,9769.4794921875,4680.14990234375,7523.08984375,12026.939453125,NA,NA,NA,NA,NA,NA,NA,NA,600,600,280,280,511,515,459,498,525,473,422,542,461,683,662,597,527,2.25,4.72,1.24,6.58,4.97,5.1,5.28,4.73,6.78,4.59,3.83,9.19,5.78,5.59,7.6,5.4,5.21,63301.6484375,45446,64157.39453125,121367,20135,19786,26603,7427,10407,4135,4687,4921,6689,13377,6416,10290,16396,NA
"26-JUL-2024",2024-07-26 09:40:05,"2024-07-26","9H 40M 5S","Unknown","LSRII","1","Administrator",600,280,511,515,459,498,525,473,422,542,461,683,662,597,527,3.47,7.94,5.57,5.89,5.69,5.69,6.46,4.95,4.62,7.83,4.59,6.07,7.82,5.8,5.7,45502.970703125,117595.37890625,19035.119140625,18907.9794921875,25850.7587890625,7259.4599609375,10150.7802734375,4120.875,4548,4800,6915.75,13088.83984375,6256.39501953125,10256.150390625,16515.619140625,55.91,0,20.61,38.4,0.78,0.82,0.75,0.41,600,600,280,280,511,515,459,498,525,473,422,542,461,683,662,597,527,2.34,3.98,1.38,7.03,6.19,6.53,6.57,5.19,6.94,4.58,3.91,9.52,5.69,6.58,8.27,6.44,6.06,63671.8046875,47096.5,65397.6015625,117793,19300.5,19362,26692.5,7227,10141.5,4012,4514,4759.5,6633.5,13244,6338.5,10378.5,16724.5,NA
"26-JUL-2024",2024-07-26 09:39:04,"2024-07-26","9H 39M 4S","Unknown","LSRII","1","Administrator",600,280,511,515,459,498,525,473,422,542,461,683,662,597,527,3.36,7.08,5.77,6.66,6.17,5.03,6.38,4.58,4.05,7.68,4.64,6.54,8.2,6.64,5.92,44594.62109375,112827.8984375,17981.33984375,17798.8203125,24592.619140625,7005.259765625,9655.5,3814.5,4278.75,4447.5,6060.75,9533.3203125,4573.5498046875,7547.68994140625,12195.0400390625,55.91,0,20.61,38.4,0.78,0.82,0.75,0.41,600,600,280,280,511,515,459,498,525,473,422,542,461,683,662,597,527,2.02,3.53,1.13,6.45,5.45,5.46,5.75,4.85,6.68,4.49,3.79,9.55,5.63,6.09,8.12,5.85,5.17,62638.3671875,46827,62860.6015625,117528,19378,19493,26854,7214,10121,4025,4539,4750,6659,13245,6356,10445,16839,NA
"25-JUL-2024",2024-07-25 10:39:58,"2024-07-25","10H 39M 58S","Unknown","2.16.0","Unknown","Unknown",600,280,511,515,459,498,525,473,422,542,461,683,662,597,527,4.16,7.77,5.09,5.49,5.13,5.56,6.1,4.17,3.31,7.51,4.51,5.82,7.72,5.72,5.5,45965.1015625,119714.2578125,19301.099609375,20568.599609375,28366.259765625,7261.919921875,10764.9599609375,4164,4504.5,4811.25,7051.5,13035.5400390625,6227.080078125,11079.83984375,18314.69921875,NA,NA,NA,NA,NA,NA,NA,NA,600,600,280,280,511,515,459,498,525,473,422,542,461,683,662,597,527,2.15,4.21,1.32,6.96,5.87,6.11,5.99,5.01,6.66,4.55,3.95,9.74,5.9,6.28,8.22,6.15,5.8,64530.36328125,46873,66054.6171875,118774,19464,20941,29129,7184,10662,3909,4321,4584,6607,13163,6314,11186,18514,NA
"25-JUL-2024",2024-07-25 10:39:16,"2024-07-25","10H 39M 16S","Unknown","2.16.0","Unknown","Unknown",600,280,511,515,459,498,525,473,422,542,461,683,662,597,527,4.02,7.51,8.07,8.42,7.53,5.45,6.27,4.24,3.64,7.42,4.67,6.85,8.35,6.74,6.2,45178.48046875,115071.421875,17386.19921875,18396.298828125,25877.279296875,6942.93994140625,10254.099609375,3833.25,4212.75,4451.25,6115.5,9679.689453125,4613.72998046875,8165.9697265625,13560.33984375,NA,NA,NA,NA,NA,NA,NA,NA,600,600,280,280,511,515,459,498,525,473,422,542,461,683,662,597,527,2.18,4.22,1.26,6.86,5.89,6.14,6.2,4.93,6.72,4.78,3.94,9.79,5.8,6.74,8.33,6.18,5.68,63258.67578125,46990,63520.515625,118627,19490,20903,29116,7151,10639,3908,4323,4574,6619,13211,6322,11211,18487,NA
"24-JUL-2024",2024-07-24 10:01:47,"2024-07-24","10H 1M 47S","Unknown","2.16.0","Unknown","Unknown",600,280,511,515,459,498,525,473,422,542,461,683,662,597,527,3.21,6.49,3.77,3.88,4,4.11,5.71,3.64,3.23,7.37,4.43,5.38,7.58,4.88,4.3,45178.849609375,116558.48828125,18852.9892578125,20680.919921875,28447.37890625,7104.07006835938,10663.2802734375,4109.625,4513.5,4757.625,6958.875,12821.5200195312,6121.5048828125,11030.6401367188,18424.580078125,NA,NA,NA,NA,NA,NA,NA,NA,600,600,280,280,511,515,459,498,525,473,422,542,461,683,662,597,527,1.64,2.81,0.8,6.05,4.31,4.34,4.49,4.22,6.13,4.5,3.77,9.97,5.57,5.71,8.62,5.36,4.56,63880.814453125,46355.5,65239.396484375,116874.5,19240,21288.5,29486.5,7105,10709.5,3887,4367,4575,6622.5,13071.5,6306,11242,18820.5,NA
"24-JUL-2024",2024-07-24 10:01:03,"2024-07-24","10H 1M 3S","Unknown","LSRII","1","Administrator",600,280,511,515,459,498,525,473,422,542,461,683,662,597,527,3.35,7.02,4.57,4.63,4.43,4.61,5.84,4.21,3.66,7.56,5.42,6.6,8.52,7.04,6.07,44248.30078125,112991.078125,17741.4892578125,19630.2587890625,27093.298828125,6815.02001953125,10220.8896484375,3775.5,4179.75,4400.625,5871.375,8836.11474609375,4322.01489257812,7660.23510742188,12687.6547851562,55.91,0,20.61,38.4,0.78,0.82,0.75,0.41,600,600,280,280,511,515,459,498,525,473,422,542,461,683,662,597,527,1.73,2.81,0.93,6.46,4.84,4.68,4.57,4.31,6.77,4.18,3.96,9.81,6.01,5.74,7.97,5.68,4.86,62513.24609375,46393,63169.984375,117178,19114.5,21202,29431,7065.5,10643.5,3901,4359.5,4585,6628,12956,6257,11178,18719.5,NA
"23-JUL-2024",2024-07-23 10:58:17,"2024-07-23","10H 58M 17S","Unknown","2.16.0","Unknown","Unknown",600,280,511,515,459,498,525,473,422,542,461,683,662,597,527,4.36,7.25,5.22,5.34,4.95,5.02,6.04,4.31,3.6,7.4,4.74,5.92,7.43,5.38,5.05,46574.861328125,123101.26953125,19624.41015625,22057.619140625,30387.23828125,7420.18017578125,11176.599609375,4233.75,4667.25,4884.75,7340.25,13331.3544921875,6362.1748046875,11793.0346679688,19755.029296875,NA,NA,NA,NA,NA,NA,NA,NA,600,600,280,280,511,515,459,498,525,473,422,542,461,683,662,597,527,2.13,5.19,1.21,6.53,6.03,6.07,5.79,4.77,6.66,5.18,4.65,10.21,6.34,6.35,8.22,5.93,5.41,65243.880859375,46955,66960.45703125,120456,19591.5,22203,30849,7235,10922.5,3890,4384,4546,6701,13399,6422,11834,19823,NA
"23-JUL-2024",2024-07-23 10:57:32,"2024-07-23","10H 57M 32S","Unknown","2.16.0","Unknown","Unknown",600,280,511,515,459,498,525,473,422,542,461,683,662,597,527,4.32,7.88,13.7,13.24,14.38,5.14,6.13,4.65,4.03,7.97,4.72,6.9,8.19,6.73,6.31,45696.849609375,116903.70703125,12885.599609375,15303.9897460938,19607.2490234375,7106.53002929688,10489.0297851562,3779.25,4244.25,4343.625,6330.75,9678.4599609375,4667.23486328125,8566.1298828125,14487.5546875,NA,NA,NA,NA,NA,NA,NA,NA,600,600,280,280,511,515,459,498,525,473,422,542,461,683,662,597,527,2.21,4.95,1.34,6.98,6.36,6.29,6.3,4.85,6.59,5.12,4.43,10.3,5.88,6.37,8.14,6.18,5.43,63965.990234375,46939.5,63533.166015625,120493,19608.5,22214.5,30748,7242,10902,3897,4383,4548,6705,13379,6418,11806,19807.5,NA
"22-JUL-2024",2024-07-22 10:44:53,"2024-07-22","10H 44M 53S","Unknown","2.16.0","Unknown","Unknown",600,280,511,515,459,498,525,473,422,542,461,683,662,597,527,5.37,6.64,5.04,5.31,4.71,4.23,5.34,7.04,6.31,9.41,5.62,4.67,6.32,4.56,3.98,46123.4609375,128967.13671875,21093.9287109375,23401.1689453125,32671.8583984375,7703.89990234375,11849.41015625,4235.25,4494.75,4899.375,7326.375,14123.2700195312,6771.9697265625,12867.2348632812,21640.619140625,NA,NA,NA,NA,NA,NA,NA,NA,600,600,280,280,511,515,459,498,525,473,422,542,461,683,662,597,527,2.03,6.4,1.29,5.97,5.77,6.1,5.46,4.3,6.35,8.96,8.2,12.28,6.73,5.01,7.11,4.82,4.18,66683.42578125,45412.5,68493.76953125,123412.5,20539.5,22968,32497,7361.5,11364,3723,4020.5,4358,6446,13742,6607,12501,21020.5,NA
"22-JUL-2024",2024-07-22 10:43:44,"2024-07-22","10H 43M 44S","Unknown","2.16.0","Unknown","Unknown",600,280,511,515,459,498,525,473,422,542,461,683,662,597,527,5.03,6.85,24.65,24.26,24.85,4.4,5.7,9.15,8.92,11.81,6.41,8.38,9.76,8.15,7.44,45146.66015625,123593.6796875,1248,1510.85998535156,1921.919921875,7372.6201171875,11160.2001953125,3207.75,3391.5,3651.75,5842.5,6412.39990234375,3225.8798828125,5984.77001953125,10418.509765625,NA,NA,NA,NA,NA,NA,NA,NA,600,600,280,280,511,515,459,498,525,473,422,542,461,683,662,597,527,1.93,5.76,1.12,6.13,25.93,25.22,25.47,4.34,6.28,8.58,7.86,12.23,6.86,5.23,7.29,4.84,4.11,65306.43359375,45413,65649.34375,123242,3968,4985,6565,7374,11386,3733,4054,4375,6463,13727,6591,12499,21062,NA
"19-JUL-2024",2024-07-19 10:12:12,"2024-07-19","10H 12M 12S","Unknown","2.16.0","Unknown","Unknown",600,280,511,515,459,498,525,473,422,542,461,683,662,597,527,3.38,7.06,4.42,7.08,9.46,4.44,6.72,3.97,3.54,7.02,5.1,5.25,7.24,7.3,9.16,46034.66015625,120029.9609375,16845.66015625,5718.9599609375,5523.9599609375,7615.33984375,6875.69970703125,4425.75,4742.25,4830.75,7086.75,12646.4501953125,5901.1298828125,3986.83984375,3809.71997070312,NA,NA,NA,NA,NA,NA,NA,NA,600,600,280,280,511,515,459,498,525,473,422,542,461,683,662,597,527,1.98,4.35,1.22,6.34,5.46,7.78,10.02,4.25,7.56,4.24,3.64,8.66,6.03,5.66,7.93,7.84,9.02,64756.34375,46858,66087.3984375,118708,16827,5755,5666,7528,6806,4336,4728,4775,6735,12710,5949,3950,3814,NA
"19-JUL-2024",2024-07-19 10:11:26,"2024-07-19","10H 11M 26S","Unknown","2.16.0","Unknown","Unknown",600,280,511,515,459,498,525,473,422,542,461,683,662,597,527,3.34,6.87,6.87,8.15,10.19,4.91,6.8,3.98,3.36,7.1,5.02,5.91,7.97,8.17,9.34,45111.140625,114417.05859375,15215.458984375,5199.08984375,5049.7197265625,7179.919921875,6474.30981445312,4063.125,4404.75,4463.25,6168.75,9288.3447265625,4302.7451171875,2862.00500488281,2784.71997070312,NA,NA,NA,NA,NA,NA,NA,NA,600,600,280,280,511,515,459,498,525,473,422,542,461,683,662,597,527,2.16,4.21,1.23,6.2,5.71,8.01,10.4,4.4,7.41,4.04,3.42,8.34,5.93,5.71,7.88,7.98,9.06,63352.490234375,47014.5,63371.9765625,118156,16733.5,5703,5633,7489,6750,4327,4683,4746,6759,12614,5871,3922,3795,NA
"18-JUL-2024",2024-07-18 10:45:05,"2024-07-18","10H 45M 5S","Unknown","2.16.0","Unknown","Unknown",600,280,511,515,459,498,525,473,422,542,461,683,662,597,527,2.91,6.03,3.56,3.61,3.82,3.35,5.44,3.15,2.75,6.92,4.71,4.57,6.15,5,4.79,47072.87890625,120348.1171875,18101.458984375,11340.419921875,14044.6796875,7626,8760.8798828125,4383,4763.25,4902.75,7272.75,12876.0498046875,6019.2099609375,6759.259765625,9502.16015625,NA,NA,NA,NA,NA,NA,NA,NA,600,600,280,280,511,515,459,498,525,473,422,542,461,683,662,597,527,1.32,3.05,0.83,5.57,4.11,4.44,4.27,3.58,6.73,3.87,3.28,8.6,5.57,4.9,7.16,5.29,5.28,64746.890625,47740,66250.9921875,118831,18130,11452,14365,7529,8677,4216,4660,4760,6866,12954,6109,6731,9555,NA
"18-JUL-2024",2024-07-18 10:44:12,"2024-07-18","10H 44M 12S","Unknown","LSRII","1","Administrator",600,280,511,515,459,498,525,473,422,542,461,683,662,597,527,3.28,5.8,3.97,4.05,4.89,3.92,5.57,3.55,2.95,6.98,4.85,5.37,7.21,5.72,5.42,46037.990234375,115862.72265625,16988.3994140625,10748.7895507812,13281.44921875,7234.44995117188,8251.65966796875,4057.125,4487.25,4555.125,6294.75,9593.384765625,4464.89990234375,4964.48486328125,7038.26489257812,55.91,0,20.61,38.4,0.78,0.82,0.75,0.41,600,600,280,280,511,515,459,498,525,473,422,542,461,683,662,597,527,1.33,3.16,0.79,5.81,3.78,4.15,4.96,4.05,6.59,4.15,3.61,9.08,6.04,5.25,7.15,5.35,5.2,63473.896484375,47599.5,63704.052734375,119080.5,18130,11512.5,14464,7522.5,8683,4217,4676,4759.5,6839,13030,6088.5,6761.5,9558.5,NA
"18-JUL-2024",2024-07-18 09:40:53,"2024-07-18","9H 40M 53S","Unknown","2.16.0","Unknown","Unknown",600,280,511,515,459,498,525,473,422,542,461,683,662,597,527,2.55,6.26,3.36,4.58,4.7,3.73,5.12,3.56,2.53,7.67,4.6,427.67,654.81,30.74,23.86,46014.6796875,117469.921875,18016.439453125,11762.3994140625,14721.7197265625,7463.64013671875,8684.6201171875,4307.25,4746.75,4800.75,7208.25,10.6599998474121,4.92000007629395,122.589996337891,142.679992675781,NA,NA,NA,NA,NA,NA,NA,NA,600,600,280,280,511,515,459,498,525,473,422,542,461,683,662,597,527,1.49,2.93,0.81,6.09,4.19,4.92,5.36,4.21,6.86,4.64,3.24,9.91,5.42,35.79,42.77,25.27,20.29,64050.23828125,47294,65084.1484375,118499,18014,11931,15133,7533,8753,4247,4763,4758,6920,58,52,88,95,NA
"18-JUL-2024",2024-07-18 09:36:09,"2024-07-18","9H 36M 9S","Unknown","2.16.0","Unknown","Unknown",600,280,511,515,459,498,525,473,422,542,461,683,662,597,527,3.36,7.11,4.56,5.52,4.69,4.76,6.78,3.6,3.24,6.56,4.79,359.34,543.62,30.14,25.37,44054.421875,119978.7109375,18294.119140625,12045.5395507812,14995.8896484375,7564.5,8817.4599609375,4321.5,4717.125,4811.25,7279.125,12.0950002670288,6.15000009536743,125.049995422363,138.990005493164,NA,NA,NA,NA,NA,NA,NA,NA,600,600,280,280,511,515,459,498,525,473,422,542,461,683,662,597,527,1.96,3.52,1.21,6.57,5.64,6.15,5.91,4.73,7.12,4.03,3.52,8.45,5.86,37.06,36.39,21.42,20.5,63967.92578125,45346,65464.947265625,119914,18310,12182,15381.5,7522.5,8742,4227,4700.5,4761,6937.5,48,55,90,94,NA
"16-JUL-2024",2024-07-16 11:00:02,"2024-07-16","11H 0M 2S","Unknown","2.16.0","Unknown","Unknown",600,280,511,515,459,498,525,473,422,542,461,683,662,597,527,3.5,7.01,3.18,3.83,4.74,4.78,6.14,3.6,3.05,6.49,5.22,6.24,7.6,6.57,6.15,46187.83984375,118820.4609375,19194.6298828125,12845.8193359375,15447.119140625,7512.42993164062,8832.22021484375,4356,4586.25,4779,7316.25,12282.5751953125,5732.4150390625,6779.14501953125,9726.02001953125,NA,NA,NA,NA,NA,NA,NA,NA,600,600,280,280,511,515,459,498,525,473,422,542,461,683,662,597,527,2.22,4.17,1.33,6.19,3.68,4.22,4.67,4.4,6.89,4.3,3.45,9.03,5.94,6.62,8.59,6.86,6.49,64838.9765625,46970.5,66698.15234375,116588,18621,12677,15512.5,7350,8692.5,4116.5,4423,4573,6836,12715.5,5969,6976,10054,NA
"16-JUL-2024",2024-07-16 10:59:31,"2024-07-16","10H 59M 31S","Unknown","2.16.0","Unknown","Unknown",600,280,511,515,459,498,525,473,422,542,461,683,662,597,527,3.3,7.1,4.39,5.07,5.39,4.82,6.35,3.76,3.24,6.82,5.01,6.99,8.23,7.03,6.8,45452.28125,114039.0390625,17772.298828125,11841.9599609375,14364.4794921875,7107.759765625,8409.099609375,3987.75,4290.75,4452,6394.5,9137.259765625,4311.9697265625,4970.83984375,7195.91015625,NA,NA,NA,NA,NA,NA,NA,NA,600,600,280,280,511,515,459,498,525,473,422,542,461,683,662,597,527,2.19,3.92,1.26,6.38,3.73,3.98,4.64,4.36,6.94,3.92,3.65,8.7,5.89,6.46,8.22,6.54,6.11,63585.10546875,47107,64051.16796875,116548,18645,12705,15581,7350,8657,4118,4422,4602,6823,12676,5951,6933,10022,NA
"15-JUL-2024",2024-07-15 13:27:30,"2024-07-15","13H 27M 30S","Unknown","2.16.0","Unknown","Unknown",600,280,511,515,459,498,525,473,422,542,461,683,662,597,527,3.36,7.98,6.7,6.4,6.42,5.49,6.36,3.88,3.35,7.37,4.8,7.57,8.56,7.48,7.17,45245.8203125,114831.9765625,16931.458984375,11785.01953125,14118.779296875,7215.18017578125,8527.1796875,4069.5,4281.75,4421.25,6350.25,9028.2001953125,4212.33984375,4949.93017578125,7280.3701171875,NA,NA,NA,NA,NA,NA,NA,NA,600,600,280,280,511,515,459,498,525,473,422,542,461,683,662,597,527,2.43,3.68,1.4,6.85,3.97,4.15,4.38,4.86,6.79,4.3,3.66,9.12,5.61,6.87,8.33,6.93,6.69,63065.91796875,47346,64122.9453125,116950,18667,13054,15798,7416,8762,4168,4413,4586,6842,12586,5907,6955,10194,NA
"15-JUL-2024",2024-07-15 13:27:04,"2024-07-15","13H 27M 4S","Unknown","2.16.0","Unknown","Unknown",600,280,511,515,459,498,525,473,422,542,461,683,662,597,527,3.26,7.62,7.45,7.29,7.38,5.46,6.35,3.91,3.4,7.03,4.93,6.79,8.39,7.42,6.95,45223.25,114218.2109375,16340.609375,11363.0400390625,13709.6694335938,7195.09008789062,8506.27001953125,4061.625,4269.75,4417.875,6346.5,8905.60986328125,4174.2099609375,4904.625,7213.1298828125,NA,NA,NA,NA,NA,NA,NA,NA,600,600,280,280,511,515,459,498,525,473,422,542,461,683,662,597,527,2.13,3.41,1.32,6.83,3.92,4.32,4.36,4.93,6.83,4.22,3.63,8.94,6.03,6.11,7.87,6.88,6.33,62877.05078125,47337,63955.6953125,116901.5,18701,13103,15824.5,7439.5,8749,4168,4408,4579.5,6876.5,12560.5,5917,6978,10194.5,NA
"12-JUL-2024",2024-07-12 08:09:58,"2024-07-12","8H 9M 58S","Unknown","2.16.0","Unknown","Unknown",600,280,511,515,459,498,525,473,422,542,461,683,662,597,527,3.59,6.1,3.36,4.43,5.2,3.58,5.98,3.51,2.91,7.19,4.75,4.54,6.79,5.8,5.87,46493.08984375,118256.296875,17749.6796875,9289.01953125,10884.509765625,7539.89990234375,8041.32983398438,4341.75,4628.625,4780.875,7054.5,12639.6845703125,5906.25512695312,5740.81982421875,7342.07495117188,NA,NA,NA,NA,NA,NA,NA,NA,600,600,280,280,511,515,459,498,525,473,422,542,461,683,662,597,527,1.56,3.22,0.83,5.72,3.96,5.01,5.78,3.79,6.69,4.16,3.34,8.65,5.63,4.9,7.73,6.09,5.96,64160.306640625,47594,65395.3984375,118632.5,18009,9490,11255,7546,8052.5,4273,4642.5,4758,6789,12898,6049.5,5796,7465,NA
"12-JUL-2024",2024-07-12 08:09:05,"2024-07-12","8H 9M 5S","Unknown","2.16.0","Unknown","Unknown",600,280,511,515,459,498,525,473,422,542,461,683,662,597,527,3.07,5.71,3.67,4.6,5.1,3.53,5.48,3.31,2.82,6.69,4.71,5.56,7.18,6.52,6.06,45490.01953125,112622.8984375,16749.71875,8827.259765625,10335,7165.16015625,7563.68017578125,4026,4332.75,4423.5,6021.75,8871.169921875,4141.81982421875,3876.55004882812,5129.10009765625,NA,NA,NA,NA,NA,NA,NA,NA,600,600,280,280,511,515,459,498,525,473,422,542,461,683,662,597,527,1.49,3.03,0.89,5.53,3.47,5.05,5.33,3.71,6.21,3.69,3.07,8.3,5.61,4.78,6.83,5.66,5.58,63150.0234375,47275,62238.21875,118548,18093,9516,11264,7556,8041,4259,4632,4715,6745,12842,6012,5790,7464,NA
"11-JUL-2024",2024-07-11 13:04:51,"2024-07-11","13H 4M 51S","Unknown","2.16.0","Unknown","Unknown",600,280,511,515,459,498,525,473,422,542,461,683,662,597,527,3.31,6.48,3.32,4.4,5.1,3.86,5.82,3.53,3.13,6.9,4.69,4.79,6.66,5.8,5.8,46542.30078125,116348.15625,17745,9518.33984375,10976.1591796875,7439.85986328125,7890.0400390625,4377.75,4648.5,4752,7091.25,12122.8798828125,5667.83984375,5488.669921875,7069.2197265625,NA,NA,NA,NA,NA,NA,NA,NA,600,600,280,280,511,515,459,498,525,473,422,542,461,683,662,597,527,1.48,2.73,0.84,6.06,4.1,4.77,5.45,4.16,6.72,3.87,3.48,8.88,5.57,5.36,7.28,6.36,6.07,63658.51953125,47858,65568.65625,116097,17626,9515,11174,7408,7871,4250,4600,4676,6815,12484,5844,5592,7249,NA
"11-JUL-2024",2024-07-11 13:02:39,"2024-07-11","13H 2M 39S","Unknown","2.16.0","Unknown","Unknown",600,280,511,515,459,498,525,473,422,542,461,683,662,597,527,3.09,6.29,3.7,4.92,5.33,3.82,6.02,3.5,3.06,6.87,4.92,5.8,7.32,7.12,6.9,45812.291015625,112105.06640625,16603.4697265625,8900.580078125,10348.259765625,7061.02001953125,7527.60009765625,4078.125,4357.5,4434.75,6172.875,8808.849609375,4124.39501953125,3871.8349609375,5046.07495117188,NA,NA,NA,NA,NA,NA,NA,NA,600,600,280,280,511,515,459,498,525,473,422,542,461,683,662,597,527,1.4,2.62,0.86,5.87,3.96,5.29,5.73,4.04,7.09,3.98,3.16,8.66,5.71,5.07,7.2,6.26,6.08,62608.978515625,47958,63215.490234375,116125,17487,9437.5,11078,7417,7864.5,4263,4580.5,4683.5,6798,12491,5865,5612,7273,NA
"10-JUL-2024",2024-07-10 10:10:33,"2024-07-10","10H 10M 33S","Unknown","2.16.0","Unknown","Unknown",600,280,511,515,459,498,525,473,422,542,461,683,662,597,527,3.9,7.4,3.16,4.61,6.27,5.24,6.49,3.6,3.2,6.92,4.93,5.71,7.32,6.67,6.63,46462.37890625,118025.8828125,19525.740234375,11537.759765625,13119.599609375,7584.18017578125,8341.8603515625,4351.5,4763.25,4836.75,7233,12589.8701171875,5873.66015625,6171.72998046875,8378.759765625,NA,NA,NA,NA,NA,NA,NA,NA,600,600,280,280,511,515,459,498,525,473,422,542,461,683,662,597,527,2.2,4.29,1.24,6.49,3.59,4.94,6.12,5.05,7.1,4.54,3.75,8.89,6,6.16,8.05,6.98,7.11,63990.5625,47887,65747.359375,117290,19141,11468,13295,7509,8273,4150,4628,4667,6841,12957,6058,6307,8595,NA
"10-JUL-2024",2024-07-10 10:10:07,"2024-07-10","10H 10M 7S","Unknown","2.16.0","Unknown","Unknown",600,280,511,515,459,498,525,473,422,542,461,683,662,597,527,3.66,7.65,11,9.38,10.57,5.56,6.4,3.65,3.18,7.27,5.12,6.8,8.35,7.54,7.49,45578.08203125,111756.9765625,15158.51953125,9415.3798828125,10520.2495117188,7164.75,7963.42993164062,4023,4469.25,4484.25,6263.25,8958.5,4249.85498046875,4382.48999023438,6013.26489257812,NA,NA,NA,NA,NA,NA,NA,NA,600,600,280,280,511,515,459,498,525,473,422,542,461,683,662,597,527,2.12,3.61,1.38,6.62,3.42,4.69,5.97,4.97,6.94,4.33,3.82,9.07,6.18,5.96,8.12,6.73,6.79,62767.576171875,47825.5,62452.01171875,117059.5,19161,11480.5,13325,7504.5,8292.5,4147,4632,4657,6852.5,12925.5,6065,6294,8587,NA
"09-JUL-2024",2024-07-09 11:28:07,"2024-07-09","11H 28M 7S","Unknown","2.16.0","Unknown","Unknown",600,280,511,515,459,498,525,473,422,542,461,683,662,597,527,3.64,5.95,3.35,4.61,5.16,3.66,5.68,3.23,2.75,6.6,4.78,4.82,6.16,6.2,5.89,46652.5625,115893.8828125,18425.16015625,11118.119140625,13085.279296875,7475.1201171875,8299.2197265625,4405.5,4695.75,4818,7264.5,12035.5498046875,5634.2197265625,6035.19970703125,8158.1796875,NA,NA,NA,NA,NA,NA,NA,NA,600,600,280,280,511,515,459,498,525,473,422,542,461,683,662,597,527,1.66,2.79,0.74,5.48,3.71,4.86,5.53,3.98,6.71,4.09,3.46,8.8,5.71,5.15,6.92,6.29,6.2,63661.390625,48009,65592.359375,115762,18230,11095,13305,7443,8281,4172,4538,4601,6832,12498,5870,6202,8416,NA
"09-JUL-2024",2024-07-09 11:26:59,"2024-07-09","11H 26M 59S","Unknown","2.16.0","Unknown","Unknown",600,280,511,515,459,498,525,473,422,542,461,683,662,597,527,3.51,6.1,5.1,6.47,6.16,3.81,5.86,3.31,2.8,7.17,5.01,6.06,7.55,7.34,7.48,45802.669921875,111798.390625,16566.4189453125,9867.779296875,11919.1796875,7183.19970703125,7990.89990234375,4068.75,4411.5,4473.375,6293.625,8535.7900390625,3931.69494628906,4199.2197265625,5647.54516601562,NA,NA,NA,NA,NA,NA,NA,NA,600,600,280,280,511,515,459,498,525,473,422,542,461,683,662,597,527,1.53,2.82,0.78,5.64,3.8,4.92,5.34,3.82,6.79,3.83,3.38,9.13,5.82,5.18,6.76,6.29,6.2,62563.87109375,47995,63130.19140625,116061,18174,11034.5,13247,7461,8276,4177,4559,4630,6834.5,12464.5,5858,6180,8441,NA
"03-JUL-2024",2024-07-03 08:43:06,"2024-07-03","8H 43M 6S","Unknown","2.16.0","Unknown","Unknown",600,280,511,515,459,498,525,473,422,542,461,683,662,597,527,3.32,6.82,5.63,9.1,11.64,4.14,8.22,4.3,3.1,7.32,5.06,5.06,6.96,9.67,11.18,46808.69921875,118433.421875,16021.9794921875,4942.85986328125,4489.6796875,7462.81982421875,6578.0400390625,4452.75,4805.25,4707.75,7047.75,12297.5400390625,5729.33984375,3634.23999023438,3186.52001953125,NA,NA,NA,NA,NA,NA,NA,NA,600,600,280,280,511,515,459,498,525,473,422,542,461,683,662,597,527,1.54,3,0.84,6.43,6.48,10.07,13.27,4.33,9.19,4.42,3.23,8.99,5.9,5.56,7.93,10.29,11.81,64302.33984375,47727,65955.5234375,117720,16018,4978,4591,7397,6534,4493,4954,4817,6734,12471,5835,3630,3214,NA
"03-JUL-2024",2024-07-03 08:41:17,"2024-07-03","8H 41M 17S","Unknown","2.16.0","Unknown","Unknown",600,280,511,515,459,498,525,473,422,542,461,683,662,597,527,3.3,6.58,8.44,11.65,14.88,3.95,8.32,4.2,3.08,7.15,5.43,5.7,7.49,9.91,11.57,46021.33984375,113895.12890625,13733.4599609375,4219.7998046875,3699.14978027344,7167.6201171875,6281.60986328125,4101.75,4494,4380.375,6159.75,9141.76953125,4266.0498046875,2650.64990234375,2366.92993164062,NA,NA,NA,NA,NA,NA,NA,NA,600,600,280,280,511,515,459,498,525,473,422,542,461,683,662,597,527,1.46,2.98,0.89,6.23,6.36,9.89,12.96,4.11,9.29,4.56,3.29,9.05,6.01,5.59,7.84,10.23,11.36,63189.140625,47780.5,63533.634765625,117584.5,16027.5,4975,4575,7396,6556,4490,4951,4824,6746.5,12486,5846,3637,3223,NA
"02-JUL-2024",2024-07-02 09:54:32,"2024-07-02","9H 54M 32S","Unknown","2.16.0","Unknown","Unknown",600,280,511,515,459,498,525,473,422,542,461,683,662,597,527,3.12,6.26,5.14,8.93,11.15,4.13,9.07,4.57,3.71,7.33,5.4,4.97,7.04,9.6,10.79,46306.240234375,119100.48828125,15676.439453125,4902.68969726562,4388.27978515625,7584.18017578125,6717.03002929688,4491.375,4598.25,4776,7128.75,12492.6997070312,5812.77490234375,3674.01000976562,3276.10498046875,NA,NA,NA,NA,NA,NA,NA,NA,600,600,280,280,511,515,459,498,525,473,422,542,461,683,662,597,527,1.48,3.01,0.88,5.87,6.86,10.65,12.87,4.23,9.88,4.61,3.45,9.07,6.22,5.3,7.65,10.3,11.51,64317.822265625,47247.5,65820.00390625,118684.5,15931.5,5004,4562,7537,6673.5,4731,4937,5082,6921.5,12553,5871,3650,3283.5,NA
"02-JUL-2024",2024-07-02 09:52:08,"2024-07-02","9H 52M 8S","Unknown","2.16.0","Unknown","Unknown",600,280,511,515,459,498,525,473,422,542,461,683,662,597,527,3.14,6.53,10.9,14.47,16.34,4.25,8.08,4.24,3.59,7.28,5.6,5.58,7.5,9.84,11.08,45502.6015625,116059.515625,13284.9599609375,4132.43994140625,3686.27978515625,7263.56005859375,6411.580078125,4148.25,4333.5,4428.75,6234,9216.3896484375,4309.10009765625,2669.10009765625,2407.52001953125,NA,NA,NA,NA,NA,NA,NA,NA,600,600,280,280,511,515,459,498,525,473,422,542,461,683,662,597,527,1.41,3.11,0.82,6.25,6.54,10.09,12.16,4.34,9.18,4.35,3.54,8.94,6.18,5.3,7.63,9.56,10.69,63071.1640625,47319,63797.6484375,119233,15875,4994,4546,7520,6652,4738,4988,5091,6914,12523,5886,3629,3273,NA
"28-JUN-2024",2024-06-28 09:21:24,"2024-06-28","9H 21M 24S","Unknown","2.16.0","Unknown","Unknown",600,280,511,515,459,498,525,473,422,542,461,683,662,597,527,2.91,5.91,4.49,5.24,5.76,3.64,7.4,4.07,3.49,6.78,4.92,4.6,6.6,7.02,6.52,46787.98046875,116939.3828125,16975.919921875,12282.6591796875,15103.1396484375,7448.06005859375,8934.7197265625,4286.25,4521.75,4655.25,7068.75,12436.939453125,5801.91015625,7173.35986328125,10707.5595703125,NA,NA,NA,NA,NA,NA,NA,NA,600,600,280,280,511,515,459,498,525,473,422,542,461,683,662,597,527,1.33,2.69,0.87,5.57,5.62,6.05,6.58,3.81,8.89,4.17,3.27,8.35,5.42,5,7.18,7.53,6.74,63739.6328125,48086,65515.50390625,116844,17222,12551,15586,7434,8868,4510,4856,4934,6925,12712,5945,7248,10917,NA
"28-JUN-2024",2024-06-28 09:20:11,"2024-06-28","9H 20M 11S","Unknown","2.16.0","Unknown","Unknown",600,280,511,515,459,498,525,473,422,542,461,683,662,597,527,2.96,6.44,5.46,6.24,5.97,4.13,7.7,4.22,3.66,7.21,5.09,6.19,7.72,8.87,8.09,45894.431640625,110646.2890625,15952.5595703125,11439.08984375,14238.119140625,7029.0400390625,8467.72998046875,3982.5,4249.5,4348.875,6177,8805.15966796875,4105.94482421875,4981.5,7641.78491210938,NA,NA,NA,NA,NA,NA,NA,NA,600,600,280,280,511,515,459,498,525,473,422,542,461,683,662,597,527,1.39,2.63,0.93,6.07,5.85,6.24,6.47,3.93,8.76,4.22,3.4,8.9,5.58,5.3,7.02,7.22,6.76,62451.279296875,48173.5,62180.6640625,116516.5,17154.5,12477,15514.5,7400,8851,4496,4840,4949,6946.5,12645,5913,7233,10885,NA
"27-JUN-2024",2024-06-27 08:32:02,"2024-06-27","8H 32M 2S","Unknown","2.16.0","Unknown","Unknown",600,280,511,515,459,498,525,473,422,542,461,683,662,597,527,3.06,6.64,3.61,4.63,5.46,3.7,6.22,3.44,2.91,7.05,4.92,5.13,6.76,6.01,5.72,48006.76171875,118223.5,17628.779296875,9338.939453125,9682.1396484375,7594.02001953125,7994.1796875,4528.5,4806.75,4761.75,7115.25,12443.5,5835.93994140625,5367.31005859375,6372.2197265625,NA,NA,NA,NA,NA,NA,NA,NA,600,600,280,280,511,515,459,498,525,473,422,542,461,683,662,597,527,1.3,2.48,0.71,6.26,4.3,5.1,5.96,3.94,7.19,4.07,3.5,9.37,5.96,5.26,7.44,6.38,6.06,63429.48828125,49534,65663.0546875,118109,17241,9217,9773,7564,7984,4404,4785,4684,6747,12760,5998,5462,6509,NA
"27-JUN-2024",2024-06-27 08:30:43,"2024-06-27","8H 30M 43S","Unknown","2.16.0","Unknown","Unknown",600,280,511,515,459,498,525,473,422,542,461,683,662,597,527,3.24,6.41,9.4,8.4,8.22,3.81,6.2,3.51,2.81,7.2,4.94,5.73,7.35,6.93,6.76,47116.5390625,114945.9609375,14656.9794921875,8041.01953125,8457.5400390625,7307.02001953125,7641.580078125,4177.5,4507.5,4449,6211.5,9109.7900390625,4260.7197265625,3877.78002929688,4592,NA,NA,NA,NA,NA,NA,NA,NA,600,600,280,280,511,515,459,498,525,473,422,542,461,683,662,597,527,1.23,2.63,0.69,5.94,4.19,5.13,5.79,4.03,7.33,4.05,3.42,8.44,5.94,5.3,7.29,6.44,5.86,62361.125,49513,63797.953125,118073,17265,9253,9790,7573,7985,4396,4772,4709,6735,12739,6001,5460,6531,NA
"25-JUN-2024",2024-06-25 09:03:01,"2024-06-25","9H 3M 1S","Unknown","2.16.0","Unknown","Unknown",600,280,511,515,459,498,525,473,422,542,461,683,662,597,527,2.77,6.31,3.97,5.16,5.56,4.04,5.97,4.1,3.43,7.18,4.98,5.19,6.9,6.12,6,47414.759765625,118960.6796875,16170.5693359375,8838.56982421875,9627.5400390625,7656.33984375,8107.75,4404.375,4649.625,4675.875,7037.625,12234.3994140625,5733.02978515625,5432.5,6724.40991210938,NA,NA,NA,NA,NA,NA,NA,NA,600,600,280,280,511,515,459,498,525,473,422,542,461,683,662,597,527,1.27,2.72,0.79,5.79,4.52,5.73,6.24,4.12,7.26,4.15,3.29,8.65,5.58,5.71,7.75,6.44,6.11,63573.23828125,48872.5,65664.8828125,118794,16320,8972,9891,7635,8086.5,4516.5,4863,4844,6882,12612.5,5928,5558,6900.5,NA
"25-JUN-2024",2024-06-25 09:01:55,"2024-06-25","9H 1M 55S","Unknown","2.16.0","Unknown","Unknown",600,280,511,515,459,498,525,473,422,542,461,683,662,597,527,2.79,6.52,4.69,5.49,6.02,4.13,6.23,4.08,3.65,7.54,5.25,6.02,7.46,7.41,7.35,46519.359375,112685.21875,15058.6796875,8211.83984375,9040.9794921875,7238.14013671875,7594.83984375,4088.25,4390.5,4337.25,6095.25,8632.1396484375,4035.21997070312,3756.830078125,4614.9599609375,NA,NA,NA,NA,NA,NA,NA,NA,600,600,280,280,511,515,459,498,525,473,422,542,461,683,662,597,527,1.3,2.63,0.85,5.97,4.65,5.6,6.3,4.06,7.27,4.05,3.52,8.6,5.85,5.24,7.21,6.6,6.38,62257.10546875,48973,62318.7734375,118415,16256,8901,9790,7602,8060,4508,4883,4827,6895,12567,5898,5525,6874,NA
"21-JUN-2024",2024-06-21 09:02:41,"2024-06-21","9H 2M 41S","Unknown","2.16.0","Unknown","Unknown",600,280,511,515,459,498,525,473,422,542,461,683,662,597,527,3.72,7.15,3.89,4.42,4.85,4.07,5.95,3.35,2.96,6.85,4.88,5.29,7.34,5.96,5.66,48303.5,119130.421875,16966.1689453125,10741.3798828125,13252.19921875,7629.68994140625,8648.5400390625,4462.125,4701,4729.125,7225.875,12510.740234375,5873.044921875,6518.18017578125,9283.2197265625,NA,NA,NA,NA,NA,NA,NA,NA,600,600,280,280,511,515,459,498,525,473,422,542,461,683,662,597,527,1.62,2.92,0.83,6.58,4.41,5.16,5.36,4.15,6.7,4.17,3.41,9.28,5.85,5.89,7.77,6.29,5.85,64182.62109375,49284.5,66175.05859375,117912.5,17182.5,10936,13646.5,7524.5,8561,4250,4566,4579,6791,12777.5,6022,6608.5,9453.5,NA
"21-JUN-2024",2024-06-21 09:01:35,"2024-06-21","9H 1M 35S","Unknown","2.16.0","Unknown","Unknown",600,280,511,515,459,498,525,473,422,542,461,683,662,597,527,3.19,6.19,7.05,6.49,7.84,3.85,5.96,3.43,2.9,7.16,4.88,5.47,6.94,6.03,5.55,47468.0390625,112776.2421875,15010.3193359375,9693.0595703125,11735.8798828125,7239.77978515625,8240.1796875,4116,4367.25,4377,6306.75,9227.4599609375,4346,4788.7998046875,6795.33984375,NA,NA,NA,NA,NA,NA,NA,NA,600,600,280,280,511,515,459,498,525,473,422,542,461,683,662,597,527,1.45,2.72,0.92,5.67,4.04,4.77,4.55,3.99,6.73,3.97,3.28,8.76,5.85,5.1,7.12,5.8,5.02,63032.61328125,49356,62929.8671875,117328,17166,10962,13625,7544,8542,4256,4563,4555,6791,12758,6000,6592,9413,NA
"20-JUN-2024",2024-06-20 09:02:02,"2024-06-20","9H 2M 2S","Unknown","2.16.0","Unknown","Unknown",600,280,511,515,459,498,525,473,422,542,461,683,662,597,527,3.37,6.73,3.6,4.19,4.33,3.81,5.87,3.35,2.78,6.78,4.82,4.91,6.57,5.43,5,47750.71875,118990.1953125,17081.21875,11023.7392578125,13818.4794921875,7653.06005859375,8797.7802734375,4449.75,4799.25,4737.75,7216.5,12723.5302734375,5941.7197265625,6769.509765625,9808.4296875,NA,NA,NA,NA,NA,NA,NA,NA,600,600,280,280,511,515,459,498,525,473,422,542,461,683,662,597,527,1.57,2.86,0.78,6.26,4.3,4.89,4.99,3.99,6.66,3.99,3.3,8.95,5.87,5.16,7.56,5.77,5.24,63943.2734375,48916,65760.53125,118526,17364,11272,14260,7611,8729,4274,4714,4607,6824,12925,6063,6814,9934,NA
"20-JUN-2024",2024-06-20 09:01:01,"2024-06-20","9H 1M 1S","Unknown","2.16.0","Unknown","Unknown",600,280,511,515,459,498,525,473,422,542,461,683,662,597,527,3.27,5.83,4.21,4.88,5.2,3.81,5.51,3.21,2.73,6.5,4.84,5.36,7.04,6.08,5.78,46924.87890625,112857.0078125,15890.1596679688,10280.0092773438,12767.8193359375,7275.0400390625,8256.580078125,4107.75,4485.75,4398,6280.5,9277.6845703125,4339.03002929688,4861.98486328125,7024.11987304688,NA,NA,NA,NA,NA,NA,NA,NA,600,600,280,280,511,515,459,498,525,473,422,542,461,683,662,597,527,1.5,2.77,0.88,5.43,3.92,4.52,4.75,3.8,6.44,3.92,3.17,8.67,5.77,5.02,7.21,5.54,5.03,62858.6484375,49001.5,62555.50390625,118123,17301,11260.5,14269,7622.5,8718.5,4279,4693,4619,6815,12875,6045,6780.5,9891,NA
"18-JUN-2024",2024-06-18 08:46:17,"2024-06-18","8H 46M 17S","Unknown","2.16.0","Unknown","Unknown",600,280,511,515,459,498,525,473,422,542,461,683,662,597,527,2.91,6.3,3.6,4.13,4.31,3.62,5.68,3.34,2.85,6.63,5.23,4.49,6.54,5.14,4.88,47171.30078125,118597.421875,17398.6796875,11429.33984375,14395.6796875,7663.7197265625,8969.9794921875,4428,4530,4731,7320.75,13026.51953125,6108.58984375,7241.830078125,10526.33984375,NA,NA,NA,NA,NA,NA,NA,NA,600,600,280,280,511,515,459,498,525,473,422,542,461,683,662,597,527,1.42,2.89,0.82,5.93,4.3,4.7,4.81,3.79,6.7,4,3.21,8.93,6,4.97,7.13,5.66,5,63759.8359375,48494,65436.08203125,118755,17634,11674,14855,7665,8960,4338,4523,4700,6938,13049,6156,7199,10521,NA
"18-JUN-2024",2024-06-18 08:45:28,"2024-06-18","8H 45M 28S","Unknown","2.16.0","Unknown","Unknown",600,280,511,515,459,498,525,473,422,542,461,683,662,597,527,2.8,6.19,4.85,6.11,6.4,3.85,5.72,3.32,2.99,6.81,4.81,5.05,6.63,6.04,5.62,46429.08203125,114924.640625,16076.189453125,10415.3393554688,13154.3095703125,7351.2998046875,8638.7001953125,4070.25,4189.875,4360.5,6385.5,9585.5947265625,4491.9599609375,5230.57495117188,7675.60986328125,NA,NA,NA,NA,NA,NA,NA,NA,600,600,280,280,511,515,459,498,525,473,422,542,461,683,662,597,527,1.39,2.68,0.8,5.79,4.07,4.43,4.76,4.02,6.59,3.79,3.23,8.68,5.53,4.97,6.91,5.67,5.01,62712.0859375,48583.5,63563.72265625,118428.5,17636,11688,14878,7655.5,8963,4340,4521,4671,6918,13084,6153.5,7197,10537,NA
"17-JUN-2024",2024-06-17 09:35:29,"2024-06-17","9H 35M 29S","Unknown","2.16.0","Unknown","Unknown",600,280,511,515,459,498,525,473,422,542,461,683,662,597,527,3.4,6.16,3.66,4.12,4.42,3.69,5.62,3.37,2.71,6.52,5.11,4.85,6.53,5.46,4.99,47891.3203125,119658.5,17287.138671875,11484.7197265625,14337.1796875,7711.27978515625,9021.6396484375,4417.5,4632,4674.75,7239.75,12793.2294921875,5992.14990234375,7038.06005859375,10330.3603515625,NA,NA,NA,NA,NA,NA,NA,NA,600,600,280,280,511,515,459,498,525,473,422,542,461,683,662,597,527,1.69,3.07,0.8,5.69,4.06,4.7,5.12,3.93,6.6,4.18,3.29,8.8,5.79,5.42,7.43,5.93,5.3,64271.6328125,48860,65981.8671875,118781,17554,11763,14818,7628,8942,4294,4596,4601,6836,13053,6149,7101,10488,NA
"17-JUN-2024",2024-06-17 09:34:41,"2024-06-17","9H 34M 41S","Unknown","2.16.0","Unknown","Unknown",600,280,511,515,459,498,525,473,422,542,461,683,662,597,527,3.34,6.32,5.06,6.41,5.95,4.06,5.91,3.44,2.77,7.01,5.1,5.68,7.32,6.55,5.68,47049.19921875,115012.3828125,15960.359375,10480.080078125,13319.279296875,7402.14013671875,8513.240234375,4075.5,4368.75,4346.25,6321.75,9455.830078125,4425.9501953125,5073.75,7594.02001953125,NA,NA,NA,NA,NA,NA,NA,NA,600,600,280,280,511,515,459,498,525,473,422,542,461,683,662,597,527,1.6,3.18,0.89,5.81,4.05,4.73,5.11,3.97,6.89,4.25,3.43,8.83,6.05,5.15,7.33,5.73,5.2,63242.6875,48840,63622.0390625,118425,17518,11783,14859,7620,8935,4290,4620,4636,6856,13037,6125,7110,10484,NA
"14-JUN-2024",2024-06-14 08:58:19,"2024-06-14","8H 58M 19S","Unknown","2.16.0","Unknown","Unknown",600,280,511,515,459,498,525,473,422,542,461,683,662,597,527,2.87,6.72,3.89,5.77,7.52,4.05,6.11,3.46,2.95,6.57,5,4.76,6.59,6.58,7.1,47080.28125,116317.8203125,16478.279296875,5749.3798828125,5661.23974609375,7507.919921875,6861.759765625,4437,4742.25,4638,7022.25,12632.509765625,5909.330078125,4071.30004882812,4049.57006835938,NA,NA,NA,NA,NA,NA,NA,NA,600,600,280,280,511,515,459,498,525,473,422,542,461,683,662,597,527,1.41,2.58,0.87,6.09,4.61,6.29,8.02,4.19,7.3,4.05,3.5,8.95,6.13,5.18,7.59,6.87,7.43,63450.0859375,48564,65312.93359375,116662,16589,5825,5841,7509,6868,4358,4750,4605,6700,12717,5961,4057,4052,NA
"14-JUN-2024",2024-06-14 08:56:45,"2024-06-14","8H 56M 45S","Unknown","2.16.0","Unknown","Unknown",600,280,511,515,459,498,525,473,422,542,461,683,662,597,527,2.89,6.55,4.85,6.59,8.28,4.13,6.44,3.56,3.12,7.31,5.07,5.42,7.19,7.25,7.52,46268.5,113392.8828125,15326.9990234375,5300.099609375,5250.1796875,7218.4599609375,6529.66015625,4033.5,4385.25,4243.5,6098.25,9261.490234375,4356.25,2959.7900390625,2936.01000976562,NA,NA,NA,NA,NA,NA,NA,NA,600,600,280,280,511,515,459,498,525,473,422,542,461,683,662,597,527,1.43,2.48,0.84,6.21,4.46,6.13,8.02,4.14,7.03,3.87,3.4,9.13,5.93,5.08,7.25,7.02,7.32,62386.91796875,48568,63466.765625,116953,16680,5805,5820,7491,6836,4362,4760,4598,6675,12728,5972,4057,4049,NA
"13-JUN-2024",2024-06-13 08:44:58,"2024-06-13","8H 44M 58S","Unknown","2.16.0","Unknown","Unknown",600,280,511,515,459,498,525,473,422,542,461,683,662,597,527,2.96,6.6,3.76,5.83,7.54,3.78,6.4,3.34,2.9,7.13,4.77,4.61,6.56,6.68,7.29,47325.58984375,118284.58984375,16543.01953125,5843.759765625,5904.20971679688,7575.16015625,6966.30981445312,4388.25,4587.375,4579.875,6940.125,12919.919921875,6011.830078125,4207.419921875,4246.57495117188,NA,NA,NA,NA,NA,NA,NA,NA,600,600,280,280,511,515,459,498,525,473,422,542,461,683,662,597,527,1.46,2.82,0.8,6.32,4.33,6.69,8.13,3.99,7.34,3.82,3.23,8.18,5.79,5.1,7.17,7.15,7.72,63837.69140625,48674.5,65535.576171875,118344,16723,5942.5,6102,7556.5,6942,4574,4872,4803.5,6668.5,12986,6062,4177,4246,NA
"13-JUN-2024",2024-06-13 08:43:14,"2024-06-13","8H 43M 14S","Unknown","2.16.0","Unknown","Unknown",600,280,511,515,459,498,525,473,422,542,461,683,662,597,527,2.9,6.65,6.87,7.55,9.03,3.85,6.76,3.5,3.03,7.04,4.81,5.47,6.94,7.06,7.81,46061.30078125,115064.859375,14839.4990234375,5313.35986328125,5287.61962890625,7295.5400390625,6704.31982421875,4030.5,4263.75,4265.25,6052.5,9493.9599609375,4422.259765625,3057.78002929688,3106.57006835938,NA,NA,NA,NA,NA,NA,NA,NA,600,600,280,280,511,515,459,498,525,473,422,542,461,683,662,597,527,1.35,2.61,0.8,6.17,4.33,6.6,7.91,4.13,7.76,3.86,3.2,8.53,5.8,5.36,7.44,6.97,7.89,62720.71875,48122,63610.765625,118492,16702,5931,6127,7506,6958,4576,4867,4848,6697,12939,6035,4167,4266,NA
"12-JUN-2024",2024-06-12 09:42:13,"2024-06-12","9H 42M 13S","Unknown","2.16.0","Unknown","Unknown",600,280,511,515,459,498,525,473,422,542,461,683,662,597,527,2.85,6.44,3.46,4.04,4.49,3.9,5.88,3.87,3.19,7.16,4.63,4.46,6.23,5.44,4.81,47215.69921875,117941.421875,17245.798828125,11015.1591796875,13691.33984375,7584.18017578125,8709.2197265625,4281,4529.25,4566,7041.75,13030.2099609375,6085.2197265625,6985.580078125,9896.169921875,NA,NA,NA,NA,NA,NA,NA,NA,600,600,280,280,511,515,459,498,525,473,422,542,461,683,662,597,527,1.4,2.59,0.82,5.95,4.21,4.84,5.22,3.97,6.63,3.86,3.15,8.46,5.31,4.78,6.81,5.76,4.98,63713.3046875,48576,65361.70703125,118322,17510,11268,14131,7588,8721,4802,5185,5137,7008,13144,6165,6970,9946,NA
"12-JUN-2024",2024-06-12 09:40:49,"2024-06-12","9H 40M 49S","Unknown","2.16.0","Unknown","Unknown",600,280,511,515,459,498,525,473,422,542,461,683,662,597,527,2.76,6.59,4.09,5.07,5.25,3.83,5.85,3.63,3.09,7.04,4.9,5.23,6.95,5.96,5.7,46345.08984375,113442.078125,16235.3090820312,10216.8295898438,12704.6396484375,7293.080078125,8325.4599609375,3995.25,4278.75,4257,6222.75,9575.9599609375,4493.18994140625,5070.6748046875,7187.7099609375,NA,NA,NA,NA,NA,NA,NA,NA,600,600,280,280,511,515,459,498,525,473,422,542,461,683,662,597,527,1.36,2.7,0.86,6.3,4.3,4.77,5.25,4.06,6.78,3.82,3.21,8.24,5.64,5.05,7.11,5.7,5.27,62589.208984375,48542.5,62867.017578125,118249,17586,11255,14124,7599,8722.5,4808,5179,5146.5,7026.5,13140.5,6179.5,6976,9937.5,NA
"11-JUN-2024",2024-06-11 10:01:28,"2024-06-11","10H 1M 28S","Unknown","2.16.0","Unknown","Unknown",600,280,511,515,459,498,525,473,422,542,461,683,662,597,527,6.18,7.62,4.96,5.45,5.63,5.45,6.47,4.69,4.39,7.47,4.95,5.46,7.18,6.09,5.53,46447.58203125,117952.078125,17433.779296875,11191.439453125,13896.4794921875,7562.0400390625,8715.7802734375,4242,4488,4507.5,7036.5,12897.3701171875,6045.44970703125,6953.60009765625,9951.51953125,NA,NA,NA,NA,NA,NA,NA,NA,600,600,280,280,511,515,459,498,525,473,422,542,461,683,662,597,527,3.59,4.5,1.29,6.78,5.89,6.5,6.78,5.07,7.07,4.03,3.53,8.6,5.59,6.03,7.9,6.64,5.87,63690.9453125,47897,65359.75,118067,17679,11445,14386,7549,8708,4708,5088,5049,7004,13083,6155,7010,10071,NA
"11-JUN-2024",2024-06-11 10:00:38,"2024-06-11","10H 0M 38S","Unknown","2.16.0","Unknown","Unknown",600,280,511,515,459,498,525,473,422,542,461,683,662,597,527,5.15,7.67,5.97,6.4,6.38,5.21,6.81,4.55,4.2,7.59,5.08,6.52,8.36,7.31,6.83,45787.5,112801.65625,16626.478515625,10799.099609375,13406.6396484375,7309.47998046875,8260.6796875,3982.5,4258.5,4248,6243.75,9489.8603515625,4396.83984375,5029.4697265625,7325.8798828125,NA,NA,NA,NA,NA,NA,NA,NA,600,600,280,280,511,515,459,498,525,473,422,542,461,683,662,597,527,2.93,4.27,1.4,6.76,5.85,6.44,6.59,4.86,7.18,4.02,3.52,8.83,5.4,5.81,7.79,6.29,5.72,62734.07421875,48022,62411.24609375,118202,17699,11587,14545,7567,8729,4717,5090,5054,7035,13162,6168,7092,10191,NA
"11-JUN-2024",2024-06-11 09:56:13,"2024-06-11","9H 56M 13S","Unknown","2.16.0","Unknown","Unknown",600,280,511,515,459,498,525,473,422,542,461,683,662,597,527,3.22,7.08,5.77,6.03,5.85,4.92,6.22,4.65,4.24,7.14,4.89,421.97,954.42,31.77,27.15,47048.830078125,118453.1015625,17429.4892578125,11397.359375,14111.3696289062,7626,8805.56982421875,4257,4436.625,4530.375,7225.875,10.6599998474121,3.27999997138977,129.149993896484,145.550003051758,NA,NA,NA,NA,NA,NA,NA,NA,600,600,280,280,511,515,459,498,525,473,422,542,461,683,662,597,527,1.92,3.74,1.27,6.17,6.64,6.94,7.01,4.44,6.98,4.25,3.64,8.03,5.49,44.16,28.7,24.42,24.71,63676.77734375,48678.5,65431.263671875,118331,17584.5,11590.5,14507.5,7620,8828,4686.5,5005,5087,7132.5,47,62,85,90,NA
"10-JUN-2024",2024-06-10 13:04:49,"2024-06-10","13H 4M 49S","Unknown","2.16.0","Unknown","Unknown",600,280,511,515,459,498,525,473,422,542,461,683,662,597,527,2.9,6.39,3.19,3.71,4.06,3.71,5.53,3.94,3.46,7.16,5.05,4.65,6.33,5.38,4.97,47812.87890625,120189.0390625,19667.69921875,12638.33984375,15358.19921875,7727.68017578125,8928.16015625,4266.75,4559.25,4583.25,7202.25,13003.9697265625,6100.39013671875,7104.47998046875,10194.240234375,NA,NA,NA,NA,NA,NA,NA,NA,600,600,280,280,511,515,459,498,525,473,422,542,461,683,662,597,527,1.43,2.96,0.82,6.08,3.84,4.09,4.48,3.85,6.51,3.87,3.34,8.45,5.54,5.02,7.24,5.83,5.17,63852.38671875,49147,65714.6015625,119846,19356,12616,15672,7696,8884,4752,5200,5156,7118,13159,6202,7122,10294,NA
"10-JUN-2024",2024-06-10 13:03:31,"2024-06-10","13H 3M 31S","Unknown","2.16.0","Unknown","Unknown",600,280,511,515,459,498,525,473,422,542,461,683,662,597,527,2.95,5.98,3.78,4.46,4.48,3.68,5.65,3.84,3.31,7.25,4.65,5.08,6.85,5.57,5.17,46874.5625,115079.20703125,18208.318359375,11695.3193359375,14429.9990234375,7486.18994140625,8588.6796875,3939,4296.75,4266,6354,9612.8603515625,4515.53491210938,5202.89990234375,7529.64990234375,NA,NA,NA,NA,NA,NA,NA,NA,600,600,280,280,511,515,459,498,525,473,422,542,461,683,662,597,527,1.47,2.92,0.84,5.68,3.65,4.07,4.19,3.85,6.45,3.87,3.15,8.38,5.38,4.82,7.02,5.53,4.97,62711.287109375,49033.5,63267.28125,119190,19157,12525,15635,7687,8859.5,4748,5217,5166,7116,13119.5,6171,7111,10250.5,NA
"07-JUN-2024",2024-06-07 09:33:20,"2024-06-07","9H 33M 20S","Unknown","2.16.0","Unknown","Unknown",600,280,511,515,459,498,525,473,422,542,461,683,662,597,527,4.68,7.27,4.65,5.93,7.57,4.1,6.25,3.76,2.88,6.56,5.29,4.99,6.72,6.52,7.15,47730.37109375,119810.609375,16183.0493164062,5660.4599609375,5131.61962890625,7371.7998046875,6829.77978515625,4641.75,4650,4649.625,6997.875,12739.9301757812,5955.86499023438,3970.23498535156,3620.7099609375,NA,NA,NA,NA,NA,NA,NA,NA,600,600,280,280,511,515,459,498,525,473,422,542,461,683,662,597,527,2.27,3.23,0.89,6.9,5.14,6.77,8.35,4.01,7.74,4.47,3.58,8.92,6.33,5.37,7.05,6.97,7.45,63881.1953125,48905,65689.9453125,119552.5,15794,5604.5,5203,7333,6816,4442,4531,4503,6581,12868.5,6035,3966,3642,NA
"07-JUN-2024",2024-06-07 09:31:50,"2024-06-07","9H 31M 50S","Unknown","2.16.0","Unknown","Unknown",600,280,511,515,459,498,525,473,422,542,461,683,662,597,527,4.2,7.09,9.63,8.59,10.05,4.18,6.58,4.44,3.35,7.33,5.52,6.15,7.62,7.83,8.23,47035.51171875,113868.0703125,13867.2294921875,5000.57958984375,4511.1298828125,7089.30981445312,6428.7998046875,4211.25,4343.25,4248,6076.875,9329.7548828125,4365.06494140625,2859.33996582031,2633.84008789062,NA,NA,NA,NA,NA,NA,NA,NA,600,600,280,280,511,515,459,498,525,473,422,542,461,683,662,597,527,1.88,3.32,1.07,6.45,5.17,6.35,8.18,4.17,7.64,4.72,3.61,9.01,6.33,4.95,7.17,7.31,7.38,62847.759765625,48961,62503.6015625,119299,15813,5596,5209,7342,6804,4448,4564,4500.5,6583,12872,6034,3963.5,3644.5,NA
"06-JUN-2024",2024-06-06 09:49:31,"2024-06-06","9H 49M 31S","Unknown","2.16.0","Unknown","Unknown",600,280,511,515,459,498,525,473,422,542,461,683,662,597,527,3.3,7.05,4.77,6.3,7.89,4.14,6.77,4.1,3.05,7.19,5.31,4.86,6.8,6.83,7.33,48747.5,120851.6015625,16530.5390625,5798.52001953125,5248.61962890625,7495.6201171875,6915.06005859375,4663.5,4659.75,4638,7041,13213.0703125,6164.35009765625,4118.0400390625,3774.05004882812,NA,NA,NA,NA,NA,NA,NA,NA,600,600,280,280,511,515,459,498,525,473,422,542,461,683,662,597,527,1.63,2.97,0.92,6.48,5.43,7.07,8.53,4.26,8.05,5.03,3.93,9.52,6.48,5.24,7.33,7.47,7.66,64490.92578125,49562,66407.9453125,119135,16027,5702,5303,7380,6830,4366,4446,4406,6523,13321,6249,4110,3796,NA
"06-JUN-2024",2024-06-06 09:48:07,"2024-06-06","9H 48M 7S","Unknown","2.16.0","Unknown","Unknown",600,280,511,515,459,498,525,473,422,542,461,683,662,597,527,3.26,7.16,6.8,7.45,8.42,4.28,6.85,4.29,3.67,7.54,5.29,5.42,7.19,7.14,7.84,47576.8203125,114075.52734375,15215.458984375,5353.13989257812,4929.20971679688,7065.93994140625,6442.73974609375,4151.25,4167,4116.75,6045,9780.9599609375,4567.19506835938,3004.88989257812,2782.46496582031,NA,NA,NA,NA,NA,NA,NA,NA,600,600,280,280,511,515,459,498,525,473,422,542,461,683,662,597,527,1.46,2.88,1.01,6.7,5.28,6.92,8.31,4.17,7.59,4.76,3.71,9.34,6.4,5.31,7.49,6.99,7.3,63179.158203125,49408.5,63052.779296875,118694.5,15996.5,5670,5282,7354,6789,4375.5,4434,4414.5,6534.5,13260.5,6205.5,4073,3757,NA
"05-JUN-2024",2024-06-05 10:46:33,"2024-06-05","10H 46M 33S","Unknown","2.16.0","Unknown","Unknown",600,280,511,515,459,498,525,473,422,542,461,683,662,597,527,3.65,8.33,5.76,7,8.14,5.23,6.74,4.36,3.78,7.6,5.31,5.85,7.66,7.22,7.4,47534.640625,120929.91015625,14887.4697265625,5306.33984375,4928.42993164062,7505.4599609375,6881.84985351562,4531.875,4735.125,4529.625,6883.5,13111.7998046875,6117.81494140625,4062.68994140625,3780.19995117188,NA,NA,NA,NA,NA,NA,NA,NA,600,600,280,280,511,515,459,498,525,473,422,542,461,683,662,597,527,2.45,4.9,1.36,7.36,6.74,7.9,9.18,4.84,7.55,5.1,4.72,9.6,6.54,6.34,8.32,7.55,7.66,64347.111328125,48787,66193.8125,119513,14974.5,5360.5,5070,7396,6784.5,4362,4650,4416,6506,13304,6236,4082,3854,NA
"05-JUN-2024",2024-06-05 10:46:04,"2024-06-05","10H 46M 4S","Unknown","2.16.0","Unknown","Unknown",600,280,511,515,459,498,525,473,422,542,461,683,662,597,527,3.39,7.32,7.63,8.27,9.8,5.01,6.82,4.66,3.78,7.47,5.37,6.39,7.95,7.75,7.97,46681.419921875,115012.7890625,13667.939453125,4839.11962890625,4513.07983398438,7120.46997070312,6542.78002929688,4080.75,4380.75,4107,5981.25,9698.5498046875,4554.27978515625,2979.8798828125,2785.94995117188,NA,NA,NA,NA,NA,NA,NA,NA,600,600,280,280,511,515,459,498,525,473,422,542,461,683,662,597,527,2.23,4.61,1.24,6.66,6.6,7.69,8.85,4.64,7.67,5.3,4.55,9.68,6.37,6.02,7.9,7.66,7.84,63346.578125,48694.5,62998.97265625,119573,14924.5,5361.5,5076,7411,6785,4360,4646,4413,6490,13295,6234,4083,3838,NA
"04-JUN-2024",2024-06-04 09:41:50,"2024-06-04","9H 41M 50S","Unknown","2.16.0","Unknown","Unknown",600,280,511,515,459,498,525,473,422,542,461,683,662,597,527,4.88,6.9,4.11,4.85,5.29,4.18,5.75,4.55,3.95,7.57,5.44,4.88,6.65,5.85,5.49,47490.611328125,121406.328125,17578.4697265625,9994.1396484375,11504.2197265625,7799.83984375,8440.259765625,4277.25,4703.25,4561.5,7114.875,13673.08984375,6420.80493164062,6498.91015625,8490.68994140625,NA,NA,NA,NA,NA,NA,NA,NA,600,600,280,280,511,515,459,498,525,473,422,542,461,683,662,597,527,2.26,5.72,1.29,6.09,4.97,5.58,5.93,4.1,6.68,5.64,5.21,9.58,6.65,5.16,7.51,6.22,5.65,64775.4609375,48331.5,66339.96484375,119852,17825,10210.5,11925.5,7681,8337.5,4260,4783,4579,6730,13738,6468,6491,8545,NA
"04-JUN-2024",2024-06-04 09:40:37,"2024-06-04","9H 40M 37S","Unknown","LSRII","1","Administrator",600,280,511,515,459,498,525,473,422,542,461,683,662,597,527,4.09,6.93,7.62,7.43,8.25,4.8,6.13,4.06,3.76,7.37,5.15,5.89,7.54,6.3,5.99,46769.111328125,116288.30078125,15787.5893554688,9482.06982421875,11212.109375,7477.98999023438,8172.93994140625,3892.5,4344.75,4209.75,6262.5,10075.955078125,4748.6201171875,4923.27978515625,6850.89501953125,55.91,0,20.61,38.4,0.78,0.82,0.75,0.41,600,600,280,280,511,515,459,498,525,473,422,542,461,683,662,597,527,2.1,4.84,1.24,6.21,5.38,6.03,6.03,4.58,6.93,4.69,4.38,8.91,6.09,5.49,7.44,5.88,5.66,63349.748046875,48708.5,63681.908203125,119363,17975.5,10727,13079,7678.5,8466,4300.5,4812,4618,6800.5,13647.5,6453.5,6687,9263.5,NA
"31-MAY-2024",2024-05-31 10:05:47,"2024-05-31","10H 5M 47S","Unknown","2.16.0","Unknown","Unknown",600,280,511,515,459,498,525,473,422,542,461,683,662,597,527,16.82,7.78,6.22,7.78,8.43,5.63,6.45,5.82,5.46,7.92,5.13,6.1,7.32,7.32,7.81,43819.83984375,118653.1796875,16982.939453125,9398.2197265625,11047.1396484375,7466.10009765625,8081.919921875,4181.25,4503,4393.5,6996.75,13969.9296875,6536.2197265625,6628.8798828125,8589.08984375,NA,NA,NA,NA,NA,NA,NA,NA,600,600,280,280,511,515,459,498,525,473,422,542,461,683,662,597,527,7.88,10.18,1.26,7.01,6.73,8.1,8.93,5.24,7.22,5.09,4.51,8.97,5.46,6.32,7.95,7.47,8.03,64288.51953125,44406,65443.99609375,118787,17145,9542,11378,7445,8089,5364,5919,5667,7527,13800,6473,6493,8456,NA
"31-MAY-2024",2024-05-31 10:05:14,"2024-05-31","10H 5M 14S","Unknown","2.16.0","Unknown","Unknown",600,280,511,515,459,498,525,473,422,542,461,683,662,597,527,14.61,8.29,13.49,15.59,15.45,6.68,8.04,5.7,5.17,8.08,5.51,11.82,12.66,11.86,12.54,43466.859375,114219.4375,14962.7392578125,7937.27978515625,9573.7197265625,7076.60009765625,7587.4599609375,3862.5,4212,4100.25,6135.75,10288.1298828125,4797.41015625,4868.75,6292.68017578125,NA,NA,NA,NA,NA,NA,NA,NA,600,600,280,280,511,515,459,498,525,473,422,542,461,683,662,597,527,6.1,10.07,1.93,6.85,6.12,7.74,8.7,5.16,7.7,5.86,5.04,8.79,5.51,6.41,7.87,7.19,7.78,63344.50390625,44571,62928.9375,118589,17175,9574,11431,7441,8086,5360,5907,5687,7481,13857,6517,6520,8532,NA
"30-MAY-2024",2024-05-30 10:22:39,"2024-05-30","10H 22M 39S","Unknown","2.16.0","Unknown","",600,280,511,515,459,498,525,473,422,542,461,683,662,597,527,7.28,7.31,5.2,7.12,8.7,4.29,6.23,4.53,3.92,7.8,5.1,5.53,7.07,6.69,8.26,47363.69921875,120774.9296875,17578.4697265625,10898.939453125,13096.9794921875,7724.81005859375,8753.5,4370.25,4698.375,4550.25,7090.125,13576.125,6327.93994140625,7058.96997070312,9823.18994140625,NA,NA,NA,NA,NA,NA,NA,NA,600,600,280,280,511,515,459,498,525,473,422,542,461,683,662,597,527,3.67,5.54,1.25,6.39,6.11,8.03,9.53,4.11,7.17,4.06,3.42,8.79,5.97,6.02,8.07,7.32,8.49,64337.95703125,48256,66138.2890625,119374.5,17804,11100,13525.5,7645,8627,4506,4938,4745.5,6855,13699,6410,7051,9863,NA
"30-MAY-2024",2024-05-30 10:21:10,"2024-05-30","10H 21M 10S","Unknown","2.16.0","Unknown","Unknown",600,280,511,515,459,498,525,473,422,542,461,683,662,597,527,4.58,6.86,6.71,8.56,9.72,4.22,6.31,4.29,3.85,7.3,4.89,6.11,7.73,7.9,8.82,46759.12109375,115752.4296875,16007.939453125,9975.02978515625,12016.2895507812,7311.11987304688,8359.89990234375,4039.5,4392.75,4251,6321.75,10088.0498046875,4722.1748046875,5229.9599609375,7380.205078125,NA,NA,NA,NA,NA,NA,NA,NA,600,600,280,280,511,515,459,498,525,473,422,542,461,683,662,597,527,2.05,4.75,1.17,6.22,5.69,7.62,8.8,4.04,6.96,4.04,3.47,8.45,5.53,5.77,7.86,7.29,8.26,63386.697265625,48612.5,63664.095703125,118913,17895,11280.5,13737,7618,8657.5,4493,4959,4755,6914,13662.5,6414,7128.5,10005.5,NA
"29-MAY-2024",2024-05-29 15:43:30,"2024-05-29","15H 43M 30S","Unknown","2.16.0","Unknown","Unknown",600,280,511,515,459,498,525,473,422,542,461,683,662,597,527,4.91,6.37,3.29,3.73,4.27,3.74,5.58,3.41,2.76,7.33,4.99,5.08,6.91,5.44,5.18,49030.921875,119515.8203125,19358.0390625,12743.6396484375,16197.4794921875,7636.66015625,9057.7197265625,4398,4640.25,4549.5,7176.75,13238.080078125,6196.330078125,7267.25,10705.509765625,NA,NA,NA,NA,NA,NA,NA,NA,600,600,280,280,511,515,459,498,525,473,422,542,461,683,662,597,527,1.96,3.47,0.78,5.67,4.02,4.32,4.39,3.96,6.51,3.98,3.35,9.39,5.77,5.72,8.02,5.88,5.43,64892.73046875,49436,66612.4921875,117274,18982,12658,16448,7486,8907,4205,4520,4389,6755,13684,6437,7444,11033,NA
"29-MAY-2024",2024-05-29 11:22:31,"2024-05-29","11H 22M 31S","Unknown","2.16.0","Unknown","Unknown",600,280,511,515,459,498,525,473,422,542,461,683,662,597,527,5,6.66,4.58,6.62,8.33,4.05,6.03,3.6,3.37,6.98,5.24,5.66,6.72,6.68,8.28,48197.681640625,121527.6875,17734.859375,11104.0795898438,13344.2397460938,7782.2099609375,8915.0400390625,4411.5,4704,4561.125,7275.75,13634.9599609375,6363.60986328125,7247.36499023438,10015.8896484375,NA,NA,NA,NA,NA,NA,NA,NA,600,600,280,280,511,515,459,498,525,473,422,542,461,683,662,597,527,2.33,5.39,1.2,5.95,5.51,7.07,8.87,4.21,7,4.24,3.67,9.28,6.17,6.16,7.69,7.15,8.29,65066.314453125,48668.5,66874.328125,118990,17791,11243,13639,7618.5,8743.5,4250.5,4620.5,4466.5,6826,13806,6458,7275,10122,NA
"29-MAY-2024",2024-05-29 11:21:39,"2024-05-29","11H 21M 39S","Unknown","2.16.0","Unknown","Unknown",600,280,511,515,459,498,525,473,422,542,461,683,662,597,527,4.19,6.96,8.35,9.2,10.62,4.53,6.06,3.98,3.5,7.13,5.19,6.19,7.76,6.92,8.99,47091.75,117446.95703125,15085.5893554688,9545.24951171875,11314.6796875,7426.73974609375,8502.990234375,3893.625,4225.5,4095.375,6331.875,10126.794921875,4731.39990234375,5318.31494140625,7246.544921875,NA,NA,NA,NA,NA,NA,NA,NA,600,600,280,280,511,515,459,498,525,473,422,542,461,683,662,597,527,2.12,4.84,1.17,6.16,5.68,8.03,9.97,4.19,6.77,4,3.56,8.75,5.87,6.12,7.66,6.63,8.8,63557.484375,48846.5,64712.919921875,118770.5,17564.5,11008,13157.5,7577,8667,4228,4603.5,4480,6855,13679,6428,7199,9827,NA
"28-MAY-2024",2024-05-28 10:00:16,"2024-05-28","10H 0M 16S","Unknown","2.16.0","Unknown","Unknown",600,280,511,515,459,498,525,473,422,542,461,683,662,597,527,3.18,6.18,3.5,3.88,3.91,3.58,5.59,3.31,2.7,6.51,4.8,4.59,6.21,5.32,4.61,48060.0390625,119299.3359375,18161.51953125,12150.83984375,15440.099609375,7739.97998046875,9097.900390625,4464.75,4742.25,4644,7318.5,13557.0595703125,6345.97998046875,7616.16015625,11334.8603515625,NA,NA,NA,NA,NA,NA,NA,NA,600,600,280,280,511,515,459,498,525,473,422,542,461,683,662,597,527,1.45,2.76,0.84,5.78,4.15,4.51,4.6,3.85,6.58,4.09,3.36,8.93,5.62,4.91,6.86,5.64,4.92,63904.44921875,49322,65713.1796875,118931,18340,12372,15900,7704,9056,4238,4584,4465,6861,13562,6371,7571,11327,NA
"28-MAY-2024",2024-05-28 09:59:06,"2024-05-28","9H 59M 6S","Unknown","2.16.0","Unknown","Unknown",600,280,511,515,459,498,525,473,422,542,461,683,662,597,527,3.07,6.4,4.19,4.45,4.82,3.65,5.52,3.51,2.97,6.82,4.69,5.06,6.85,5.56,5.25,47277.12109375,116317.8203125,16990.740234375,11469.119140625,14497.0791015625,7457.89990234375,8714.1396484375,4020.75,4345.5,4204.5,6352.5,9977.349609375,4686.2998046875,5589.93994140625,8313.5703125,NA,NA,NA,NA,NA,NA,NA,NA,600,600,280,280,511,515,459,498,525,473,422,542,461,683,662,597,527,1.37,2.8,0.82,5.96,4.08,4.6,4.64,4.01,6.37,3.96,3.43,8.37,5.46,5.01,6.94,5.64,4.96,62783.9296875,49365,63932.91015625,119302,18339,12416,15945,7698,9055,4230,4580,4444,6866,13590,6384,7602,11339,NA
"23-MAY-2024",2024-05-23 09:55:49,"2024-05-23","9H 55M 49S","Unknown","2.16.0","Unknown","Unknown",600,280,511,515,459,498,525,473,422,542,461,683,662,597,527,3.14,6.95,3.38,5.05,5.86,3.67,6.61,3.72,2.98,7.31,5.61,4.55,6.52,6.21,5.86,44869.16015625,119187,17515.6796875,6415.5,6743.8798828125,7646.5,7102.02001953125,4419.75,4778.25,4515,6816,13667.349609375,6352.5400390625,4541.56982421875,4851.52978515625,NA,NA,NA,NA,NA,NA,NA,NA,600,600,280,280,511,515,459,498,525,473,422,542,461,683,662,597,527,1.47,2.91,0.9,6.51,4.34,5.39,6.54,4.14,7.28,4.31,3.48,9.25,6.33,4.91,7.03,6.73,5.87,63687.296875,46179,65036.50390625,120215,17852,6573,7027,7703,7153,4364,4808,4521,6600,13692,6386,4491,4849,NA
"23-MAY-2024",2024-05-23 09:54:57,"2024-05-23","9H 54M 57S","Unknown","2.16.0","Unknown","Unknown",600,280,511,515,459,498,525,473,422,542,461,683,662,597,527,3.48,6.62,4.2,5.56,6.28,4.32,6.49,3.51,3.18,7.33,5.16,5.73,7.56,7.17,6.75,43961.55078125,115141.12109375,16733.7294921875,6134.69970703125,6517.6796875,7383.27978515625,6767.4599609375,4019.625,4405.5,4113,6024,9599.330078125,4532.7548828125,3148.59497070312,3446.6650390625,NA,NA,NA,NA,NA,NA,NA,NA,600,600,280,280,511,515,459,498,525,473,422,542,461,683,662,597,527,1.51,2.87,0.88,6,4.2,5.97,6.62,4.32,7.87,3.92,3.59,8.47,5.91,4.71,7.56,6.77,6.57,62625.9921875,46028,63141.353515625,119387,18042,6677,7132,7735.5,7177,4350,4773.5,4464,6644,13736.5,6422,4566.5,4873,NA
"22-MAY-2024",2024-05-22 09:47:02,"2024-05-22","9H 47M 2S","Unknown","2.16.0","Unknown","Unknown",600,280,511,515,459,498,525,473,422,542,461,683,662,597,527,5.08,8.12,5.74,6.39,5.95,5.38,6.88,3.77,3.13,6.83,4.97,561.83,1143.72,32.01,28.08,46089.421875,119914.3359375,18082.740234375,11552.5791015625,14526.7197265625,7641.580078125,8869.939453125,4398.75,4620.75,4512,7246.5,7.78999996185303,2.86999988555908,129.149993896484,147.190002441406,NA,NA,NA,NA,NA,NA,NA,NA,600,600,280,280,511,515,459,498,525,473,422,542,461,683,662,597,527,3.25,4.36,1.23,7.04,6.55,7.59,7.18,4.94,7.27,4.23,3.63,8.78,6.04,41.96,41.96,24.99,21.62,63835.32421875,47281,65335.03515625,119917,18234,11745,14970,7616,8866,4307,4616,4476,6923,53,53,89,96,NA
"22-MAY-2024",2024-05-22 09:46:10,"2024-05-22","9H 46M 10S","Unknown","2.16.0","Unknown","Unknown",600,280,511,515,459,498,525,473,422,542,461,683,662,597,527,4.97,7.55,6.76,7.1,6.87,5.47,6.79,4.21,3.74,7.5,5.38,1037.82,Inf,39.16,33.08,45527.01953125,115905.359375,17202.8984375,11079.119140625,13933.919921875,7352.93994140625,8487.8203125,4013.25,4280.25,4107.75,6431.25,1.63999998569489,0,43.4599990844727,49.6100006103516,NA,NA,NA,NA,NA,NA,NA,NA,600,600,280,280,511,515,459,498,525,473,422,542,461,683,662,597,527,3.11,4.46,1.38,6.63,6.26,6.84,6.84,5.04,6.91,4.14,3.61,8.94,5.95,67.39,53.54,27.8,28.24,62907.59375,47380,63044.21484375,120184,18309,11902,15102,7625,8859,4302,4604,4459,6998,33,36,80,84,NA
"20-MAY-2024",2024-05-20 10:23:44,"2024-05-20","10H 23M 44S","Unknown","2.16.0","Unknown","Unknown",600,280,511,515,459,498,525,473,422,542,461,683,662,597,527,3.23,6.23,3.69,7.8,10.4,3.72,6.5,3.42,2.71,6.77,4.72,4.48,6.1,7.19,9.85,47914.630859375,118173.0703125,17124.8984375,6119.48974609375,6179.15966796875,7714.96997070312,7041.75,4551,4764.75,4490.25,7055.25,13271.0849609375,6228.10473632812,4344.56518554688,4475.56005859375,NA,NA,NA,NA,NA,NA,NA,NA,600,600,280,280,511,515,459,498,525,473,422,542,461,683,662,597,527,1.54,2.62,0.82,5.72,4.47,8.03,10.64,3.81,7.82,4.21,3.32,9.04,6.07,4.96,6.86,7.34,10,64130.3203125,48942,65697.015625,117934,17359.5,6216,6353,7667.5,6990.5,4387,4689,4396,6681,13407.5,6299,4333.5,4498,NA
"20-MAY-2024",2024-05-20 10:22:48,"2024-05-20","10H 22M 48S","Unknown","2.16.0","Unknown","Unknown",600,280,511,515,459,498,525,473,422,542,461,683,662,597,527,3.37,6.5,4.97,8.04,10.85,3.73,6.63,3.84,3.13,7.56,4.96,5.37,7.37,7.86,9.8,46972.98046875,113173.1171875,15924.4794921875,5683.07958984375,5733,7335.7197265625,6710.06005859375,4082.25,4402.5,4074,6148.5,9766.2001953125,4561.25,3109.84985351562,3268.10986328125,NA,NA,NA,NA,NA,NA,NA,NA,600,600,280,280,511,515,459,498,525,473,422,542,461,683,662,597,527,1.48,2.86,0.93,6.04,4.33,7.91,10.44,3.96,7.7,4.18,3.5,9.44,5.89,4.74,7.25,7.23,9.69,62974.65234375,48871,62581.7578125,118404,17365,6204,6405,7675,6992,4400,4700,4413,6691,13423,6295,4346,4514,NA
"15-MAY-2024",2024-05-15 10:12:12,"2024-05-15","10H 12M 12S","Unknown","2.16.0","Unknown","Unknown",600,280,511,515,459,498,525,473,422,542,461,683,662,597,527,6.49,7.36,4.56,7.81,9.82,5.26,6.97,3.61,3.05,6.74,4.66,5,6.83,7.11,9.31,46766.890625,118652.76953125,17418.958984375,6171.74975585938,6289.52978515625,7607.14013671875,6922.84985351562,4431.75,4573.875,4387.125,6955.5,13378.0947265625,6259.26489257812,4397.25,4539.52001953125,NA,NA,NA,NA,NA,NA,NA,NA,600,600,280,280,511,515,459,498,525,473,422,542,461,683,662,597,527,3.77,4.2,1.21,6.58,5.39,8.86,10.44,4.92,7.76,4.13,3.48,8.84,5.85,5.53,7.21,7.76,9.56,64135.60546875,47806.5,65840.15234375,117876,17478.5,6234.5,6453.5,7533,6878.5,4412,4647,4426,6650.5,13512,6315,4385.5,4573,NA
"15-MAY-2024",2024-05-15 10:11:38,"2024-05-15","10H 11M 38S","Unknown","2.16.0","Unknown","Unknown",600,280,511,515,459,498,525,473,422,542,461,683,662,597,527,5.72,7.73,6.01,8.9,11.26,5.14,7.07,5.32,4.77,8.01,5.54,6.48,7.86,8.65,10.62,45926.62109375,114235.015625,16104.6591796875,5678.39990234375,5697.89990234375,7303.73974609375,6606.73974609375,3828,4013.25,3819.75,6004.5,9923.2294921875,4641.60986328125,3220.13989257812,3353.38989257812,NA,NA,NA,NA,NA,NA,NA,NA,600,600,280,280,511,515,459,498,525,473,422,542,461,683,662,597,527,3.25,3.83,1.33,6.83,5.48,8.28,10.72,4.66,7.64,4.19,3.45,8.52,6.04,5.63,7.72,7.45,9.59,62927.390625,47855,63352.76171875,117760,17494,6234,6470,7533,6890,4424,4638,4438,6657,13508,6319,4401,4561,NA
"14-MAY-2024",2024-05-14 12:27:50,"2024-05-14","12H 27M 50S","Unknown","2.16.0","Unknown","Unknown",600,280,511,515,459,498,525,473,422,542,461,683,662,597,527,6.17,7.45,4.62,4.82,4.75,5.05,6.35,3.6,3.3,6.72,4.7,4.98,6.53,5.29,4.89,47685.6015625,122755.640625,18692.69921875,12834.119140625,16734.8984375,7820.33984375,9300.439453125,4389,4620.75,4419.75,7095,14092.9296875,6635.43994140625,8083.14990234375,12325.830078125,NA,NA,NA,NA,NA,NA,NA,NA,600,600,280,280,511,515,459,498,525,473,422,542,461,683,662,597,527,3.74,4.71,1.25,6.58,5.43,5.96,5.95,4.68,6.95,4.34,3.76,8.59,5.88,5.5,7.22,5.83,5.18,65259.45703125,47915,67074.5,119699,18662,12927,17055,7610,9066,4510,4847,4576,6731,14129,6671,8055,12342,NA
"14-MAY-2024",2024-05-14 12:27:28,"2024-05-14","12H 27M 28S","Unknown","2.16.0","Unknown","Unknown",600,280,511,515,459,498,525,473,422,542,461,683,662,597,527,6.17,7.6,23.42,23.81,24.09,5.23,6.74,7.09,5.8,9.09,6.16,7.18,8.5,7.14,6.92,46982.23046875,118780.27734375,7952.48974609375,5371.85961914062,6861.26977539062,7479.6298828125,8821.9697265625,3561.75,3947.25,3634.5,6030.375,10027.1650390625,4721.35498046875,5861.15478515625,8937.794921875,NA,NA,NA,NA,NA,NA,NA,NA,600,600,280,280,511,515,459,498,525,473,422,542,461,683,662,597,527,3.47,4.9,1.41,6.69,10.75,11.35,11.64,4.63,6.94,4.55,3.6,8.57,6.13,5.17,7.37,5.58,5.42,64148.12109375,47924,64709.416015625,119976,17435,12026,15764.5,7659.5,9117.5,4529,4902,4603,6760.5,14149,6659,8090,12387,NA
"13-MAY-2024",2024-05-13 11:10:07,"2024-05-13","11H 10M 7S","Unknown","2.16.0","Unknown","Unknown",600,280,511,515,459,498,525,473,422,542,461,683,662,597,527,5.97,6.42,3.39,3.92,4,3.39,5.64,3.42,2.86,6.78,5.05,4.68,6.34,4.97,4.76,48823.71875,121016.83203125,18262.529296875,13156.6494140625,17347.978515625,7609.60009765625,9576.7802734375,4326.75,4420.5,4336.5,7078.125,13818.6396484375,6473.48999023438,8423.6552734375,12838.7397460938,NA,NA,NA,NA,NA,NA,NA,NA,600,600,280,280,511,515,459,498,525,473,422,542,461,683,662,597,527,3.2,4.01,0.78,6.35,4.2,4.49,4.64,3.73,6.73,4.01,3.47,8.71,5.83,5.03,6.9,5.56,5.02,65335.12890625,49022,67064.33203125,118462.5,18317.5,13317.5,17752.5,7437,9347,4622,4823,4691,6779.5,14144,6653.5,8590,13120,NA
"13-MAY-2024",2024-05-13 11:09:30,"2024-05-13","11H 9M 30S","Unknown","2.16.0","Unknown","Unknown",600,280,511,515,459,498,525,473,422,542,461,683,662,597,527,4.92,6.38,19.08,18.99,17.42,3.86,5.46,4.87,4.37,8,5.56,6.03,6.98,6.44,5.98,48048.5703125,116356.76953125,11134.1098632812,7930.259765625,11221.4692382812,7269.2998046875,9191.3798828125,3695.25,3882.75,3782.25,6057,10275.419921875,4822.21484375,6251.26977539062,9563.66015625,NA,NA,NA,NA,NA,NA,NA,NA,600,600,280,280,511,515,459,498,525,473,422,542,461,683,662,597,527,2.54,3.57,0.91,6,4.5,4.61,4.63,3.9,6.33,3.89,3.15,8.07,5.33,5.01,7.13,5.61,4.86,63834.19921875,49263,65018.015625,117349.5,18102,13095,17508,7402.5,9324,4606,4822,4674.5,6811,13980,6580,8536,13033,NA
"10-MAY-2024",2024-05-10 09:49:35,"2024-05-10","9H 49M 35S","Unknown","2.16.0","Unknown","Unknown",600,280,511,515,459,498,525,473,422,542,461,683,662,597,527,3.03,7.34,4.49,5.64,6.35,5.25,6.46,4.26,3.69,7.32,5.15,5.02,6.55,5.98,6.2,47212,121867.578125,18498.478515625,9243,10529.2197265625,7803.93994140625,8098.31982421875,4542.75,4577.25,4377.75,7194.75,14238.4794921875,6681.35986328125,6258.64990234375,7723.98974609375,NA,NA,NA,NA,NA,NA,NA,NA,600,600,280,280,511,515,459,498,525,473,422,542,461,683,662,597,527,1.76,3.15,1.12,6.41,5.26,6.56,7.41,5.04,7.22,4.35,3.57,8.69,5.94,5.52,7.19,6.44,6.59,64779.99609375,47878,66464.609375,119917,18322,9248,10725,7677,7970,4639,4778,4522,6841,14300,6720,6220,7741,NA
"10-MAY-2024",2024-05-10 09:48:57,"2024-05-10","9H 48M 57S","Unknown","2.16.0","Unknown","Unknown",600,280,511,515,459,498,525,473,422,542,461,683,662,597,527,3.3,7.47,9.34,11.15,10.38,4.54,6.54,4.41,3.71,7.29,5.31,5.24,7.24,6.35,6.88,46170.822265625,117125.51953125,15723.6293945312,7499.69970703125,8780.4599609375,7575.97998046875,7671.51000976562,3960.75,4073.25,3875.625,6193.875,10579.0249023438,4943.78002929688,4621.93017578125,5700.02490234375,NA,NA,NA,NA,NA,NA,NA,NA,600,600,280,280,511,515,459,498,525,473,422,542,461,683,662,597,527,1.7,3.74,1.1,6.89,5.36,6.58,7.4,4.48,7,4.13,3.31,8.44,5.9,4.93,7.09,6.18,6.47,63856.529296875,47604,63409.240234375,121010.5,18556,9288.5,10714.5,7735,8000,4647,4770,4550,6806,14392,6742,6228.5,7753,NA
"09-MAY-2024",2024-05-09 12:33:58,"2024-05-09","12H 33M 58S","Unknown","2.16.0","Unknown","Unknown",600,280,511,515,459,498,525,473,422,542,461,683,662,597,527,3.06,5.54,2.85,3.79,4.63,2.95,5.46,3.27,2.66,6.75,4.54,4.04,5.93,4.48,5.03,48834.451171875,120362.46875,19548.7490234375,10122.83984375,11762.7895507812,7816.64990234375,8173.76000976562,4621.875,4500,4357.125,7086.375,13651.1547851562,6393.74487304688,6121.7099609375,7869.3349609375,NA,NA,NA,NA,NA,NA,NA,NA,600,600,280,280,511,515,459,498,525,473,422,542,461,683,662,597,527,1.35,2.49,0.69,5.38,3.46,4.53,5.25,3.47,6.74,3.97,3.01,8.81,5.66,4.5,7.02,5.3,5.38,65470.087890625,48892,67418.828125,117083,19006.5,9958.5,11869.5,7592,7912.5,4463.5,4434.5,4264.5,6636.5,14104.5,6631,6269.5,8120,NA
"09-MAY-2024",2024-05-09 12:33:27,"2024-05-09","12H 33M 27S","Unknown","2.16.0","Unknown","Unknown",600,280,511,515,459,498,525,473,422,542,461,683,662,597,527,3.72,5.34,3.69,4.17,4.93,3.63,5.16,4.23,3.3,6.75,5.12,5.35,6.5,5.23,6.14,48482.951171875,116014.41796875,18335.0693359375,9534.32958984375,11138.3999023438,7582.94995117188,7865.43994140625,3874.875,3924.75,3778.5,6020.625,10371.1547851562,4884.32983398438,4622.54516601562,5969.39501953125,NA,NA,NA,NA,NA,NA,NA,NA,600,600,280,280,511,515,459,498,525,473,422,542,461,683,662,597,527,1.31,2.81,0.83,4.84,3.73,4.79,5.77,3.75,6.72,4.02,3.45,9.03,6.05,4.65,6.98,5.02,5.85,64350.556640625,49445,64387.580078125,117652.5,19061,9966,11942,7600,8033,4478.5,4472.5,4325,6588,14273,6692,6310.5,8106,NA
"08-MAY-2024",2024-05-08 09:41:32,"2024-05-08","9H 41M 32S","Unknown","2.16.0","Unknown","Unknown",600,280,511,515,459,498,525,473,422,542,461,683,662,597,527,3.09,7.96,4.9,5.63,5.53,5.74,6.93,3.61,3.17,6.97,4.73,5.07,6.75,5.82,5.45,46298.470703125,119127.140625,18160.349609375,9494.1591796875,11465.2197265625,7630.919921875,8075.76977539062,4440,4452,4225.5,7021.875,13965.21484375,6528.63500976562,6410.759765625,8319.3095703125,NA,NA,NA,NA,NA,NA,NA,NA,600,600,280,280,511,515,459,498,525,473,422,542,461,683,662,597,527,1.91,3.14,1.21,7.12,5.77,6.5,6.83,5.26,7.35,4.39,3.73,9.43,5.93,5.6,7.35,6.33,5.87,63989.876953125,47591.5,65459.26953125,119180.5,18260.5,9642,11806.5,7599,8065.5,4318,4410,4152,6712,14095,6603,6410,8378,NA
"08-MAY-2024",2024-05-08 09:41:03,"2024-05-08","9H 41M 3S","Unknown","LSRII","1","Administrator",600,280,511,515,459,498,525,473,422,542,461,683,662,597,527,2.9,7.46,5.28,6.21,5.66,5.33,6.54,3.8,3.33,6.47,4.82,5.39,6.87,6.09,5.89,45508.150390625,112791.8203125,17169.359375,9012.509765625,10852.529296875,7212.71997070312,7580.080078125,3879.375,4024.125,3772.125,6055.125,9959.31005859375,4718.89501953125,4498.72509765625,5988.66479492188,55.91,0,20.61,38.4,0.78,0.82,0.75,0.41,600,600,280,280,511,515,459,498,525,473,422,542,461,683,662,597,527,1.72,3.05,1.19,6.63,5.57,6.29,6.25,5.1,7.32,4.34,3.76,8.73,5.62,5.05,6.72,5.81,5.43,62783.04296875,47711,62266.556640625,118513,18220.5,9647,11721,7569,8056.5,4303,4415,4161.5,6725,14006,6588.5,6384.5,8376.5,NA
"07-MAY-2024",2024-05-07 09:41:13,"2024-05-07","9H 41M 13S","Unknown","2.16.0","Unknown","Unknown",600,280,511,515,459,498,525,473,422,542,461,683,662,597,527,2.86,7,3.64,4.35,4.98,3.58,5.46,3.45,2.76,7.28,5.42,4.73,6.11,5.4,5.06,46864.19921875,118590.859375,17518.01953125,9250.01953125,11313.119140625,7567.77978515625,8015.5,4510.5,4472.25,4275.75,7074,13866.2001953125,6460.77978515625,6359.919921875,8353.75,NA,NA,NA,NA,NA,NA,NA,NA,600,600,280,280,511,515,459,498,525,473,422,542,461,683,662,597,527,1.21,2.45,0.74,6.79,4.54,5.37,5.48,3.99,7.1,4.37,3.55,9.14,6.41,5.09,7.45,5.23,5.4,63677.03125,48207,65174.9453125,119313,17728,9393,11589,7611,8105,4440,4506,4232,6796,13929,6545,6350,8394,NA
"07-MAY-2024",2024-05-07 09:39:52,"2024-05-07","9H 39M 52S","Unknown","2.16.0","Unknown","Unknown",600,280,511,515,459,498,525,473,422,542,461,683,662,597,527,2.79,6.36,4.76,5.79,6.49,3.89,6.13,3.89,3.35,7.37,5.05,5.3,6.51,6.19,6.11,45955.48046875,115123.078125,16124.1591796875,8331.9599609375,10248.419921875,7373.43994140625,7717.02001953125,3943.5,3984,3769.5,6082.5,10166.76953125,4771.98974609375,4602.66015625,6209.0400390625,NA,NA,NA,NA,NA,NA,NA,NA,600,600,280,280,511,515,459,498,525,473,422,542,461,683,662,597,527,1.33,2.31,0.77,6.08,4.33,5.08,5.93,4.07,6.5,3.91,3.62,9.38,5.76,4.73,7.4,5.46,5.73,62722.17578125,48041,63584.578125,118620,17856,9492,11768,7606,8078,4442,4505,4235,6766,14039,6574,6410,8536,NA
"06-MAY-2024",2024-05-06 15:02:27,"2024-05-06","15H 2M 27S","Unknown","2.16.0","Unknown","Unknown",600,280,511,515,459,498,525,473,422,542,461,683,662,597,527,2.8,6.94,3.83,4.74,4.99,4.36,6.04,3.44,2.86,6.86,4.77,4.82,6.42,5.67,5.64,47302.28125,116509.6953125,17241.8984375,9278.8798828125,11262.419921875,7532.52001953125,8030.259765625,4458,4466.25,4168.5,6948,13581.25,6364.02001953125,6202.89013671875,8289.3798828125,NA,NA,NA,NA,NA,NA,NA,NA,600,600,280,280,511,515,459,498,525,473,422,542,461,683,662,597,527,1.34,2.44,0.86,6.48,4.55,5.37,5.68,4.33,6.94,4.21,3.78,9.15,5.86,5.23,7,6.13,5.9,63531.71484375,48819,65340.62890625,116831,17479,9467,11607,7533,8050,4370,4471,4133,6652,13845,6501,6265,8421,NA
"06-MAY-2024",2024-05-06 15:00:44,"2024-05-06","15H 0M 44S","Unknown","2.16.0","Unknown","Unknown",600,280,511,515,459,498,525,473,422,542,461,683,662,597,527,2.88,6.61,4.42,5.23,5.44,4.08,6.44,4.05,3.46,7.56,5.09,5.81,7.57,6.47,6.24,46436.48046875,111911.140625,16278.2094726562,8735.99951171875,10640.3696289062,7325.06005859375,7715.3798828125,3967.875,3981.75,3683.625,6027,9790.7998046875,4523.32495117188,4386.17993164062,5935.77490234375,NA,NA,NA,NA,NA,NA,NA,NA,600,600,280,280,511,515,459,498,525,473,422,542,461,683,662,597,527,1.31,2.63,0.93,6.18,4.47,5.14,5.54,4.18,7.39,4.67,4.09,9.5,6,5.14,7.2,5.9,5.37,62584.302734375,48684.5,62295.0390625,117582.5,17682,9566.5,11730,7600,8098,4352,4440,4110.5,6645,13973,6579.5,6320.5,8500,NA
"03-MAY-2024",2024-05-03 10:08:25,"2024-05-03","10H 8M 25S","Unknown","2.16.0","Unknown","Unknown",600,280,511,515,459,498,525,473,422,542,461,683,662,597,527,3.26,7.89,4.99,5.6,5.9,5.71,6.88,3.74,3.49,6.77,4.68,5.34,6.82,5.63,5.2,46976.6796875,118198.078125,17546.099609375,10220.33984375,12638.33984375,7660.43994140625,8395.9794921875,4458,4809.75,4632,7266.75,13775.1796875,6461.18994140625,6856.43017578125,9426.7197265625,NA,NA,NA,NA,NA,NA,NA,NA,600,600,280,280,511,515,459,498,525,473,422,542,461,683,662,597,527,1.94,3.09,1.21,7.12,6.13,6.65,6.9,5.2,7.32,4.01,3.48,8.56,5.77,5.86,7.76,6.17,5.78,63806.98828125,48339,65645.453125,117702,17808,10436,13048,7613,8363,4728,5200,4968,7088,14112,6632,6966,9641,NA
"03-MAY-2024",2024-05-03 10:07:52,"2024-05-03","10H 7M 52S","Unknown","2.16.0","Unknown","Unknown",600,280,511,515,459,498,525,473,422,542,461,683,662,597,527,3.26,8,7.91,9.11,8.39,5.88,7.04,4.31,3.75,7.34,5.01,6.19,7.51,6.92,6.46,46113.83984375,113571.640625,15536.0390625,8818.6796875,11138.3994140625,7403.77978515625,8031.89990234375,3975.75,4304.25,4118.25,6351.75,10106.08984375,4740.830078125,4922.4599609375,6918.33984375,NA,NA,NA,NA,NA,NA,NA,NA,600,600,280,280,511,515,459,498,525,473,422,542,461,683,662,597,527,1.9,3.11,1.28,6.98,6.09,7.01,6.79,5.45,7.33,4.14,3.67,8.77,6.12,5.62,7.6,6.52,5.86,62600.92578125,48384,63152.578125,117481,17802,10420,12973,7593,8308,4731,5209,4973,7097,14073,6629,6981,9663,NA
"02-MAY-2024",2024-05-02 10:13:20,"2024-05-02","10H 13M 20S","Unknown","2.16.0","Unknown","Unknown",600,280,511,515,459,498,525,473,422,542,461,683,662,597,527,3.48,8.65,5.04,5.72,5.87,6.48,7.51,3.71,3.38,7.03,4.81,5.08,6.81,5.54,5.31,46450.91015625,116735.609375,17855.369140625,10965.6293945312,13800.9296875,7602.6298828125,8501.349609375,4389.375,4812.75,4625.25,7281,13804.4946289062,6500.7548828125,7231.580078125,10299.2001953125,NA,NA,NA,NA,NA,NA,NA,NA,600,600,280,280,511,515,459,498,525,473,422,542,461,683,662,597,527,1.98,3.1,1.3,7.68,6.18,6.87,7,6.09,7.86,4.39,3.62,8.7,5.41,5.58,7.68,5.85,5.64,63281.96484375,48078.5,64994.537109375,117595.5,18162.5,11225.5,14299,7628,8515,4624,5182.5,4908,7112.5,14056.5,6638,7298.5,10470.5,NA
"02-MAY-2024",2024-05-02 10:12:41,"2024-05-02","10H 12M 41S","Unknown","2.16.0","Unknown","Unknown",600,280,511,515,459,498,525,473,422,542,461,683,662,597,527,3.76,9.36,16.71,17.18,15.28,7.39,7.77,4.81,4.44,8.21,5.33,6.52,7.96,7.5,7.55,46219.66015625,112982.47265625,14413.2294921875,8792.93994140625,11470.6791992188,7253.7197265625,8140.55004882812,3845.625,4255.875,4033.875,6368.25,10257.9946289062,4823.85473632812,5301.5048828125,7621.89990234375,NA,NA,NA,NA,NA,NA,NA,NA,600,600,280,280,511,515,459,498,525,473,422,542,461,683,662,597,527,1.93,2.82,1.37,8.26,6.69,7.48,7.47,6.57,7.97,4.43,3.48,8.69,5.8,5.53,7.36,6.56,6.13,62387.75,48436.5,63037.064453125,117170,18039.5,11170,14226.5,7614.5,8486.5,4606.5,5203,4912,7144.5,14111,6655,7331,10537.5,NA
"01-MAY-2024",2024-05-01 12:47:23,"2024-05-01","12H 47M 23S","Unknown","2.16.0","Unknown","Unknown",600,280,511,515,459,498,525,473,422,542,461,683,662,597,527,3.27,8.22,4.43,5,5.2,5.63,7.12,4.08,3.49,7.18,5.03,4.19,6.23,5.16,4.91,45340.169921875,120533.4375,18773.4287109375,11480.0400390625,14470.5595703125,7729.72998046875,8815.81982421875,4345.875,4848,4647,7294.875,14118.759765625,6625.39501953125,7454.2099609375,10638.884765625,NA,NA,NA,NA,NA,NA,NA,NA,600,600,280,280,511,515,459,498,525,473,422,542,461,683,662,597,527,2.01,3.34,1.25,7.15,5.38,6.1,6.33,5.09,7.27,4.99,4.33,9.25,6.2,4.48,6.65,5.69,5.09,63685.892578125,46805,65329.076171875,120751.5,19109,11775.5,15024.5,7725,8804,4591,5235,4946.5,7107.5,14243,6710,7464,10706,NA
"01-MAY-2024",2024-05-01 12:46:47,"2024-05-01","12H 46M 47S","Unknown","2.16.0","Unknown","Unknown",600,280,511,515,459,498,525,473,422,542,461,683,662,597,527,3.42,7.99,5.8,6.56,6.12,5.55,6.86,4.3,3.55,7.53,5.14,5.25,6.97,5.92,5.66,44612.01171875,116709.77734375,17302.349609375,10565.8798828125,13523.2495117188,7478.39990234375,8405,3801,4386.75,4104,6289.875,10271.3203125,4778.14013671875,5325.89990234375,7594.63500976562,NA,NA,NA,NA,NA,NA,NA,NA,600,600,280,280,511,515,459,498,525,473,422,542,461,683,662,597,527,1.97,2.98,1.18,7.12,5.14,5.8,6.14,5.26,7.19,4.46,4.09,8.65,6,4.71,6.64,5.5,5,62504.26953125,46869,63433.107421875,120500,19036,11740,14952,7700,8820,4599,5259,4973,7085,14239,6705,7422.5,10672.5,NA
"29-APR-2024",2024-04-29 12:54:53,"2024-04-29","12H 54M 53S","Unknown","2.16.0","Unknown","Unknown",600,280,511,515,459,498,525,473,422,542,461,683,662,597,527,3.18,8.1,4.79,5.49,5.55,5.69,6.99,3.77,3.11,7.14,4.71,4.85,6.51,5.38,4.9,46902.310546875,116871.3203125,17365.529296875,9416.54931640625,11215.619140625,7558.759765625,8055.6796875,4252.5,4725,4529.25,7266.375,14047.625,6566.76489257812,6506.69970703125,8468.5498046875,NA,NA,NA,NA,NA,NA,NA,NA,600,600,280,280,511,515,459,498,525,473,422,542,461,683,662,597,527,1.9,2.85,1.19,7.36,5.73,6.32,6.64,5.41,7.53,4.78,4.09,8.76,5.91,5.34,7.02,5.99,5.32,63579.888671875,48405,65259.31640625,117160,17637,9624,11602,7540,8065,4806,5469,5151,7198,14407,6754,6614,8661,NA
"29-APR-2024",2024-04-29 12:54:04,"2024-04-29","12H 54M 4S","Unknown","2.16.0","Unknown","Unknown",600,280,511,515,459,498,525,473,422,542,461,683,662,597,527,3.3,8.38,6.93,7.52,7.03,6.1,7.11,4.2,3.75,7.39,5.19,6.41,7.79,7.02,6.66,46048.71875,111084.171875,15868.3193359375,8599.10986328125,10444.5893554688,7159.419921875,7665.77001953125,3759.75,4267.5,4099.5,6348.75,9982.6796875,4594.2548828125,4544.85009765625,5990.10009765625,NA,NA,NA,NA,NA,NA,NA,NA,600,600,280,280,511,515,459,498,525,473,422,542,461,683,662,597,527,1.89,3.04,1.29,7.52,5.83,6.48,6.57,5.49,7.5,4.9,4.13,9.07,6.12,5.54,7.3,6.1,5.51,62374.404296875,48457,62039.509765625,117096,17658,9645,11654.5,7542.5,8060,4813,5495,5167,7210,14375,6743,6615,8655,NA
"26-APR-2024",2024-04-26 11:06:10,"2024-04-26","11H 6M 10S","Unknown","2.16.0","Unknown","Unknown",600,280,511,515,459,498,525,473,422,542,461,683,662,597,527,3.77,8.03,5.49,5.93,6.26,5.17,7.13,6.82,6.87,9.53,5.6,5.51,7.12,6.2,5.63,45991.740234375,116876.6484375,17224.349609375,9042.9296875,11040.509765625,7471.01977539062,7940.8798828125,3967.875,4411.875,4251.75,6836.625,14009.0844726562,6582.9599609375,6385.544921875,8361.7451171875,NA,NA,NA,NA,NA,NA,NA,NA,600,600,280,280,511,515,459,498,525,473,422,542,461,683,662,597,527,1.87,3.4,1.23,7.1,6.8,7.01,7.68,4.86,7.67,6.17,6.03,9.58,5.39,6.15,7.6,6.48,6.13,63293.3828125,47689.5,64755,118151.5,17626.5,9310.5,11520,7520,7998.5,5777,6617,6252.5,8348.5,14484,6829,6566,8643.5,NA
"26-APR-2024",2024-04-26 11:05:34,"2024-04-26","11H 5M 34S","Unknown","2.16.0","Unknown","Unknown",600,280,511,515,459,498,525,473,422,542,461,683,662,597,527,3.62,7.52,6.49,6.6,6.83,5.19,6.95,6.47,6.05,8.78,5.51,7.03,7.89,7.41,7.15,45231.76171875,112644.21875,16131.958984375,8516.8193359375,10398.1796875,7193.0400390625,7468.56005859375,3711.75,4211.25,4026.75,6190.5,9462.7998046875,4528.0400390625,4300.89990234375,5575.18017578125,NA,NA,NA,NA,NA,NA,NA,NA,600,600,280,280,511,515,459,498,525,473,422,542,461,683,662,597,527,1.73,3.3,1.16,6.76,6.18,6.37,6.82,4.77,7.29,6.12,5.67,8.93,5.75,5.7,7.33,6.17,5.89,62244.7578125,47785,62406.65625,117970,17573,9312,11501,7529,8018,5787,6615,6261,8335,14541,6820,6564,8628,NA
"25-APR-2024",2024-04-25 11:37:32,"2024-04-25","11H 37M 32S","Unknown","2.16.0","Unknown","Unknown",600,280,511,515,459,498,525,473,422,542,461,683,662,597,527,3.79,7.94,5.83,5.83,6.06,5.84,7.06,7.5,7.23,10.5,5.45,5.92,7.27,5.83,5.22,45894.80078125,116697.0703125,17393.21875,9317.099609375,11471.849609375,7449.28979492188,8001.9697265625,3936.375,4389.75,4224.375,6768.75,14060.5395507812,6565.12475585938,6492.14501953125,8616.14990234375,NA,NA,NA,NA,NA,NA,NA,NA,600,600,280,280,511,515,459,498,525,473,422,542,461,683,662,597,527,1.86,3.23,1.25,7.08,6.52,6.75,7.4,5.41,7.42,6.82,6.43,10.62,5.51,6.13,7.62,6.19,5.35,63305.078125,47642.5,64679.517578125,118267.5,17782.5,9608.5,11958.5,7485.5,8073.5,5752,6581,6196.5,8284,14502.5,6796,6666.5,8883.5,NA
"25-APR-2024",2024-04-25 11:36:54,"2024-04-25","11H 36M 54S","Unknown","2.16.0","Unknown","Unknown",600,280,511,515,459,498,525,473,422,542,461,683,662,597,527,3.86,7.57,5.19,5.61,5.57,5.44,6.96,7.09,6.77,9.14,5.65,5.3,6.53,5.97,5.47,45988.0390625,117719.1953125,17447.0390625,9355.3193359375,11536.9794921875,7487.419921875,8033.5400390625,3939,4419,4270.5,6804,14016.259765625,6538.27001953125,6511.6201171875,8641.5703125,NA,NA,NA,NA,NA,NA,NA,NA,600,600,280,280,511,515,459,498,525,473,422,542,461,683,662,597,527,1.94,3.66,1.22,6.72,6.37,6.58,6.61,5.06,7.13,6.42,5.83,9.67,5.51,5.87,7.12,6.15,5.85,63293.6484375,47725,64681.13671875,119021,17869,9647,11991,7557,8106,5747,6617,6257,8321,14449,6769,6676,8897,NA
"24-APR-2024",2024-04-24 09:29:44,"2024-04-24","9H 29M 44S","Unknown","2.16.0","Unknown","Unknown",600,280,511,515,459,498,525,473,422,542,461,683,662,597,527,3.47,8.18,5.15,5.62,5.68,6.12,7.35,6.68,6.47,9,5.7,4.98,6.29,5.62,5.09,44775.1796875,116124.296875,17826.8984375,9728.1591796875,11853.6591796875,7423.4599609375,8023.69970703125,3976.5,4468.5,4250.25,6945,14134.33984375,6621.5,6804.77001953125,9033.939453125,NA,NA,NA,NA,NA,NA,NA,NA,600,600,280,280,511,515,459,498,525,473,422,542,461,683,662,597,527,1.76,3.07,1.26,7.3,6.07,6.61,6.85,5.43,7.57,6.14,5.71,9.25,5.48,5.5,6.99,5.94,5.47,62897.12109375,46697,64216.515625,118304,18202,10004,12331,7533,8147,5820,6725,6284,8528,14438,6783,6886,9210,NA
"24-APR-2024",2024-04-24 09:29:03,"2024-04-24","9H 29M 3S","Unknown","2.16.0","Unknown","Unknown",600,280,511,515,459,498,525,473,422,542,461,683,662,597,527,3.4,8.21,6.16,6.57,6.43,6.1,7.5,6.61,6.24,9.15,5.59,6.26,7.59,6.36,6.18,44002.62109375,112463,16901.0390625,9273.419921875,11311.5595703125,7050.35986328125,7550.56005859375,3716.25,4259.25,4034.25,6327.75,9600.9697265625,4597.330078125,4541.56982421875,6111.0498046875,NA,NA,NA,NA,NA,NA,NA,NA,600,600,280,280,511,515,459,498,525,473,422,542,461,683,662,597,527,1.77,3.13,1.25,7.27,6.05,6.52,6.45,5.39,8.03,6.09,5.59,9.56,5.25,5.3,7.08,5.94,5.37,61765.86328125,46837,61893.05078125,118752,18219,10094,12435,7541,8202,5822,6733,6309,8584,14459,6806,6936,9271,NA
"23-APR-2024",2024-04-23 09:14:58,"2024-04-23","9H 14M 58S","Unknown","2.16.0","Unknown","Unknown",600,280,511,515,459,498,525,473,422,542,461,683,662,597,527,3.8,7.83,5.32,5.95,5.88,5.44,6.53,8.67,8.7,10.61,6.23,5.77,7.16,5.99,5.54,46267.01953125,117583.8984375,17738.369140625,11040.1196289062,13654.6796875,7567.36987304688,8586.6298828125,3903.75,4403.625,4149,6871.5,13723.3149414062,6437.61499023438,7326.0849609375,10332,NA,NA,NA,NA,NA,NA,NA,NA,600,600,280,280,511,515,459,498,525,473,422,542,461,683,662,597,527,1.86,3.73,1.2,7.06,6.25,6.93,7.04,5.02,7.08,8.28,8.11,10.61,5.58,6.3,7.79,6.55,5.92,63501.34765625,47860.5,65067.59375,118245,18129,11381,14180,7586,8605,5804,6725,6217,8603,14266,6711,7567,10734,NA
"23-APR-2024",2024-04-23 09:13:45,"2024-04-23","9H 13M 45S","Unknown","2.16.0","Unknown","Unknown",600,280,511,515,459,498,525,473,422,542,461,683,662,597,527,3.98,7.97,7.37,7.54,7.95,5.52,6.66,8.53,8.48,10.73,6.16,6.84,8.29,7.25,6.98,45474.111328125,114422.796875,16130.7895507812,10055.3696289062,12483.8994140625,7261.919921875,8282,3618,4146,3886.875,6296.25,9766.81494140625,4499.544921875,5157.7998046875,7205.33984375,NA,NA,NA,NA,NA,NA,NA,NA,600,600,280,280,511,515,459,498,525,473,422,542,461,683,662,597,527,1.93,3.91,1.13,7.21,6.31,6.61,7.01,5.09,7.32,8.24,8.09,10.78,5.51,6.16,7.79,6.52,5.94,62383.306640625,47925,63228.505859375,118455,18107.5,11378,14213,7580.5,8620,5792,6706,6209,8635,14271,6703,7621,10778,NA
"22-APR-2024",2024-04-22 11:47:09,"2024-04-22","11H 47M 9S","Unknown","LSRII","1","Administrator",600,280,511,515,459,498,525,473,422,542,461,683,662,597,527,3.4,6.56,3.77,4.08,4.88,4.15,5.16,6.32,5.61,9.01,5.27,4.39,6.52,4.98,5.34,46986.30078125,116172.6796875,17594.458984375,10902.0595703125,13552.4990234375,7592.3798828125,8524.7197265625,3819,4297.5,4061.25,6732,13718.189453125,6414.44970703125,7226.66015625,10244.669921875,55.91,0,20.61,38.4,0.78,0.82,0.75,0.41,600,600,280,280,511,515,459,498,525,473,422,542,461,683,662,597,527,1.85,2.55,0.73,6.23,4.4,5.04,5.13,4.51,6.27,6.26,5.27,9.76,5.51,4.92,6.87,5.58,5.21,63160.1484375,48724,64889.390625,117208,17913,11197,14095,7633,8589,5709,6611,6137,8528,14285,6686,7434,10582,NA
"22-APR-2024",2024-04-22 11:46:29,"2024-04-22","11H 46M 29S","Unknown","LSRII","1","Administrator",600,280,511,515,459,498,525,473,422,542,461,683,662,597,527,3.09,6.58,4.88,5.95,4.98,4.24,6.28,6.19,5.64,8.66,5.05,5.23,6.64,6.31,5.96,46115.3203125,113114.078125,16274.69921875,10071.359375,12566.5791015625,7362.77978515625,8300.8603515625,3590.25,4101,3878.25,6226.5,9808.01953125,4557.9697265625,5019.2197265625,7205.33984375,55.91,0,20.61,38.4,0.78,0.82,0.75,0.41,600,600,280,280,511,515,459,498,525,473,422,542,461,683,662,597,527,1.38,2.91,0.76,6.22,4.7,4.95,4.98,3.81,7.33,5.82,5.38,9.47,5.29,4.9,7.15,5.56,5.05,62173.68359375,48742,63104.71484375,117189,17934,11361,14011,7656,8683,5702,6616,6201,8665,14251,6715,7467,10681,NA
"19-APR-2024",2024-04-19 10:40:57,"2024-04-19","10H 40M 57S","Unknown","2.16.0","Unknown","Unknown",600,280,511,515,459,498,525,473,422,542,461,683,662,597,527,3.25,8.27,5.25,5.99,6.65,5.79,7.23,5.84,5.8,8.31,5.03,5.11,6.64,5.5,5.5,45555.87890625,116467.0625,17709.119140625,9300.7197265625,11025.2998046875,7515.2998046875,7949.89990234375,4247.25,4737.75,4440.75,7095.75,13938.76953125,6525.14990234375,6455.0400390625,8364.41015625,NA,NA,NA,NA,NA,NA,NA,NA,600,600,280,280,511,515,459,498,525,473,422,542,461,683,662,597,527,1.66,2.83,1.21,7.35,6.24,6.81,7.76,5.37,7.4,4.62,4.16,9.49,5.69,5.85,7.73,6,6.05,63171.25,47313,64528.65625,118021,18024,9536,11457,7571,8032,5487,6276,5812,7758,14271,6678,6546,8533,NA
"19-APR-2024",2024-04-19 10:40:28,"2024-04-19","10H 40M 28S","Unknown","LSRII","1","Administrator",600,280,511,515,459,498,525,473,422,542,461,683,662,597,527,3.34,7.97,5.77,6.29,6.3,6.03,6.84,5.66,5.03,8.3,6.06,6.74,7.9,7.17,6.91,44770.37109375,112740.15625,16674.0595703125,8829.98974609375,10576.01953125,7172.5400390625,7609.18994140625,3936.75,4444.5,4192.5,6402.375,9674.3603515625,4529.06518554688,4443.78491210938,5850.90478515625,55.91,0,20.61,38.4,0.78,0.82,0.75,0.41,600,600,280,280,511,515,459,498,525,473,422,542,461,683,662,597,527,1.78,2.67,1.21,7.22,6.07,6.34,6.27,5.3,7.41,4.64,3.67,8.41,5.75,5.59,7.64,5.21,6.02,62120.921875,47283.5,62696.904296875,117678.5,18034.5,9603,11580,7548.5,8070,5483,6268,5828.5,7825.5,14217,6674.5,6572.5,8632,NA
"18-APR-2024",2024-04-18 10:08:39,"2024-04-18","10H 8M 39S","Unknown","2.16.0","Unknown","Unknown",600,280,511,515,459,498,525,473,422,542,461,683,662,597,527,3.45,7.58,4.99,5.45,5.83,5.55,7.4,3.58,3.1,7.01,5.06,4.54,6.52,6.06,5.07,45782.689453125,114419.109375,17450.5498046875,9250.40966796875,11373.1796875,7364.82983398438,7890.03979492188,4345.5,4831.875,4512.75,7124.25,13731.9248046875,6453.19482421875,6460.57495117188,8488.8447265625,NA,NA,NA,NA,NA,NA,NA,NA,600,600,280,280,511,515,459,498,525,473,422,542,461,683,662,597,527,1.63,2.64,1.12,6.9,5.81,6.3,7.05,5.17,8,4.09,3.33,8.24,6.34,4.89,6.96,6.49,5.51,63525.623046875,47227,65022.173828125,115189,17641.5,9460,11727,7404,7957.5,5019.5,5721.5,5253.5,7175,14057,6608,6530.5,8671.5,NA
"18-APR-2024",2024-04-18 10:07:51,"2024-04-18","10H 7M 51S","Unknown","LSRII","1","Administrator",600,280,511,515,459,498,525,473,422,542,461,683,662,597,527,3.03,5.42,4.55,5.63,5.39,3.93,5.82,3.79,2.85,6.68,5,5.52,7.85,6.02,5.73,45347.94140625,110616.359375,16097.6396484375,8412.2998046875,10271.4296875,7102.83984375,7522.27001953125,3798.75,4318.5,4052.625,6189.375,9755.3349609375,4530.294921875,4476.5849609375,5979.43994140625,55.91,0,20.61,38.4,0.78,0.82,0.75,0.41,600,600,280,280,511,515,459,498,525,473,422,542,461,683,662,597,527,1.5,2.27,0.83,5.02,4.26,4.6,5.1,3.98,7.23,3.87,2.74,7.37,4.85,5.36,7.59,5.14,5.17,62287.291015625,47575.5,62585.619140625,115589,17712.5,9421,11587,7391.5,7933,5038,5740.5,5290,7125.5,14033.5,6603.5,6459.5,8635,NA
"17-APR-2024",2024-04-17 10:08:45,"2024-04-17","10H 8M 45S","Unknown","2.16.0","Unknown","Unknown",600,280,511,515,459,498,525,473,422,542,461,683,662,597,527,3.68,8.59,5.53,5.85,6.41,6.92,7.63,8,7.73,10.09,5.97,5.61,7.59,6.28,5.76,45698.330078125,115340.37890625,17539.859375,9383.78955078125,11519.0400390625,7444.77978515625,7914.22998046875,4074,4436.625,4242.75,6876.75,13529.384765625,6361.14990234375,6386.56982421875,8533.32958984375,NA,NA,NA,NA,NA,NA,NA,NA,600,600,280,280,511,515,459,498,525,473,422,542,461,683,662,597,527,1.81,3.04,1.24,7.64,6.78,6.99,7.66,6.07,8.37,7.18,6.73,9.98,5.83,6.01,8.28,6.53,6.23,63143.5703125,47344,64681,116498.5,17926.5,9647.5,11986,7500,7969,5771,6447.5,6075,8162,14001.5,6587,6559,8827,NA
"17-APR-2024",2024-04-17 10:08:02,"2024-04-17","10H 8M 2S","Unknown","2.16.0","Unknown","Unknown",600,280,511,515,459,498,525,473,422,542,461,683,662,597,527,3.81,8.77,6.44,7.18,6.97,6.84,7.82,7.98,7.51,10.2,5.86,7.72,8.97,7.85,7.47,44860.28125,109978.3984375,16559.3984375,8896.6796875,10956.6591796875,7145.47998046875,7415.259765625,3806.25,4236.75,3999,6200.25,8792.0400390625,4128.7001953125,4050.80004882812,5646.10986328125,NA,NA,NA,NA,NA,NA,NA,NA,600,600,280,280,511,515,459,498,525,473,422,542,461,683,662,597,527,1.93,3.02,1.38,7.73,6.48,7.34,7.11,5.89,8.14,7.13,6.74,10.24,5.54,6.52,8.21,6.34,6.25,62060.87890625,47382,61519.96875,116702,17916,9672,12012,7502,7957,5763,6469,6050,8182,14026,6593,6551,8829,NA
"16-APR-2024",2024-04-16 10:11:32,"2024-04-16","10H 11M 32S","Unknown","2.16.0","Unknown","Unknown",600,280,511,515,459,498,525,473,422,542,461,683,662,597,527,3.11,7.9,5.32,5.75,6.02,5.28,6.68,6.32,6.08,8.8,5.61,5.32,6.87,5.71,5.38,46861.98046875,118204.640625,18156.05859375,9976.19921875,12118.859375,7706.35986328125,8298.400390625,4260,4701.75,4447.5,7118.25,13780.919921875,6457.91015625,6733.43017578125,9149.9697265625,NA,NA,NA,NA,NA,NA,NA,NA,600,600,280,280,511,515,459,498,525,473,422,542,461,683,662,597,527,1.84,3.26,1.26,7.16,6.31,6.5,7.08,5.06,7.02,5.17,4.7,9.08,5.39,5.74,7.33,6.34,5.79,63785.51953125,48291,65486.69921875,118297,18507,10224,12582,7673,8278,5846,6627,6154,8190,14224,6694,6902,9448,NA
"16-APR-2024",2024-04-16 10:10:21,"2024-04-16","10H 10M 21S","Unknown","2.16.0","Unknown","Unknown",600,280,511,515,459,498,525,473,422,542,461,683,662,597,527,3.41,7.88,7.04,7.83,7.46,5.29,6.67,6.39,5.91,8.7,5.25,6.17,7.75,6.9,6.43,45975.4609375,112185.8359375,16762.19921875,9079.19921875,11204.69921875,7374.259765625,7886.759765625,3899.25,4404,4142.25,6399,9847.3798828125,4622.75,4643.66015625,6396.81982421875,NA,NA,NA,NA,NA,NA,NA,NA,600,600,280,280,511,515,459,498,525,473,422,542,461,683,662,597,527,1.92,3.2,1.24,6.95,6.38,6.85,6.93,4.88,7.01,5.39,4.89,8.8,5.46,5.78,7.47,6.26,5.79,62479.21484375,48342,62179.80859375,117997,18414,10214,12524,7651,8245,5828,6603,6150,8174,14181,6668,6867,9417,NA
"12-APR-2024",2024-04-12 11:40:45,"2024-04-12","11H 40M 45S","Unknown","2.16.0","Unknown","Unknown",600,280,511,515,459,498,525,473,422,542,461,683,662,597,527,4.36,7.16,3.37,3.66,4.09,4.14,6.04,3.1,2.69,6.87,5.18,4.71,6.64,5.53,4.65,48616.51953125,118390.78125,20264.3984375,11407.5,13896.4794921875,7719.47998046875,8359.080078125,4514.25,4842.75,4711.5,7324.5,13930.16015625,6514.48974609375,6780.98974609375,9270.919921875,NA,NA,NA,NA,NA,NA,NA,NA,600,600,280,280,511,515,459,498,525,473,422,542,461,683,662,597,527,1.94,2.72,0.73,6.71,3.79,4.33,4.62,4.67,6.67,4.15,3.32,8.35,5.81,4.81,6.79,5.69,5.04,64626.4609375,49214,66853.3515625,116115,19691,11239,13981,7531,8219,4714,5178,4954,7046,14333,6728,6909,9528,NA
"12-APR-2024",2024-04-12 11:04:08,"2024-04-12","11H 4M 8S","Unknown","LSRII","1","Administrator",600,280,511,515,459,498,525,473,422,542,461,683,662,597,527,14.54,8.01,6.82,9.3,10.29,6.74,7.68,19.36,19.72,19.95,10.45,901.91,Inf,46.22,49.13,41159.91015625,131679.703125,20630.2197265625,11169.2094726562,12687.869140625,8231.9794921875,8758.82958984375,3457.125,3699,3505.125,6346.875,4.92000007629395,0,69.6999969482422,69.2900009155273,55.91,0,20.61,38.4,0.78,0.82,0.75,0.41,600,600,280,280,511,515,459,498,525,473,422,542,461,683,662,597,527,2.03,15.19,1.55,8.18,5.55,8.47,9.58,7.95,9.41,21.66,22.07,22.38,12.09,37.85,29.65,28.34,24.04,70323.30859375,38176,73211.015625,118139,19917,11033,12562.5,7375.5,7830.5,3151.5,3456.5,3282.5,5498,47,55,68,74,NA
"12-APR-2024",2024-04-12 09:46:05,"2024-04-12","9H 46M 5S","Unknown","LSRII","1","Administrator",600,280,511,515,459,498,525,473,422,542,461,683,662,597,527,8.41,7.48,160.73,152.11,157.83,4.14,6.17,12.97,12.63,13.87,7.96,32.97,33.31,31.19,32.12,51623.140625,145758.28125,250.379989624023,120.119995117188,145.080001831055,9226.6396484375,9257.7998046875,4500,4984.5,4633.5,7137.75,10904.3603515625,5106.14013671875,4523.52978515625,5161.89990234375,55.91,0,20.61,38.4,0.78,0.82,0.75,0.41,600,600,280,280,511,515,459,498,525,473,422,542,461,683,662,597,527,2.92,9.07,2.28,6.22,136.6,135.66,133.67,4.21,7.23,13.05,12.31,15.12,8.7,4.72,6.43,5.83,6.5,72660.78125,46434,76616.234375,124850,1068,447,498,7925,7973,4329,4890,4482,6134,15409,7221,6384,7523,NA
"11-APR-2024",2024-04-11 09:45:57,"2024-04-11","9H 45M 57S","Unknown","2.16.0","Unknown","Unknown",600,280,511,515,459,498,525,473,422,542,461,683,662,597,527,3.99,9.41,4.89,5.74,5.59,7.06,7.87,3.75,3.25,6.93,5.36,5.2,6.8,5.99,5.37,45993.9609375,116366.1953125,18072.599609375,11479.259765625,15072.7197265625,7507.10009765625,8639.51953125,4245,4728,4491.75,7184.25,13960.5,6538.68017578125,7616.56982421875,11155.2802734375,NA,NA,NA,NA,NA,NA,NA,NA,600,600,280,280,511,515,459,498,525,473,422,542,461,683,662,597,527,1.82,2.97,1.25,8.29,6,6.53,6.82,6.29,7.85,4.43,3.78,8.77,5.98,5.86,7.49,6.12,5.79,63159.4921875,47665,64970.03515625,117250,18434,11783,15656,7524,8665,5018,5732,5376,7319,14264,6692,7733,11396,NA
"11-APR-2024",2024-04-11 09:44:42,"2024-04-11","9H 44M 42S","Unknown","2.16.0","Unknown","Unknown",600,280,511,515,459,498,525,473,422,542,461,683,662,597,527,3.62,8.85,6.64,6.95,7,6.41,7.74,5.26,4.76,8.37,5.49,6.08,7.61,6.3,6,45216.9609375,113365,16647.5390625,10586.1591796875,13947.1796875,7227.47998046875,8219.6796875,3318.75,3804,3572.25,5995.5,10097.0703125,4728.93994140625,5489.080078125,8128.66015625,NA,NA,NA,NA,NA,NA,NA,NA,600,600,280,280,511,515,459,498,525,473,422,542,461,683,662,597,527,1.81,2.79,1.25,7.92,5.75,6.35,6.74,5.71,7.84,4.25,3.65,8.58,5.96,5.36,7.19,5.69,5.39,62044.44140625,47715,63085.87109375,117491,18596,11765,15632,7534,8637,5021,5729,5338,7314,14276,6700,7740,11416,NA
"10-APR-2024",2024-04-10 09:44:43,"2024-04-10","9H 44M 43S","Unknown","2.16.0","Unknown","Unknown",600,280,511,515,459,498,525,473,422,542,461,683,662,597,527,3.47,8.85,4.65,5.29,5.28,6.51,7.2,3.54,2.98,7.01,4.83,4.86,6.29,5.46,4.99,44704.509765625,118891.796875,18496.529296875,12271.7392578125,16179.1494140625,7628.4599609375,8941.68994140625,4182,4737.75,4489.5,7202.25,14086.1650390625,6611.65991210938,8072.080078125,12071.4248046875,NA,NA,NA,NA,NA,NA,NA,NA,600,600,280,280,511,515,459,498,525,473,422,542,461,683,662,597,527,2.1,2.83,1.37,7.77,5.57,6.22,6.4,5.8,7.33,4.03,3.48,8.21,6.01,5.31,7.06,5.87,5.4,63329.283203125,46236,65356.044921875,118865.5,18824,12569,16740,7586,8924,5497,6388,5926,7856.5,14402,6782,8207,12325,NA
"10-APR-2024",2024-04-10 09:43:11,"2024-04-10","9H 43M 11S","Unknown","2.16.0","Unknown","Unknown",600,280,511,515,459,498,525,473,422,542,461,683,662,597,527,3.55,8.77,10.27,9.9,9.84,6.64,7.37,6.58,5.16,8.42,5.8,5.93,7.37,6.3,6.07,43719.19921875,115155.0625,15059.458984375,10324.080078125,13618.01953125,7304.56005859375,8592.7802734375,3158.25,3856.5,3604.5,5920.5,10343.8896484375,4877.77001953125,5894.16015625,8881.419921875,NA,NA,NA,NA,NA,NA,NA,NA,600,600,280,280,511,515,459,498,525,473,422,542,461,683,662,597,527,2.35,2.84,1.41,7.58,5.92,6.44,6.42,5.76,7.53,4.18,3.52,8.43,6.21,5.18,7.09,5.87,5.24,62114.38671875,46164,63371.21484375,118700,18773,12568,16728,7590,8900,5497,6394,5924,7855,14373,6774,8178,12307,NA
"09-APR-2024",2024-04-09 09:54:05,"2024-04-09","9H 54M 5S","Unknown","2.16.0","Unknown","Unknown",600,280,511,515,459,498,525,473,422,542,461,683,662,597,527,3.6,8.42,5,5.33,5.32,5.76,6.85,5.65,5.39,8.38,5.7,4.92,6.75,5.4,4.83,46551.55078125,118002.5078125,18441.5390625,13115.69921875,17514.8984375,7553.02001953125,9253.2900390625,4037.25,4598.25,4328.25,7057.5,14051.1103515625,6606.53491210938,8640.75,13307.5751953125,NA,NA,NA,NA,NA,NA,NA,NA,600,600,280,280,511,515,459,498,525,473,422,542,461,683,662,597,527,1.98,3.03,1.37,7.42,6.03,6.39,6.32,5.32,7.07,4.99,4.5,8.77,5.49,5.54,7.33,5.75,5.23,63366.154296875,48229.5,65200.302734375,118167.5,18810,13459,18173.5,7548.5,9230,5818,6818,6304,8513,14487,6818,8850,13711,NA
"09-APR-2024",2024-04-09 09:52:51,"2024-04-09","9H 52M 51S","Unknown","2.16.0","Unknown","Unknown",600,280,511,515,459,498,525,473,422,542,461,683,662,597,527,3.68,8.06,7.57,7.96,7.83,6,7.05,6.24,5.56,8.91,5.69,5.93,7.19,6.37,5.87,45734.9609375,113347.37109375,16069.5595703125,11387.6098632812,15205.7094726562,7261.51000976562,8901.919921875,3299.25,3990.375,3611.25,6081.75,10370.1298828125,4905.03491210938,6294.93505859375,9862.5498046875,NA,NA,NA,NA,NA,NA,NA,NA,600,600,280,280,511,515,459,498,525,473,422,542,461,683,662,597,527,2.01,3.07,1.35,7.22,5.94,6.47,6.35,5.32,7.41,4.98,4.52,8.58,5.37,5.43,6.95,5.68,5.08,62257.560546875,48198.5,62768.119140625,118122,18827,13466.5,18156,7554,9222,5817.5,6828,6292,8508,14466,6822,8838,13679,NA
"08-APR-2024",2024-04-08 10:35:43,"2024-04-08","10H 35M 43S","Unknown","2.16.0","Unknown","Unknown",600,280,511,515,459,498,525,473,422,542,461,683,662,597,527,4.01,8.84,5.61,5.86,5.84,5.97,7.21,8.06,7.82,9.92,5.94,5.79,7.25,5.9,5.47,46698.0703125,116394.48828125,17645.16015625,12683.9692382812,16734.5087890625,7455.43994140625,9186.8701171875,3874.5,4395,4117.5,6756,13631.6796875,6411.169921875,8286.71484375,12782.365234375,NA,NA,NA,NA,NA,NA,NA,NA,600,600,280,280,511,515,459,498,525,473,422,542,461,683,662,597,527,2.3,3.37,1.46,7.78,6.39,6.84,6.85,5.18,7.2,7.34,7.09,10.23,5.56,6.26,7.77,6.22,5.8,63008.990234375,48646,65124.580078125,116824,18095,13098.5,17466,7456.5,9174.5,5718,6678,6146.5,8447,14302.5,6741.5,8645.5,13399,NA
"08-APR-2024",2024-04-08 10:29:57,"2024-04-08","10H 29M 57S","Unknown","LSRII","1","Administrator",600,280,511,515,459,498,525,473,422,542,461,683,662,597,527,3.73,8.68,8.19,8.16,8.29,5.91,7.05,7.82,7.53,10.37,5.97,7,8.76,7.12,6.9,46156.021484375,112685.62890625,15565.2895507812,10684.0493164062,14028.689453125,7329.16015625,8553.419921875,3396.75,3926.25,3741,6129,9823.8046875,4623.77490234375,5643.64990234375,8573.71484375,55.91,0,20.61,38.4,0.78,0.82,0.75,0.41,600,600,280,280,511,515,459,498,525,473,422,542,461,683,662,597,527,2.14,3.2,1.41,7.63,6.54,7.08,7.28,5.34,7.3,7.17,6.8,10.32,5.53,6.38,8.4,6.49,6.1,62165.451171875,48749.5,62859.482421875,117218.5,18164,12326.5,16286,7530,8855,5839,6778,6233,8579.5,14270,6722,8151,12327,NA
"05-APR-2024",2024-04-05 09:59:08,"2024-04-05","9H 59M 8S","Unknown","2.16.0","Unknown","Unknown",600,280,511,515,459,498,525,473,422,542,461,683,662,597,527,3.55,8.22,5.38,5.59,5.39,5.45,6.65,6.95,6.46,9.36,5.49,5.03,6.71,5.47,4.93,46219.66015625,118161.1796875,18579.599609375,12739.7392578125,17025.05859375,7501.35986328125,9051.9794921875,3981.75,4508.25,4230.75,6906.75,14289.3203125,6703.08984375,8398.0302734375,12748.1298828125,NA,NA,NA,NA,NA,NA,NA,NA,600,600,280,280,511,515,459,498,525,473,422,542,461,683,662,597,527,1.91,3.36,1.43,7.15,6.21,6.62,6.42,5.01,7.25,6.43,5.57,9.62,5.46,5.53,7.16,6.1,5.29,63413.87890625,47908,65177.21484375,118613,18960,13108,17741,7487,9064,5784,6736,6211,8438,14732,6941,8626,13142,NA
"05-APR-2024",2024-04-05 09:58:02,"2024-04-05","9H 58M 2S","Unknown","2.16.0","Unknown","Unknown",600,280,511,515,459,498,525,473,422,542,461,683,662,597,527,3.38,8.28,6.7,7.03,6.7,5.49,6.81,6.96,6.39,9.46,5.7,5.93,7.29,6.27,5.98,45458.94140625,113632.73046875,17264.1298828125,11852.8798828125,15890.939453125,7279.9599609375,8735.4599609375,3354,3995.625,3739.5,6071.25,10536.1796875,4972.47998046875,6175.009765625,9370.3447265625,NA,NA,NA,NA,NA,NA,NA,NA,600,600,280,280,511,515,459,498,525,473,422,542,461,683,662,597,527,1.92,3.27,1.37,7.2,6.26,6.79,6.58,5.02,7.13,6.47,5.79,9.69,5.48,5.45,7.46,5.85,5.28,62328.505859375,47915,62730.76953125,118433.5,18953,13147.5,17796.5,7496,9061,5777,6730,6226.5,8439,14747,6937,8623,13147,NA
"04-APR-2024",2024-04-04 09:39:41,"2024-04-04","9H 39M 41S","Unknown","2.16.0","Unknown","Unknown",600,280,511,515,459,498,525,473,422,542,461,683,662,597,527,3.47,8.14,3.44,3.94,4.38,5.8,6.99,5.4,5.19,8.07,5.06,5.08,6.74,5.45,5.33,46094.6015625,117122.2421875,20057.69921875,10892.69921875,13025.2197265625,7567.77978515625,8100.77978515625,4158,4602.75,4368.75,6926.25,14064.6396484375,6569.83984375,6639.94970703125,8919.1396484375,NA,NA,NA,NA,NA,NA,NA,NA,600,600,280,280,511,515,459,498,525,473,422,542,461,683,662,597,527,1.94,2.98,1.35,7.25,4.31,4.78,4.9,5.17,7.47,4.57,4.1,8.47,5.31,5.64,7.3,5.95,5.76,63241.9609375,47786,65075.27734375,117599,19911,11009,13412,7564,8097,5715,6503,6077,7984,14571,6826,6830,9212,NA
"04-APR-2024",2024-04-04 09:38:42,"2024-04-04","9H 38M 42S","Unknown","2.16.0","Unknown","Unknown",600,280,511,515,459,498,525,473,422,542,461,683,662,597,527,3.48,8.26,4.48,5.03,5.13,6.1,7.4,6.08,5.64,8.57,5.52,5.99,7.54,6.59,6.31,45257.66015625,113016.5,18315.958984375,9881.0400390625,11959.7392578125,7293.89990234375,7818.69970703125,3494.25,4002.75,3774.75,6027,10318.8798828125,4871.6201171875,4882.68994140625,6560,NA,NA,NA,NA,NA,NA,NA,NA,600,600,280,280,511,515,459,498,525,473,422,542,461,683,662,597,527,1.98,2.97,1.43,7.22,4.31,4.87,4.81,5.46,7.51,4.75,4.26,8.35,5.44,5.72,7.36,6.48,5.83,62140.26953125,47791,62693.484375,117883,19947,11057,13488,7581,8116,5707,6502,6069,7987,14535,6813,6846,9262,NA
"03-APR-2024",2024-04-03 10:16:18,"2024-04-03","10H 16M 18S","Unknown","2.16.0","Unknown","Unknown",600,280,511,515,459,498,525,473,422,542,461,683,662,597,527,3.56,8.24,3.22,3.53,3.92,5.56,6.66,4.16,3.67,7.08,4.91,4.96,6.57,5.37,4.86,47431.78125,118169.3828125,20304.1796875,12661.7392578125,15681.8994140625,7648.9599609375,8649.3603515625,4253.25,4725.75,4474.5,7248.75,14128.599609375,6603.4599609375,7614.10986328125,10826.8701171875,NA,NA,NA,NA,NA,NA,NA,NA,600,600,280,280,511,515,459,498,525,473,422,542,461,683,662,597,527,2.13,3.1,1.33,7.31,4.09,4.37,4.28,5.03,7.15,3.77,3.13,7.79,5.62,5.5,7.13,5.86,5.28,63531.3671875,48913,65814.9375,117344,20032,12699,16013,7569,8545,5547,6308,5883,7894,14608,6858,7814,11182,NA
"03-APR-2024",2024-04-03 10:14:58,"2024-04-03","10H 14M 58S","Unknown","2.16.0","Unknown","Unknown",600,280,511,515,459,498,525,473,422,542,461,683,662,597,527,3.44,7.58,3.58,3.8,3.92,5.38,6.66,7.15,6.35,9.88,7,5.67,7.18,5.97,5.64,46504.5625,113073.078125,19309.6796875,12073.619140625,15012.6591796875,7392.2998046875,8234.439453125,3266.25,3728.25,3331.5,5720.25,10588.25,4958.1298828125,5662.10009765625,8101.60009765625,NA,NA,NA,NA,NA,NA,NA,NA,600,600,280,280,511,515,459,498,525,473,422,542,461,683,662,597,527,1.96,3.07,1.2,6.89,3.95,4.37,4.22,4.98,7.05,3.82,3.08,8.04,5.55,5.45,6.96,5.82,5.19,62397.7109375,48893,63290.2734375,116921,19981,12700,16040,7562,8564,5557,6308,5902,7911,14578,6839,7801,11151,NA
"02-APR-2024",2024-04-02 09:59:49,"2024-04-02","9H 59M 49S","Unknown","2.16.0","Unknown","Unknown",600,280,511,515,459,498,525,473,422,542,461,683,662,597,527,3.81,8.43,5.64,5.77,5.52,6.28,6.96,3.62,3.51,6.51,4.96,5.04,6.22,5.15,5.04,47101,117701.16015625,17978.609375,11349.3896484375,14640.9897460938,7621.080078125,8685.85009765625,4290.75,4783.5,4519.5,7114.5,14020.5649414062,6588.4951171875,7541.33471679688,10958.8901367188,NA,NA,NA,NA,NA,NA,NA,NA,600,600,280,280,511,515,459,498,525,473,422,542,461,683,662,597,527,2.08,3.14,1.41,7.22,6.14,7.08,6.66,5.55,7.38,3.5,3.23,7.53,5.56,5.87,7.17,5.72,5.42,63362.951171875,48765,65698.30078125,116961,18188,11575.5,15091.5,7544.5,8591.5,5648,6458.5,5999,7813,14467,6788,7714.5,11264.5,NA
"02-APR-2024",2024-04-02 09:59:17,"2024-04-02","9H 59M 17S","Unknown","2.16.0","Unknown","Unknown",600,280,511,515,459,498,525,473,422,542,461,683,662,597,527,4.34,8.61,12.94,14.44,13.63,6.48,7.35,6.63,5.92,9.7,6.55,6.14,7.63,6.45,6.19,46508.26171875,113555.2421875,12146.1591796875,7089.419921875,9781.19921875,7446.419921875,8422.2197265625,3152.25,3646.5,3199.5,5502,10550.939453125,4941.72998046875,5696.5400390625,8298.400390625,NA,NA,NA,NA,NA,NA,NA,NA,600,600,280,280,511,515,459,498,525,473,422,542,461,683,662,597,527,2.2,3.51,1.38,7.68,6.08,6.41,6.88,5.49,7.18,3.91,3.22,8.21,5.65,5.87,7.26,5.99,5.47,62442.0703125,48805,63361.640625,117188,18350,11655,15267,7589,8632,5645,6452,5977,7893,14462,6818,7793,11387,NA
"01-APR-2024",2024-04-01 10:58:59,"2024-04-01","10H 58M 59S","Unknown","2.16.0","Unknown","Unknown",600,280,511,515,459,498,525,473,422,542,461,683,662,597,527,4.53,9.42,5.57,5.83,6.07,7.16,7.87,3.84,3.41,7.4,5.25,5.65,6.75,5.69,5.25,46463.490234375,114840.1796875,17725.109375,11924.2495117188,15581.6694335938,7441.5,8770.7197265625,4152.375,4652.625,4422.75,7198.125,13689.0795898438,6445.81494140625,7954.20483398438,11864.78515625,NA,NA,NA,NA,NA,NA,NA,NA,600,600,280,280,511,515,459,498,525,473,422,542,461,683,662,597,527,2.32,3.1,1.4,8.23,6.52,6.95,7.21,6.61,7.79,3.71,3.22,8.32,5.89,6.08,7.27,6.3,5.71,62649.03125,48557,64934.498046875,115795,18148,12294,16211.5,7463.5,8792.5,5637,6466.5,6028.5,8118.5,14253,6710,8257,12332,NA
"01-APR-2024",2024-04-01 10:58:22,"2024-04-01","10H 58M 22S","Unknown","2.16.0","Unknown","Unknown",600,280,511,515,459,498,525,473,422,542,461,683,662,597,527,4.52,9.62,7.84,8,8.15,7.6,8.2,4.9,4.53,7.83,5.67,7.08,8.23,7.1,6.74,45612.12109375,111478.99609375,15988.8295898438,10666.4995117188,13982.279296875,7194.68017578125,8320.9501953125,3469.5,3978.75,3749.25,6180.75,9657.3447265625,4519.43017578125,5635.65478515625,8453.3798828125,NA,NA,NA,NA,NA,NA,NA,NA,600,600,280,280,511,515,459,498,525,473,422,542,461,683,662,597,527,2.29,2.95,1.51,8.46,6.71,6.98,6.88,6.54,8.01,3.9,3.12,7.74,5.85,6.07,7.84,6.49,5.81,61386.802734375,48536.5,62867.251953125,115802.5,18038,12176.5,16043.5,7453,8776,5622,6443,6012,8199,14190,6664.5,8231.5,12297,NA
"28-MAR-2024",2024-03-28 10:00:06,"2024-03-28","10H 0M 6S","Unknown","LSRII","1","Administrator",600,280,511,515,459,498,525,473,422,542,461,683,662,597,527,3.78,9.24,5.46,5.87,5.82,6.68,7.63,4.93,4.81,7.89,5.32,5.16,6.71,5.49,5.04,45437.48046875,114771.296875,17778.5390625,12618.0595703125,16968.8984375,7316.0400390625,9065.099609375,4033.5,4511.25,4313.25,6933,13914.580078125,6526.3798828125,8486.1796875,13202.41015625,55.91,0,20.61,38.4,0.78,0.82,0.75,0.41,600,600,280,280,511,515,459,498,525,473,422,542,461,683,662,597,527,2.11,2.98,1.36,7.92,6.58,6.89,6.94,5.86,7.73,4.37,3.86,8.29,5.49,5.59,7.27,5.98,5.46,62586.0546875,47576,64460.71875,116383,18271,13042,17662,7385,9135,5699,6536,6153,8271,14424,6773,8745,13667,NA
"28-MAR-2024",2024-03-28 09:53:12,"2024-03-28","9H 53M 12S","Unknown","2.16.0","Unknown","Unknown",600,280,511,515,459,498,525,473,422,542,461,683,662,597,527,3.8,8.92,6.72,7.36,7.53,7,7.7,5.12,4.79,7.93,5.01,6.25,7.52,6.97,6.61,44425.90234375,110499.921875,16285.619140625,7924.01953125,9572.939453125,7100.3798828125,7291.43994140625,3518.25,4042.5,3786.75,5943.75,9623.51953125,4496.4697265625,4038.90991210938,5216.83984375,NA,NA,NA,NA,NA,NA,NA,NA,600,600,280,280,511,515,459,498,525,473,422,542,461,683,662,597,527,2.11,2.86,1.47,7.77,6.52,7.19,7.51,6.07,7.81,4.26,3.75,7.97,5.32,5.57,7.1,6.13,5.47,61457.73046875,47338,62469.87890625,115683,17753,8747,10666,7474,7666,5807,6645,6173,8165,14223,6665,6165,7913,NA
"27-MAR-2024",2024-03-27 09:56:36,"2024-03-27","9H 56M 36S","Unknown","2.16.0","Unknown","Unknown",600,280,511,515,459,498,525,473,422,542,461,683,662,597,527,3.46,8.58,5.62,6.19,6.29,6.02,7.35,6.01,5.71,8.71,5.51,5.4,6.87,5.93,5.61,46707.3203125,117792.1796875,17770.740234375,9234.02978515625,11228.8798828125,7649.77978515625,7992.94995117188,4104,4556.25,4340.25,6918.75,13987.3544921875,6528.02001953125,6412.19482421875,8377.5302734375,NA,NA,NA,NA,NA,NA,NA,NA,600,600,280,280,511,515,459,498,525,473,422,542,461,683,662,597,527,1.92,3.07,1.4,7.57,6.51,7.29,7.3,5.53,7.94,5.35,4.95,9.12,5.71,5.92,7.68,6.22,6.05,63544.75,48164.5,65472.666015625,117772,18043,9434,11614,7601.5,7979.5,5976.5,6823,6371,8410,14500.5,6793.5,6598,8686,NA
"27-MAR-2024",2024-03-27 09:55:29,"2024-03-27","9H 55M 29S","Unknown","LSRII","1","Administrator",600,280,511,515,459,498,525,473,422,542,461,683,662,597,527,3.76,8.91,10.26,11,12.23,6.56,7.79,7.65,7.27,9.43,6.29,6.44,7.96,6.86,6.8,45751.2421875,113202.640625,14433.8994140625,7484.099609375,8756.279296875,7226.66015625,7584.18017578125,3226.5,3687.75,3619.5,5725.5,10283.6201171875,4858.91015625,4690.39990234375,6145.48974609375,55.91,0,20.61,38.4,0.78,0.82,0.75,0.41,600,600,280,280,511,515,459,498,525,473,422,542,461,683,662,597,527,2.01,3.13,1.44,7.94,6.5,7.24,7.43,5.78,7.78,5.92,5.38,9.07,5.55,5.84,7.69,6.5,6.12,62298.3359375,48145,62854.3671875,117551,17946,9414,11612,7589,7931,5956,6804,6342,8414,14435,6787,6571,8646,NA
"26-MAR-2024",2024-03-26 09:33:20,"2024-03-26","9H 33M 20S","Unknown","2.16.0","Unknown","Unknown",600,280,511,515,459,498,525,473,422,542,461,683,662,597,527,3.8,8.71,5.79,6.21,6.56,5.86,7.1,8.83,8.9,10.95,6.63,5.35,7,6,5.44,46259.990234375,118147.23828125,18189.599609375,10359.1796875,12951.5092773438,7656.75,8375.06982421875,3871.5,4411.5,4144.5,6821.625,13899.41015625,6538.47509765625,6955.23999023438,9665.134765625,NA,NA,NA,NA,NA,NA,NA,NA,600,600,280,280,511,515,459,498,525,473,422,542,461,683,662,597,527,2.01,3.63,1.44,7.68,6.8,7.29,7.97,5.43,7.57,8.57,8.26,11.08,6,5.95,7.53,6.49,5.91,63142.794921875,48119.5,64608.521484375,119545.5,18663.5,10692.5,13497,7711.5,8445.5,5816,6831,6302,8704,14470.5,6821.5,7187,10043,NA
"26-MAR-2024",2024-03-26 09:31:51,"2024-03-26","9H 31M 51S","Unknown","2.16.0","Unknown","Unknown",600,280,511,515,459,498,525,473,422,542,461,683,662,597,527,3.92,8.08,7.1,7.97,7.75,5.75,7.06,8.83,8.55,10.89,6.22,6.58,7.64,7.07,6.55,44118.80078125,114440.4296875,17116.7099609375,9628.70947265625,12173.849609375,7448.06005859375,8120.4599609375,3297.75,3855.375,3686.25,6097.5,9869.9296875,4706.39013671875,4894.98974609375,6862.375,NA,NA,NA,NA,NA,NA,NA,NA,600,600,280,280,511,515,459,498,525,473,422,542,461,683,662,597,527,1.84,3.7,1.37,7.23,6.63,7.45,7.59,5.3,7.76,8.52,8.04,11.08,5.75,5.62,7.21,6.23,5.96,61790.974609375,46924,62269.4765625,120072,18845,10802,13603,7738.5,8498,5852.5,6866.5,6321.5,8797.5,14486,6834,7271,10151,NA
"21-MAR-2024",2024-03-21 10:13:53,"2024-03-21","10H 13M 53S","Unknown","2.16.0","Unknown","Unknown",600,280,511,515,459,498,525,473,422,542,461,683,662,597,527,3.38,6.34,3.8,4.66,4.69,3.59,5.89,6.39,6.04,8.83,5.4,4.38,6.06,5.1,5.2,47014.05078125,116246.06640625,18120.5693359375,11272.5595703125,14740.8291015625,7543.18017578125,8697.330078125,3568.5,4067.25,3864,6600.375,14046.599609375,6567.99487304688,7658.7998046875,11172.705078125,NA,NA,NA,NA,NA,NA,NA,NA,600,600,280,280,511,515,459,498,525,473,422,542,461,683,662,597,527,1.29,3.02,0.74,5.83,4.52,5.16,5.25,3.89,6.77,6.08,5.68,9.58,5.03,4.98,6.72,5.46,5.35,63201.392578125,48708.5,64179.75390625,118711.5,18647,11676.5,15438,7665,8816,5410,6344,5926,8592.5,14622,6880.5,7940.5,11634,NA
"21-MAR-2024",2024-03-21 10:12:57,"2024-03-21","10H 12M 57S","Unknown","2.16.0","Unknown","Unknown",600,280,511,515,459,498,525,473,422,542,461,683,662,597,527,3.23,6.21,4.12,4.77,4.96,3.69,5.84,5.85,5.49,9,5.44,6.05,7.12,6.72,6.61,45977.6796875,111365.8359375,16847.21875,10529.2197265625,13883.9990234375,7285.69970703125,8308.240234375,3194.25,3709.5,3497.25,5892,9250.419921875,4440.2998046875,5060.2197265625,7288.56982421875,NA,NA,NA,NA,NA,NA,NA,NA,600,600,280,280,511,515,459,498,525,473,422,542,461,683,662,597,527,1.31,2.73,0.77,5.73,4.28,4.9,5.19,3.8,6.46,5.57,5.2,9.25,5.12,4.77,6.48,5.67,5.21,61840.3671875,48734,61626.6953125,118354,18471,11625,15375,7657,8786,5321,6241,5817,8545,14509,6822,7845,11526,NA
"20-MAR-2024",2024-03-20 09:53:25,"2024-03-20","9H 53M 25S","Unknown","2.16.0","Unknown","Unknown",600,280,511,515,459,498,525,473,422,542,461,683,662,597,527,3.23,6.71,3.78,4.35,4.65,4.09,5.99,6.82,6.52,8.91,5.77,4.6,6.23,5.24,5.08,46823.130859375,114480.19921875,18087.419921875,11666.4599609375,15124.1997070312,7427.56005859375,8641.9794921875,3585.75,4041.75,3854.25,6607.5,13653.41015625,6391.48974609375,7569.830078125,11162.455078125,NA,NA,NA,NA,NA,NA,NA,NA,600,600,280,280,511,515,459,498,525,473,422,542,461,683,662,597,527,1.36,2.63,0.8,6.18,4.52,4.95,5.24,4.13,6.81,6.68,6.18,9.45,5.32,5.01,6.8,5.69,5.28,62971.76953125,48742,64408.77734375,116523,18566,12062,15763,7514.5,8742,5439,6313,5909.5,8596.5,14282,6702.5,7859.5,11643,NA
"20-MAR-2024",2024-03-20 09:50:37,"2024-03-20","9H 50M 37S","Unknown","2.16.0","Unknown","Unknown",600,280,511,515,459,498,525,473,422,542,461,683,662,597,527,3.13,7.15,4.48,5.01,5.19,4.63,6.14,7.35,7.37,9.38,5.88,5.9,7.59,6.58,6.01,45618.779296875,106814.42578125,16862.8203125,10855.259765625,14125.01953125,6913.82983398438,7983.52001953125,3163.5,3592.5,3401.25,5966.25,9162.884765625,4182,5028.03491210938,7498.69482421875,NA,NA,NA,NA,NA,NA,NA,NA,600,600,280,280,511,515,459,498,525,473,422,542,461,683,662,597,527,1.43,2.36,0.97,6.44,4.73,5.32,5.39,4.5,6.67,6.87,6.77,9.58,5.43,5.01,6.94,5.69,4.97,61441.318359375,48638.5,60976.05078125,114654,18303.5,11868.5,15523,7406,8627,5246,6096.5,5705.5,8581,14066,6599,7835.5,11607,NA
"19-MAR-2024",2024-03-19 13:50:44,"2024-03-19","13H 50M 44S","Unknown","2.16.0","Unknown","Unknown",600,280,511,515,459,498,525,473,422,542,461,683,662,597,527,3.98,7.52,5.31,5.61,5.79,4.72,6.49,10.2,10.35,11.6,6.6,5.15,6.61,5.65,5.12,46772.810546875,118112.796875,18610.01953125,11978.0698242188,15387.0595703125,7598.93994140625,8865.43017578125,3748.5,4266,4042.125,6735.375,13940.205078125,6557.1298828125,7784.46484375,11482.6650390625,NA,NA,NA,NA,NA,NA,NA,NA,600,600,280,280,511,515,459,498,525,473,422,542,461,683,662,597,527,1.94,4.32,1.45,6.61,6.13,6.75,6.95,4.58,6.86,9.64,9.66,11.51,5.91,5.82,7.04,6.03,5.52,63433.728515625,48628,64880.552734375,118983,19095,12349.5,16057.5,7637,8899.5,5661,6629,6156,8686,14482,6822,8031,11927,NA
"19-MAR-2024",2024-03-19 13:49:59,"2024-03-19","13H 49M 59S","Unknown","2.16.0","Unknown","Unknown",600,280,511,515,459,498,525,473,422,542,461,683,662,597,527,3.93,8.25,6.31,6.85,6.84,5.37,6.69,10.53,10.64,12.45,6.79,6.33,7.88,6.81,6.8,45510,112232.578125,17442.359375,11292.83984375,14580.5390625,7204.52001953125,8364,3338.25,3857.25,3634.5,6047.25,9443.939453125,4436.2001953125,5197.16015625,7765.81005859375,NA,NA,NA,NA,NA,NA,NA,NA,600,600,280,280,511,515,459,498,525,473,422,542,461,683,662,597,527,1.98,3.98,1.35,7.01,6.36,6.95,6.94,4.91,7.13,10.15,10.25,12.31,5.76,5.77,7.26,6.23,5.88,61861.96484375,48461,61989.03515625,118291,18938,12338,16006,7573,8859,5566,6496,6059,8723,14391,6779,8018,11930,NA
"18-MAR-2024",2024-03-18 11:59:33,"2024-03-18","11H 59M 33S","Unknown","2.16.0","Unknown","Unknown",600,280,511,515,459,498,525,473,422,542,461,683,662,597,527,2.99,7.82,3.56,4.99,4.83,4.41,6.85,4.2,4.28,8.47,5.7,4.78,5.43,6.35,5.19,48544.7421875,120168.5390625,18066.359375,11403.599609375,14466.6591796875,7686.68017578125,8817.4599609375,3975,4550.25,4293.75,6984,14011.33984375,6514.89990234375,7546.4599609375,10808.419921875,NA,NA,NA,NA,NA,NA,NA,NA,600,600,280,280,511,515,459,498,525,473,422,542,461,683,662,597,527,1.36,2.72,0.79,7.9,4.22,6.28,5.94,3.93,7.2,5.42,4.01,6.82,5.73,5.42,7.12,7.07,5.47,64246.5703125,49481,65847.28125,119676,18422,11729,14958,7623,8750,5909,6959,6478,8700,14730,6893,7823,11310,NA
"18-MAR-2024",2024-03-18 10:31:33,"2024-03-18","10H 31M 33S","Unknown","2.16.0","Unknown","Unknown",600,280,511,515,459,498,525,473,422,542,461,683,662,597,527,3.64,7.63,5.56,6.04,6.08,4.84,6.29,7.52,7.39,9.75,5.98,5.35,6.91,5.99,5.47,47829.16015625,119620.78125,18300.359375,11590.7998046875,14560.259765625,7705.5400390625,8799.419921875,3993.75,4587.75,4278,6993.75,14129.009765625,6651.83984375,7640.35009765625,10978.16015625,NA,NA,NA,NA,NA,NA,NA,NA,600,600,280,280,511,515,459,498,525,473,422,542,461,683,662,597,527,1.82,4.12,1.43,6.85,6.45,6.8,7.19,4.51,6.85,7.11,6.73,9.88,5.48,5.83,7.49,6.39,5.79,63881.1328125,49331,65557.0234375,119353,18684,11922,15124,7657,8750,5945,7027,6436,8741,14650,6924,7866,11390,NA
"18-MAR-2024",2024-03-18 10:30:47,"2024-03-18","10H 30M 47S","Unknown","2.16.0","Unknown","Unknown",600,280,511,515,459,498,525,473,422,542,461,683,662,597,527,3.49,7.63,7.41,7.87,7.61,4.69,6.5,7.2,7.06,9.45,5.69,5.88,7.45,6.44,6.24,46901.19921875,114652.80859375,16321.8891601562,10304.9697265625,13199.5493164062,7367.28979492188,8364.41015625,3459,4003.125,3793.875,6178.5,10370.3349609375,4891.9150390625,5524.75,8034.77001953125,NA,NA,NA,NA,NA,NA,NA,NA,600,600,280,280,511,515,459,498,525,473,422,542,461,683,662,597,527,1.79,3.78,1.28,6.89,6.28,6.84,6.99,4.37,7,7.13,6.71,9.7,5.27,5.58,7.3,6.18,5.65,62665.728515625,49312,63085.453125,118861,18593.5,11865,15018.5,7636,8730,5906,6977,6386,8725,14590,6907,7843,11351,NA
"15-MAR-2024",2024-03-15 10:36:30,"2024-03-15","10H 36M 30S","Unknown","2.16.0","Unknown","Unknown",600,280,511,515,459,498,525,473,422,542,461,683,662,597,527,3.78,9.19,5.12,5.53,5.74,7.07,7.82,5.35,4.85,8.01,5.25,5.55,6.98,5.68,5.3,46607.421875,115416.640625,18020.33984375,11374.7392578125,14656.9794921875,7444.77978515625,8505.8603515625,4070.25,4628.25,4358.25,7027.5,13732.5400390625,6450.52978515625,7459.94970703125,10852.7001953125,NA,NA,NA,NA,NA,NA,NA,NA,600,600,280,280,511,515,459,498,525,473,422,542,461,683,662,597,527,2.07,2.83,1.38,8.1,6.18,6.47,6.76,6.17,7.89,4.54,3.93,8.43,5.59,6.1,7.76,6.22,5.75,63022.28515625,48413,65150.4765625,115928,18361,11678,15193,7428,8492,5712,6678,6173,8245,14261,6709,7701,11265,NA
"15-MAR-2024",2024-03-15 10:35:42,"2024-03-15","10H 35M 42S","Unknown","2.16.0","Unknown","Unknown",600,280,511,515,459,498,525,473,422,542,461,683,662,597,527,3.65,9.03,7.53,8.69,8.83,6.91,7.78,5.65,5.6,8.7,5.38,6.82,8.33,7.35,6.93,45727.5625,111055.0625,16326.958984375,10135.3193359375,13220.2197265625,7070.0400390625,8014.6796875,3525.75,3991.5,3730.5,6144,9772.349609375,4607.169921875,5352.9599609375,7820.33984375,NA,NA,NA,NA,NA,NA,NA,NA,600,600,280,280,511,515,459,498,525,473,422,542,461,683,662,597,527,2.04,2.65,1.41,7.92,6.05,6.6,6.71,6,7.79,4.46,3.89,8.29,5.47,5.88,7.52,6.41,5.81,61909.30859375,48371,62679.578125,115797,18407,11773,15456,7439,8524,5716,6669,6172,8242,14253,6721,7753,11440,NA
"14-MAR-2024",2024-03-14 10:10:53,"2024-03-14","10H 10M 53S","Unknown","2.16.0","Unknown","Unknown",600,280,511,515,459,498,525,473,422,542,461,683,662,597,527,3.78,8.53,5.34,5.85,5.95,5.98,7.43,8.36,8.26,10.39,6.29,5.64,6.97,5.96,5.51,46712.130859375,116323.55859375,17891.2490234375,11650.859375,15050.099609375,7462,8657.5595703125,3898.5,4447.875,4165.125,6908.25,13721.0595703125,6436.18017578125,7680.73486328125,11347.7749023438,NA,NA,NA,NA,NA,NA,NA,NA,600,600,280,280,511,515,459,498,525,473,422,542,461,683,662,597,527,2.16,3.06,1.42,7.53,6.31,6.85,7.04,5.37,7.8,7.89,7.6,10.14,5.52,6.08,7.5,6.56,5.9,63113.095703125,48513.5,64908.314453125,117088,18342,12038,15685.5,7482,8667,5822,6837.5,6275,8695.5,14342,6753.5,7979,11869,NA
"14-MAR-2024",2024-03-14 10:10:04,"2024-03-14","10H 10M 4S","Unknown","2.16.0","Unknown","Unknown",600,280,511,515,459,498,525,473,422,542,461,683,662,597,527,3.66,8.29,6.67,7.07,7.26,5.96,7.24,8.03,7.87,10.12,5.96,6.9,8.69,7.63,6.98,45892.58203125,111425.6953125,16606.19921875,10777.259765625,13986.9599609375,7144.66015625,8127.02001953125,3447.75,4084.5,3803.25,6153.75,9696.5,4468.18017578125,5209.8701171875,7965.47998046875,NA,NA,NA,NA,NA,NA,NA,NA,600,600,280,280,511,515,459,498,525,473,422,542,461,683,662,597,527,1.93,2.94,1.35,7.29,6.24,6.69,6.88,5.24,7.27,7.6,7.44,10.44,5.3,5.96,7.67,6.27,5.74,61923.92578125,48566,62417.92578125,116793,18275,11964,15594,7475,8671,5794,6798,6247,8676,14306,6727,7943,11820,NA
"13-MAR-2024",2024-03-13 09:57:56,"2024-03-13","9H 57M 56S","Unknown","LSRII","1","Administrator",600,280,511,515,459,498,525,473,422,542,461,683,662,597,527,3.46,8.49,5.31,5.67,5.71,5.99,6.91,8.27,8.01,10.32,6.15,5.38,6.91,5.75,5.26,46773.1796875,116545.77734375,18142.4091796875,12940.9794921875,17264.9091796875,7443.9599609375,9104.8701171875,3881.25,4433.625,4152.75,6822.375,13878.08984375,6507.92993164062,8330.5849609375,13099.08984375,55.91,0,20.61,38.4,0.78,0.82,0.75,0.41,600,600,280,280,511,515,459,498,525,473,422,542,461,683,662,597,527,2,2.9,1.43,7.47,6.33,6.58,6.89,5.32,7.24,7.78,7.35,10.17,5.61,5.92,7.31,6.29,5.64,63119.75390625,48627.5,64771.705078125,117580,18630,13384.5,18028.5,7475,9158,5799.5,6835,6289,8642,14478,6811,8654,13655,NA
"13-MAR-2024",2024-03-13 09:57:26,"2024-03-13","9H 57M 26S","Unknown","2.16.0","Unknown","",600,280,511,515,459,498,525,473,422,542,461,683,662,597,527,3.55,8.55,6.72,7.14,7.15,5.99,7.35,8.29,8.06,10.33,6.56,7.45,8.62,7.73,7.6,45991,113882.421875,17096.8203125,12254.5791015625,16298.099609375,7181.56005859375,8793.6796875,3435.75,4083.75,3745.5,6083.25,9711.259765625,4655.9599609375,5857.259765625,9148.740234375,NA,NA,NA,NA,NA,NA,NA,NA,600,600,280,280,511,515,459,498,525,473,422,542,461,683,662,597,527,1.93,3.15,1.4,7.56,6.46,6.89,6.98,5.38,7.51,7.85,7.4,10.55,5.89,5.96,7.6,6.54,5.89,62061.4140625,48658,62995.24609375,118075,18715,13519,18233,7518,9159,5820,6851,6311,8641,14474,6828,8678,13724,NA
"12-MAR-2024",2024-03-12 09:41:30,"2024-03-12","9H 41M 30S","Unknown","2.16.0","Unknown","Unknown",600,280,511,515,459,498,525,473,422,542,461,683,662,597,527,3.51,8.1,5.33,5.86,6.1,5.39,6.78,10.01,9.9,11.25,6.65,5.02,6.52,5.63,5.4,46896.01953125,116858.1953125,18096.779296875,10411.439453125,12901.19921875,7512.83984375,8194.259765625,3742.5,4289.25,4023.75,6788.25,13894.8994140625,6522.27978515625,6912.60009765625,9561.2001953125,NA,NA,NA,NA,NA,NA,NA,NA,600,600,280,280,511,515,459,498,525,473,422,542,461,683,662,597,527,1.92,3.3,1.41,7.17,6.22,6.79,7.27,4.79,6.97,9.47,9.07,11.4,5.72,5.58,7.28,6.02,5.9,62966.10546875,48861,64474.0546875,118519,18591,10771,13508,7581,8279,5670,6715,6153,8755,14466,6803,7142,9934,NA
"12-MAR-2024",2024-03-12 09:40:40,"2024-03-12","9H 40M 40S","Unknown","2.16.0","Unknown","Unknown",600,280,511,515,459,498,525,473,422,542,461,683,662,597,527,3.8,7.66,6.25,6.64,7.02,5.56,6.75,9.97,9.82,11.83,6.33,7.78,8.67,8.75,7.91,46039.470703125,112256.76953125,17111.6396484375,9862.3193359375,12305.6694335938,7124.97998046875,7842.88989257812,3457.5,4048.125,3760.5,6170.25,9512,4461.2099609375,4513.89501953125,6495.42504882812,NA,NA,NA,NA,NA,NA,NA,NA,600,600,280,280,511,515,459,498,525,473,422,542,461,683,662,597,527,1.96,3.31,1.39,6.76,6.18,6.77,7.08,4.78,7.2,9.51,9.21,11.44,5.74,5.74,7.05,6.27,5.5,61852.126953125,48866.5,62092.421875,118171,18587,10775,13523.5,7568,8314.5,5660,6703,6168.5,8750.5,14451,6807,7140,9950,NA
"11-MAR-2024",2024-03-11 10:11:38,"2024-03-11","10H 11M 38S","Unknown","2.16.0","Unknown","Unknown",600,280,511,515,459,498,525,473,422,542,461,683,662,597,527,3.77,7.52,4.85,5.2,5.32,5.03,6.39,8.5,8.57,10.1,6.11,4.59,6.29,5.16,4.71,45745.3203125,119969.28125,19038.240234375,11497.9794921875,14313.779296875,7757.19970703125,8682.16015625,3924.75,4543.5,4215.75,7007.25,14168.3701171875,6666.18994140625,7454.6201171875,10682.5498046875,NA,NA,NA,NA,NA,NA,NA,NA,600,600,280,280,511,515,459,498,525,473,422,542,461,683,662,597,527,1.87,3.34,1.39,6.66,5.89,6.25,6.43,4.51,7.09,8.15,7.83,10.26,5.6,5.12,6.68,5.41,5.17,63153.91796875,47551,64614.04296875,121374,19532,11903,14945,7829,8758,5891,7026,6386,8888,14527,6856,7590,10961,NA
"11-MAR-2024",2024-03-11 10:10:49,"2024-03-11","10H 10M 49S","Unknown","2.16.0","Unknown","Unknown",600,280,511,515,459,498,525,473,422,542,461,683,662,597,527,3.89,7.74,5.52,6.04,5.92,4.74,6.35,8.19,7.94,10.25,5.85,6.74,7.94,7.27,6.64,44788.5,113792.21875,18028.919921875,10912.19921875,13681.9794921875,7439.85986328125,8116.35986328125,3626.25,4228.5,3937.5,6346.5,9723.9697265625,4594.4599609375,5040.1298828125,7435.35009765625,NA,NA,NA,NA,NA,NA,NA,NA,600,600,280,280,511,515,459,498,525,473,422,542,461,683,662,597,527,1.87,3.23,1.33,6.78,5.69,6.12,6.26,4.38,6.73,7.86,7.51,10.31,5.4,5.14,6.57,5.79,5.17,61975.53515625,47403,61386.7265625,121337,19552,11912,15052,7812,8725,5903,7028,6411,8893,14518,6865,7610,10946,NA
"06-MAR-2024",2024-03-06 09:48:41,"2024-03-06","9H 48M 41S","Unknown","2.16.0","Unknown","Unknown",600,280,511,515,459,498,525,473,422,542,461,683,662,597,527,5.65,9.02,5.57,6.09,6.06,7.21,7.99,4.27,3.98,7.65,5.23,5.13,6.63,5.58,4.87,123131.19140625,117187.83984375,18809.69921875,12152.0092773438,15700.2294921875,7529.23974609375,8749.81005859375,4242,4782.75,4481.25,7227,14139.259765625,6647.125,7907.669921875,11672.0849609375,NA,NA,NA,NA,NA,NA,NA,NA,600,600,280,280,511,515,459,498,525,473,422,542,461,683,662,597,527,1.44,4.42,1.41,8.18,6.49,7.06,7.12,6.37,8.21,3.94,3.29,8.4,6.18,5.59,7.41,6.07,5.33,64173.599609375,125512,64897.408203125,118086,19114.5,12446,16238.5,7543,8774,5610,6480,5969,7991,14446.5,6811,8006,11902,NA
"06-MAR-2024",2024-03-06 09:47:56,"2024-03-06","9H 47M 56S","Unknown","2.16.0","Unknown","Unknown",600,280,511,515,459,498,525,473,422,542,461,683,662,597,527,5.54,9.44,6.88,6.97,6.92,7,8.35,4.66,4.12,7.79,5.46,6.18,7.7,6.53,6.2,122341.2421875,115009.921875,18132.66015625,11684.3994140625,15099.2392578125,7414.43994140625,8516.51953125,3941.25,4509,4197,6636,11400.4599609375,5369.35986328125,6306.6201171875,9387.3603515625,NA,NA,NA,NA,NA,NA,NA,NA,600,600,280,280,511,515,459,498,525,473,422,542,461,683,662,597,527,1.32,4.42,1.42,8.44,6.63,6.85,7.09,6.22,8.19,3.96,3.31,8.53,5.83,5.56,7.4,5.98,5.27,63735.375,125716,63699.97265625,118018,19146,12450,16231,7534,8766,5617,6489,5979,7992,14438,6810,8005,11894,NA
"05-MAR-2024",2024-03-05 10:58:56,"2024-03-05","10H 58M 56S","Unknown","2.16.0","Unknown","Unknown",600,280,511,515,459,498,525,473,422,542,461,683,662,597,527,5.68,8.83,5.48,6,5.62,6.66,7.61,4.82,4.45,7.82,5.54,5.19,6.94,5.63,5.16,121935.3515625,115008.6875,18443.8798828125,12214.4096679688,15646.7998046875,7491.92993164062,8739.14990234375,4230.375,4717.5,4457.625,7271.625,13854.5146484375,6511.61987304688,7919.76489257812,11754.4951171875,NA,NA,NA,NA,NA,NA,NA,NA,600,600,280,280,511,515,459,498,525,473,422,542,461,683,662,597,527,1.51,4.32,1.32,7.88,6.69,6.98,6.89,6.03,7.94,4.05,3.63,8.63,5.98,5.58,7.42,6.32,5.48,63893.625,125061.5,64651.587890625,116525.5,18857,12595,16279,7529.5,8790.5,5714,6548,6090,8235.5,14292.5,6726,8127,12118,NA
"05-MAR-2024",2024-03-05 10:58:23,"2024-03-05","10H 58M 23S","Unknown","2.16.0","Unknown","Unknown",600,280,511,515,459,498,525,473,422,542,461,683,662,597,527,5.51,9.05,6.37,6.78,6.51,6.61,7.88,5.02,4.88,7.96,5.56,6.43,7.44,7.38,6.46,121381.4609375,114050.515625,17791.01953125,11745.2392578125,15159.2998046875,7410.33984375,8607.5400390625,3940.5,4401.75,4176,6662.25,11066.3095703125,5259.47998046875,6250.85986328125,9434.509765625,NA,NA,NA,NA,NA,NA,NA,NA,600,600,280,280,511,515,459,498,525,473,422,542,461,683,662,597,527,1.42,4.25,1.3,8.05,6.5,6.77,6.67,6,7.84,4.19,3.61,8.75,5.88,5.5,7.4,6.53,5.57,63518.9765625,125206,64036.7578125,116387,18852,12592,16296,7538,8812,5727,6533,6084,8248,14302,6734,8151,12106,NA
"04-MAR-2024",2024-03-04 10:37:06,"2024-03-04","10H 37M 6S","Unknown","2.16.0","Unknown","Unknown",600,280,511,515,459,498,525,473,422,542,461,683,662,597,527,5.15,8.5,7.76,10.78,12.87,6.69,7.86,4.53,4.15,8.26,5.25,6.72,7.59,8.88,11.29,122369.359375,116170.21875,16728.6591796875,7735.64965820312,8525.7900390625,7391.07006835938,7401.72998046875,3841.5,4435.875,4104,6406.5,11024.4897460938,5167.43505859375,4429.84497070312,5301.7099609375,NA,NA,NA,NA,NA,NA,NA,NA,600,600,280,280,511,515,459,498,525,473,422,542,461,683,662,597,527,1.3,3.98,1.34,7.67,7.9,10.8,13.08,5.83,8.53,4,3.4,8.55,6.1,5.76,7.11,8.49,10.79,63411.384765625,126367.5,63922.5625,118828.5,17689.5,8215,9158.5,7531,7634.5,5746,6725,6161.5,7998.5,14388,6769,5774.5,6904.5,NA
"04-MAR-2024",2024-03-04 10:36:35,"2024-03-04","10H 36M 35S","Unknown","2.16.0","Unknown","Unknown",600,280,511,515,459,498,525,473,422,542,461,683,662,597,527,5.24,9.09,6.75,9.91,11.98,6.64,8.15,4.4,4.01,7.45,5.37,5,6.57,8.02,10.7,122930.65234375,116574.06640625,17714.580078125,8430.6298828125,9582.2998046875,7493.57006835938,7611.64990234375,4173,4743,4400.25,6979.875,14039.0146484375,6570.66015625,5819.94995117188,7196.52490234375,NA,NA,NA,NA,NA,NA,NA,NA,600,600,280,280,511,515,459,498,525,473,422,542,461,683,662,597,527,1.42,4.01,1.42,8.05,7.58,10.33,13.08,5.91,8.56,4.14,3.44,8.24,5.92,5.5,7.2,8.16,10.94,63784.3046875,125907,64488.859375,118220,18112.5,8661,9937,7546,7670.5,5798,6758,6162,8061,14473,6788,5931.5,7398.5,NA
"29-FEB-2024",2024-02-29 10:48:36,"2024-02-29","10H 48M 36S","Unknown","2.16.0","Unknown","Unknown",600,280,511,515,459,498,525,473,422,542,461,683,662,597,527,3.88,8.09,8.36,11.67,14.01,5.22,7.25,7.71,7.4,9.63,5.99,6.03,7.37,8.91,11.64,126445.6484375,116943.890625,16620.240234375,8122.52978515625,9175.52978515625,7568.60009765625,7656.75,3678,4305.75,3970.5,6340.125,11583.3203125,5459.35498046875,4927.7900390625,6103.26000976562,NA,NA,NA,NA,NA,NA,NA,NA,600,600,280,280,511,515,459,498,525,473,422,542,461,683,662,597,527,1.2,3.01,1.45,7.01,8.19,11.5,13.89,4.53,7.79,6.87,6.59,9.83,5.54,5.71,7.46,8.54,11.26,63715.611328125,129873,64564.373046875,118323,17753,8764,10117,7621,7756.5,6000,7087.5,6380,8569,14555,6851,6196,7694,NA
"29-FEB-2024",2024-02-29 10:47:54,"2024-02-29","10H 47M 54S","Unknown","2.16.0","Unknown","Unknown",600,280,511,515,459,498,525,473,422,542,461,683,662,597,527,4.02,8.05,7.53,11.03,13.52,5.23,7.26,7.64,7.39,10.01,5.95,5.47,6.67,8.33,11.03,127006.9453125,118445.71875,17439.240234375,8566.7392578125,9783.5400390625,7646.5,7774.419921875,4048.5,4648.5,4267.5,6937.5,14008.8798828125,6558.77001953125,6022.48974609375,7441.91015625,NA,NA,NA,NA,NA,NA,NA,NA,600,600,280,280,511,515,459,498,525,473,422,542,461,683,662,597,527,1.27,3.01,1.45,7.08,8.26,11.63,14.2,4.73,7.83,7.08,6.51,10.19,5.49,5.91,7.23,8.72,11.36,64115.72265625,129754,65339.3359375,118493,17712,8769,10137,7621,7749,5993,7065,6372,8557,14550,6830,6190,7701,NA
"28-FEB-2024",2024-02-28 09:48:31,"2024-02-28","9H 48M 31S","Unknown","2.16.0","Unknown","Unknown",600,280,511,515,459,498,525,473,422,542,461,683,662,597,527,6.25,10.21,7.93,11.17,13.87,8.05,9.26,4.42,4.18,7.84,5.5,6.84,8.17,9.24,12.15,120923.3984375,114104.640625,17420.51953125,8630.69921875,10086.1796875,7311.1201171875,7507.919921875,3872.25,4252.5,4041.75,6426.75,11057.7001953125,5201.259765625,4744.10986328125,6038.89013671875,NA,NA,NA,NA,NA,NA,NA,NA,600,600,280,280,511,515,459,498,525,473,422,542,461,683,662,597,527,1.5,4.88,1.49,9,7.82,11.45,14.17,7.16,9.01,4.2,3.63,8.76,6.16,5.89,7.56,8.72,11.55,63451.73046875,124808,63806.8046875,117003,18340,9153,10818,7493,7697,5575,6249,5890,7753,14317,6766,6188,7872,NA
"28-FEB-2024",2024-02-28 09:47:46,"2024-02-28","9H 47M 46S","Unknown","2.16.0","Unknown","Unknown",600,280,511,515,459,498,525,473,422,542,461,683,662,597,527,6.49,10.11,6.56,10.27,12.77,7.94,8.64,3.99,3.47,6.97,5.15,5.21,6.91,8.06,11.04,121452.5,115018.94140625,17934.1494140625,8880.68994140625,10366.9794921875,7423.4599609375,7616.16015625,4208.25,4608,4416,7018.5,13855.1298828125,6510.80004882812,6042.169921875,7602.6298828125,NA,NA,NA,NA,NA,NA,NA,NA,600,600,280,280,511,515,459,498,525,473,422,542,461,683,662,597,527,1.5,5.01,1.45,8.89,7.52,10.87,13.27,6.88,8.96,4.09,3.43,8.11,6.21,5.68,7.54,8.6,11.14,63866.40625,124514.5,64597.423828125,116265,18283.5,9112,10752,7474,7684.5,5576,6259,5889,7749.5,14288,6728,6178.5,7813,NA
"27-FEB-2024",2024-02-27 09:54:26,"2024-02-27","9H 54M 26S","Unknown","2.16.0","Unknown","Unknown",600,280,511,515,459,498,525,473,422,542,461,683,662,597,527,4.96,8.75,5.9,8.03,9.07,6.21,7.72,6.33,6.25,9.16,5.77,6.48,8.16,8.47,9.06,121367.40234375,113595.01171875,17535.5693359375,10548.7197265625,13144.1694335938,7348.83984375,8098.31982421875,3697.125,4101,3919.5,6429,10815.3896484375,5174.2001953125,5502.40502929688,7930.01489257812,NA,NA,NA,NA,NA,NA,NA,NA,600,600,280,280,511,515,459,498,525,473,422,542,461,683,662,597,527,1.36,4.03,1.19,7.79,6.19,8.33,9.5,5.57,7.92,5.77,5.46,9.36,5.61,5.61,7.84,7.53,8.32,63307.6640625,125649.5,63526.5625,116939.5,18614,11260.5,14101.5,7509,8366,5861,6649,6272,8644,14392,6816.5,7400,10477,NA
"27-FEB-2024",2024-02-27 09:53:32,"2024-02-27","9H 53M 32S","Unknown","2.16.0","Unknown","Unknown",600,280,511,515,459,498,525,473,422,542,461,683,662,597,527,5.49,9.14,5.73,7.63,8.88,6.66,8.18,6.88,6.53,9.13,6,5.29,6.87,7.16,7.9,122213.59375,115317.83203125,18165.029296875,10946.1293945312,13607.8798828125,7446.419921875,8281.58984375,3958.5,4359.75,4177.5,6935.25,13827.25,6501.57495117188,7179.509765625,10103.2197265625,NA,NA,NA,NA,NA,NA,NA,NA,600,600,280,280,511,515,459,498,525,473,422,542,461,683,662,597,527,1.45,4.19,1.36,7.98,6.64,8.74,9.82,5.92,8.23,6.17,5.89,9.13,5.56,5.74,7.62,7.6,8.32,63692.232421875,125834,64397.966796875,117040.5,18655,11308.5,14186.5,7519.5,8373,5873.5,6645.5,6253,8644,14385,6784.5,7412,10477.5,NA
"26-FEB-2024",2024-02-26 11:45:15,"2024-02-26","11H 45M 15S","Unknown","2.16.0","Unknown","Unknown",600,280,511,515,459,498,525,473,422,542,461,683,662,597,527,5.6,10.3,7.5,8.26,8.31,7.24,8.69,10.71,10.31,12.48,6.74,7.74,8.89,8.29,7.83,122377.5,114435.1015625,17585.099609375,10724.2197265625,13707.7197265625,7370.97998046875,8188.52001953125,3583.5,4078.5,3812.25,6267.75,10717.8095703125,4929.83984375,5362.39013671875,7973.6796875,NA,NA,NA,NA,NA,NA,NA,NA,600,600,280,280,511,515,459,498,525,473,422,542,461,683,662,597,527,1.37,4.47,1.6,8.91,7.53,8.47,8.76,6.26,8.61,9.91,9.5,11.83,5.85,6.76,8.56,7.28,6.88,63298.55859375,126583,63363.46484375,117877,18673,11460,14761,7583,8468,5759,6587,6128,8637,14309,6720,7372,10709,NA
"26-FEB-2024",2024-02-26 11:44:21,"2024-02-26","11H 44M 21S","Unknown","2.16.0","Unknown","Unknown",600,280,511,515,459,498,525,473,422,542,461,683,662,597,527,5.5,9.65,5.96,6.94,7.3,6.64,7.89,10.04,10.05,11.62,6.68,5.91,7.24,6.33,6.23,123010.203125,115908.640625,18117.83984375,11045.580078125,14085.2392578125,7484.14013671875,8371.3798828125,3778.5,4181.25,4008.75,6693.75,13676.7802734375,6423.4697265625,7072.91015625,10244.669921875,NA,NA,NA,NA,NA,NA,NA,NA,600,600,280,280,511,515,459,498,525,473,422,542,461,683,662,597,527,1.38,4.36,1.42,8.36,7.01,7.89,8.27,5.95,7.99,9.34,9.2,11.52,5.94,6.39,7.58,6.86,6.66,63688.27734375,126471,64422.21484375,117608,18661,11428,14712,7551,8444,5714,6511,6115,8614,14265,6724,7330,10681,NA
"22-FEB-2024",2024-02-22 13:08:50,"2024-02-22","13H 8M 50S","Unknown","2.16.0","Unknown","Unknown",600,280,511,515,459,498,525,473,422,542,461,683,662,597,527,5.56,9.36,5.9,6.28,6.14,6.76,7.85,8.93,8.76,10.61,6.38,6.03,7.66,6.3,5.75,125250.55078125,116665.08984375,18110.0390625,10639.9794921875,13231.919921875,7548.51000976562,8264.7802734375,3921.75,4245.375,4118.25,6800.625,13521.5952148438,6329.78491210938,6854.3798828125,9540.9052734375,NA,NA,NA,NA,NA,NA,NA,NA,600,600,280,280,511,515,459,498,525,473,422,542,461,683,662,597,527,1.49,4.15,1.49,8.12,7.02,7.25,7.28,6.07,7.58,8.4,8.22,10.66,5.58,6.69,8.38,7,6.32,64149.0703125,127712.5,65179.513671875,116899,18520,10975,13786,7536,8271,5854,6542,6224,8569,14230.5,6663,7158,10022,NA
"22-FEB-2024",2024-02-22 13:07:25,"2024-02-22","13H 7M 25S","Unknown","2.16.0","Unknown","Unknown",600,280,511,515,459,498,525,473,422,542,461,683,662,597,527,5.53,9.35,6.65,7,6.78,6.85,7.68,8.56,8.52,10.77,6.27,7.59,8.58,7.81,7.31,123615.5234375,114041.5,17296.5,10170.419921875,12776.3994140625,7402.14013671875,8024.52001953125,3678,3980.25,3831,6299.25,10637.8603515625,4979.0400390625,5286.9501953125,7573.93017578125,NA,NA,NA,NA,NA,NA,NA,NA,600,600,280,280,511,515,459,498,525,473,422,542,461,683,662,597,527,1.42,4.13,1.46,8.18,6.87,7.01,7.26,6.1,7.62,7.94,7.8,10.64,5.73,6.41,8.17,6.92,6.25,63550.83984375,127332,63857.8828125,116634,18472,10940,13769,7534,8228,5845,6497,6173,8568,14147,6658,7109,9983,NA
"21-FEB-2024",2024-02-21 09:37:04,"2024-02-21","9H 37M 4S","Unknown","2.16.0","Unknown","Unknown",600,280,511,515,459,498,525,473,422,542,461,683,662,597,527,4.51,8.2,5.89,5.94,6.04,5.65,7.54,10.5,10.18,11.67,6.33,5.5,7.06,5.58,5.33,123855.28125,115749.5625,18069.478515625,10633.7392578125,13411.3193359375,7547.27978515625,8254.939453125,3686.25,4094.25,3906.75,6661.5,13749.349609375,6438.22998046875,7013.8701171875,9863.7802734375,NA,NA,NA,NA,NA,NA,NA,NA,600,600,280,280,511,515,459,498,525,473,422,542,461,683,662,597,527,1.36,3.43,1.33,7.04,6.57,7.24,7.19,5.07,7.94,9.92,9.58,10.64,5.01,6.16,7.88,5.95,5.59,63617.65625,127517,64454.5859375,117462,18583,11004,13979,7607,8386,5587,6376,5975,8616,14363,6775,7304,10317,NA
"21-FEB-2024",2024-02-21 09:36:40,"2024-02-21","9H 36M 40S","Unknown","2.16.0","Unknown","Unknown",600,280,511,515,459,498,525,473,422,542,461,683,662,597,527,5.06,8.32,6.57,6.85,6.94,5.94,7.08,10.79,10.83,11.56,7.3,7.07,8.03,7.29,7.04,122319.78125,114185,17422.080078125,10225.7998046875,12899.6396484375,7404.60009765625,8071.259765625,3371.25,3839.25,3673.5,6165,10577.58984375,5059.81005859375,5452.58984375,7585.41015625,NA,NA,NA,NA,NA,NA,NA,NA,600,600,280,280,511,515,459,498,525,473,422,542,461,683,662,597,527,1.46,3.86,1.45,7.43,6.86,7.09,7.37,5.44,7.76,9.95,9.58,11.44,5.57,5.93,7.94,6.27,5.58,63044.38671875,126980,63556.28125,117386,18511,10938,13918,7609,8354,5514,6286,5935,8648,14303,6718,7286,10285,NA
"20-FEB-2024",2024-02-20 10:11:48,"2024-02-20","10H 11M 48S","Unknown","2.16.0","Unknown","Unknown",600,280,511,515,459,498,525,473,422,542,461,683,662,597,527,4.78,8.3,6.08,6.58,6.65,5.88,7.29,10.89,11.13,12.43,7.06,5.87,7.27,5.83,5.48,123795.34375,116025.078125,17930.638671875,11022.1796875,14196.779296875,7531.69970703125,8418.939453125,3675.75,4067.25,3909,6600.75,13587.8095703125,6368.52978515625,7167.6201171875,10384.8896484375,NA,NA,NA,NA,NA,NA,NA,NA,600,600,280,280,511,515,459,498,525,473,422,542,461,683,662,597,527,1.41,3.48,1.47,7.04,7.15,7.64,7.64,5.38,7.73,10.23,10.18,11.9,5.86,6.38,7.84,6.35,5.97,63479.16796875,127514,64369.21484375,117650,18498,11445,14890,7609,8530,5567,6351,5969,8575,14296,6712,7492,10929,NA
"20-FEB-2024",2024-02-20 10:10:36,"2024-02-20","10H 10M 36S","Unknown","2.16.0","Unknown","Unknown",600,280,511,515,459,498,525,473,422,542,461,683,662,597,527,4.14,7.75,5.57,6.04,6.06,5,6.64,8.83,8.6,10.73,6.21,7.14,8.51,7.57,7.05,122598.0234375,113337.9375,17184.1796875,10580.69921875,13698.359375,7348.02001953125,8236.080078125,3437.25,3840.75,3678.75,6159,10090.099609375,4721.14990234375,5342.2998046875,7826.89990234375,NA,NA,NA,NA,NA,NA,NA,NA,600,600,280,280,511,515,459,498,525,473,422,542,461,683,662,597,527,1.27,3.13,1.06,7,5.93,6.21,6.45,4.76,7.28,8.15,8.07,10.66,5.67,5.69,7.57,6.26,5.68,62991.6796875,127427,63063.41015625,117533,18370,11359,14807,7592,8534,5494,6266,5882,8583,14241,6681,7455,10876,NA
"19-FEB-2024",2024-02-19 10:56:24,"2024-02-19","10H 56M 24S","Unknown","2.16.0","Unknown","Unknown",600,280,511,515,459,498,525,473,422,542,461,683,662,597,527,4.6,8.75,5.76,6.25,6.27,5.86,6.96,11.64,11.29,13.19,7.25,5.53,6.86,5.92,5.16,124577.5234375,117410.0625,18576.478515625,12551.759765625,16369.859375,7576.7998046875,8993.759765625,3657.75,4098.75,3894.75,6672.75,13762.8798828125,6457.08984375,8039.68994140625,12051.5400390625,NA,NA,NA,NA,NA,NA,NA,NA,600,600,280,280,511,515,459,498,525,473,422,542,461,683,662,597,527,1.44,3.43,1.47,7.73,6.74,7.39,7.17,5.11,7.41,10.68,10.31,12.32,5.93,5.87,7.48,6.49,5.33,63569.7734375,128288,64300.42578125,119418,19151,13014,17115,7664,9109,5523,6382,5923,8682,14342,6735,8339,12582,NA
"19-FEB-2024",2024-02-19 10:55:47,"2024-02-19","10H 55M 47S","Unknown","2.16.0","Unknown","Unknown",600,280,511,515,459,498,525,473,422,542,461,683,662,597,527,4.23,8.11,6.39,6.62,6.74,5.97,6.96,11.55,11.63,12.69,6.94,6.8,7.48,6.33,6.39,122916.9609375,114581.0625,17893.978515625,12128.2197265625,15813.7197265625,7388.19970703125,8748.580078125,3369.75,3852.75,3619.5,6213,10719.4501953125,5118.43994140625,6188.94970703125,9356.2001953125,NA,NA,NA,NA,NA,NA,NA,NA,600,600,280,280,511,515,459,498,525,473,422,542,461,683,662,597,527,1.19,3.28,1.45,6.89,6.55,7.1,7.32,5.05,7.2,10.74,10.68,12.24,5.78,6.08,7.35,5.64,5.22,63034.12890625,127612,63360.625,118188,19039,12962,17050,7601,9039,5452,6291,5874,8670,14303,6758,8339,12574,NA
"16-FEB-2024",2024-02-16 10:49:13,"2024-02-16","10H 49M 13S","Unknown","2.16.0","Unknown","Unknown",600,280,511,515,459,498,525,473,422,542,461,683,662,597,527,4.82,8.71,6.19,6.72,7.08,6.15,7.32,10.26,10.47,12.22,6.84,6.07,7.66,6.62,6.01,124475.76953125,116015.23828125,17938.0498046875,10827.9594726562,13560.689453125,7510.78979492188,8357.02978515625,3748.125,4203.75,3972.375,6701.25,13699.125,6433.71997070312,7113.705078125,9973.044921875,NA,NA,NA,NA,NA,NA,NA,NA,600,600,280,280,511,515,459,498,525,473,422,542,461,683,662,597,527,1.48,3.59,1.48,7.48,7.28,7.69,8.08,5.35,7.78,9.74,9.74,12.09,6.1,6.3,8.38,6.79,6.35,63688.59765625,127915.5,64604.990234375,117403.5,18426.5,11185,14117,7570.5,8417.5,5675,6563.5,6077,8639,14280.5,6731.5,7352.5,10405.5,NA
"16-FEB-2024",2024-02-16 10:48:48,"2024-02-16","10H 48M 48S","Unknown","2.16.0","Unknown","Unknown",600,280,511,515,459,498,525,473,422,542,461,683,662,597,527,4.14,8.8,6.84,7.37,7.79,5.54,6.54,10.13,10.14,11.23,6.46,6.28,8.18,7.27,6.94,124422.125,115512.578125,17557.01953125,10570.5595703125,13295.8798828125,7466.10009765625,8271.33984375,3579,4089.75,3823.5,6354,10981.439453125,5157.7998046875,5612.89990234375,8063.8798828125,NA,NA,NA,NA,NA,NA,NA,NA,600,600,280,280,511,515,459,498,525,473,422,542,461,683,662,597,527,1.36,3.05,1.44,7.54,7.07,7.51,8.16,4.92,6.83,9.23,9.33,11.25,5.58,6.21,7.32,6.42,5.93,63495.41796875,128345,63908.89453125,118230,18645,11308,14346,7620,8445,5766,6661,6152,8739,14406,6785,7435,10522,NA
"15-FEB-2024",2024-02-15 09:51:34,"2024-02-15","9H 51M 34S","Unknown","2.16.0","Unknown","Unknown",600,280,511,515,459,498,525,473,422,542,461,683,662,597,527,5.62,6.29,4.27,4.83,4.91,3.84,6.28,5.57,5.26,8.64,5.61,4.98,6.71,5.81,5.24,126884.84375,119370.6796875,18046.080078125,10896.599609375,13709.279296875,7753.10009765625,8556.7001953125,3949.5,4331.25,4133.25,6781.5,13671.0400390625,6423.8798828125,6982.7099609375,9889.6103515625,NA,NA,NA,NA,NA,NA,NA,NA,600,600,280,280,511,515,459,498,525,473,422,542,461,683,662,597,527,2.12,3.11,0.84,5.91,4.94,5.25,5.56,4.21,6.96,5.6,5.11,9.58,5.67,5.3,6.86,6.41,5.69,63721.48828125,130235,65958.0703125,118738,18367,11187,14191,7671,8483,5935,6706,6312,8606,14311,6747,7281,10350,NA
"15-FEB-2024",2024-02-15 09:50:50,"2024-02-15","9H 50M 50S","Unknown","2.16.0","Unknown","Unknown",600,280,511,515,459,498,525,473,422,542,461,683,662,597,527,5.16,6.72,5.68,6.23,6.45,4.25,5.84,6.39,6.12,8.3,5.68,9.45,10,10.62,9.18,124277.8203125,115553.578125,16780.919921875,10130.6396484375,12864.5390625,7458.7197265625,8216.400390625,3565.5,3963,3804,6229.5,10600.5498046875,5020.0400390625,5372.64013671875,7765.39990234375,NA,NA,NA,NA,NA,NA,NA,NA,600,600,280,280,511,515,459,498,525,473,422,542,461,683,662,597,527,1.86,3.3,1.2,5.98,4.54,5.17,5.44,3.86,6.53,5.82,5.63,9.31,5.09,5.23,6.91,6.03,4.83,63227.38671875,128631,64295.0390625,117397,18142,11063,14092,7570,8397,5805,6562,6166,8619,14121,6626,7151,10200,NA
"14-FEB-2024",2024-02-14 09:46:48,"2024-02-14","9H 46M 48S","Unknown","2.16.0","Unknown","Unknown",600,280,511,515,459,498,525,473,422,542,461,683,662,597,527,4.31,8.21,5.96,6.72,6.71,5.36,7.03,8.78,8.78,10.8,6.31,5.38,7.09,5.93,5.51,125267.94140625,117813.08984375,18401.7587890625,11276.4599609375,14206.9194335938,7613.28979492188,8553.830078125,3940.125,4422.375,4138.875,6850.125,13936.9248046875,6549.75,7367.2900390625,10518.5498046875,NA,NA,NA,NA,NA,NA,NA,NA,600,600,280,280,511,515,459,498,525,473,422,542,461,683,662,597,527,1.4,3.15,1.49,7.1,7.14,8.07,7.83,5.03,7.44,8.34,8.18,11.05,5.6,5.9,7.68,6.34,5.88,63677.28125,128790.5,64668.755859375,119114.5,18857,11664,14827.5,7671,8623.5,5953,6876.5,6318.5,8749,14480.5,6804.5,7581,10899.5,NA
"14-FEB-2024",2024-02-14 09:46:18,"2024-02-14","9H 46M 18S","Unknown","2.16.0","Unknown","Unknown",600,280,511,515,459,498,525,473,422,542,461,683,662,597,527,4.43,8.51,7.27,7.44,7.33,5.62,7.01,8.64,8.51,10.62,6.22,6.67,8.22,7.26,6.81,124394,116242.3828125,17929.080078125,10986.2998046875,13873.859375,7534.16015625,8445.1796875,3732,4257.75,3936,6416.25,11123.7099609375,5223.81005859375,5810.52001953125,8364.8203125,NA,NA,NA,NA,NA,NA,NA,NA,600,600,280,280,511,515,459,498,525,473,422,542,461,683,662,597,527,1.35,3.31,1.49,7.13,7.2,7.77,7.75,5.03,7.41,8.22,7.76,11.04,5.66,6.2,7.6,6.63,5.77,63212.65625,128828,63810.9375,119004,18914,11683,14915,7686,8622,5955,6899,6327,8781,14468,6793,7604,10916,NA
"13-FEB-2024",2024-02-13 09:45:56,"2024-02-13","9H 45M 56S","Unknown","2.16.0","Unknown","Unknown",600,280,511,515,459,498,525,473,422,542,461,683,662,597,527,4.96,8.4,5.69,6.07,5.95,6.15,7.29,5.96,5.71,8.54,5.4,5.15,6.59,5.69,5.05,123847.140625,117751.1796875,18890.818359375,11555.69921875,14522.0390625,7604.68017578125,8520.6201171875,4181.25,4636.5,4375.5,7017,13937.5400390625,6541.9599609375,7323.830078125,10478.7802734375,NA,NA,NA,NA,NA,NA,NA,NA,600,600,280,280,511,515,459,498,525,473,422,542,461,683,662,597,527,1.59,3.52,1.44,7.23,6.68,7.11,7.09,5.41,7.3,5.05,4.66,8.81,5.37,5.73,7.27,6.2,5.61,63840.4296875,126988,64739.52734375,118956,19324,11906,15150,7653,8570,6044,6900,6377,8479,14343,6753,7487,10779,NA
"13-FEB-2024",2024-02-13 09:45:22,"2024-02-13","9H 45M 22S","Unknown","LSRII","1","Administrator",600,280,511,515,459,498,525,473,422,542,461,683,662,597,527,4.96,8.5,6.45,6.92,6.76,6.16,7.31,6.15,5.81,8.88,5.36,6.23,7.61,6.47,6.14,122982.078125,116376.859375,18353.3984375,11162.580078125,14048.5791015625,7516.1201171875,8348.419921875,3903.75,4402.5,4117.5,6491.25,11206.1201171875,5222.98974609375,5821.18017578125,8431.650390625,55.91,0,20.61,38.4,0.78,0.82,0.75,0.41,600,600,280,280,511,515,459,498,525,473,422,542,461,683,662,597,527,1.5,3.64,1.43,7.37,6.6,6.94,7.13,5.55,7.56,5.26,4.58,8.86,5.33,5.74,7.35,6.07,5.57,63376.5234375,126883,64013.703125,118704,19331,11834,15062,7641,8575,6034,6891,6375,8487,14326,6759,7478,10812,NA
"12-FEB-2024",2024-02-12 10:02:42,"2024-02-12","10H 2M 42S","Unknown","2.16.0","Unknown","Unknown",600,280,511,515,459,498,525,473,422,542,461,683,662,597,527,5.68,9.36,5.7,6.04,6.3,6.81,7.94,5.3,4.8,8.12,5.57,5.15,6.92,5.91,5.42,122454.4609375,116448.1953125,18694.259765625,10696.919921875,13161.7197265625,7565.31982421875,8240.1796875,4174.5,4659,4410,7072.5,13924.830078125,6547.69970703125,6897.83984375,9569.8095703125,NA,NA,NA,NA,NA,NA,NA,NA,600,600,280,280,511,515,459,498,525,473,422,542,461,683,662,597,527,1.45,4.53,1.43,8.28,6.73,7.11,7.43,6.07,8.13,4.55,3.88,8.66,5.83,5.84,7.45,6.31,5.68,63769.890625,125776,64360.54296875,118395,19219,11066,13754,7641,8338,5998,6872,6385,8475,14375,6764,7069,9866,NA
"12-FEB-2024",2024-02-12 10:01:38,"2024-02-12","10H 1M 38S","Unknown","2.16.0","Unknown","Unknown",600,280,511,515,459,498,525,473,422,542,461,683,662,597,527,5.15,8.7,6.05,6.46,6.7,6.45,7.68,5.1,4.57,8.21,5.48,6.47,8.01,6.91,6.52,121282.671875,114458.46875,18021.8984375,10317.83984375,12761.189453125,7403.77978515625,8060.60009765625,3917.25,4477.5,4200.75,6546.75,10784.2299804688,5139.96508789062,5245.3349609375,7467.53491210938,NA,NA,NA,NA,NA,NA,NA,NA,600,600,280,280,511,515,459,498,525,473,422,542,461,683,662,597,527,1.35,4.12,1.21,7.81,6.25,6.73,7.06,5.77,7.92,4.43,3.76,8.42,5.44,5.7,7.64,6.27,5.79,63268.62890625,125490,63402.16796875,118080.5,19118.5,11034,13740.5,7613,8336,5993,6892,6397.5,8483.5,14368,6740.5,7051.5,9836,NA
"08-FEB-2024",2024-02-08 11:45:44,"2024-02-08","11H 45M 44S","Unknown","2.16.0","Unknown","Unknown",600,280,511,515,459,498,525,473,422,542,461,683,662,597,527,3.81,6.99,4.27,4.91,5.03,4.21,6.77,6.41,6.48,9.45,5.37,4.76,6.53,5.65,5.03,122603.203125,114087.421875,18110.0390625,10409.8798828125,13001.0390625,7397.2197265625,8076.1796875,3711,4151.25,3920.25,6651,13742.7900390625,6412.39990234375,6830.18994140625,9495.599609375,NA,NA,NA,NA,NA,NA,NA,NA,600,600,280,280,511,515,459,498,525,473,422,542,461,683,662,597,527,1.47,2.73,0.91,6.49,4.99,5.39,5.7,4.25,7.07,6.48,5.65,9.31,5.11,5,7.21,5.8,5.45,63613.81640625,126034,64045.79296875,116773,18647,10807,13650,7529,8219,5631,6505,6033,8649,14343,6720,7081,9907,NA
"08-FEB-2024",2024-02-08 11:44:18,"2024-02-08","11H 44M 18S","Unknown","2.16.0","Unknown","Unknown",600,280,511,515,459,498,525,473,422,542,461,683,662,597,527,4.11,7.56,4.56,4.98,5.16,4.43,6.54,6.77,6.41,9.09,5.94,6.87,8.27,7.48,6.83,120586.33203125,112325.23828125,17250.869140625,9931.349609375,12448.4096679688,7243.8798828125,7940.46997070312,3499.5,3949.125,3665.25,6182.25,10098.7099609375,4816.06494140625,4892.73486328125,7065.93994140625,NA,NA,NA,NA,NA,NA,NA,NA,600,600,280,280,511,515,459,498,525,473,422,542,461,683,662,597,527,1.34,3.01,0.9,6.91,4.64,5.34,5.75,4.27,7.29,6.34,5.91,9.3,5.94,5.26,7.57,5.85,5.27,62906.13671875,125540.5,62966.3671875,116859.5,18498,10702.5,13506.5,7509,8248.5,5576,6412,5907.5,8616,14229,6687.5,7006,9823,NA
"07-FEB-2024",2024-02-07 10:01:15,"2024-02-07","10H 1M 15S","Unknown","2.16.0","Unknown","Unknown",600,280,511,515,459,498,525,473,422,542,461,683,662,597,527,4.85,8.66,6.35,6.92,6.85,6.12,7.36,11.13,10.79,12.59,6.81,6.15,7.9,6.29,5.9,123898.9453125,116043.1171875,18154.8896484375,12409.7993164062,15749.3696289062,7542.77001953125,8953.990234375,3756,4221.75,3939.75,6775.125,13710.3994140625,6437.40991210938,7978.59985351562,11926.28515625,NA,NA,NA,NA,NA,NA,NA,NA,600,600,280,280,511,515,459,498,525,473,422,542,461,683,662,597,527,1.5,3.51,1.49,7.35,7.37,7.85,7.96,5.31,7.66,10.46,9.95,12.15,5.66,6.72,8.35,6.69,6.26,63615.486328125,127520,64446.501953125,117666,18706.5,12876.5,16456.5,7623,9033.5,5702.5,6607.5,6038,8780,14325,6745.5,8280,12466.5,NA
"07-FEB-2024",2024-02-07 10:00:40,"2024-02-07","10H 0M 40S","Unknown","2.16.0","Unknown","",600,280,511,515,459,498,525,473,422,542,461,683,662,597,527,4.72,8.39,7.17,7.65,7.39,5.91,7.14,10.77,10.98,12.33,6.84,7.59,8.74,7.29,6.96,122534.75390625,113690.5390625,17444.3095703125,11904.7495117188,15149.939453125,7349.66015625,8705.93994140625,3510,4019.625,3709.875,6316.875,10573.900390625,4956.07983398438,6079.89013671875,9212.2900390625,NA,NA,NA,NA,NA,NA,NA,NA,600,600,280,280,511,515,459,498,525,473,422,542,461,683,662,597,527,1.38,3.6,1.46,7.21,7.26,7.81,7.94,5.01,7,10.13,10.07,12.16,5.8,6.75,7.93,6.63,5.89,63023.986328125,127227.5,63388.869140625,117215.5,18554.5,12706,16289.5,7574,8978,5635,6523.5,5988,8757.5,14172.5,6646,8223.5,12382,NA
"02-FEB-2024",2024-02-02 09:50:05,"2024-02-02","9H 50M 5S","Unknown","2.16.0","Unknown","Unknown",600,280,511,515,459,498,525,473,422,542,461,683,662,597,527,6,9.77,6.08,6.33,6.27,7.21,7.8,7.4,7.27,9.88,5.74,5.91,7.47,6,5.58,122135.89453125,115518.3203125,18474.298828125,12487.7998046875,16058.6396484375,7451.33984375,8747.759765625,4059,4495.5,4231.5,6955.5,13473.009765625,6344.33984375,7813.98486328125,11664.294921875,NA,NA,NA,NA,NA,NA,NA,NA,600,600,280,280,511,515,459,498,525,473,422,542,461,683,662,597,527,1.4,4.81,1.42,8.6,7.03,7.53,7.46,6.34,7.89,6.81,6.42,10.05,5.45,6.42,8.07,6.49,6,63695.296875,125387.5,64495.986328125,117180.5,18888.5,12889,16700,7518,8821,5963,6786,6256,8592,13938.5,6586,8018,12043,NA
"02-FEB-2024",2024-02-02 09:49:31,"2024-02-02","9H 49M 31S","Unknown","2.16.0","Unknown","Unknown",600,280,511,515,459,498,525,473,422,542,461,683,662,597,527,5.83,9.08,6.75,7.08,6.98,7.25,7.74,7.39,7.08,9.76,6.17,7.56,9.04,7.64,7.13,121345.19921875,113064.46875,17932.5888671875,12201.1499023438,15693.599609375,7305.78979492188,8562.849609375,3888.375,4335.75,4038.375,6559.5,10575.1298828125,4958.1298828125,6057.13500976562,9250.21484375,NA,NA,NA,NA,NA,NA,NA,NA,600,600,280,280,511,515,459,498,525,473,422,542,461,683,662,597,527,1.29,4.67,1.41,8,6.96,7.32,7.39,6.39,8.11,6.71,6.27,9.92,5.59,6.57,8.4,6.77,6.01,63189.361328125,125699.5,63278.5859375,116884.5,18949,12976,16840.5,7512.5,8821,5970,6774.5,6256,8659.5,14003.5,6566,8111.5,12126.5,NA
"31-JAN-2024",2024-01-31 09:53:00,"2024-01-31","9H 53M 0S","Unknown","2.16.0","Unknown","Unknown",600,280,511,515,459,498,525,473,422,542,461,683,662,597,527,5.55,9.3,5.99,6.52,6.33,6.89,7.43,8.95,9.11,11.08,6.91,5.71,7.49,6,5.48,122191.01953125,115372.76953125,18612.359375,12824.3696289062,16576.94921875,7494.38989257812,8851.080078125,3920.625,4399.875,4090.125,6895.125,13478.544921875,6377.5498046875,7993.15478515625,12184.3798828125,NA,NA,NA,NA,NA,NA,NA,NA,600,600,280,280,511,515,459,498,525,473,422,542,461,683,662,597,527,1.78,4.19,1.44,8.21,7.08,7.37,7.73,6.16,7.94,8.65,8.31,10.93,5.94,6.31,8.34,6.49,5.96,63416.966796875,126148,64127.447265625,117687.5,19129,13299,17321,7592,8968.5,5894,6808.5,6195,8742,13993,6632,8220.5,12616,NA
"31-JAN-2024",2024-01-31 09:51:30,"2024-01-31","9H 51M 30S","Unknown","2.16.0","Unknown","Unknown",600,280,511,515,459,498,525,473,422,542,461,683,662,597,527,5.91,9.74,7.12,7.52,7.39,7.17,8.18,9.75,9.75,11.49,6.75,7.55,9.02,7.47,7.48,120370.625,113500.296875,17897.099609375,12281.4897460938,15971.279296875,7316.86010742188,8638.69970703125,3700.875,4198.875,3909,6477.375,10460.125,4945.21484375,6145.89990234375,9309.8701171875,NA,NA,NA,NA,NA,NA,NA,NA,600,600,280,280,511,515,459,498,525,473,422,542,461,683,662,597,527,1.5,4.74,1.41,8.55,7.5,7.75,7.72,6.5,8.19,9.23,9.11,11.24,5.92,6.52,8.8,6.76,6.09,62833.68359375,125323,63313.04296875,117245.5,19022,13173,17199,7547,8915,5815.5,6712.5,6126.5,8791,13898.5,6567,8232.5,12626.5,NA
"29-JAN-2024",2024-01-29 13:33:08,"2024-01-29","13H 33M 8S","Unknown","2.16.0","Unknown","Unknown",600,280,511,515,459,498,525,473,422,542,461,683,662,597,527,5.38,9.73,6.77,7.29,6.98,6.92,7.76,8.13,7.95,10.24,6.29,6.17,7.87,6.42,5.91,121255.6640625,114688.4765625,18301.919921875,12600.119140625,16357.3798828125,7489.06005859375,8881.419921875,4074.75,4629.75,4278,6860.25,13187.240234375,6222.56982421875,7664.1298828125,11876.0595703125,NA,NA,NA,NA,NA,NA,NA,NA,600,600,280,280,511,515,459,498,525,473,422,542,461,683,662,597,527,1.38,4.23,1.54,8.37,7.86,8.32,8.31,6.09,8,7.25,6.77,10.31,5.82,6.88,8.45,7.13,6.64,63312.15234375,125305,63970.1640625,117024,19005,13157,17190,7617,9024,5970,6987,6312,8513,13800,6528,7968,12417,NA
"29-JAN-2024",2024-01-29 13:32:36,"2024-01-29","13H 32M 36S","Unknown","2.16.0","Unknown","Unknown",600,280,511,515,459,498,525,473,422,542,461,683,662,597,527,5.28,9.46,7.91,8.47,8.18,6.56,7.5,7.45,7.26,9.9,5.97,11.3,11.65,11.85,10.33,122133.3046875,114201.3984375,17667.779296875,12198.419921875,15852.7197265625,7455.43994140625,8751.8603515625,3924.75,4519.5,4143.75,6570.75,9831.3896484375,4496.4697265625,5549.35009765625,8893.3095703125,NA,NA,NA,NA,NA,NA,NA,NA,600,600,280,280,511,515,459,498,525,473,422,542,461,683,662,597,527,1.36,4.12,1.54,7.95,7.73,7.99,8.04,5.77,7.32,6.84,6.11,9.61,5.55,7.01,8.08,6.86,6.02,63061.0859375,126671,63370.6015625,117583,19052,13304,17400,7654,9092,5983,6992,6327,8596,13873,6536,8109,12600,NA
"25-JAN-2024",2024-01-25 09:44:29,"2024-01-25","9H 44M 29S","Unknown","2.16.0","Unknown","Unknown",600,280,511,515,459,498,525,473,422,542,461,683,662,597,527,4.4,7.35,4.09,4.74,4.67,4.65,6.79,4.38,3.97,7.33,5.94,5.05,7.25,5.39,5.18,120900.4609375,113406.8203125,18422.818359375,12231.9599609375,15785.6396484375,7371.7998046875,8643.6201171875,4057.5,4594.5,4293.75,7060.5,13822.740234375,6515.31005859375,7895.3701171875,11876.0595703125,NA,NA,NA,NA,NA,NA,NA,NA,600,600,280,280,511,515,459,498,525,473,422,542,461,683,662,597,527,1.4,3.25,0.8,6.97,5.07,5.13,5.61,4.9,7.36,4.54,3.9,8.04,5.9,5.48,7.94,5.74,5.51,63507.98828125,124678,64103.45703125,115923,18878,12602,16449,7504,8838,5977,6953,6382,8648,14329,6776,8141,12291,NA
"25-JAN-2024",2024-01-25 09:43:38,"2024-01-25","9H 43M 38S","Unknown","2.16.0","Unknown","Unknown",600,280,511,515,459,498,525,473,422,542,461,683,662,597,527,5.86,8.88,6.53,6.94,7.02,7.52,7.91,5.37,5.06,8.23,5.51,6.76,8.25,7.14,6.76,120600.390625,112691.78125,17897.490234375,11958.1796875,15466.6196289062,7292.259765625,8527.58984375,3771.75,4397.25,4068.75,6593.25,10915.4296875,5058.98999023438,6103.46484375,9390.6396484375,NA,NA,NA,NA,NA,NA,NA,NA,600,600,280,280,511,515,459,498,525,473,422,542,461,683,662,597,527,1.32,4.56,1.34,7.84,6.65,7.16,7.25,6.57,8.04,4.86,4.64,8.72,5.43,5.96,7.89,6.33,5.94,63119.099609375,125097,63023.18359375,117029,18993.5,12781,16622.5,7547,8818.5,5945,6942.5,6349,8716,14349,6772.5,8268,12414.5,NA
"23-JAN-2024",2024-01-23 11:01:58,"2024-01-23","11H 1M 58S","Unknown","2.16.0","Unknown","Unknown",600,280,511,515,459,498,525,473,422,542,461,683,662,597,527,5.12,9,6.19,6.62,6.48,6.31,7.3,8.93,8.83,10.88,6.34,5.63,7.38,5.89,5.36,123703.2109375,117649.08984375,18627.5693359375,12953.4599609375,16690.0498046875,7597.7099609375,9072.06982421875,3822.375,4364.625,4058.625,6898.5,13800.1899414062,6507.10986328125,8286.919921875,12664.4897460938,NA,NA,NA,NA,NA,NA,NA,NA,600,600,280,280,511,515,459,498,525,473,422,542,461,683,662,597,527,1.41,3.81,1.46,7.88,7.25,7.58,7.68,5.83,7.43,8.88,8.52,11.18,5.66,6.01,8,6.34,5.82,63485.798828125,127560,64019.634765625,120167,19230,13458,17528,7727,9213,5715.5,6726,6149,8810,14452,6833,8623,13254,NA
"23-JAN-2024",2024-01-23 11:00:54,"2024-01-23","11H 0M 54S","Unknown","2.16.0","Unknown","Unknown",600,280,511,515,459,498,525,473,422,542,461,683,662,597,527,4.86,8.53,6.4,6.93,6.82,6.17,7.25,8.9,8.58,10.7,6.23,7.16,8.52,7.59,7.21,121995.29296875,114876.2578125,17841.3291015625,12357.5390625,15974.7895507812,7383.27978515625,8792.8603515625,3565.875,4128.375,3843.75,6423.75,10429.169921875,4814.8349609375,6017.16015625,9302.89990234375,NA,NA,NA,NA,NA,NA,NA,NA,600,600,280,280,511,515,459,498,525,473,422,542,461,683,662,597,527,1.27,3.68,1.25,7.53,6.57,7.16,7.27,5.44,7.83,8.54,8.21,10.67,5.69,6.19,7.97,6.23,5.79,62941.58984375,126906.5,62959.998046875,119266.5,19115.5,13306,17325,7672.5,9199,5628,6617.5,6086.5,8781,14362,6786,8579,13186.5,NA
"18-JAN-2024",2024-01-18 09:02:34,"2024-01-18","9H 2M 34S","Unknown","2.16.0","Unknown","Unknown",600,280,511,515,459,498,525,473,422,542,461,683,662,597,527,4.78,8.61,6.03,6.42,6.29,5.99,7.19,10.84,11.06,11.83,7.16,5.06,6.88,5.41,5.27,121741.1015625,117446.9609375,19544.458984375,12664.0791015625,16245.83984375,7689.14013671875,8930.6201171875,3732.75,4344,4012.5,6759,14238.8896484375,6717.02978515625,8118.81982421875,12115.08984375,NA,NA,NA,NA,NA,NA,NA,NA,600,600,280,280,511,515,459,498,525,473,422,542,461,683,662,597,527,1.47,3.61,1.4,7.41,6.79,7.73,7.53,5.37,7.51,10.58,10.76,12.03,6.1,5.6,7.29,6.14,5.59,63147.76171875,126289,63352.140625,121121,20244,13245,17183,7890,9175,5523,6639,6016,8631,14752,6972,8373,12545,NA
"18-JAN-2024",2024-01-18 09:01:44,"2024-01-18","9H 1M 44S","Unknown","2.16.0","Unknown","Unknown",600,280,511,515,459,498,525,473,422,542,461,683,662,597,527,4.38,7.8,6.09,6.37,6.48,5.17,7.01,9.49,9.76,11.59,6.85,7.13,8.37,7.52,7.09,119956.59375,113745.48046875,18321.029296875,11903.189453125,15449.4594726562,7496.84985351562,8701.01953125,3504.75,4117.125,3766.875,6345.75,10568.5698242188,5060.6298828125,6087.47509765625,8999.294921875,NA,NA,NA,NA,NA,NA,NA,NA,600,600,280,280,511,515,459,498,525,473,422,542,461,683,662,597,527,1.33,3.38,1.29,7,6.04,6.6,6.78,5.12,7.51,9.67,9.44,11.99,5.64,5.34,7.46,6.29,5.33,62511.689453125,125692,62490.583984375,118946.5,20116.5,13161.5,17092.5,7852,9156.5,5451,6505.5,5902.5,8684.5,14725.5,6904.5,8430,12622.5,NA
"17-JAN-2024",2024-01-17 13:41:43,"2024-01-17","13H 41M 43S","Unknown","2.16.0","Unknown","Unknown",600,280,511,515,459,498,525,473,422,542,461,683,662,597,527,4.84,8.32,6.77,7.24,7.29,5.52,7.17,9,8.94,11.12,6.51,5.37,6.97,6.15,5.4,124964.5390625,118929.10546875,18838.55859375,12503.3994140625,15952.9497070312,7751.4599609375,8960.5498046875,3902.25,4512.75,4146,6934.5,14055.8251953125,6618.8349609375,8016.72998046875,11995.9848632812,NA,NA,NA,NA,NA,NA,NA,NA,600,600,280,280,511,515,459,498,525,473,422,542,461,683,662,597,527,1.58,3.39,1.58,7.29,7.96,8.26,8.55,5.07,7.46,9.12,8.67,11.09,6.01,5.93,7.73,6.61,5.95,63544.470703125,128605.5,64281.26171875,121069.5,19416.5,12976,16738.5,7843,9087,5842.5,6957,6259,8854,14583,6883,8257,12438,NA
"17-JAN-2024",2024-01-17 13:40:29,"2024-01-17","13H 40M 29S","Unknown","2.16.0","Unknown","Unknown",600,280,511,515,459,498,525,473,422,542,461,683,662,597,527,4.43,8.22,7.36,7.68,7.59,5.48,6.9,8.84,8.59,10.75,6.21,6.81,8.08,6.92,6.59,123855.28125,117205.8828125,18152.16015625,12029.939453125,15419.0390625,7612.8798828125,8753.5,3671.25,4334.25,3962.25,6481.5,11061.7998046875,5268.91015625,6294.72998046875,9374.240234375,NA,NA,NA,NA,NA,NA,NA,NA,600,600,280,280,511,515,459,498,525,473,422,542,461,683,662,597,527,1.37,3.25,1.45,7.07,7.41,7.9,7.79,4.83,7.23,8.89,8.56,11.18,5.7,5.93,7.68,6.33,5.6,63113.16796875,128428,63328.51953125,120865,19346,12943,16662,7835,9111,5784,6914,6259,8848,14591,6874,8247,12416,NA
"11-JAN-2024",2024-01-11 09:48:10,"2024-01-11","9H 48M 10S","Unknown","2.16.0","Unknown","Unknown",600,280,511,515,459,498,525,473,422,542,461,683,662,597,527,3.91,7.47,5.11,5.24,5.41,5.11,6.71,5.79,5.3,8.16,5.53,5.93,7.75,6.9,6.26,119760.125,110208,17140.5,10923.8994140625,14055.599609375,7070.0400390625,8129.47998046875,3708.75,4173.75,3993,6429,10081.080078125,4737.9599609375,5442.33984375,8005.66015625,NA,NA,NA,NA,NA,NA,NA,NA,600,600,280,280,511,515,459,498,525,473,422,542,461,683,662,597,527,1.06,3.15,0.84,6.97,5.07,5.64,5.91,4.95,7.53,5.76,5.22,8.88,5.67,5.33,7.47,6.25,5.38,62908.14453125,124496,62838.59375,114700,18404,11768,15245,7374,8468,5795,6616,6258,8700,13556,6394,7401,10830,NA
"11-JAN-2024",2024-01-11 09:47:37,"2024-01-11","9H 47M 37S","Unknown","2.16.0","Unknown","Unknown",600,280,511,515,459,498,525,473,422,542,461,683,662,597,527,3.99,7.32,4.08,4.8,4.95,4.85,6.49,5.48,5.28,7.91,5.6,4.99,6.71,5.54,5.34,120016.1640625,111065.71875,17841.71875,11401.6499023438,14612.1293945312,7201.23974609375,8238.1298828125,3847.875,4265.25,4106.25,6826.125,13063.830078125,6126.6298828125,7163.31494140625,10469.14453125,NA,NA,NA,NA,NA,NA,NA,NA,600,600,280,280,511,515,459,498,525,473,422,542,461,683,662,597,527,1.18,3.2,0.86,6.73,5.13,5.57,5.58,4.9,7.32,5.62,5.22,8.57,5.57,5.51,7.22,6.09,5.44,63308.166015625,124129.5,63617.787109375,114540,18333,11788,15254,7362.5,8442.5,5777,6598.5,6212,8680,13545,6365,7363,10810,NA
"10-JAN-2024",2024-01-10 09:46:49,"2024-01-10","9H 46M 49S","Unknown","2.16.0","Unknown","Unknown",600,280,511,515,459,498,525,473,422,542,461,683,662,597,527,3.39,7.12,3.75,3.91,4.01,4.34,6.11,3.68,3.13,7.35,5.44,5.33,7.06,5.67,5.53,124297.0625,113665.12109375,20377.109375,13444.0795898438,16744.259765625,7386.14990234375,8605.490234375,4230.75,4596.75,4478.625,7138.875,12992.28515625,6088.5,7262.53491210938,10585.1748046875,NA,NA,NA,NA,NA,NA,NA,NA,600,600,280,280,511,515,459,498,525,473,422,542,461,683,662,597,527,0.97,2.69,0.87,6.67,4.23,4.63,4.76,4.23,7.13,3.83,3.01,8.28,5.8,5.9,7.86,6.3,5.89,64108.171875,126882.5,64783.453125,115092.5,20213.5,13510.5,17197,7454.5,8684.5,5899,6572,6291,8223.5,13606,6403.5,7539,11058,NA
"10-JAN-2024",2024-01-10 09:46:10,"2024-01-10","9H 46M 10S","Unknown","2.16.0","Unknown","Unknown",600,280,511,515,459,498,525,473,422,542,461,683,662,597,527,3.08,6.98,5.09,5.24,5.31,4.29,6.18,3.64,3.09,7.53,4.97,5.86,7.44,6.75,6.09,123121.203125,112461.359375,18072.9892578125,12029.939453125,15205.7094726562,7305.3798828125,8461.580078125,4004.25,4410.375,4267.5,6682.875,10492.7197265625,4908.52001953125,5730.56982421875,8523.080078125,NA,NA,NA,NA,NA,NA,NA,NA,600,600,280,280,511,515,459,498,525,473,422,542,461,683,662,597,527,0.87,2.45,0.8,6.47,4.13,4.41,4.56,4.18,6.78,3.78,3.02,8.16,5.71,5.83,7.56,6.28,5.84,63684.59765625,126619,64152.701171875,114959,20257,13584,17284,7417,8665,5891,6570,6286,8258,13645.5,6405.5,7610.5,11097.5,NA
"09-JAN-2024",2024-01-09 12:15:04,"2024-01-09","12H 15M 4S","Unknown","2.16.0","Unknown","Unknown",600,280,511,515,459,498,525,473,422,542,461,683,662,597,527,4.3,7.53,3.95,4.55,4.91,5.2,6.62,5.3,5.17,8.21,5.28,4.99,6.7,5.64,5.2,118378.16796875,112197.73046875,18897.44921875,12022.919921875,15321.1494140625,7311.53002929688,8487.8203125,3921,4523.625,4211.25,6794.625,13352.0595703125,6277.71484375,7358.47509765625,10917.0698242188,NA,NA,NA,NA,NA,NA,NA,NA,600,600,280,280,511,515,459,498,525,473,422,542,461,683,662,597,527,1.03,3.55,0.94,6.9,4.76,5.41,5.44,5.01,7.39,5.16,4.89,8.77,5.41,5.49,7.42,5.94,5.45,63124.55078125,122832,63252.9375,116110.5,19532.5,12500.5,16066.5,7545,8765,5887,6977,6372,8636,13715,6457,7501.5,11189.5,NA
"09-JAN-2024",2024-01-09 12:14:31,"2024-01-09","12H 14M 31S","Unknown","2.16.0","Unknown","Unknown",600,280,511,515,459,498,525,473,422,542,461,683,662,597,527,4.32,7.39,5.68,5.72,6.04,5.4,7.01,5.47,5.11,7.96,5.26,9.15,9.62,8.77,8.86,116776.0703125,110629.4765625,17810.1298828125,11580.6596679688,14684.6694335938,7192.6298828125,8373.01953125,3780,4421.25,4062.75,6538.125,9517.53515625,4570.06494140625,5373.2548828125,8071.05493164062,NA,NA,NA,NA,NA,NA,NA,NA,600,600,280,280,511,515,459,498,525,473,422,542,461,683,662,597,527,1.2,3.51,0.97,6.77,5.21,5.37,5.65,4.97,7.67,5.31,5.05,8.89,5.43,5.57,7.24,5.93,5.49,62489.189453125,122398,62010.59375,116810,19677,12760,16361,7570.5,8814.5,5891,7017.5,6370,8841.5,13764,6472,7702,11445.5,NA
"05-JAN-2024",2024-01-05 12:40:39,"2024-01-05","12H 40M 39S","Unknown","2.16.0","Unknown","Unknown",600,280,511,515,459,498,525,473,422,542,461,683,662,597,527,5.77,9.23,7.89,7.85,8.07,7.11,7.84,11.1,11.31,12.9,6.81,9.58,10.27,9.41,9.28,118844,111141.15625,17553.119140625,12394.19921875,16477.5,7304.56005859375,8619.01953125,3555,4120.5,3825.75,6335.25,9954.3896484375,4775.27001953125,5947.8701171875,9377.1103515625,NA,NA,NA,NA,NA,NA,NA,NA,600,600,280,280,511,515,459,498,525,473,422,542,461,683,662,597,527,1.33,4.46,1.52,7.98,8,8.08,8.37,6.09,7.6,10.83,10.98,12.75,5.94,7.18,8.49,7.05,6.59,62619.8359375,124233,62319.1875,116541,18908,13412,17900,7590,9053,5597,6590,6049,8768,13733,6497,8324,13027,NA
"05-JAN-2024",2024-01-05 12:40:05,"2024-01-05","12H 40M 5S","Unknown","2.16.0","Unknown","Unknown",600,280,511,515,459,498,525,473,422,542,461,683,662,597,527,5.22,8.83,6.32,6.73,6.87,6.88,7.81,10.92,11.07,12.17,6.98,6.06,7.31,6.56,5.95,119442.6640625,113023.0625,18199.740234375,12834.8994140625,17057.8203125,7363.60009765625,8828.1201171875,3677.25,4200,3929.25,6743.25,13226.189453125,6217.23974609375,8056.08984375,12562.3994140625,NA,NA,NA,NA,NA,NA,NA,NA,600,600,280,280,511,515,459,498,525,473,422,542,461,683,662,597,527,1.31,4.18,1.35,7.8,7.48,7.96,8.13,5.95,7.56,10.67,10.57,12.24,6.17,6.75,8.01,6.95,6.25,63030.4375,124091,63402.8359375,116468,18765,13337,17807,7569,9025,5572,6553,5986,8751,13718,6461,8297,12975,NA
"04-JAN-2024",2024-01-04 13:56:25,"2024-01-04","13H 56M 25S","Unknown","2.16.0","Unknown","Unknown",600,280,511,515,459,498,525,473,422,542,461,683,662,597,527,4.06,7.55,4.31,4.47,4.71,4.83,6.6,6.23,5.9,8.91,5.68,5.21,6.72,5.7,5.24,119742.36328125,111256.3671875,17877.599609375,12702.2998046875,16867.8896484375,7209.43994140625,8716.18994140625,3777.375,4334.25,4035.375,6761.625,12981.009765625,6103.46484375,7912.38500976562,12326.8549804688,NA,NA,NA,NA,NA,NA,NA,NA,600,600,280,280,511,515,459,498,525,473,422,542,461,683,662,597,527,1.12,3.28,0.87,6.95,5.37,5.37,5.48,4.66,7.22,6.15,5.71,9.62,5.63,5.63,7.45,5.92,5.57,63100.470703125,124280,63553.962890625,114869,18465,13201,17624,7395,8944.5,5723.5,6747,6136,8710,13464.5,6349,8159,12755.5,NA
"04-JAN-2024",2024-01-04 13:55:28,"2024-01-04","13H 55M 28S","Unknown","2.16.0","Unknown","Unknown",600,280,511,515,459,498,525,473,422,542,461,683,662,597,527,3.88,7.53,5.38,5.18,5.52,5.03,6.71,6.21,6.15,8.28,5.77,8.57,9.34,8.84,7.93,118806.2578125,109488.0390625,17079.66015625,12231.1796875,16264.5595703125,7083.97998046875,8492.740234375,3632.25,4215.75,3920.25,6339,9452.9599609375,4463.669921875,5634.2197265625,9106.099609375,NA,NA,NA,NA,NA,NA,NA,NA,600,600,280,280,511,515,459,498,525,473,422,542,461,683,662,597,527,1.06,3.24,0.92,6.89,5.37,5.22,5.47,4.59,6.9,5.87,5.83,8.91,5.66,5.51,7.3,5.97,5.41,62706.37890625,124050,62646.54296875,114679,18444,13308,17733,7371,8933,5711,6735,6157,8699,13460,6361,8164,12772,NA
"03-JAN-2024",2024-01-03 13:46:39,"2024-01-03","13H 46M 39S","Unknown","2.16.0","Unknown","Unknown",600,280,511,515,459,498,525,473,422,542,461,683,662,597,527,5.37,8.96,6.48,6.73,6.96,6.72,7.59,7.55,7.41,10.05,5.93,6.17,7.65,6.24,5.74,123728.7421875,116494.94140625,18501.5986328125,13394.5493164062,17501.6396484375,7506.27978515625,9189.73974609375,3890.25,4501.125,4133.25,6840.375,13390.8046875,6290.4248046875,8265.599609375,12949.849609375,NA,NA,NA,NA,NA,NA,NA,NA,600,600,280,280,511,515,459,498,525,473,422,542,461,683,662,597,527,1.3,4.18,1.43,7.97,7.67,8.11,8.21,6,7.67,7.29,7.03,10.42,5.53,6.78,8.64,6.81,6.15,63771.666015625,126966,64470.564453125,118193,18942.5,13820.5,18217.5,7586,9286.5,5833,6956,6282.5,8720,13790.5,6508.5,8460.5,13324,NA
"03-JAN-2024",2024-01-03 13:46:07,"2024-01-03","13H 46M 7S","Unknown","2.16.0","Unknown","Unknown",600,280,511,515,459,498,525,473,422,542,461,683,662,597,527,5.3,9.2,7.58,8.06,7.88,6.83,7.95,7.56,7.32,9.78,6.11,7.52,8.85,7.68,7.35,122100,114139.8984375,17815.19921875,12901.19921875,16873.740234375,7302.919921875,8915.8603515625,3692.25,4329.75,3966.75,6405,10630.0703125,5001.58984375,6446.02001953125,10195.0595703125,NA,NA,NA,NA,NA,NA,NA,NA,600,600,280,280,511,515,459,498,525,473,422,542,461,683,662,597,527,1.09,4.41,1.42,8.3,7.5,8.15,8.03,6.02,8.08,7.31,6.94,10.48,5.7,6.74,8.55,6.8,6.56,63268.09765625,126331,63466.16796875,117674,18920,13776,18136,7539,9270,5802,6920,6255,8732,13804,6520,8460,13297,NA
"02-JAN-2024",2024-01-02 11:29:06,"2024-01-02","11H 29M 6S","Unknown","2.16.0","Unknown","Unknown",600,280,511,515,459,498,525,473,422,542,461,683,662,597,527,3.07,7.08,5.39,13.28,14.1,4.05,12.23,4.22,3.7,7.51,5.45,6.56,7.69,15.46,15.23,124024.73828125,115615.8984375,17248.138671875,7667.78979492188,8409.56982421875,7521.44995117188,7443.55004882812,3913.875,4506,4155.375,6472.5,10251.0249023438,4892.52978515625,4098.15502929688,4816.27001953125,NA,NA,NA,NA,NA,NA,NA,NA,600,600,280,280,511,515,459,498,525,473,422,542,461,683,662,597,527,1.07,2.26,0.77,6.56,5.74,13.62,15,4.19,12.93,4.18,3.5,8.2,5.59,5.65,7.54,14.05,14.18,63399.919921875,128022,63566.837890625,119250.5,18354,8210,9134,7740,7737,6101,7116,6482.5,8622.5,13797.5,6495.5,5456,6397,NA
"02-JAN-2024",2024-01-02 11:27:51,"2024-01-02","11H 27M 51S","Unknown","2.16.0","Unknown","Unknown",600,280,511,515,459,498,525,473,422,542,461,683,662,597,527,3.23,7.48,5,11.42,12.63,4.09,11.54,4.27,3.83,7.66,5.36,5.23,7.03,13.02,12.4,124417.6796875,116833.6015625,17704.439453125,7794.53955078125,8514.4794921875,7635.02001953125,7583.35986328125,4058.25,4615.5,4284,6909.75,13192.16015625,6184.43994140625,5237.33984375,6085.6298828125,NA,NA,NA,NA,NA,NA,NA,NA,600,600,280,280,511,515,459,498,525,473,422,542,461,683,662,597,527,1.15,2.36,0.8,7.07,5.65,12.76,14.36,4.26,12.63,4.2,3.57,8.57,5.5,5.54,7.69,13.68,13.03,63727.2734375,127778,64556.421875,118691,18251,8098,8994,7734,7715,6067,7092,6473,8625,13733,6456,5417,6337,NA
