"SAMPLE","DateTime","DATE","TIME","Timepoint","CYT","CYTSN","OP","FSC-A_Gain","SSC-A_Gain","R670-A_Gain","R730-A_Gain","R780-A_Gain","B530-A_Gain","B710-A_Gain","V450-A_Gain","V525-A_Gain","V610-A_Gain","V670-A_Gain","Y590-A_Gain","Y615-A_Gain","Y710-A_Gain","Y780-A_Gain","FSC-A-% rCV","SSC-A-% rCV","R670-A-% rCV","R730-A-% rCV","R780-A-% rCV","B530-A-% rCV","B710-A-% rCV","V450-A-% rCV","V525-A-% rCV","V610-A-% rCV","V670-A-% rCV","Y590-A-% rCV","Y615-A-% rCV","Y710-A-% rCV","Y780-A-% rCV","FSC-A","SSC-A","R670-A","R730-A","R780-A","B530-A","B710-A","V450-A","V525-A","V610-A","V670-A","Y590-A","Y615-A","Y710-A","Y780-A","Red_LaserDelay","Blue_LaserDelay","Violet_LaserDelay","yellow green_LaserDelay","Red_AreaScalingFactor","Blue_AreaScalingFactor","Violet_AreaScalingFactor","yellow green_AreaScalingFactor","FSC-H_Gain","FSC-W_Gain","SSC-H_Gain","SSC-W_Gain","R670-H_Gain","R730-H_Gain","R780-H_Gain","B530-H_Gain","B710-H_Gain","V450-H_Gain","V525-H_Gain","V610-H_Gain","V670-H_Gain","Y590-H_Gain","Y615-H_Gain","Y710-H_Gain","Y780-H_Gain","FSC-H-% rCV","FSC-W-% rCV","SSC-H-% rCV","SSC-W-% rCV","R670-H-% rCV","R730-H-% rCV","R780-H-% rCV","B530-H-% rCV","B710-H-% rCV","V450-H-% rCV","V525-H-% rCV","V610-H-% rCV","V670-H-% rCV","Y590-H-% rCV","Y615-H-% rCV","Y710-H-% rCV","Y780-H-% rCV","FSC-H","FSC-W","SSC-H","SSC-W","R670-H","R730-H","R780-H","B530-H","B710-H","V450-H","V525-H","V610-H","V670-H","Y590-H","Y615-H","Y710-H","Y780-H","Time_Gain"
"21-DEC-2022",2022-12-21 11:07:30,"2022-12-21","11H 7M 30S","Unknown","2.16.0","Unknown","Unknown",750,290,511,515,459,498,525,473,422,542,461,683,662,597,527,3.97,8.36,8.86,9.36,10.47,8.04,8.66,11.45,10.99,12.2,6.23,5.55,7.15,6.33,6.37,72073.921875,143411.4375,19073.0703125,11372.8051757812,14511.9599609375,6769.51000976562,8823.60986328125,3142.07995605469,3383.35998535156,3242.8798828125,6867.19970703125,13346.3203125,6319.73974609375,8389.21484375,12854.3203125,NA,NA,NA,NA,NA,NA,NA,NA,750,750,290,290,511,515,459,498,525,473,422,542,461,683,662,597,527,1.58,3.41,0.88,7.63,10.05,11.04,11.93,7.54,8.82,11.59,10.54,12.38,5.6,6.11,7.57,7.07,6.8,59185.12109375,79898.5,63128.7421875,148884,19035.5,11458.5,14790,7034,9144.5,5643,6252.5,5880,10465.5,13994.5,6646,8714.5,13391.5,NA
"21-DEC-2022",2022-12-21 11:06:39,"2022-12-21","11H 6M 39S","Unknown","2.16.0","Unknown","Unknown",750,290,511,515,459,498,525,473,422,542,461,683,662,597,527,3.66,8.27,10.86,11.76,12.04,7.68,8.94,11.27,11.05,12.44,6.4,6.34,7.74,6.87,6.8,71676.6015625,135157.3203125,16233.2099609375,9699.75,12203.4599609375,6331.2197265625,8314.3896484375,2844.79992675781,3104.9599609375,2963.83984375,6023.35986328125,9427.3349609375,4458.955078125,5811.544921875,9081.90966796875,NA,NA,NA,NA,NA,NA,NA,NA,750,750,290,290,511,515,459,498,525,473,422,542,461,683,662,597,527,1.62,3.13,1.19,7.39,9.68,10.83,10.57,7.07,9.04,11.22,10.54,12.89,5.36,6.21,7.62,6.75,6.56,58817.947265625,79910.5,59404.158203125,148998,19059,11435,14734,6996,9120,5616,6217,5876.5,10462,13996.5,6635,8675,13412.5,NA
"20-DEC-2022",2022-12-20 10:50:45,"2022-12-20","10H 50M 45S","Unknown","2.16.0","Unknown","Unknown",750,290,511,515,459,498,525,473,422,542,461,683,662,597,527,3.53,7.84,7.91,8.5,9.1,7.2,8.61,10.83,11.1,12.06,6.14,4.69,6.22,6.09,5.72,74316.16015625,146021.90625,20313.5849609375,12146.7602539062,15590.8798828125,6939.25,9090.93017578125,3076.15991210938,3386.23986816406,3244.16003417969,6771.83984375,13778.4599609375,6508.75,8602.82470703125,13494.125,NA,NA,NA,NA,NA,NA,NA,NA,750,750,290,290,511,515,459,498,525,473,422,542,461,683,662,597,527,1.47,3.1,1.01,7.11,9.02,10.25,10.5,6.76,8.69,10.82,11.03,12.26,5.54,5.2,7.15,6.28,6.08,58902.455078125,82668,62541.16015625,152885,20487,12321,16044.5,7301,9496.5,5509.5,6259,5831,10358.5,14316.5,6783,8850,13917.5,NA
"20-DEC-2022",2022-12-20 10:49:41,"2022-12-20","10H 49M 41S","Unknown","2.16.0","Unknown","Unknown",750,290,511,515,459,498,525,473,422,542,461,683,662,597,527,3.1,7.49,9.17,9.33,10.37,7.03,8.17,10.62,10.63,12.76,5.87,5.45,6.81,6.27,6.77,74082.46875,140300.359375,18116.4609375,10868.580078125,14064.83984375,6655.93994140625,8526.3603515625,2831.35986328125,3167.35986328125,2996.47998046875,5947.52001953125,9624.33984375,4550.58984375,5811.75,9181.9501953125,NA,NA,NA,NA,NA,NA,NA,NA,750,750,290,290,511,515,459,498,525,473,422,542,461,683,662,597,527,1.46,2.68,1.09,6.85,8.45,9.05,9.95,6.51,8.05,10.17,10.27,12.88,4.94,4.88,6.78,5.79,5.57,58516.1640625,82956,59818.63671875,153471,20633,12415,16100,7316,9581,5510,6263,5812,10334,14346,6800,8854,13906,NA
"15-DEC-2022",2022-12-15 10:38:58,"2022-12-15","10H 38M 58S","Unknown","2.16.0","Unknown","Unknown",750,290,511,515,459,498,525,473,422,542,461,683,662,597,527,3.46,7.86,6.3,7.28,7.86,7.41,7.97,10.45,10.64,11.8,6.17,4.76,6.47,5.37,5.71,72781.9375,142571.765625,20439.541015625,10777.0498046875,13555.349609375,6808.4599609375,8452.5595703125,3078.39990234375,3387.52001953125,3281.28002929688,6861.43994140625,14008.0595703125,6578.44970703125,7915.4599609375,11507.8798828125,NA,NA,NA,NA,NA,NA,NA,NA,750,750,290,290,511,515,459,498,525,473,422,542,461,683,662,597,527,1.53,2.83,0.92,6.9,7.67,8.41,8.65,6.95,8.25,10.42,10.33,12.13,5.56,5.16,7,5.68,5.94,58984.765625,80820,62481.08984375,149418,20576,10949,13924,7147,8840,5565,6284,5942,10487,14507,6839,8116,11847,NA
"15-DEC-2022",2022-12-15 10:37:27,"2022-12-15","10H 37M 27S","Unknown","2.16.0","Unknown","Unknown",750,290,511,515,459,498,525,473,422,542,461,683,662,597,527,3.47,7.76,8.41,9.2,9.33,7.26,8.11,10.56,10.35,11.87,5.69,5.59,6.69,6,6.04,72598.67578125,134939.609375,18309.6455078125,9703.7998046875,12341.16015625,6453.80981445312,8053.6298828125,2862.07983398438,3190.07995605469,3037.75988769531,6033.27978515625,9656.93505859375,4554.68994140625,5447.46484375,7974.08984375,NA,NA,NA,NA,NA,NA,NA,NA,750,750,290,290,511,515,459,498,525,473,422,542,461,683,662,597,527,1.58,3.03,1.06,6.98,7.63,8.55,9.08,6.95,7.96,10.21,9.61,11.93,5.05,5.12,6.52,5.94,5.56,58675.298828125,81092.5,58950.455078125,149844,20736,11030,14047,7184,8895,5600.5,6315.5,5935,10549,14506.5,6876,8163,11899,NA
"14-DEC-2022",2022-12-14 10:37:11,"2022-12-14","10H 37M 11S","Unknown","2.16.0","Unknown","Unknown",750,290,511,515,459,498,525,473,422,542,461,683,662,597,527,3.01,7.77,6.89,7.94,8.32,6.87,7.31,10.09,10.52,12.08,5.76,4.85,6.5,5.64,5.73,72661.8203125,147643.453125,19965.689453125,10710.6298828125,13324.5,7057.73974609375,8711.6796875,3120.63989257812,3436.7998046875,3275.52001953125,6904.31982421875,14070.3798828125,6610.02001953125,7990.89990234375,11566.509765625,NA,NA,NA,NA,NA,NA,NA,NA,750,750,290,290,511,515,459,498,525,473,422,542,461,683,662,597,527,1.52,2.75,0.86,6.94,8.34,9.02,9.41,6.35,7.78,10.06,10.28,12.2,5.49,5.27,7.16,6,6.03,59509.109375,80125,63295.3046875,152729,20024,10813,13638,7306,8999,5616,6372,5928,10541,14556,6858,8178,11895,NA
"14-DEC-2022",2022-12-14 10:35:31,"2022-12-14","10H 35M 31S","Unknown","2.16.0","Unknown","Unknown",750,290,511,515,459,498,525,473,422,542,461,683,662,597,527,3.14,7.79,9.6,10.22,10.53,6.96,7.61,10.87,10.86,12.03,6.03,5.45,7.04,6.2,6.31,72303.3828125,138902.2578125,17161.470703125,9092.65478515625,11611.7548828125,6623.9599609375,8245.10009765625,2824.63989257812,3179.51989746094,3006.07983398438,6069.43969726562,9993.75,4686.09497070312,5608.59497070312,8158.384765625,NA,NA,NA,NA,NA,NA,NA,NA,750,750,290,290,511,515,459,498,525,473,422,542,461,683,662,597,527,1.57,2.72,1.06,7.02,8.5,8.94,9.61,6.59,8.01,10.53,10.26,12.12,5.22,5.3,6.91,6.01,5.82,59103.056640625,80188.5,59595.197265625,152603,19899.5,10797,13655,7304.5,9027.5,5567,6316.5,5914,10544,14535,6838.5,8182.5,11898,NA
"13-DEC-2022",2022-12-13 16:45:31,"2022-12-13","16H 45M 31S","Unknown","2.16.0","Unknown","Unknown",750,290,511,515,459,498,525,473,422,542,461,683,662,597,527,2.89,7.57,6.49,7.02,7.94,6.6,7.42,9.61,9.71,10.8,5.9,4.79,6.26,5.54,5.39,74991.0703125,149277.71875,20727.08984375,11139.1201171875,13940.91015625,7188.1201171875,8882.240234375,3199.35986328125,3509.11987304688,3401.59985351562,7024,14183.1298828125,6670.2900390625,8051.580078125,11766.1796875,NA,NA,NA,NA,NA,NA,NA,NA,750,750,290,290,511,515,459,498,525,473,422,542,461,683,662,597,527,1.48,2.66,0.93,6.72,7.65,8.12,9.26,6.1,7.82,9.57,9.35,11.5,5.56,5.17,6.95,5.72,5.6,59563.55859375,82517,63093.890625,154875,20919,11322,14351,7466,9192,5777,6530,6201,10670,14637,6886,8222,12078,NA
"13-DEC-2022",2022-12-13 16:44:18,"2022-12-13","16H 44M 18S","Unknown","2.16.0","Unknown","Unknown",750,290,511,515,459,498,525,473,422,542,461,683,662,597,527,2.91,7.37,8.43,9.01,9.38,6.34,7.3,9.97,9.75,11.03,6.39,5.42,6.75,6,5.75,74584.5078125,144270.796875,18383.759765625,9907.919921875,12555,6860.93994140625,8409.919921875,2930.55981445312,3278.07983398438,3139.19995117188,6151.6796875,10123.7197265625,4747.39013671875,5670.7099609375,8409.099609375,NA,NA,NA,NA,NA,NA,NA,NA,750,750,290,290,511,515,459,498,525,473,422,542,461,683,662,597,527,1.54,2.67,0.95,6.61,7.52,8.16,8.56,5.86,7.59,9.4,9.37,11.01,5.39,5.18,6.63,5.27,5.26,59195.64453125,82660,61003.20703125,154885,20995,11342,14467,7466,9214,5774,6519,6141,10647,14639,6887,8243,12174,NA
"12-DEC-2022",2022-12-12 16:20:54,"2022-12-12","16H 20M 54S","Unknown","2.16.0","Unknown","Unknown",750,290,511,515,459,498,525,473,422,542,461,683,662,597,527,2.82,8.52,7.72,7.83,8.7,7.06,7.42,8.01,8.16,10.41,5.25,5.32,7.05,5.9,5.82,76830.6015625,147123.578125,19233.44921875,10380.150390625,13196.5205078125,7021.66015625,8698.5595703125,3496.31982421875,3744.63989257812,3619.83984375,7214.080078125,13666.939453125,6361.56005859375,7691.18994140625,11303.2900390625,NA,NA,NA,NA,NA,NA,NA,NA,750,750,290,290,511,515,459,498,525,473,422,542,461,683,662,597,527,1.58,2.64,0.88,7.93,8.7,9.38,9.76,6.75,8.06,8.02,7.88,10.54,5.09,5.67,7.68,6.46,6.24,59962.3125,84062,63851.90625,150785,19268,10467,13442,7221,8917,6245,6928,6540,10710,14271,6645,7942,11742,NA
"12-DEC-2022",2022-12-12 15:18:31,"2022-12-12","15H 18M 31S","Unknown","2.16.0","Unknown","Unknown",750,290,511,515,459,498,525,473,422,542,461,683,662,597,527,2.9,7.87,7.42,8.26,8.77,7.05,7.44,8.6,8.68,10.13,5.29,5.58,7.1,5.79,5.52,76019.015625,145149.015625,19056.060546875,10697.669921875,13610.4296875,6934.73974609375,8727.259765625,3443.19995117188,3706.8798828125,3616.63989257812,7207.0400390625,13614.4599609375,6383.2900390625,7913.41015625,11814.1494140625,NA,NA,NA,NA,NA,NA,NA,NA,750,750,290,290,511,515,459,498,525,473,422,542,461,683,662,597,527,1.5,2.75,0.81,7.21,8.68,9.72,10.07,6.78,7.84,8.5,8.34,10.38,4.99,6,7.69,6,6.06,59644.4921875,83483,63538.8671875,149519,19064,10768,13866,7176,9004,6173,6830,6497,10747,14230,6692,8182,12263,NA
"12-DEC-2022",2022-12-12 15:17:27,"2022-12-12","15H 17M 27S","Unknown","2.16.0","Unknown","Unknown",750,290,511,515,459,498,525,473,422,542,461,683,662,597,527,3.19,8.39,9.73,10.41,10.98,7.06,8.05,8.73,8.53,10.94,5.35,5.94,7.26,6.44,6.48,75535.4609375,137351.640625,15385.9501953125,8860.58984375,11343.240234375,6608.3798828125,8306.599609375,3120.63989257812,3392,3303.0400390625,6313.60009765625,9731.759765625,4568.6298828125,5623.56005859375,8412.3798828125,NA,NA,NA,NA,NA,NA,NA,NA,750,750,290,290,511,515,459,498,525,473,422,542,461,683,662,597,527,1.56,2.72,0.96,7.5,8.18,9.15,10.02,6.6,8.29,8.65,8.09,10.75,5.07,5.52,7.46,6.36,6,59274.359375,83582,60676.09765625,148179,18828,10629,13737,7101,8944,6067,6724,6429,10768,14139,6660,8181,12231,NA
"09-DEC-2022",2022-12-09 11:58:36,"2022-12-09","11H 58M 36S","Unknown","2.16.0","Unknown","Unknown",750,290,511,515,459,498,525,473,422,542,461,683,662,597,527,3.13,7.61,6.79,8.15,9.77,7,6.91,7.91,7.89,9.79,4.57,4.86,7.15,5.92,6.49,75153.921875,142665.6484375,19056.0595703125,11113.6049804688,13920.2553710938,6777.7099609375,8766.20947265625,3401.27990722656,3817.27990722656,3562.23999023438,6980.47973632812,12917.4599609375,6072.919921875,7846.375,12047.64453125,NA,NA,NA,NA,NA,NA,NA,NA,750,750,290,290,511,515,459,498,525,473,422,542,461,683,662,597,527,1.46,2.77,0.76,7.1,7.74,9.28,10.51,6.76,7.07,8.25,7.36,11.77,4.32,4.9,7.99,6.21,7.13,59115.125,83432.5,62905.873046875,148778.5,19167,11246.5,14155,7049,9168.5,6072.5,7026,6443.5,10392,13523,6428.5,8189.5,12534.5,NA
"09-DEC-2022",2022-12-09 11:57:44,"2022-12-09","11H 57M 44S","Unknown","2.16.0","Unknown","Unknown",750,290,511,515,459,498,525,473,422,542,461,683,662,597,527,3.67,9.01,9.07,10.86,11.71,8.48,8.36,8.94,9.99,11.67,6.22,7.49,8.82,9.12,9.6,74528.296875,133459.921875,16077.6904296875,9408.150390625,11912.669921875,6253.31982421875,8042.56005859375,3045.11987304688,3477.76000976562,3211.52001953125,6021.11962890625,8663.7099609375,4046.69995117188,5137.7099609375,8063.8798828125,NA,NA,NA,NA,NA,NA,NA,NA,750,750,290,290,511,515,459,498,525,473,422,542,461,683,662,597,527,1.63,3.52,1.06,8.22,9.34,10.94,11.95,8.34,8.7,9.47,9.73,12.18,5.36,6.06,7.82,7.54,8.16,58802.40234375,83439,60119.1015625,145809,18460,10832,13749,6846,8967,5888,6782,6172,10519,13332,6335,8084,12452,NA
"08-DEC-2022",2022-12-08 14:29:22,"2022-12-08","14H 29M 22S","Unknown","2.16.0","Unknown","Unknown",750,290,511,515,459,498,525,473,422,542,461,683,662,597,527,2.7,8.84,7.51,9.03,10.26,7.61,7.6,5.57,5.33,8.02,4.74,5.9,6.84,6.37,7.17,73612.765625,139678.796875,18643.76953125,11026.5302734375,13865.580078125,6547.69970703125,8594.419921875,3801.59985351562,4133.759765625,3952,7568,12869.080078125,6110.22998046875,7960.9697265625,12158.1396484375,NA,NA,NA,NA,NA,NA,NA,NA,750,750,290,290,511,515,459,498,525,473,422,542,461,683,662,597,527,1.51,2.86,0.84,8.37,8.66,9.5,11.21,7.74,8.47,5.27,4.75,7.96,5.2,6.21,7.67,7.01,7.39,59583.7109375,81216,63506.66796875,143870,18423,10927,13924,6762,8822,6191,6928,6522,10125,13348,6337,8159,12484,NA
"08-DEC-2022",2022-12-08 14:28:02,"2022-12-08","14H 28M 2S","Unknown","2.16.0","Unknown","Unknown",750,290,511,515,459,498,525,473,422,542,461,683,662,597,527,2.68,7.71,8.51,9.65,10.99,6.81,7.85,5.37,5.25,8.09,4.87,5.95,7.64,6.22,6.85,73508.046875,132286.5,14624.9545898438,8701.830078125,10685.9252929688,6072.919921875,7969.169921875,3383.35986328125,3757.75988769531,3552,6535.67993164062,9120.0400390625,4299.875,5654.10498046875,8632.9599609375,NA,NA,NA,NA,NA,NA,NA,NA,750,750,290,290,511,515,459,498,525,473,422,542,461,683,662,597,527,1.5,2.6,0.79,7.23,7.46,8.29,9.4,6.56,8.15,5.11,4.82,8.67,4.79,5.59,7.74,6.07,6.61,59170.654296875,81568.5,61300.9609375,141426,18012,10795.5,13756.5,6592,8694.5,6119,6850,6455,10113.5,13247,6271.5,8196.5,12558,NA
"07-DEC-2022",2022-12-07 12:11:25,"2022-12-07","12H 11M 25S","Unknown","2.16.0","Unknown","Unknown",750,290,511,515,459,498,525,473,422,542,461,683,662,597,527,2.9,10.96,12.95,13.25,13.59,9.78,9.68,4.15,3.67,7.65,4.55,7.41,8.38,7.56,8.13,69526.375,130447.2421875,16751.609375,9758.8798828125,12683.7900390625,6116.3798828125,7991.7197265625,3569.28002929688,3932.15991210938,3706.23999023438,6362.23974609375,8824.01953125,4122.14013671875,5345.580078125,8206.9697265625,NA,NA,NA,NA,NA,NA,NA,NA,750,750,290,290,511,515,459,498,525,473,422,542,461,683,662,597,527,1.67,2.81,1.15,9.81,11.54,11.92,13.9,9.14,9.05,3.71,3.23,7.2,4.96,5.78,7.94,7.94,7.29,58512.24609375,77727,59189.55078125,144448,18949,11128,14448,6715,8713,6398,7072,6613,10010,13545,6311,8123,12627,NA
"07-DEC-2022",2022-12-07 12:10:36,"2022-12-07","12H 10M 36S","Unknown","2.16.0","Unknown","Unknown",750,290,511,515,459,498,525,473,422,542,461,683,662,597,527,2.94,9.79,8.3,9.78,11.24,9.28,8.82,3.86,2.81,7.43,4.74,5.32,7.24,6.87,7.31,69696.546875,137725.5625,18692.7744140625,10933.7846679688,14033.25,6352.94995117188,8292.66015625,3895.35986328125,4222.71997070312,4040.95983886719,7408.9599609375,12908.849609375,6059.18481445312,7845.34985351562,12283.1899414062,NA,NA,NA,NA,NA,NA,NA,NA,750,750,290,290,511,515,459,498,525,473,422,542,461,683,662,597,527,1.64,2.9,1.04,8.81,9.3,11.27,11.7,9.05,9.02,3.14,2.6,7.73,5.56,6.21,8.19,7.29,7.89,58783.19140625,77807.5,62748.083984375,143694,18544.5,10955,14322.5,6620,8715,6431,7092.5,6633,9939.5,13314,6300.5,8056.5,12611,NA
"06-DEC-2022",2022-12-06 15:36:37,"2022-12-06","15H 36M 37S","Unknown","2.16.0","Unknown","Unknown",750,290,511,515,459,498,525,473,422,542,461,683,662,597,527,4.15,8.39,6.8,7.23,7.63,7.9,8.13,6.41,6.27,9.02,4.84,5.1,6.92,5.6,5.4,74254.1796875,140900.59375,19863.630859375,12283.650390625,16029.900390625,6651.02001953125,8838.7802734375,3654.39990234375,4027.52001953125,3850.23999023438,7451.52001953125,13342.6298828125,6285.7099609375,8555.8798828125,13482.849609375,NA,NA,NA,NA,NA,NA,NA,NA,750,750,290,290,511,515,459,498,525,473,422,542,461,683,662,597,527,1.61,3.53,0.99,7.65,7.98,8.65,8.92,7.44,8.39,6.24,5.83,9.37,4.91,5.51,7.43,6.03,5.75,59603.734375,81679,63523.1953125,145255,19687,12262,16180,6875,9081,6462,7304,6852,10821,13762,6487,8734,13803,NA
"06-DEC-2022",2022-12-06 15:32:15,"2022-12-06","15H 32M 15S","Unknown","2.16.0","Unknown","Unknown",750,290,511,515,459,498,525,473,422,542,461,683,662,597,527,4.26,7.98,9.89,10.53,10.32,7.52,8.07,6.06,6,8.74,4.97,5.69,7.56,6.09,5.92,71852.1640625,135292.6171875,15764.2202148438,9799.3798828125,13198.544921875,6368.11987304688,8461.580078125,3296.63989257812,3703.0400390625,3507.19995117188,6515.19970703125,9392.2802734375,4420.82495117188,6002.39990234375,9471.81982421875,NA,NA,NA,NA,NA,NA,NA,NA,750,750,290,290,511,515,459,498,525,473,422,542,461,683,662,597,527,1.64,3.63,0.92,7.28,7.72,8.3,8.2,7.19,8.31,5.79,5.51,8.91,4.86,5.29,7.35,5.55,5.39,58986.724609375,79836,61049.041015625,145207.5,19842,12404,16340,6845,9161,6422,7269,6815.5,10895.5,13698.5,6463,8756.5,13831,NA
"05-DEC-2022",2022-12-05 11:54:02,"2022-12-05","11H 54M 2S","Unknown","2.16.0","Unknown","Unknown",750,290,511,515,459,498,525,473,422,542,461,683,662,597,527,3.51,8.04,7.12,7.48,7.83,7.25,7.47,8.88,9.13,10.32,5.45,4.96,6.57,5.29,5.01,73784.4765625,144638.984375,20047.5,12303.4951171875,16215.3896484375,6815.42993164062,9019.1796875,3327.67993164062,3719.67993164062,3522.55981445312,7098.55981445312,13315.7749023438,6284.47998046875,8524.10498046875,13613.6396484375,NA,NA,NA,NA,NA,NA,NA,NA,750,750,290,290,511,515,459,498,525,473,422,542,461,683,662,597,527,1.58,2.9,0.85,7.22,8.3,8.72,9.07,6.86,7.79,8.91,8.65,10.83,5.01,5.46,7.07,5.69,5.33,59531.45703125,81243.5,63321.857421875,149570.5,19938.5,12371.5,16486,7071,9320.5,6014.5,6895.5,6400.5,10732,13786,6518,8730,14002.5,NA
"05-DEC-2022",2022-12-05 11:52:33,"2022-12-05","11H 52M 33S","Unknown","2.16.0","Unknown","Unknown",750,290,511,515,459,498,525,473,422,542,461,683,662,597,527,3.57,7.94,11.45,11.76,12.31,7.52,7.89,9.38,9.37,11.25,5.95,5.71,7.45,5.85,6.02,73352.89453125,139413.1171875,15817.2749023438,9732.150390625,12905.3251953125,6560,8608.35986328125,3021.11999511719,3413.11987304688,3202.23986816406,6232.31982421875,9455.009765625,4427.58984375,6012.85498046875,9597.89501953125,NA,NA,NA,NA,NA,NA,NA,NA,750,750,290,290,511,515,459,498,525,473,422,542,461,683,662,597,527,1.57,2.87,0.98,7.13,8.43,9.03,9.27,6.81,7.86,8.96,8.85,10.92,5.15,5.2,7.52,5.56,5.45,59192.05078125,81267,61154.4375,149212.5,19928.5,12360.5,16439,7061,9299,5975,6852,6354,10747,13803,6516.5,8754.5,14034,NA
"01-DEC-2022",2022-12-01 13:00:22,"2022-12-01","13H 0M 22S","Unknown","2.16.0","Unknown","Unknown",750,290,511,515,459,498,525,473,422,542,461,683,662,597,527,2.54,6.73,5.85,7.38,8.64,5.76,6.9,5.81,5.84,8.36,4.58,4.75,6.12,5.95,6.07,77551.3203125,154724.984375,21318.390625,10717.1103515625,13478.400390625,7363.60009765625,9034.759765625,3675.52001953125,4076.15991210938,3824,7166.080078125,13577.1494140625,6375.91015625,7361.14013671875,10596.0400390625,NA,NA,NA,NA,NA,NA,NA,NA,750,750,290,290,511,515,459,498,525,473,422,542,461,683,662,597,527,1.38,2.36,0.93,6.1,6.76,8.45,9.78,5.43,7.55,5.51,5.71,8.65,4.37,5.08,6.69,6.08,6.56,60171.671875,84404,64083.9296875,157549,21530,10942,13931,7564,9246,6619,7529,6926,10656,14192,6714,7582,11003,NA
"29-NOV-2022",2022-11-29 15:39:47,"2022-11-29","15H 39M 47S","Unknown","2.16.0","Unknown","Unknown",750,290,511,515,459,498,525,473,422,542,461,683,662,597,527,3.25,8.36,8.34,9.66,9.85,7.47,8.13,7.06,7.06,9.34,5.25,6.12,8.28,6.44,7.02,82054.28125,139792.78125,18596.791015625,9632.5205078125,11908.6201171875,6724,8168.83984375,3386.23999023438,3854.71997070312,3597.43994140625,6476.15966796875,9870.75,4671.5400390625,5341.47998046875,7809.68017578125,NA,NA,NA,NA,NA,NA,NA,NA,750,750,290,290,511,515,459,498,525,473,422,542,461,683,662,597,527,1.7,2.73,0.99,7.51,7.79,9.13,10.04,6.64,8.29,6.78,6.41,10.42,5.08,5.52,7.9,5.98,6.54,59340.20703125,90946,60859.68359375,150514,21004,10917,13541,7213,8801,6560,7521,6987,11005,14149,6704,7640,11191,NA
"29-NOV-2022",2022-11-29 15:37:57,"2022-11-29","15H 37M 57S","Unknown","2.16.0","Unknown","Unknown",750,290,511,515,459,498,525,473,422,542,461,683,662,597,527,2.53,5.44,4.2,5.91,6.66,4.6,6.45,4.26,3.69,7.46,4.56,4.15,5.77,5.84,6.1,82733.4140625,146105.140625,21312.720703125,10952.8203125,13433.849609375,7028.2197265625,8608.3603515625,3723.52001953125,4119.0400390625,3879.67993164062,7441.919921875,13825.2001953125,6550.16015625,7564.5,11045.400390625,NA,NA,NA,NA,NA,NA,NA,NA,750,750,290,290,511,515,459,498,525,473,422,542,461,683,662,597,527,1.41,2.37,0.5,5.1,4.73,6.37,7.45,4.81,7.37,4.19,3.68,8.23,4.75,4.53,6.43,6.34,6.29,59560.51953125,90990,62726.87890625,152691,21521,11129,13876,7340,8992,6727,7619,7040,10988,14260,6800,7697,11317,NA
"18-NOV-2022",2022-11-18 10:43:00,"2022-11-18","10H 43M 0S","Unknown","2.16.0","Unknown","Unknown",750,290,511,515,459,498,525,473,422,542,461,683,662,597,527,3.04,7.17,9.1,11.5,13.49,6.54,6.98,11.71,11.74,12.62,12.11,4.96,6.74,9.28,12.59,88491.4765625,148681.578125,19485.359375,15211.7998046875,20388.509765625,7096.27978515625,9966.2802734375,2934.39990234375,3288.9599609375,3143.0400390625,6384,13666.5302734375,6449.7099609375,10335.2802734375,17978.91015625,NA,NA,NA,NA,NA,NA,NA,NA,750,750,290,290,511,515,459,498,525,473,422,542,461,683,662,597,527,1.38,3.15,0.87,6.51,10.18,11.94,13.87,6.04,7.16,11.65,11.39,13.07,11.24,5.37,7.09,9.65,12.76,60358.31640625,96191,63424.5234375,153612,19517,15333,20693,7334,10292,5331,6172,5763,9986,14124,6689,10556,18399,NA
"18-NOV-2022",2022-11-18 10:41:24,"2022-11-18","10H 41M 24S","Unknown","2.16.0","Unknown","Unknown",750,290,511,515,459,498,525,473,422,542,461,683,662,597,527,3.23,7.11,10.73,12.15,13.85,6.21,7.02,11.39,11.55,12.54,11.7,5.41,6.86,9.51,12.98,88162.6875,144902.203125,17613.44921875,13804.0205078125,18595.169921875,6886.35986328125,9595.6396484375,2766.07983398438,3163.52001953125,2997.11987304688,5634.56005859375,10015.0703125,4721.56005859375,7481.27001953125,13015.0400390625,NA,NA,NA,NA,NA,NA,NA,NA,750,750,290,290,511,515,459,498,525,473,422,542,461,683,662,597,527,1.32,3.41,0.9,6.37,10.16,12.12,13.83,5.82,7.25,11.09,11.19,12.48,11.17,5.24,7.01,9.44,12.82,60163.83203125,96142,61215.703125,155119,19701,15550,20996,7393,10353,5401,6265,5855,10037,14213,6708,10617,18464,NA
"15-NOV-2022",2022-11-15 11:16:52,"2022-11-15","11H 16M 52S","Unknown","2.16.0","Unknown","Unknown",750,290,511,515,459,498,525,473,422,542,461,683,662,597,527,4.83,5.38,7.8,11.47,13.37,4.06,5.2,6.48,6.33,8.55,11.24,4.18,5.96,9.06,12.79,85138.8984375,165851.96875,23209.740234375,18130.23046875,24543.4052734375,7836.73999023438,10977.75,3516.15991210938,3962.55993652344,3787.83996582031,7004.47973632812,14272.71484375,6736.30004882812,10871.5595703125,18732.490234375,NA,NA,NA,NA,NA,NA,NA,NA,750,750,290,290,511,515,459,498,525,473,422,542,461,683,662,597,527,1.31,4.62,0.89,4.67,8.08,11.6,13.34,4.01,6.08,6.5,6.07,9.25,10.52,4.55,6.42,9.31,12.89,60764.90625,91908,64680.59765625,167945,23628,18663,25509,7993,11193,6354,7348.5,6883.5,10453,14595,6927,11060.5,19162.5,NA
"15-NOV-2022",2022-11-15 11:15:44,"2022-11-15","11H 15M 44S","Unknown","2.16.0","Unknown","Unknown",750,290,511,515,459,498,525,473,422,542,461,683,662,597,527,5.06,5.12,8.75,11.11,13.26,3.89,5.49,6.73,6.86,9,11.44,4.88,6.49,9.36,12.91,84639.9375,159232.515625,21715.291015625,17060.220703125,23168.4296875,7443.9599609375,10495.1796875,3285.11987304688,3748.47998046875,3564.7998046875,6037.11962890625,10291.8203125,4879,7806.81005859375,13491.0498046875,NA,NA,NA,NA,NA,NA,NA,NA,750,750,290,290,511,515,459,498,525,473,422,542,461,683,662,597,527,1.34,4.9,0.88,4.75,8.24,11.17,13.21,3.92,6.07,6.63,6.48,9.34,11.17,4.52,6.61,9.12,12.07,60451.3203125,91812,62116.328125,168103,23693,18770,25733,8012,11216,6373,7364,6902,10527,14587,6930,11075,19192,NA
"14-NOV-2022",2022-11-14 10:29:01,"2022-11-14","10H 29M 1S","Unknown","2.16.0","Unknown","Unknown",750,290,511,515,459,498,525,473,422,542,461,683,662,597,527,11.62,4.21,6.65,10.58,13.04,3.37,5.11,4.64,4.82,7.42,11.24,4.17,6.06,8.82,12.35,74971.8203125,170775.65625,25141.58984375,20021.580078125,26602.830078125,7999.10009765625,11219.240234375,3825.919921875,4311.6796875,4119.6796875,7208.31982421875,13662.83984375,6467.75,10379.150390625,17840.330078125,NA,NA,NA,NA,NA,NA,NA,NA,750,750,290,290,511,515,459,498,525,473,422,542,461,683,662,597,527,1.59,11.56,0.92,4.29,6.5,10.57,12.69,4.1,6.2,4.78,4.89,7.8,10.2,4.44,6.42,9.03,12.38,60984.7890625,80306,66179.1640625,169646,25624,20660,27765,7999,11192,6827,7875,7372,10507,13912,6606,10535,18274,NA
"14-NOV-2022",2022-11-14 10:27:51,"2022-11-14","10H 27M 51S","Unknown","2.16.0","Unknown","Unknown",750,290,511,515,459,498,525,473,422,542,461,683,662,597,527,11.96,4.6,6.82,11.03,13.05,3.8,5.63,4.89,4.97,7.57,10.91,5.3,6.97,9.41,12.2,74052.4375,164383.3515625,23770.6650390625,18962.91015625,25220.16015625,7628.4599609375,10608.33984375,3569.28002929688,4084.47998046875,3881.59985351562,6237.76000976562,9711.669921875,4607.375,7353.14477539062,12690.9345703125,NA,NA,NA,NA,NA,NA,NA,NA,750,750,290,290,511,515,459,498,525,473,422,542,461,683,662,597,527,1.64,11.67,0.76,4.44,6.74,10.85,12.61,4.14,6.39,4.96,4.95,7.91,10.42,4.65,6.76,9.22,11.96,60654.748046875,79818.5,63634.474609375,169599.5,25733,20728,27839.5,8005.5,11212,6826.5,7880.5,7425,10511.5,13893,6600.5,10560,18318,NA
"11-NOV-2022",2022-11-11 10:27:28,"2022-11-11","10H 27M 28S","Unknown","2.16.0","Unknown","Unknown",750,290,511,515,459,498,525,473,422,542,461,683,662,597,527,2.55,8.52,8.7,11.72,13.31,8.38,8.36,6.02,6.04,8.33,11.27,4.96,6.52,9.18,12.65,82111.2578125,137482.015625,18177.615234375,13842.08984375,19312.830078125,6466.92993164062,9246.3203125,3827.19995117188,4137.919921875,4050.8798828125,7302.39990234375,13699.53515625,6449.30004882812,10411.3349609375,18319.0048828125,NA,NA,NA,NA,NA,NA,NA,NA,750,750,290,290,511,515,459,498,525,473,422,542,461,683,662,597,527,1.39,2.53,0.8,8.1,9.39,12.42,13.66,8.16,8.51,5.67,5.65,8.84,10.87,5.21,7.23,9.42,12.41,60468.755859375,89060,63825.853515625,141096.5,17501,13372,18932,6643,9464,5468,6064,5823,8685.5,13692,6481,10272.5,18143,NA
"11-NOV-2022",2022-11-11 10:26:36,"2022-11-11","10H 26M 36S","Unknown","2.16.0","Unknown","Unknown",750,290,511,515,459,498,525,473,422,542,461,683,662,597,527,2.68,8.56,11.57,13.07,14.59,8.63,8.46,6.57,6.8,8.98,11.46,6.02,7.44,9.32,13.04,80715.25,128853.15625,12355.740234375,9883.6201171875,13147.919921875,5971.23974609375,8606.7197265625,3435.52001953125,3780.47998046875,3657.59985351562,6250.23974609375,9264.3603515625,4377.16015625,7020.83984375,12136.8203125,NA,NA,NA,NA,NA,NA,NA,NA,750,750,290,290,511,515,459,498,525,473,422,542,461,683,662,597,527,1.42,2.53,0.93,8.01,9.67,11.7,13.36,8.4,8.63,6.2,6.32,9.62,11.21,5.21,7.11,9.2,12.59,59968.54296875,88240,61077.93359375,138146,17173,13132,18592,6498,9273,5426,6009,5763,8742,13552,6420,10172,18033,NA
"10-NOV-2022",2022-11-10 16:28:13,"2022-11-10","16H 28M 13S","Unknown","2.16.0","Unknown","Unknown",750,290,511,515,459,498,525,473,422,542,461,683,662,597,527,2.7,8.72,10.37,11.57,13.25,8.89,8.33,9.68,9.94,11.01,11.65,5.83,6.96,8.71,12.41,91699.68359375,143268.7578125,19267.875,15160.365234375,20972.51953125,6690.78979492188,9735.0400390625,3456.63989257812,3688.63989257812,3627.52001953125,6942.39990234375,13540.044921875,6402.14990234375,10491.080078125,18465.580078125,NA,NA,NA,NA,NA,NA,NA,NA,750,750,290,290,511,515,459,498,525,473,422,542,461,683,662,597,527,1.3,2.84,0.99,7.95,11.47,12.31,13.77,8.49,8.42,9.9,10.06,11.57,10.93,6.18,7.64,9.01,12.37,61242.96875,98350.5,64458.431640625,145601.5,18649,14744.5,20646,6832,9894,5594.5,6146,5933,9361,13814,6539,10580,18708.5,NA
"10-NOV-2022",2022-11-10 15:54:06,"2022-11-10","15H 54M 6S","Unknown","2.16.0","Unknown","Unknown",750,290,511,515,459,498,525,473,422,542,461,683,662,597,527,4.5,5.91,8.04,10.82,12.52,4.97,5.91,5.34,5.3,7.84,11.38,4.32,6.04,8.66,12.14,92266.78515625,162185.3359375,23265.224609375,18632.8349609375,25898.53515625,7705.5400390625,10948.2299804688,3840.63989257812,4123.19995117188,4064.63989257812,7291.83984375,14330.3203125,6763.97509765625,11089.6796875,19631.619140625,NA,NA,NA,NA,NA,NA,NA,NA,750,750,290,290,511,515,459,498,525,473,422,542,461,683,662,597,527,1.29,4.85,0.89,5.19,8.43,11.03,12.5,4.73,6.52,5.16,5.15,8.76,10.71,4.61,6.39,8.65,12.26,61246.79296875,98874.5,64838.01953125,163729,23360.5,18852,26469,7830,11105.5,6209,6832.5,6609.5,9610,14655,6942,11263,20030.5,NA
"10-NOV-2022",2022-11-10 15:52:05,"2022-11-10","15H 52M 5S","Unknown","2.16.0","Unknown","Unknown",750,290,511,515,459,498,525,473,422,542,461,683,662,597,527,5.17,5.66,10.08,12.19,13.59,4.67,5.43,4.91,5.17,7.51,10.95,4.81,6.29,8.76,12.34,91403.234375,158257.953125,19866.869140625,15893.4150390625,21938.849609375,7501.35986328125,10582.099609375,3584.31994628906,3911.03979492188,3794.23986816406,6300.47973632812,10401.2900390625,4901.9599609375,7998.68994140625,14075.0952148438,NA,NA,NA,NA,NA,NA,NA,NA,750,750,290,290,511,515,459,498,525,473,422,542,461,683,662,597,527,1.3,5.38,0.89,5.1,8.42,10.92,12.74,4.71,6.27,5.12,5.16,8.32,10.45,4.56,6.17,8.57,12.16,60989.44921875,98261.5,62569.841796875,165620.5,23887,19333,26982.5,7902,11203.5,6241.5,6877.5,6626,9586,14626.5,6910,11233,19982,NA
"09-NOV-2022",2022-11-09 09:38:09,"2022-11-09","9H 38M 9S","Unknown","2.16.0","Unknown","Unknown",750,290,511,515,459,498,525,473,422,542,461,683,662,597,527,5.71,4.81,5.76,6.79,7.27,3.17,5.07,4.84,4.56,7.48,4.7,4.27,5.92,5.21,5.65,70645.9609375,175934.28125,25726.41015625,13599.08984375,15833.8798828125,8272.9794921875,10147.5,3996.15991210938,4390.39990234375,4224,7584.6396484375,14603.7900390625,6881.85009765625,7842.47998046875,10698.9501953125,NA,NA,NA,NA,NA,NA,NA,NA,750,750,290,290,511,515,459,498,525,473,422,542,461,683,662,597,527,1.54,5.53,0.87,4.41,5.92,7.2,7.4,3.55,5.9,4.92,4.58,7.93,4.93,4.65,6.46,5.56,5.84,60922.12890625,75933,66554.15625,173337,25560,13664,16158,8230,10071,6964,7831,7423,10798,14838,6995,7921,10887,NA
"09-NOV-2022",2022-11-09 09:33:41,"2022-11-09","9H 33M 41S","Unknown","2.16.0","Unknown","Unknown",750,290,511,515,459,498,525,473,422,542,461,683,662,597,527,6.79,4.91,15.41,16.04,16.43,3.29,5.3,4.7,4.2,7.36,4.86,6.47,7.97,7.16,7.95,70284.0546875,167060.6484375,14510.7451171875,7593.34497070312,8761.365234375,7859.69970703125,9582.10986328125,3666.55993652344,4090.55993652344,3895.99987792969,6566.71997070312,9187.89501953125,4331.23974609375,5016.96508789062,6862.98999023438,NA,NA,NA,NA,NA,NA,NA,NA,750,750,290,290,511,515,459,498,525,473,422,542,461,683,662,597,527,1.6,6.66,0.91,4.77,5.99,7.11,7.72,3.67,6.33,4.76,4.23,8.31,4.93,4.88,6.64,5.85,6.03,60388.724609375,76190.5,63128.884765625,173783,25735,13832.5,16475.5,8250,10135.5,7004,7880,7449,10830,14829.5,6991.5,7960,11034.5,NA
"08-NOV-2022",2022-11-08 13:12:34,"2022-11-08","13H 12M 34S","Unknown","LSRII","1","Administrator",750,290,511,515,459,498,525,473,422,542,461,683,662,597,527,6.74,4.39,28.69,26.74,28.28,3.24,5.09,5.07,4.36,8.03,5.04,9.95,10.78,9.68,9.85,62924.783203125,166651.46875,1530.08996582031,799.470031738281,874.799987792969,7981.06005859375,9978.169921875,3442.55981445312,3779.83984375,3479.67993164062,6387.83984375,6161.06982421875,3073.15490722656,3926.57006835938,5701.4599609375,55.09,0,19.61,37.43,0.81,0.82,0.64,0.41,750,750,290,290,511,515,459,498,525,473,422,542,461,683,662,597,527,1.78,6.42,0.9,4.04,44.92,45.05,46.68,3.57,5.95,3.77,3.05,7.62,4.79,4.62,6.41,5.29,5.1,60973.701171875,67655,64624.9375,169075,3325,1828,2113.5,8093,10298,6527,7157,6762.5,9572,15003,7106,8750,13006.5,NA
"08-NOV-2022",2022-11-08 13:08:54,"2022-11-08","13H 8M 54S","Unknown","2.16.0","Unknown","Unknown",750,290,511,515,459,498,525,473,422,542,461,683,662,597,527,7.28,4.36,4.88,5.77,6.08,3,5.08,3.55,2.91,6.47,4.26,4.26,5.85,4.88,4.9,61655.822265625,176350.84375,26568.810546875,15434.5498046875,19218.46484375,8366.8701171875,10683.3701171875,4354.56005859375,4652.47973632812,4484.47998046875,7805.43994140625,14639.0498046875,6909.72998046875,8570.4345703125,12666.3349609375,NA,NA,NA,NA,NA,NA,NA,NA,750,750,290,290,511,515,459,498,525,473,422,542,461,683,662,597,527,1.81,6.92,0.9,4.07,5.08,5.98,6.24,3.48,6.3,3.58,2.85,7.58,4.84,4.53,6.32,5.1,4.98,61059.78515625,66165,68353.94921875,169208.5,26107.5,15344,19347.5,8088,10302.5,6543,7176,6780,9587,14997.5,7084,8718,12974,NA
"07-NOV-2022",2022-11-07 11:03:34,"2022-11-07","11H 3M 34S","Unknown","2.16.0","Unknown","Unknown",750,290,511,515,459,498,525,473,422,542,461,683,662,597,527,3.2,8.76,10.41,11.04,11.19,8.44,8.23,4.2,3.68,7.18,4.86,4.56,6.2,4.86,4.46,65587.44140625,155763.5078125,23199.2099609375,14834.3403320312,19708.109375,7362.77978515625,10250.41015625,4157.43994140625,4544,4423.35986328125,8019.83984375,14335.6494140625,6780.78491210938,9537.21484375,15402.0595703125,NA,NA,NA,NA,NA,NA,NA,NA,750,750,290,290,511,515,459,498,525,473,422,542,461,683,662,597,527,1.67,3.42,1.23,7.63,11.87,12.5,12.74,7.66,8.2,5.92,5.23,10.4,6.03,4.96,6.62,5.15,4.66,59439.283203125,72464.5,64349.75,158408,22930,14847,19965,7501.5,10428.5,4081,4535,4396.5,8136.5,14200.5,6742,9353,15164.5,NA
"04-NOV-2022",2022-11-04 11:28:07,"2022-11-04","11H 28M 7S","Unknown","LSRII","1","Administrator",750,290,511,515,459,498,525,473,422,542,461,683,662,597,527,14.43,7.52,7.37,16.3,18.56,6.86,14.56,14.76,14.45,15.44,7.68,7.3,8.3,16.9,17.04,35836.5703125,151060.40625,24594.83984375,14413.1396484375,18315.720703125,6645.27978515625,8358.259765625,2154.23999023438,2311.0400390625,2206.71997070312,4919.6796875,8270.1103515625,3905.25,5040.1298828125,7621.48974609375,55.09,0,19.61,37.43,0.81,0.82,0.64,0.41,750,750,290,290,511,515,459,498,525,473,422,542,461,683,662,597,527,3,12.36,1.64,6.19,5.63,12.87,15.13,5.77,13.62,14.04,13.65,14.89,7.45,5.22,6.98,12.8,12.23,56100.74609375,41967,61207.140625,161242,27495,16637,20895,7173,9372,3410,3670,3524,7148,13331,6268,8198,12415,NA
"04-NOV-2022",2022-11-04 11:25:54,"2022-11-04","11H 25M 54S","Unknown","LSRII","1","Administrator",750,290,511,515,459,498,525,473,422,542,461,683,662,597,527,11.85,14.2,10.39,47.97,54.77,8.1,24.65,16.44,12.83,15.72,9.4,8.7,10.94,39.56,52.65,33519.638671875,171279.953125,26189.3251953125,14831.5053710938,18126.990234375,7221.32983398438,9256.97998046875,2340.47998046875,2407.0400390625,2362.55993652344,5575.67993164062,12835.0498046875,5997.07006835938,7712.919921875,11047.0395507812,55.09,0,19.61,37.43,0.81,0.82,0.64,0.41,750,750,290,290,511,515,459,498,525,473,422,542,461,683,662,597,527,3.68,10.33,1.04,14.04,10.38,50.3,56.27,10.34,26.42,13.97,13.52,16.7,9.83,9.6,13.21,39.97,55.93,56871.837890625,38999,67687.09375,165750,26476.5,14977,18489,7002,8895,3174,3300,3121,6807,13032,6100,7819,11200.5,NA
"03-NOV-2022",2022-11-03 14:02:21,"2022-11-03","14H 2M 21S","Unknown","LSRII","1","Administrator",750,290,511,515,459,498,525,473,422,542,461,683,662,597,527,2.91,6.8,5.51,10.82,11.15,5.57,11.51,3.89,3.57,6.85,4.75,4.18,5.94,9.81,8.77,68115.73828125,160057.4453125,25176.419921875,15593.71484375,20637.5849609375,7497.669921875,9881.40966796875,4257.59985351562,4434.56005859375,4360.31982421875,7804.7998046875,14324.78515625,6734.044921875,9001.3447265625,14170.625,55.09,0,19.61,37.43,0.81,0.82,0.64,0.41,750,750,290,290,511,515,459,498,525,473,422,542,461,683,662,597,527,1.57,3.08,0.88,6.01,5.99,11.96,12.07,5.38,12.44,3.78,3.21,7.77,5.15,4.65,6.4,9.96,9.09,61222.298828125,73068,66720.90625,157082.5,24840.5,15464.5,20711,7392,9641,6192,6607,6367.5,9347.5,14434.5,6812,9043,14286,NA
"03-NOV-2022",2022-11-03 14:01:08,"2022-11-03","14H 1M 8S","Unknown","2.16.0","Unknown","Unknown",750,290,511,515,459,498,525,473,422,542,461,683,662,597,527,3.21,6.34,16.91,27.96,31.63,5.87,10.57,3.94,3.33,6.96,4.51,5.25,6.76,10.06,9.51,67524.375,149948.484375,10190.6103515625,5889.51025390625,7631.01025390625,7023.2998046875,9179.080078125,3808.63989257812,4021.11987304688,3886.07983398438,6609.919921875,9462.7998046875,4444.39990234375,5865.4599609375,9197.5302734375,NA,NA,NA,NA,NA,NA,NA,NA,750,750,290,290,511,515,459,498,525,473,422,542,461,683,662,597,527,1.67,3.19,1.09,5.81,8.95,15.63,16.46,5.73,11.36,3.72,3.09,7.93,5.17,4.78,6.74,9.22,8.52,60679.70703125,72994,62322.0859375,157559,23232,14227,18859,7429,9725,6176,6565,6378,9325,14455,6799,9019,14304,NA
"02-NOV-2022",2022-11-02 10:13:43,"2022-11-02","10H 13M 43S","Unknown","2.16.0","Unknown","Unknown",750,290,511,515,459,498,525,473,422,542,461,683,662,597,527,2.59,8.06,5.78,9.56,9.93,7.37,12.19,4.2,3.93,7.01,4.62,4.59,6.42,8.91,8.17,87317.2265625,147047.3125,23833.439453125,14846.490234375,19920.330078125,6926.5400390625,9102.8203125,4092.15991210938,4440.9599609375,4222.080078125,7701.11962890625,14053.9794921875,6594.85009765625,8782.6103515625,14017.490234375,NA,NA,NA,NA,NA,NA,NA,NA,750,750,290,290,511,515,459,498,525,473,422,542,461,683,662,597,527,1.4,2.46,1.07,7.2,6.75,11.1,11.98,6.91,13,3.96,3.5,8.19,5.19,4.97,6.91,9.36,8.27,60771.62890625,94310,63958.19921875,150403,24238,15103,20403,7107,9282,5922,6566,6154,9334,14270,6718,8841,14207,NA
"02-NOV-2022",2022-11-02 10:12:20,"2022-11-02","10H 12M 20S","Unknown","2.16.0","Unknown","Unknown",750,290,511,515,459,498,525,473,422,542,461,683,662,597,527,2.61,8.3,6.61,12.15,11.94,7.43,12.7,4.36,3.91,7.08,4.81,4.97,6.75,9.84,9.55,86996.90625,141871.484375,22441.859375,13832.3701171875,18674.55078125,6675.6201171875,8614.099609375,3806.71997070312,4176,3941.11987304688,6548.47998046875,10040.900390625,4710.89990234375,6175.009765625,9947.009765625,NA,NA,NA,NA,NA,NA,NA,NA,750,750,290,290,511,515,459,498,525,473,422,542,461,683,662,597,527,1.43,2.37,1.11,7.34,6.74,12.2,12.35,6.95,13.08,4.01,3.46,8.07,5.07,4.85,6.75,9.33,8.57,60424.03515625,94546,61965.97265625,149849,24078,14937,20226,7082,9235,5922,6565,6153,9308,14207,6679,8771,14119,NA
"31-OCT-2022",2022-10-31 10:27:19,"2022-10-31","10H 27M 19S","Unknown","2.16.0","Unknown","Unknown",750,290,511,515,459,498,525,473,422,542,461,683,662,597,527,2.63,8.21,5.92,9.95,10.13,7.47,12.94,5.12,4.67,7.62,4.94,4.76,6.67,8.63,7.94,112290.25390625,145850.9375,23648.3544921875,15563.3403320312,21313.529296875,6787.55004882812,9279.93994140625,3898.55993652344,4283.52001953125,4057.59985351562,7505.59985351562,14045.5747070312,6558.56494140625,9192.6103515625,15153.8046875,NA,NA,NA,NA,NA,NA,NA,NA,750,750,290,290,511,515,459,498,525,473,422,542,461,683,662,597,527,1.26,2.32,1.1,7.36,6.85,11.54,11.93,7.13,13.4,4.63,3.98,8.54,5.27,4.97,7.02,9,8.29,61706.251953125,119194.5,63789.904296875,149612,24079,15878.5,21903,6984,9463,6325,7113,6618,10056,14313,6688.5,9316,15404.5,NA
"31-OCT-2022",2022-10-31 10:26:18,"2022-10-31","10H 26M 18S","Unknown","2.16.0","Unknown","Unknown",750,290,511,515,459,498,525,473,422,542,461,683,662,597,527,2.66,8.51,7.25,12.26,12.61,7.79,12.64,4.99,4.53,8.02,5.18,5.04,7.12,10.04,9.35,111957.2265625,142088.78125,22687.291015625,14811.66015625,20394.990234375,6557.5400390625,8821.5595703125,3667.19995117188,4062.07983398438,3843.19995117188,6391.0400390625,10427.1201171875,4854.39990234375,6741.6298828125,11188.080078125,NA,NA,NA,NA,NA,NA,NA,NA,750,750,290,290,511,515,459,498,525,473,422,542,461,683,662,597,527,1.29,2.39,1.16,7.64,7.08,12.16,12.92,7.08,13.41,4.66,3.88,8.44,5.46,5.06,7.15,9.23,8.88,61551.07421875,119292,61938.859375,150056,24195,15929,21987,7020,9466,6336,7115,6660,10038,14300,6700,9298,15383,NA
"28-OCT-2022",2022-10-28 09:55:30,"2022-10-28","9H 55M 30S","Unknown","2.16.0","Unknown","Unknown",750,290,511,515,459,498,525,473,422,542,461,683,662,597,527,2.51,8.2,5.79,6.09,6.23,7.26,7.47,8.9,8.83,10.45,5.75,4.71,6.52,5.23,5.09,110327.90625,149759.46875,24632.1005859375,16709.0849609375,22707.9453125,7052,9958.080078125,3502.39990234375,3783.03979492188,3727.03991699219,7276.15966796875,14171.8544921875,6673.36499023438,9914.82470703125,16286.01953125,NA,NA,NA,NA,NA,NA,NA,NA,750,750,290,290,511,515,459,498,525,473,422,542,461,683,662,597,527,1.24,2.25,1.15,7.27,6.53,7,7.16,6.73,7.76,9.22,8.82,10.88,5.58,5.09,7.1,5.55,5.12,61909.84375,116832,64021.720703125,153101.5,25016.5,17100,23382.5,7227.5,10136,6047.5,6727,6471,10570,14448,6833,10069,16589,NA
"28-OCT-2022",2022-10-28 09:54:24,"2022-10-28","9H 54M 24S","Unknown","2.16.0","Unknown","Unknown",750,290,511,515,459,498,525,473,422,542,461,683,662,597,527,2.66,8.2,6.61,6.89,6.86,7.55,7.99,9.53,9.34,10.92,5.63,5.16,6.75,5.86,5.5,109296.875,143082.6171875,23140.4853515625,15709.544921875,21428.955078125,6724,9398.83984375,3204.47998046875,3523.83984375,3431.67993164062,6178.23999023438,10445.5698242188,4897.65502929688,7265.40502929688,12009.1049804688,NA,NA,NA,NA,NA,NA,NA,NA,750,750,290,290,511,515,459,498,525,473,422,542,461,683,662,597,527,1.29,2.36,1.18,7.17,6.53,7.07,6.92,6.83,8.08,9.6,9.14,11.51,5.44,4.98,6.81,5.39,4.92,61431.953125,116577,61748.255859375,151534.5,24761,16890.5,23139,7143,10024.5,5921.5,6618,6362,10541,14365,6788,10021,16508.5,NA
"27-OCT-2022",2022-10-27 10:17:44,"2022-10-27","10H 17M 44S","Unknown","2.16.0","Unknown","Unknown",750,290,511,515,459,498,525,473,422,542,461,683,662,597,527,4.4,8.92,5.79,6.76,6.97,8.29,8.51,6.72,6.78,8.83,5.28,5.32,6.99,5.8,5.36,114048.546875,147641.8125,24727.6796875,16784.8203125,23013.720703125,6922.43994140625,9804.740234375,4008.31982421875,4229.1201171875,4266.8798828125,7783.6796875,14235.6103515625,6700.6298828125,9894.939453125,16378.6796875,NA,NA,NA,NA,NA,NA,NA,NA,750,750,290,290,511,515,459,498,525,473,422,542,461,683,662,597,527,2.05,3.03,2.21,7.86,6.56,7.3,7.62,7.44,8.68,5.83,5.5,9.27,5.05,5.27,7.09,5.92,5.18,61939.05859375,120519,64191.8359375,150809,24943,16982,23504,7091,9987,5900,6388,6331,9600,14365,6776,9913,16484,NA
"27-OCT-2022",2022-10-27 10:14:38,"2022-10-27","10H 14M 38S","Unknown","2.16.0","Unknown","Unknown",750,290,511,515,459,498,525,473,422,542,461,683,662,597,527,2.54,7.6,5.07,6.21,6.04,6.41,6.83,4.25,4.08,7.87,4.47,4.85,7.54,6.04,4.59,111700.046875,144102.703125,23229.990234375,13583.7001953125,17776.259765625,6845.35986328125,8662.4794921875,3776,4046.71997070312,4014.07983398438,6663.6796875,10453.3603515625,4935.580078125,6219.69970703125,9582.51953125,NA,NA,NA,NA,NA,NA,NA,NA,750,750,290,290,511,515,459,498,525,473,422,542,461,683,662,597,527,1.18,2.05,1.13,7.5,4.84,5.85,6.41,6.16,7.13,3.78,3.11,8.75,4.57,4.55,8.45,5.68,5.08,61568.95703125,118760,62351.13671875,151581,24818,14579,19239,7192,9274,5964,6441,6372,9536,14041,6681,8457,12988,NA
"26-OCT-2022",2022-10-26 10:06:57,"2022-10-26","10H 6M 57S","Unknown","2.16.0","Unknown","Unknown",750,290,511,515,459,498,525,473,422,542,461,683,662,597,527,3.31,8.46,5.29,5.62,5.3,7.56,7.58,3.68,2.72,6.57,4.76,4.62,5.59,5.31,4.98,107625.59375,142654.5859375,24079.6806640625,13993.1552734375,18396.7197265625,6756.38989257812,8826.4794921875,4198.07983398438,4434.55981445312,4459.52001953125,7838.39965820312,13927.7001953125,6561.22998046875,8420.169921875,12945.955078125,NA,NA,NA,NA,NA,NA,NA,NA,750,750,290,290,511,515,459,498,525,473,422,542,461,683,662,597,527,1.36,2.91,0.91,7.71,6.67,6.98,6.63,7.14,7.78,3.71,3.25,8.09,5.02,4.6,6.52,5.28,4.84,60999.123046875,115607.5,63421.09765625,147347,24530.5,14291,19006,6969,9126,5368,5816,5791,8802.5,14009,6636.5,8420.5,13022,NA
"26-OCT-2022",2022-10-26 10:05:54,"2022-10-26","10H 5M 54S","Unknown","2.16.0","Unknown","Unknown",750,290,511,515,459,498,525,473,422,542,461,683,662,597,527,3.08,6.94,6.11,6.45,6.69,6.4,7.59,3.15,2.67,6.54,3.79,5.08,6.67,4.92,4.79,107446.5703125,137736.21875,22466.16015625,13185.990234375,17533.259765625,6613.2998046875,8631.3203125,3918.71997070312,4199.6796875,4152.31982421875,6732.7998046875,10187.26953125,4794.5400390625,6066.35986328125,9383.259765625,NA,NA,NA,NA,NA,NA,NA,NA,750,750,290,290,511,515,459,498,525,473,422,542,461,683,662,597,527,1.18,2.7,0.88,6.17,5.74,6.87,6.91,6.19,7.82,3.55,2.86,8.21,4.99,5.02,6.83,5.12,4.45,60779.421875,115966,61844.36328125,146100,24343,14404,19040,6989,9181,5383,5816,5746,8796,14033,6597,8457,13033,NA
"25-OCT-2022",2022-10-25 10:26:03,"2022-10-25","10H 26M 3S","Unknown","2.16.0","Unknown","Unknown",750,290,511,515,459,498,525,473,422,542,461,683,662,597,527,2.78,8.92,5.44,5.92,6,8.11,8.28,3.36,2.9,6.45,4.32,4.58,6.33,5.22,4.69,110019.51953125,144354.4375,23430.0595703125,13876.919921875,18173.9697265625,6808.86987304688,8914.22021484375,4175.03979492188,4380.7998046875,4413.43994140625,7858.8798828125,13822.9453125,6514.69506835938,8450.51025390625,13009.2998046875,NA,NA,NA,NA,NA,NA,NA,NA,750,750,290,290,511,515,459,498,525,473,422,542,461,683,662,597,527,1.29,2.52,1.13,7.79,6.53,6.91,7.02,7.71,8.74,3.6,2.88,7.44,4.96,4.9,6.74,5.37,4.69,61711.02734375,116892.5,63855.92578125,147790.5,23782.5,14170.5,18707,6988.5,9080,5686,6105.5,6021,9030,14006,6627.5,8498,13162,NA
"25-OCT-2022",2022-10-25 10:24:10,"2022-10-25","10H 24M 10S","Unknown","2.16.0","Unknown","Unknown",750,290,511,515,459,498,525,473,422,542,461,683,662,597,527,3.02,8.34,7.11,7.57,7.56,8.32,8.2,3.61,3.02,6.6,4.4,5.05,6.36,5.27,4.94,109909.4140625,140534.46875,22316.3095703125,13273.0649414062,17355.0595703125,6542.36987304688,8486.58984375,3921.28002929688,4152.31982421875,4151.99975585938,6817.27978515625,10295.5102539062,4875.71997070312,6199.40502929688,9721.71484375,NA,NA,NA,NA,NA,NA,NA,NA,750,750,290,290,511,515,459,498,525,473,422,542,461,683,662,597,527,1.36,2.61,1.22,7.13,7.23,7.65,7.53,7.16,8.63,4.01,3.16,7.86,5.58,4.84,6.93,5.09,4.91,61578.494140625,116866,61953.83203125,148049,23865,14314.5,18784,7018,9110,5708.5,6104.5,6054.5,9080,14034,6672.5,8541,13233.5,NA
"24-OCT-2022",2022-10-24 10:45:50,"2022-10-24","10H 45M 50S","Unknown","2.16.0","Unknown","Unknown",750,290,511,515,459,498,525,473,422,542,461,683,662,597,527,2.97,10.52,8.98,9.38,9.7,10.93,10.74,3.54,2.8,6.15,3.94,4.76,6.29,5.34,4.56,111040.54296875,148316.265625,24012.8544921875,14237.3696289062,18884.33984375,6976.55981445312,9121.27001953125,4074.23999023438,4300.47973632812,4301.43994140625,7714.55981445312,13886.2900390625,6546.46997070312,8456.66015625,13126.9697265625,NA,NA,NA,NA,NA,NA,NA,NA,750,750,290,290,511,515,459,498,525,473,422,542,461,683,662,597,527,1.63,2.55,1.62,9,10.52,10.44,10.9,10.07,9.79,4.23,3.56,7.46,5.41,5.04,6.45,5.45,4.41,61730.9609375,117860.5,64072.740234375,151592,24493,14574.5,19574.5,7160.5,9224,6130,6619,6495,9496,14116,6675,8572.5,13328.5,NA
"24-OCT-2022",2022-10-24 10:45:00,"2022-10-24","10H 45M 0S","Unknown","2.16.0","Unknown","Unknown",750,290,511,515,459,498,525,473,422,542,461,683,662,597,527,2.85,11.37,10.21,10.47,10.94,11.57,11.71,3.62,3.02,7.07,4.79,5.55,7.2,5.73,5.75,110929.2734375,145596.734375,22879.259765625,13544.8203125,18156.9609375,6806.81982421875,8828.1201171875,3827.83984375,4085.11987304688,4066.55981445312,6681.599609375,10342.66015625,4881.0498046875,6268.48974609375,9835.900390625,NA,NA,NA,NA,NA,NA,NA,NA,750,750,290,290,511,515,459,498,525,473,422,542,461,683,662,597,527,1.75,2.56,1.67,9.67,9.98,10.06,10.59,10.07,11.25,4.43,3.73,8.73,6.2,5.03,7.3,5.54,5.17,61570.2265625,117997,62569.35546875,152531,24403,14621,19570,7144,9279,6156,6637,6573,9584,14145,6680,8584,13425,NA
"21-OCT-2022",2022-10-21 09:56:38,"2022-10-21","9H 56M 38S","Unknown","2.16.0","Unknown","Unknown",750,290,511,515,459,498,525,473,422,542,461,683,662,597,527,2.58,8.9,6.6,6.86,7.19,7.9,7.92,11.13,11.6,12.43,6.14,4.98,6.99,5.13,4.95,112057.328125,145834.125,23899.455078125,16238.8798828125,22649.2197265625,6865.85986328125,9483.2998046875,3141.43994140625,3463.35998535156,3380.79992675781,6223.67993164062,10420.3549804688,4883.509765625,7164.544921875,12063.634765625,NA,NA,NA,NA,NA,NA,NA,NA,750,750,290,290,511,515,459,498,525,473,422,542,461,683,662,597,527,1.2,2.23,1.23,8,6.24,6.97,7.06,7.03,8.11,10.76,11.11,12.57,5.34,4.6,6.89,5.01,4.54,61644.642578125,119102,61939.380859375,154279.5,25603,17507,24469,7251,10064,6086,6794,6561.5,10854,14250.5,6749,9942,16553.5,NA
"21-OCT-2022",2022-10-21 09:54:31,"2022-10-21","9H 54M 31S","Unknown","2.16.0","Unknown","Unknown",750,290,511,515,459,498,525,473,422,542,461,683,662,597,527,2.3,8,6.73,6.86,6.6,7.49,7.53,10.78,10.77,11.81,5.64,4.83,6.47,5.47,4.67,112184.375,146097.765625,24032.69921875,16238.8798828125,22673.51953125,6899.47998046875,9539.8798828125,3143.0400390625,3445.11987304688,3375.35986328125,6206.7197265625,10399.240234375,4867.93017578125,7170.48974609375,12070.3994140625,NA,NA,NA,NA,NA,NA,NA,NA,750,750,290,290,511,515,459,498,525,473,422,542,461,683,662,597,527,1.24,2.2,1.19,6.88,6.38,6.37,6.57,6.78,7.42,10.62,10.48,11.96,5.05,4.7,6.6,4.96,4.44,61624.515625,119337,61967.25,153852,25724,17516,24509,7309,10096,6089,6765,6555,10861,14248,6736,9928,16573,NA
"20-OCT-2022",2022-10-20 09:56:11,"2022-10-20","9H 56M 11S","Unknown","2.16.0","Unknown","Unknown",750,290,511,515,459,498,525,473,422,542,461,683,662,597,527,2.61,7.89,6.04,17.68,19.45,7.17,17.46,10.4,10.17,11.86,6.69,4.54,6.84,15.85,14.67,117725.30078125,149438.84375,24296.759765625,10765.3051757812,12767.2202148438,7084.7998046875,8523.080078125,3375.03991699219,3633.919921875,3624.9599609375,6997.759765625,13834.8349609375,6528.63500976562,6558.36010742188,8498.8896484375,NA,NA,NA,NA,NA,NA,NA,NA,750,750,290,290,511,515,459,498,525,473,422,542,461,683,662,597,527,1.31,2.25,1.15,7.36,6.6,20.04,22.18,6.19,17.46,10.71,10.3,11.65,6.08,4.85,6.82,18.78,15.19,62303.966796875,124134.5,63803.2421875,153205,24663,11118,13316.5,7283.5,8614.5,6118,6756.5,6561,10624,14158.5,6748,6744.5,8761,NA
"20-OCT-2022",2022-10-20 09:55:26,"2022-10-20","9H 55M 26S","Unknown","LSRII","1","Administrator",750,290,511,515,459,498,525,473,422,542,461,683,662,597,527,3.26,8.87,7.17,25.6,25.02,7.92,17.95,11.21,11.81,12.05,6.85,5.24,7.48,22.14,20.49,117692.1875,147015.34375,23499.720703125,10578.599609375,12593.8798828125,6933.919921875,8405.8203125,3208.31982421875,3472,3432.9599609375,6126.080078125,10491.080078125,4940.5,5091.3798828125,6561.22998046875,55.09,0,19.61,37.43,0.81,0.82,0.64,0.41,750,750,290,290,511,515,459,498,525,473,422,542,461,683,662,597,527,1.15,2.71,1.25,7.91,6.64,25.82,25.56,6.61,17.59,11.29,11.64,12.24,5.71,5.15,7.16,19.7,19.16,62054.73046875,124060,62060,155101,25018,11382,13579,7309,8886,6160,6791,6616,10729,14262,6752,6840,8966,NA
"19-OCT-2022",2022-10-19 09:56:47,"2022-10-19","9H 56M 47S","Unknown","2.16.0","Unknown","Unknown",750,290,511,515,459,498,525,473,422,542,461,683,662,597,527,2.41,8.29,6.99,32.31,31.66,7.44,18.53,11.02,11.48,12.06,6.35,4.97,6.75,30.04,27.77,118938.046875,146414.28125,23536.169921875,11908.6201171875,14136.1201171875,6891.27978515625,8600.9794921875,3168,3520.63989257812,3407.35986328125,6125.43994140625,10514.8603515625,4961,5649.39013671875,7266.02001953125,NA,NA,NA,NA,NA,NA,NA,NA,750,750,290,290,511,515,459,498,525,473,422,542,461,683,662,597,527,1.21,2.27,1.13,7.4,7.01,30.97,31.86,6.66,18.47,11.29,11.11,12.29,5.79,5.27,6.82,26.67,25.29,61909.92578125,125792,62523.40234375,153205,25160,12529,15121,7238,9088,6043,6835,6526,10709,14289,6716,7433,9677,NA
"18-OCT-2022",2022-10-18 10:53:35,"2022-10-18","10H 53M 35S","Unknown","2.16.0","Unknown","Unknown",750,290,511,515,459,498,525,473,422,542,461,683,662,597,527,2.54,7.91,4.58,5.1,5.24,7.05,7.44,8.42,8.52,10.75,5.49,4.72,6.15,4.98,4.66,119857.42578125,152410.9375,25740.1796875,11041.9204101562,13087.5747070312,7258.22998046875,8111.03002929688,3649.28002929688,3952.63989257812,3861.11987304688,7202.23999023438,13962.7548828125,6549.75,6319.94482421875,8269.7001953125,NA,NA,NA,NA,NA,NA,NA,NA,750,750,290,290,511,515,459,498,525,473,422,542,461,683,662,597,527,1.12,2.27,1.08,6.82,5.69,5.99,6.53,6.3,7.92,8.58,8.53,11.43,5.14,5.12,6.82,5.38,4.82,62064.46875,126521.5,63928.4296875,155795.5,25744,11119,13427,7447,8294.5,6354,7077,6786,10435.5,14238.5,6706.5,6394,8416.5,NA
"18-OCT-2022",2022-10-18 10:52:42,"2022-10-18","10H 52M 42S","Unknown","2.16.0","Unknown","Unknown",750,290,511,515,459,498,525,473,422,542,461,683,662,597,527,2.79,8.29,6.06,6.48,6.57,6.92,7.45,9.14,8.22,10.29,5.25,5.23,7.38,5.99,5.45,119650.296875,149458.9375,23178.150390625,9912.7802734375,11654.2802734375,7147.1201171875,7861.33984375,3457.919921875,3811.19995117188,3671.0400390625,6162.56005859375,10514.8603515625,4947.06005859375,4700.64990234375,6202.89013671875,NA,NA,NA,NA,NA,NA,NA,NA,750,750,290,290,511,515,459,498,525,473,422,542,461,683,662,597,527,1.22,2.5,1.1,7.41,5.83,6.23,6.69,6.39,8.02,9.03,8.04,11.08,5.36,5.13,7.42,5.65,5.24,61947.890625,126578,62148.15625,157202,26034,11163,13471,7491,8342,6402,7158,6836,10457,14295,6756,6399,8435,NA
"17-OCT-2022",2022-10-17 09:56:17,"2022-10-17","9H 56M 17S","Unknown","2.16.0","Unknown","Unknown",750,290,511,515,459,498,525,473,422,542,461,683,662,597,527,3.29,8.46,3.5,3.65,3.75,7.62,7.79,4.34,4.23,7.25,4.49,4.25,6.16,5.05,4.56,112416.9140625,148055.09375,27908.55078125,18179.640625,24035.939453125,6938.02001953125,9521.83984375,4067.83984375,4372.47998046875,4355.83984375,7842.56005859375,13774.3603515625,6515.31005859375,9175.7998046875,14865.3701171875,NA,NA,NA,NA,NA,NA,NA,NA,750,750,290,290,511,515,459,498,525,473,422,542,461,683,662,597,527,1.18,2.72,1.09,7.49,4.33,4.72,4.51,6.9,7.9,4.02,3.72,7.96,4.94,4.72,6.37,5.3,4.77,61877.64453125,119084,63846.4921875,151838,27004,17821,24019,7131,9757,6081,6695,6558,9806,14049,6658,9290,15121,NA
"17-OCT-2022",2022-10-17 09:54:33,"2022-10-17","9H 54M 33S","Unknown","2.16.0","Unknown","Unknown",750,290,511,515,459,498,525,473,422,542,461,683,662,597,527,3.54,8.23,8.97,8.98,9.07,7.67,7.9,4.67,4.31,7.53,4.91,5.28,7.02,5.79,5.5,112119.6953125,143964.125,19739.69921875,12988.349609375,17577,6751.06005859375,9037.2197265625,3817.59985351562,4142.080078125,4094.71997070312,6689.27978515625,10167.1796875,4797.81982421875,6666.18994140625,10984.7197265625,NA,NA,NA,NA,NA,NA,NA,NA,750,750,290,290,511,515,459,498,525,473,422,542,461,683,662,597,527,1.28,2.84,1.15,7.39,4.46,4.62,4.53,6.98,8.06,4.38,3.56,8.27,5.33,5.05,6.96,5.39,5.06,61628.31640625,119109,61909.10546875,152124,27048,17829,24073,7138,9725,6088,6705,6560,9770,14074,6670,9278,15119,NA
"14-OCT-2022",2022-10-14 10:05:03,"2022-10-14","10H 5M 3S","Unknown","2.16.0","Unknown","Unknown",750,290,511,515,459,498,525,473,422,542,461,683,662,597,527,2.63,8.39,5.62,5.87,6.12,7.38,7.44,4.4,4.14,7.12,4.72,4.67,6.59,5.35,5.09,117475.8203125,152432.265625,24639.390625,17743.05078125,24725.25,7035.60009765625,10190.9599609375,4115.83984375,4375.6796875,4347.52001953125,7821.43994140625,13858.8203125,6562.8701171875,10196.7001953125,17189.66015625,NA,NA,NA,NA,NA,NA,NA,NA,750,750,290,290,511,515,459,498,525,473,422,542,461,683,662,597,527,1.34,2.38,1.05,7.53,6.51,7.02,7.52,7.04,7.76,4,3.51,8.21,5.24,5.02,7.09,5.52,5.2,62421.44921875,123277,64253.41796875,155247,24816,18027,25423,7198,10370,5862,6387,6269,9423,14089,6695,10319,17496,NA
"14-OCT-2022",2022-10-14 10:03:47,"2022-10-14","10H 3M 47S","Unknown","2.16.0","Unknown","Unknown",750,290,511,515,459,498,525,473,422,542,461,683,662,597,527,2.3,7.49,6.41,6.77,6.85,7.09,7.27,4.36,3.98,6.94,4.56,5.22,6.86,5.1,4.95,116845.9609375,147126.859375,23088.240234375,16599.330078125,23304.509765625,6788.77978515625,9833.439453125,3848.9599609375,4145.919921875,4085.76000976562,6724.47998046875,10383.66015625,4907.7001953125,7572.69970703125,12857.189453125,NA,NA,NA,NA,NA,NA,NA,NA,750,750,290,290,511,515,459,498,525,473,422,542,461,683,662,597,527,1.25,2.18,1.08,6.58,6.35,6.82,6.88,6.36,7.59,3.96,3.42,7.88,4.84,4.91,6.81,5.07,4.62,62194.00390625,123138,62340.32421875,154588,24816,17944,25284,7157,10312,5836,6380,6225,9413,14065,6679,10303,17458,NA
"13-OCT-2022",2022-10-13 15:03:33,"2022-10-13","15H 3M 33S","Unknown","LSRII","1","",750,290,511,515,459,498,525,473,422,542,461,683,662,597,527,2.71,7.76,3.81,4.18,4.12,6.72,7.33,3.55,3.01,6.65,4.67,5.44,7.01,5.79,5.74,126761.24609375,152298.1875,27129.330078125,19847.0244140625,27691.875,7143.83984375,10145.8603515625,3911.67993164062,4252.7998046875,4194.8798828125,6996.47998046875,10325.64453125,4923.89501953125,7696.72509765625,13291.5849609375,55.09,0,19.61,37.43,0.81,0.82,0.64,0.41,750,750,290,290,511,515,459,498,525,473,422,542,461,683,662,597,527,1.13,2.32,1.13,6.9,4.3,4.63,4.56,6.26,7.67,4.3,3.75,8.45,5.46,5.02,7.1,5.48,5.14,63600.18359375,130616.5,63473.78515625,156778.5,27173,20043.5,28339,7340,10572,5419,5923,5807,8712,14277,6768,10463,18109.5,NA
"13-OCT-2022",2022-10-13 15:01:49,"2022-10-13","15H 1M 49S","Unknown","2.16.0","Unknown","Unknown",750,290,511,515,459,498,525,473,422,542,461,683,662,597,527,2.98,7.71,3.41,3.66,3.62,6.87,7.06,3.36,2.72,6.55,4.65,4.76,6.48,5.02,4.63,126260.74609375,155622.8828125,28275.8857421875,20694.689453125,28852.2001953125,7263.14990234375,10515.2700195312,4204.15966796875,4481.919921875,4473.60009765625,7908.47998046875,13941.8447265625,6562.8701171875,10273.7802734375,17745.208984375,NA,NA,NA,NA,NA,NA,NA,NA,750,750,290,290,511,515,459,498,525,473,422,542,461,683,662,597,527,1.12,2.5,1.1,7.11,4.32,4.47,4.12,6.52,7.52,4.23,3.43,8.28,5.71,5.15,6.88,5.32,4.87,63501.115234375,130330.5,65635.30078125,155178.5,27020.5,20013,28348.5,7281,10508,5432,5930,5820,8765.5,14288,6749,10460,18171,NA
"12-OCT-2022",2022-10-12 10:40:25,"2022-10-12","10H 40M 25S","Unknown","LSRII","1","Administrator",750,290,511,515,459,498,525,473,422,542,461,683,662,597,527,2.17,4.78,3.16,3.54,3.64,3.72,5.48,3.43,2.9,6.57,4.49,4.11,5.78,4.73,4.32,126919.8671875,150537.234375,24950.4296875,18758.791015625,26593.919921875,7019.19970703125,10475.5,3899.52001953125,4126.080078125,4214.39990234375,7644.15966796875,14038.8095703125,6613.2998046875,10812.51953125,18920.26953125,55.09,0,19.61,37.43,0.81,0.82,0.64,0.41,750,750,290,290,511,515,459,498,525,473,422,542,461,683,662,597,527,1,2.07,0.75,4.26,3.85,3.9,3.92,4.15,6.33,3.55,2.88,7.34,4.79,4.38,6.68,4.73,4.4,63028.05078125,131943,64991.890625,151874,25046,18949,27085,7112,10556,6475,7048,7053,10496,14248,6745,10917,19165,NA
"12-OCT-2022",2022-10-12 10:35:07,"2022-10-12","10H 35M 7S","Unknown","LSRII","1","Administrator",750,290,511,515,459,498,525,473,422,542,461,683,662,597,527,2.33,5.04,4.77,5.27,4.64,3.8,5.51,3.68,3.14,7.22,4.61,4.55,6.49,5.22,4.64,125226.25390625,144743.53125,22375.03515625,16786.03515625,24250.185546875,6788.77978515625,10088.8701171875,3639.0400390625,3902.71997070312,3957.11987304688,6674.23999023438,10488.6201171875,4987.23974609375,8131.1201171875,14239.9150390625,55.09,0,19.61,37.43,0.81,0.82,0.64,0.41,750,750,290,290,511,515,459,498,525,473,422,542,461,683,662,597,527,0.97,2.18,0.67,4.53,3.86,4.13,4.05,4.2,6.26,3.73,3.09,7.78,4.94,4.61,6.61,5.18,4.44,62623.41796875,131159.5,62904.2734375,150756,24884,18777,26859.5,7053,10490,6434,7011,7013,10538,14182,6720.5,10880,19084,NA
"11-OCT-2022",2022-10-11 09:46:01,"2022-10-11","9H 46M 1S","Unknown","LSRII","1","Administrator",750,290,511,515,459,498,525,473,422,542,461,683,662,597,527,2.36,5.18,3.16,4.49,5.12,3.65,5.99,4.39,3.58,7.33,4.71,4.54,6.49,5.55,5.9,124092.4296875,149191.625,24941.51953125,14933.16015625,19717.01953125,7066.759765625,9348.8203125,3544.9599609375,3873.919921875,3894.39990234375,7312.6396484375,14197.8896484375,6692.02001953125,8754.3203125,13591.5,55.09,0,19.61,37.43,0.81,0.82,0.64,0.41,750,750,290,290,511,515,459,498,525,473,422,542,461,683,662,597,527,1.05,2.32,0.59,4.7,3.65,4.8,5.22,4.15,6.75,4.26,3.71,7.92,5.12,5.26,7.01,5.58,6.09,62315.703125,130483,63952.5078125,153011,25242,15227,20316,7255,9532,6263,7041,6941,10827,14412,6815,8824,13777,NA
"11-OCT-2022",2022-10-11 09:42:21,"2022-10-11","9H 42M 21S","Unknown","2.16.0","Unknown","Unknown",750,290,511,515,459,498,525,473,422,542,461,683,662,597,527,2.34,4.62,3.39,4.69,5.32,3.83,5.9,4,3.34,7.5,5.01,4.95,6.77,5.76,6.12,123118.37890625,143569.2890625,23774.310546875,14299.740234375,18873,6849.05004882812,9033.52978515625,3296.63989257812,3669.76000976562,3626.8798828125,6290.23999023438,10627.2001953125,5032.955078125,6474.31005859375,10206.3349609375,NA,NA,NA,NA,NA,NA,NA,NA,750,750,290,290,511,515,459,498,525,473,422,542,461,683,662,597,527,0.97,2.21,0.74,4.54,3.8,4.83,5.41,4.02,6.88,4.13,3.4,8.1,4.95,4.88,6.71,5.73,6.06,62198.318359375,129795,61524.193359375,153167.5,25406.5,15338.5,20371,7324,9590,6245.5,7035.5,6910.5,10820,14432.5,6809,8843,13792,NA
"10-OCT-2022",2022-10-10 10:20:19,"2022-10-10","10H 20M 19S","Unknown","2.16.0","Unknown","Unknown",750,290,511,515,459,498,525,473,422,542,461,683,662,597,527,2.26,4.85,3.42,5.04,6,3.59,5.71,4.3,3.73,7.44,4.61,4.49,6.17,5.89,7.08,124358.4609375,149706.5859375,25117.6953125,16462.4404296875,22146.2099609375,7085.2099609375,9796.1298828125,3441.28002929688,3854.07983398438,3767.99987792969,7302.7197265625,14138.64453125,6666.80493164062,9508.31005859375,15407.3896484375,NA,NA,NA,NA,NA,NA,NA,NA,750,750,290,290,511,515,459,498,525,473,422,542,461,683,662,597,527,1.06,2.06,0.68,4.78,3.76,5.24,6.14,3.92,6.67,4.57,3.85,8.3,4.81,4.73,7.2,6.13,7.03,62377.7734375,130576,63928.90234375,153770.5,25464.5,16824.5,22822.5,7288.5,10039.5,6114,7048,6724,10921,14370.5,6801,9609,15638.5,NA
"10-OCT-2022",2022-10-10 10:18:59,"2022-10-10","10H 18M 59S","Unknown","2.16.0","Unknown","Unknown",750,290,511,515,459,498,525,473,422,542,461,683,662,597,527,2.35,5.16,3.7,5.08,6.06,3.87,5.75,4.79,4.07,8.06,5.05,4.92,6.63,6.24,7.01,124023.125,144017.0078125,23830.2001953125,15466.9497070312,20997.2255859375,6862.169921875,9401.2998046875,3196.47998046875,3636.79992675781,3515.52001953125,6182.71997070312,10504.6098632812,5022.90991210938,7052.82006835938,11378.1147460938,NA,NA,NA,NA,NA,NA,NA,NA,750,750,290,290,511,515,459,498,525,473,422,542,461,683,662,597,527,1,2.14,0.79,4.86,3.95,5.13,6.14,4.13,6.87,4.78,4.07,8.53,5.17,4.7,6.76,6.05,6.91,62162.43359375,130907,61536.1484375,153572.5,25476.5,16708,22630.5,7280,10008,6095.5,7014.5,6725.5,10906,14364,6820,9601,15632.5,NA
"07-OCT-2022",2022-10-07 14:18:14,"2022-10-07","14H 18M 14S","Unknown","2.16.0","Unknown","Unknown",750,290,511,515,459,498,525,473,422,542,461,683,662,597,527,2.28,5.91,3.52,6.89,8.27,4.59,6.32,3.92,3.25,6.91,4.55,4.23,6.26,6.81,8.96,129915.16796875,158348.5625,27220.455078125,19531.529296875,27323.3251953125,7384.919921875,10710.83984375,4027.52001953125,4451.51977539062,4431.67993164062,7983.35986328125,14697.474609375,6937.60986328125,10855.3647460938,18501.455078125,NA,NA,NA,NA,NA,NA,NA,NA,750,750,290,290,511,515,459,498,525,473,422,542,461,683,662,597,527,0.97,2.19,0.79,5.42,4.06,7,8.38,4.62,7.03,3.8,3.17,8.04,5.01,4.69,6.82,7.05,8.97,63440.458984375,134327,65203.62890625,159276.5,27194.5,19677,27805,7451,10759,6123,6930,6770,10058,14652,6923,10758.5,18422.5,NA
"07-OCT-2022",2022-10-07 14:17:26,"2022-10-07","14H 17M 26S","Unknown","2.16.0","Unknown","Unknown",750,290,511,515,459,498,525,473,422,542,461,683,662,597,527,3.35,7.07,4.56,7.47,8.82,5.88,6.99,4.91,4.38,7.52,4.77,4.63,6.48,6.93,9.34,128895.3046875,157929.5390625,27175.9052734375,19518.1650390625,27473.17578125,7352.53002929688,10656.3100585938,4008.31982421875,4453.1201171875,4402.55981445312,7975.35986328125,14648.2749023438,6924.48974609375,10857.2099609375,18598.009765625,NA,NA,NA,NA,NA,NA,NA,NA,750,750,290,290,511,515,459,498,525,473,422,542,461,683,662,597,527,1.55,2.28,1.63,5.78,4.46,7.5,8.62,4.9,7.29,4.22,3.66,8.1,5.21,5.03,6.85,6.85,9.54,63379.427734375,133344,65045.056640625,158718.5,27168,19698,27891,7432.5,10707,6106,6954,6760.5,10104.5,14608,6914.5,10764,18555,NA
"06-OCT-2022",2022-10-06 11:38:54,"2022-10-06","11H 38M 54S","Unknown","2.16.0","Unknown","Unknown",750,290,511,515,459,498,525,473,422,542,461,683,662,597,527,2.22,5.41,4.71,7.22,8.92,3.86,6.15,3.73,2.95,6.71,4.68,5.08,6.59,7.37,9.69,126182.59375,148108.3984375,24449.0400390625,17867.7900390625,24555.5546875,7063.47998046875,10113.4697265625,3868.15991210938,4186.23974609375,4188.15966796875,6929.919921875,10699.76953125,5037.875,8015.90991210938,13773.3349609375,NA,NA,NA,NA,NA,NA,NA,NA,750,750,290,290,511,515,459,498,525,473,422,542,461,683,662,597,527,1.01,2.24,0.65,5.02,3.75,6.96,8.37,4.09,6.86,4.08,3.03,7.67,5.1,4.84,6.68,7.1,9.66,63224.96875,130844.5,62644.802734375,154905,26545,19344.5,27230,7350,10669,6249,6855,6779,9975,14551.5,6884,10725,18486,NA
"06-OCT-2022",2022-10-06 11:36:08,"2022-10-06","11H 36M 8S","Unknown","2.16.0","Unknown","Unknown",750,290,511,515,459,498,525,473,422,542,461,683,662,597,527,2.49,5,3.37,6.84,8.17,3.75,6.06,3.48,2.89,6.57,4.59,4.41,6.41,7.07,9.18,129103.5859375,153619.6171875,26782.650390625,19374.794921875,26963.2802734375,7293.080078125,10691.9794921875,4106.23974609375,4406.39990234375,4441.919921875,7901.43994140625,14650.1196289062,6903.169921875,10904.974609375,18608.875,NA,NA,NA,NA,NA,NA,NA,NA,750,750,290,290,511,515,459,498,525,473,422,542,461,683,662,597,527,0.94,2.49,0.7,4.72,3.84,6.95,8.14,4.16,6.94,3.65,3.1,8.01,5.09,4.73,6.99,7.26,9.26,63326.8203125,133753,65065.33203125,154957,26760.5,19510,27390,7377.5,10760.5,6253,6886,6811.5,9985.5,14578,6897,10779,18493,NA
"05-OCT-2022",2022-10-05 11:04:54,"2022-10-05","11H 4M 54S","Unknown","LSRII","1","Administrator",750,290,511,515,459,498,525,473,422,542,461,683,662,597,527,2.33,5.56,3.53,6.77,7.76,3.97,6.07,3.52,3,6.89,4.54,4.15,6.09,7.2,9.12,124702.26953125,153187.0703125,25636.0947265625,18940.23046875,26265.8701171875,7225.83984375,10590.2998046875,4122.8798828125,4307.19970703125,4418.23999023438,7895.0400390625,14388.3349609375,6788.77978515625,10699.1552734375,18282.9248046875,55.09,0,19.61,37.43,0.81,0.82,0.64,0.41,750,750,290,290,511,515,459,498,525,473,422,542,461,683,662,597,527,1.01,2.15,0.81,5.1,4.08,6.81,7.84,4.23,6.9,3.64,3.01,7.93,4.98,4.66,6.67,7.33,9.09,63428.873046875,128897,65233.826171875,153935,25631,19093,26689,7280,10619.5,6210.5,6647,6690,9876.5,14483,6834,10699,18348.5,NA
"05-OCT-2022",2022-10-05 11:01:51,"2022-10-05","11H 1M 51S","Unknown","LSRII","1","Administrator",750,290,511,515,459,498,525,473,422,542,461,683,662,597,527,2.22,5.34,14.94,13.98,16.12,3.89,6.29,3.44,3.05,6.75,4.83,6.26,7.34,7.79,9.43,125658.21875,152967.3125,17975.115234375,13873.6796875,17986.8603515625,7174.18017578125,10425.0698242188,3916.15991210938,4167.6796875,4221.76000976562,7096.9599609375,9752.669921875,4710.48974609375,7498.080078125,12765.349609375,55.09,0,19.61,37.43,0.81,0.82,0.64,0.41,750,750,290,290,511,515,459,498,525,473,422,542,461,683,662,597,527,1.02,2.17,0.72,4.85,3.89,7,7.7,4.19,7.06,3.68,3.07,8.09,5.27,4.71,6.63,7.24,8.91,63810.021484375,129164,64589.3515625,155200,25920.5,19261.5,26848,7363,10764.5,6248,6706,6743,9821,14635,6918,10835,18566,NA
"04-OCT-2022",2022-10-04 11:28:22,"2022-10-04","11H 28M 22S","Unknown","2.16.0","Unknown","Unknown",750,290,511,515,459,498,525,473,422,542,461,683,662,597,527,2.23,5.69,3.64,3.79,4.03,4.14,5.71,4.14,3.55,7.13,4.67,4.44,6.06,4.65,4.41,121999.56640625,153310.0703125,25613.4150390625,18928.8896484375,26286.1201171875,7174.59008789062,10536.58984375,3887.03991699219,4110.7197265625,4177.59985351562,7643.52001953125,14194.2001953125,6694.47998046875,10606.2900390625,18246.025390625,NA,NA,NA,NA,NA,NA,NA,NA,750,750,290,290,511,515,459,498,525,473,422,542,461,683,662,597,527,1.05,2.26,0.68,5.2,4.16,4.38,4.33,4.26,6.64,4.14,3.56,8,5.04,4.85,6.81,5.07,4.59,63064.140625,126943,64690.98828125,155142.5,25767.5,19200.5,26840.5,7287,10667,6343,6879,6865.5,10404.5,14317,6781,10652,18408,NA
"04-OCT-2022",2022-10-04 11:24:19,"2022-10-04","11H 24M 19S","Unknown","2.16.0","Unknown","Unknown",750,290,511,515,459,498,525,473,422,542,461,683,662,597,527,2.24,5.28,3.9,4.13,4.16,4.18,5.43,4.04,3.62,7.21,4.55,4.68,6.53,5.13,4.74,120918.484375,148133,24381.810546875,18041.130859375,25160.220703125,6888.81982421875,10039.259765625,3642.8798828125,3884.15991210938,3909.11987304688,6611.19970703125,10705.099609375,5063.91015625,7990.89990234375,13801.419921875,NA,NA,NA,NA,NA,NA,NA,NA,750,750,290,290,511,515,459,498,525,473,422,542,461,683,662,597,527,1.07,2.18,0.66,4.77,4.05,4.34,4.24,4.32,6.28,4.19,3.58,8.26,4.74,4.65,6.89,4.94,4.48,62766.734375,126251,62800.45703125,154496,25726,19196,26836,7283,10676,6331,6866,6842,10417,14293,6779,10660,18416,NA
"03-OCT-2022",2022-10-03 12:48:51,"2022-10-03","12H 48M 51S","Unknown","2.16.0","Unknown","Unknown",750,290,511,515,459,498,525,473,422,542,461,683,662,597,527,2.32,6.06,3.71,3.92,4.1,4.16,5.89,4.04,3.67,6.91,4.51,4.48,6.1,4.64,4.32,124178.6640625,155130.0625,26397.900390625,19968.119140625,28112.669921875,7303.73974609375,10989.6396484375,3996.15991210938,4396.15966796875,4339.19970703125,7757.43994140625,14322.1201171875,6776.06982421875,11065.080078125,19536.91015625,NA,NA,NA,NA,NA,NA,NA,NA,750,750,290,290,511,515,459,498,525,473,422,542,461,683,662,597,527,1.05,2.28,0.9,5.63,4.29,4.37,4.58,4.38,6.16,3.87,3.48,7.78,4.93,4.76,6.36,5.01,4.5,62930.6796875,129469,64517.48046875,157750,26653,20302,28874,7442,11150,6361,7158,6935,10324,14352,6788,11029,19557,NA
"03-OCT-2022",2022-10-03 12:47:40,"2022-10-03","12H 47M 40S","Unknown","2.16.0","Unknown","Unknown",750,290,511,515,459,498,525,473,422,542,461,683,662,597,527,2.45,6.06,4.21,4.29,4.16,4.43,5.65,4.13,3.71,7.25,4.69,4.78,6.8,5.17,4.59,123846.02734375,151151.0078125,25271.5947265625,19020.0146484375,26870.1298828125,7143.02001953125,10693.2099609375,3757.11987304688,4190.080078125,4086.07983398438,6740.7998046875,10803.08984375,5119.259765625,8305.77978515625,14733.759765625,NA,NA,NA,NA,NA,NA,NA,NA,750,750,290,290,511,515,459,498,525,473,422,542,461,683,662,597,527,1.1,2.33,0.85,5.63,4.28,4.49,4.28,4.52,6.41,4.06,3.49,8.19,5.05,4.65,6.82,5.04,4.25,62727.109375,129516.5,62801.54296875,157654.5,26674,20254,28653,7442,11190.5,6367,7175,6951,10327,14351.5,6832,11033,19536,NA
"30-SEP-2022",2022-09-30 10:37:38,"2022-09-30","10H 37M 38S","Unknown","2.16.0","Unknown","Unknown",750,290,511,515,459,498,525,473,422,542,461,683,662,597,527,2.46,6.55,3.89,5.04,5.73,4.62,6.18,4.83,4.4,7.55,4.94,4.45,6.89,5.83,5.79,125719.4375,153243.234375,23921.73046875,9344.9697265625,10505.7001953125,7261.919921875,7905.6201171875,3890.55981445312,4136.9599609375,4085.11987304688,7451.52001953125,13946.1494140625,6570.25,5811.75,7120.8798828125,NA,NA,NA,NA,NA,NA,NA,NA,750,750,290,290,511,515,459,498,525,473,422,542,461,683,662,597,527,1.08,2.39,0.87,5.82,4.52,5.59,6.52,4.82,7.22,4.95,4.39,8.44,5.43,4.81,7.35,6.25,5.96,62676.4375,131652,64665.65625,155184,24031,9472,10794,7377,8030,6441,7024,6833,10188,14141,6679,5837,7216,NA
"30-SEP-2022",2022-09-30 10:33:46,"2022-09-30","10H 33M 46S","Unknown","LSRII","1","Administrator",750,290,511,515,459,498,525,473,422,542,461,683,662,597,527,2.61,7.08,4.63,5.94,6.72,5.06,6.88,5.3,4.8,8.44,5.29,5.26,7.15,6.92,6.82,124795.8203125,149878.78125,22749.66015625,8870.71484375,10032.66015625,7088.48999023438,7668.64013671875,3651.83984375,3930.8798828125,3848.9599609375,6379.19995117188,10565.9052734375,4970.22509765625,4356.66015625,5388.8349609375,55.09,0,19.61,37.43,0.81,0.82,0.64,0.41,750,750,290,290,511,515,459,498,525,473,422,542,461,683,662,597,527,1.12,2.56,0.85,6.39,4.93,6.38,7.18,5.06,8.18,5.28,4.54,9.54,5.49,5.38,7.35,6.97,6.5,62477.07421875,131019,63188.478515625,155312.5,24063,9438,10754,7379,8034,6430,7024,6830.5,10188,14151,6665,5853,7213,NA
"27-SEP-2022",2022-09-27 12:07:38,"2022-09-27","12H 7M 38S","Unknown","2.16.0","Unknown","Unknown",750,290,511,515,459,498,525,473,422,542,461,683,662,597,527,2.25,6.06,3.62,4.16,4.29,4.61,6.03,4.8,4.31,7.22,4.81,4.41,6.32,5.03,4.6,124712.27734375,152586.0078125,25757.5947265625,16670.6103515625,22053.46484375,7158.18994140625,9862.1396484375,3920,4139.52001953125,4167.6796875,7621.759765625,14141.1044921875,6663.52490234375,9329.1396484375,14871.9296875,NA,NA,NA,NA,NA,NA,NA,NA,750,750,290,290,511,515,459,498,525,473,422,542,461,683,662,597,527,1.04,2.25,0.77,5.46,4.38,4.94,5,4.7,6.64,4.74,3.93,8.23,5.04,4.76,6.59,5.25,4.68,62778.734375,130261,64524.7109375,154811.5,25725.5,16775,22449.5,7284,9988,6133,6642,6569.5,9963,14348,6768,9396,15056,NA
"27-SEP-2022",2022-09-27 12:05:33,"2022-09-27","12H 5M 33S","Unknown","2.16.0","Unknown","Unknown",750,290,511,515,459,498,525,473,422,542,461,683,662,597,527,2.33,6.5,4.31,4.78,4.74,4.73,6.37,4.75,4.48,7.72,4.88,5.05,6.86,5.64,5.46,124118.22265625,149851.71875,24265.98046875,15711.5703125,20895.1650390625,6960.16015625,9596.4599609375,3692.7998046875,3962.8798828125,3913.919921875,6503.0400390625,10698.9501953125,5044.64013671875,6990.5,11225.1845703125,NA,NA,NA,NA,NA,NA,NA,NA,750,750,290,290,511,515,459,498,525,473,422,542,461,683,662,597,527,1.05,2.28,0.74,5.75,4.33,4.89,5.09,4.63,7,4.7,4.2,8.5,5.23,5.04,6.99,5.54,5.17,62599.810546875,130089,63204.078125,155188.5,25744.5,16805.5,22449.5,7294,10028,6152,6707,6584.5,10003,14363.5,6789,9401,15085,NA
"26-SEP-2022",2022-09-26 10:31:32,"2022-09-26","10H 31M 32S","Unknown","2.16.0","Unknown","Unknown",750,290,511,515,459,498,525,473,422,542,461,683,662,597,527,2.46,6.52,3.16,3.58,3.86,4.96,6.37,3.6,2.81,6.84,4.54,4.39,6.52,5.24,4.86,120292.859375,152312.125,28579.6357421875,18666.044921875,24221.8349609375,7120.06005859375,9786.2900390625,4243.19970703125,4400.9599609375,4538.23974609375,7952.95971679688,14193.5849609375,6704.11499023438,9289.1650390625,14935.2749023438,NA,NA,NA,NA,NA,NA,NA,NA,750,750,290,290,511,515,459,498,525,473,422,542,461,683,662,597,527,1.07,2.28,0.92,6.02,3.81,4.17,4.27,4.97,7.06,4.08,3.19,8.18,5.31,4.82,7.12,5.68,4.8,62632.7265625,125951,64426.423828125,154935,27274.5,18091,23962,7267.5,9949.5,5566,5910,5981,9043,14289,6761,9296,15005.5,NA
"26-SEP-2022",2022-09-26 10:29:44,"2022-09-26","10H 29M 44S","Unknown","2.16.0","Unknown","Unknown",750,290,511,515,459,498,525,473,422,542,461,683,662,597,527,2.29,6.51,6.23,6.53,6.5,4.91,6.4,3.43,2.88,6.8,4.85,4.93,6.63,5.48,5.1,119724.984375,146506.125,19928.4296875,13135.7705078125,17473.3203125,6902.759765625,9386.5400390625,3960.9599609375,4181.759765625,4241.27978515625,6723.83984375,10644.419921875,5015.93994140625,6905.6298828125,11197.509765625,NA,NA,NA,NA,NA,NA,NA,NA,750,750,290,290,511,515,459,498,525,473,422,542,461,683,662,597,527,1.05,2.27,0.91,6.04,3.61,4.11,4.13,4.82,6.97,3.81,3.07,8.08,5.06,4.84,6.85,5.35,4.75,62429.93359375,125844,61960.23828125,154919,27331,18071,23952,7254,9937,5571,5946,5982,9019,14283,6749,9288,15035,NA
"23-SEP-2022",2022-09-23 10:45:34,"2022-09-23","10H 45M 34S","Unknown","2.16.0","Unknown","Unknown",750,290,511,515,459,498,525,473,422,542,461,683,662,597,527,2.31,5.75,3.88,9.49,11.74,4.09,7.76,4.81,4.24,7.54,4.68,4.74,6.38,10.95,11.38,124245.26953125,158508.046875,24504.1201171875,8212.58984375,8727.75,7459.5400390625,7673.56005859375,4008.63989257812,4284.15966796875,4145.59985351562,7416.63989257812,14203.4248046875,6652.66015625,5189.1650390625,5823.64013671875,NA,NA,NA,NA,NA,NA,NA,NA,750,750,290,290,511,515,459,498,525,473,422,542,461,683,662,597,527,1.05,2.36,0.82,5.43,4.55,10.43,12.92,4.27,8.54,4.58,4.15,8.71,5.08,5.11,7.07,11.42,11.68,62896.591796875,129615.5,64961.244140625,160123,24572,8266,8932,7571,7742,6034.5,6606,6292.5,9344,14282.5,6706,5154,5834,NA
"23-SEP-2022",2022-09-23 10:43:10,"2022-09-23","10H 43M 10S","Unknown","2.16.0","Unknown","Unknown",750,290,511,515,459,498,525,473,422,542,461,683,662,597,527,2.15,5.32,4.07,9.61,10.91,3.88,7.32,4.48,3.86,7.29,4.65,5,6.53,11.05,11.52,123624.265625,153379.359375,23269.6796875,7772.76025390625,8355.9599609375,7212.7197265625,7338.18017578125,3745.919921875,4053.11987304688,3865.59985351562,6206.080078125,10690.33984375,4991.75,3861.3798828125,4360.35009765625,NA,NA,NA,NA,NA,NA,NA,NA,750,750,290,290,511,515,459,498,525,473,422,542,461,683,662,597,527,1,2.25,0.74,5.06,4.21,9.93,12.02,4.17,8.24,4.41,3.69,8.16,4.87,4.97,6.67,10.74,11.3,62561.71875,129593,63041.671875,159545,24527,8243,8915,7544,7699,6015,6587,6269,9320,14262,6671,5135,5823,NA
"22-SEP-2022",2022-09-22 11:35:31,"2022-09-22","11H 35M 31S","Unknown","2.16.0","Unknown","Unknown",750,290,511,515,459,498,525,473,422,542,461,683,662,597,527,2.87,6.81,3.18,6.75,8.32,5.25,7.59,3.68,3.11,6.72,4.5,4.63,6.68,8.97,9.4,136949.890625,149484.359375,26735.669921875,9227.5205078125,9566.099609375,7041.33984375,7315.2197265625,4412.7998046875,4489.60009765625,4403.19970703125,7802.8798828125,13848.9794921875,6475.94970703125,5143.0400390625,5806.830078125,NA,NA,NA,NA,NA,NA,NA,NA,750,750,290,290,511,515,459,498,525,473,422,542,461,683,662,597,527,1.03,2.61,0.75,6.34,3.85,7.85,9.05,5.27,8.43,4.12,3.49,8.52,5.73,4.94,7.16,9.48,9.77,63173.9453125,142071,64611.80078125,151653,25387,8823,9386,7150,7383,4716,4880,4767,8283,14028,6560,5129,5871,NA
"22-SEP-2022",2022-09-22 11:31:59,"2022-09-22","11H 31M 59S","Unknown","2.16.0","Unknown","Unknown",750,290,511,515,459,498,525,473,422,542,461,683,662,597,527,2.38,5.85,4.57,8.11,9.72,4.8,7.25,3.37,2.96,6.62,4.48,4.87,6.55,8.97,9.16,136382.390625,144703.765625,20364.2109375,7094.7900390625,7206.56982421875,6762.5400390625,6977.3798828125,4111.35986328125,4238.080078125,4128,6603.52001953125,10566.51953125,4945.009765625,3901.56005859375,4414.8798828125,NA,NA,NA,NA,NA,NA,NA,NA,750,750,290,290,511,515,459,498,525,473,422,542,461,683,662,597,527,1.01,2.22,0.72,5.33,3.55,7.06,8.61,4.82,8.04,3.81,3.21,8.55,5.34,4.7,6.95,8.82,8.81,62918.20703125,142063,62891.44140625,150658,25313,8858,9438,7134,7319,4672,4850,4736,8273,14009,6553,5163,5876,NA
"21-SEP-2022",2022-09-21 11:17:27,"2022-09-21","11H 17M 27S","Unknown","2.16.0","Unknown","Unknown",750,290,511,515,459,498,525,473,422,542,461,683,662,597,527,2.69,7.25,4.21,7.46,8.96,5.81,8.02,4,3.53,6.91,4.52,4.59,6.37,8.94,8.93,173197.25,150755.7734375,24246.541015625,8215.42529296875,8815.63525390625,7115.9599609375,7333.669921875,4340.47998046875,4467.83984375,4323.19970703125,7688.63989257812,13963.1650390625,6519.41015625,5163.3349609375,5853.16015625,NA,NA,NA,NA,NA,NA,NA,NA,750,750,290,290,511,515,459,498,525,473,422,542,461,683,662,597,527,0.96,2.33,0.84,6.49,5.44,9.18,10.7,5.51,8.81,4.12,3.66,8.72,5.46,5.02,7.14,9.54,9.3,64029.0546875,177116,64024.12890625,154107.5,24202,8210,8966,7282.5,7474,5043,5304,5074.5,8397,13977.5,6543,5096,5843.5,NA
"21-SEP-2022",2022-09-21 11:15:32,"2022-09-21","11H 15M 32S","Unknown","2.16.0","Unknown","Unknown",750,290,511,515,459,498,525,473,422,542,461,683,662,597,527,2.7,7.25,6.31,11.32,11.58,5.82,7.91,4.2,3.75,7.27,5.15,5.48,7.28,9.72,9.86,172476.9140625,148275.265625,21885.794921875,7200.49487304688,7963.10986328125,6963.43994140625,7129.48999023438,4075.83996582031,4224.64013671875,4039.35986328125,6371.83984375,10478.1650390625,4954.23486328125,3785.32495117188,4406.68017578125,NA,NA,NA,NA,NA,NA,NA,NA,750,750,290,290,511,515,459,498,525,473,422,542,461,683,662,597,527,0.96,2.25,0.88,6.5,5.33,9.44,11.23,5.56,8.6,4.28,3.66,8.68,5.61,5.11,7.49,9.18,9.25,63912.337890625,176793,62819.76953125,154334.5,24413,8226,8964.5,7330,7484,5053,5293.5,5090,8384,14014,6559,5097.5,5848,NA
"20-SEP-2022",2022-09-20 14:59:42,"2022-09-20","14H 59M 42S","Unknown","2.16.0","Unknown","Unknown",750,290,511,515,459,498,525,473,422,542,461,683,662,597,527,2.24,6.35,3.17,5.94,7.74,4.71,7.32,3.53,2.86,6.77,4.28,4.66,6.6,8.32,8.46,181490.921875,155976.703125,27088.830078125,9400.0498046875,9878.759765625,7411.16015625,7678.07006835938,4480,4551.0400390625,4428.15966796875,7826.56005859375,13935.6948242188,6511.0048828125,5175.63500976562,5885.34497070312,NA,NA,NA,NA,NA,NA,NA,NA,750,750,290,290,511,515,459,498,525,473,422,542,461,683,662,597,527,0.88,2.06,0.83,5.82,3.8,7.28,8.28,4.62,8.01,4.05,3.22,8.7,5.4,5.03,7.14,8.68,8.81,64885.5703125,183281.5,65162.966796875,156893,25729,9000.5,9713,7484,7716.5,4795,4947.5,4791,8279,14138,6622,5182,5958,NA
"20-SEP-2022",2022-09-20 14:58:22,"2022-09-20","14H 58M 22S","Unknown","2.16.0","Unknown","Unknown",750,290,511,515,459,498,525,473,422,542,461,683,662,597,527,2.21,6.06,7,11.82,11.97,4.61,7.46,3.5,2.9,6.76,4.8,4.81,6.7,8.4,8.35,181010.828125,153854.953125,22654.890625,7573.09497070312,8116.2001953125,7316.85986328125,7512.42993164062,4243.83984375,4352,4195.19970703125,6804.47998046875,10984.7197265625,5148.1650390625,4033.98999023438,4637.71484375,NA,NA,NA,NA,NA,NA,NA,NA,750,750,290,290,511,515,459,498,525,473,422,542,461,683,662,597,527,0.83,1.96,0.71,5.64,3.83,6.7,8.3,4.61,8.37,3.92,3.19,8.79,5.72,4.81,6.92,8.76,8.46,64748.810546875,183241,64197.001953125,157152,25754.5,9037,9727.5,7501.5,7740,4803,4943,4790,8291,14147,6639.5,5195,5970,NA
"19-SEP-2022",2022-09-19 10:03:17,"2022-09-19","10H 3M 17S","Unknown","2.16.0","Unknown","Unknown",750,290,511,515,459,498,525,473,422,542,461,683,662,597,527,2.76,7.18,4.75,8.07,9.3,5.82,9.68,3.69,3.17,6.69,4.77,4.58,6.27,8.14,9.04,178800.921875,154667.578125,25777.439453125,15515.5498046875,20422.529296875,7295.5400390625,9483.2998046875,4446.080078125,4726.39990234375,4537.60009765625,8161.919921875,14265.5400390625,6720.31005859375,8666.169921875,13592.3203125,NA,NA,NA,NA,NA,NA,NA,NA,750,750,290,290,511,515,459,498,525,473,422,542,461,683,662,597,527,0.87,2.42,1.04,6.51,5.84,9.3,10.56,5.79,10.48,4.33,3.45,8.99,5.52,4.92,7.04,8.7,9.27,64548.75390625,181405,64791.53125,156368,25578,15498,20674,7405,9563,4893,5290,5064,8677,14297,6759,8606,13613,NA
"19-SEP-2022",2022-09-19 10:02:06,"2022-09-19","10H 2M 6S","Unknown","2.16.0","Unknown","Unknown",750,290,511,515,459,498,525,473,422,542,461,683,662,597,527,2.67,6.81,5.45,9.17,9.94,5.87,9.32,3.75,3.25,6.76,4.95,4.91,6.65,8.92,9.85,178098.6875,150019.8125,24502.5,14723.3701171875,19602.810546875,7077.419921875,9186.4599609375,4177.919921875,4524.15966796875,4266.23974609375,7090.56005859375,11152,5243.89990234375,6653.89013671875,10590.2998046875,NA,NA,NA,NA,NA,NA,NA,NA,750,750,290,290,511,515,459,498,525,473,422,542,461,683,662,597,527,0.88,2.31,0.96,6.13,5.61,9.31,10.51,5.53,10.36,4.21,3.4,8.42,5.54,4.82,6.95,9.11,9.71,64331.6015625,181384,62984.41015625,155853,25594,15550,20714,7395,9542,4899,5325,5052,8663,14307,6762,8590,13593,NA
"16-SEP-2022",2022-09-16 12:13:57,"2022-09-16","12H 13M 57S","Unknown","2.16.0","Unknown","Unknown",750,290,511,515,459,498,525,473,422,542,461,683,662,597,527,2.71,7.28,4.24,5.91,6.71,5.77,6.95,4.95,4.42,7.52,4.51,4.39,6.18,6.33,6.61,177182.390625,155410.5,24753.599609375,9476.1904296875,10539.7197265625,7273.39990234375,7859.69970703125,4234.23974609375,4419.83984375,4276.47998046875,7748.47998046875,14060.1298828125,6588.69970703125,5717.85986328125,6947.0400390625,NA,NA,NA,NA,NA,NA,NA,NA,750,750,290,290,511,515,459,498,525,473,422,542,461,683,662,597,527,0.96,2.31,0.96,6.47,5.25,7,7.9,5.3,7.56,4.59,3.93,8.73,5.02,4.7,6.92,6.6,6.78,64297.5625,180622,64447.34765625,157835,24752,9504,10751,7407,7998,5583,5955,5687,8866,14102,6641,5681,6956,NA
"16-SEP-2022",2022-09-16 12:12:57,"2022-09-16","12H 12M 57S","Unknown","2.16.0","Unknown","Unknown",750,290,511,515,459,498,525,473,422,542,461,683,662,597,527,2.8,7.37,5.23,7.2,7.76,5.84,7.11,5.18,4.72,7.53,4.84,4.97,6.92,6.82,7.18,176886.703125,152003.40625,23234.041015625,8809.5595703125,9975.9599609375,7079.06005859375,7626,3974.39990234375,4184.9599609375,4008.31982421875,6572.15966796875,10822.3603515625,5118.85009765625,4325.5,5351.31982421875,NA,NA,NA,NA,NA,NA,NA,NA,750,750,290,290,511,515,459,498,525,473,422,542,461,683,662,597,527,0.97,2.4,0.94,6.4,5.18,7.07,8.27,5.58,7.87,4.67,4.06,8.64,5.03,4.77,6.91,6.83,6.71,64115.37109375,180827,63126.6796875,157463,24702,9476,10715,7433,7990,5586,5957,5697,8879,14106,6634,5668,6938,NA
"13-SEP-2022",2022-09-13 10:19:19,"2022-09-13","10H 19M 19S","Unknown","2.16.0","Unknown","Unknown",750,290,511,515,459,498,525,473,422,542,461,683,662,597,527,3.58,9.15,4.39,5.93,6.59,8.14,8.62,6.29,6.13,8.22,4.87,4.8,6.64,6.47,6.8,162942,137352.453125,26439.2109375,10534.8603515625,11864.8798828125,6288.580078125,7080.69970703125,4255.35986328125,4302.7197265625,4248.31982421875,7807.35986328125,13632.91015625,6412.81005859375,5723.18994140625,7056.509765625,NA,NA,NA,NA,NA,NA,NA,NA,750,750,290,290,511,515,459,498,525,473,422,542,461,683,662,597,527,1.12,2.91,1.09,8.22,5.84,7.26,7.59,7.82,9.21,6.14,5.6,9.68,5.57,4.99,7.31,6.81,7.01,63287.88671875,168720,63238.546875,142179,24358,9763,11237,6505,7260,4392,4528,4471,8389,13757,6489,5701,7086,NA
"13-SEP-2022",2022-09-13 10:18:33,"2022-09-13","10H 18M 33S","Unknown","2.16.0","Unknown","Unknown",750,290,511,515,459,498,525,473,422,542,461,683,662,597,527,3.65,9.02,10.99,11.11,11.68,8.22,8.5,7.04,7.21,8.55,5.16,5.51,7.04,6.65,7.14,157635.171875,127868.3359375,15145.3798828125,6472.7099609375,7466.580078125,5830.19970703125,6507.52001953125,3825.28002929688,3855.35986328125,3839.35986328125,6640.6396484375,10343.4794921875,4877.35986328125,4303.77001953125,5323.02978515625,NA,NA,NA,NA,NA,NA,NA,NA,750,750,290,290,511,515,459,498,525,473,422,542,461,683,662,597,527,1.14,2.99,1.08,8.24,6.58,7.54,7.84,7.71,9.07,6.9,6.84,9.99,5.74,5.4,7.19,6.53,6.7,62755.48828125,164691,61299.8984375,136515,23406,9460,10898,6211,6998,4232,4338,4305,8350,13567,6433,5680,7039,NA
"12-SEP-2022",2022-09-12 10:15:02,"2022-09-12","10H 15M 2S","Unknown","2.16.0","Unknown","Unknown",750,290,511,515,459,498,525,473,422,542,461,683,662,597,527,2.83,9.01,5.24,7.16,7.82,7.4,8.22,3.92,3.17,7.15,4.88,4.66,6.29,6.44,6.93,179815.78125,157145.625,26787.509765625,10755.1796875,12520.169921875,7459.5400390625,8309.8798828125,4520.9599609375,4702.080078125,4645.759765625,8188.15966796875,14529.990234375,6831.009765625,6348.02978515625,8049.1201171875,NA,NA,NA,NA,NA,NA,NA,NA,750,750,290,290,511,515,459,498,525,473,422,542,461,683,662,597,527,0.98,2.46,1.18,8.08,6.26,8.32,9.07,6.86,8.71,4.59,3.62,9.23,5.93,5.05,6.99,6.78,7.2,64474.765625,182767,64851.546875,158719,26601,10757,12731,7559,8396,4647,4920,4836,8528,14310,6747,6188,7902,NA
"12-SEP-2022",2022-09-12 10:14:15,"2022-09-12","10H 14M 15S","Unknown","2.16.0","Unknown","Unknown",750,290,511,515,459,498,525,473,422,542,461,683,662,597,527,2.7,8.77,6.15,7.53,8.12,7.41,8.03,3.71,3.19,6.66,4.89,4.88,6.78,6.5,6.64,179394.59375,152273.171875,25474.5,10257.83984375,11937.7802734375,7279.9599609375,8044.19970703125,4243.19970703125,4463.35986328125,4371.19970703125,7117.43994140625,11229.490234375,5282.43994140625,4856.4501953125,6220.52001953125,NA,NA,NA,NA,NA,NA,NA,NA,750,750,290,290,511,515,459,498,525,473,422,542,461,683,662,597,527,1.03,2.27,1.17,7.86,6.01,7.73,8.01,6.68,8.47,4.16,3.29,8.8,5.4,4.75,7.05,6.46,6.32,64247.21875,183102,62992.6640625,158113,26560,10753,12702,7541,8388,4638,4916,4837,8509,14263,6731,6151,7903,NA
"09-SEP-2022",2022-09-09 15:29:21,"2022-09-09","15H 29M 21S","Unknown","2.16.0","Unknown","Unknown",750,290,511,515,459,498,525,473,422,542,461,683,662,597,527,3.2,7.2,4.78,5.98,6.93,6.1,7.17,3.81,3.26,6.6,4.85,4.49,6.11,5.96,6.52,180773.671875,156910.28125,26387.369140625,8777.9697265625,9519.1201171875,7493.16015625,7766.2197265625,4480.64013671875,4744.31982421875,4556.7998046875,7960.31982421875,14187.2294921875,6664.14013671875,5284.89990234375,6028.22998046875,NA,NA,NA,NA,NA,NA,NA,NA,750,750,290,290,511,515,459,498,525,473,422,542,461,683,662,597,527,0.95,2.61,1.08,6.34,5.64,6.93,7.98,5.82,7.71,4.02,3.44,8.55,5.77,4.83,6.93,6.41,6.6,64401.00390625,183806,64530.28125,159385,26405,8840,9756,7645,7880,4901,5294,5061,8472,14037,6612,5161,5949,NA
"09-SEP-2022",2022-09-09 15:28:09,"2022-09-09","15H 28M 9S","Unknown","2.16.0","Unknown","Unknown",750,290,511,515,459,498,525,473,422,542,461,683,662,597,527,2.9,7.49,5.67,6.66,7.19,6.06,7.21,3.95,3.52,7.1,4.89,4.59,6.49,6.08,6.36,181201.78125,154814.359375,25170.75,8313.83984375,9155.4296875,7416.89990234375,7605.5,4223.35986328125,4522.8798828125,4315.52001953125,6851.83984375,11071.2294921875,5168.4599609375,4069.65991210938,4665.7998046875,NA,NA,NA,NA,NA,NA,NA,NA,750,750,290,290,511,515,459,498,525,473,422,542,461,683,662,597,527,0.94,2.44,1.04,6.76,5.38,6.6,7.39,5.5,7.93,4.11,3.55,8.71,5.6,4.5,7.01,6.2,6.48,64293.328125,184701,63316.984375,160118,26573,8889,9827,7653,7909,4901,5297,5041,8449,14057,6602,5165,5945,NA
"08-SEP-2022",2022-09-08 10:24:14,"2022-09-08","10H 24M 14S","Unknown","2.16.0","Unknown","Unknown",750,290,511,515,459,498,525,473,422,542,461,683,662,597,527,2.56,5.97,3.71,5.47,6.63,4.5,6.31,3.52,2.96,6.54,4.56,4.44,6.39,5.98,7.04,178754.7265625,152734.4296875,25532.8203125,13723.830078125,17425.9345703125,7328.33984375,9144.6396484375,4502.39990234375,4641.919921875,4571.52001953125,8200.9599609375,14195.4296875,6694.07006835938,7948.875,11688.689453125,NA,NA,NA,NA,NA,NA,NA,NA,750,750,290,290,511,515,459,498,525,473,422,542,461,683,662,597,527,0.85,2.25,0.98,5.48,4.34,6.1,6.99,4.57,7,4.14,3.26,8.6,5.52,4.8,6.91,6.42,7.02,64497.943359375,181618.5,64691.06640625,154842,25312,13712,17669,7458,9228,4687,4916.5,4827,8585,14163,6699,7860.5,11619,NA
"08-SEP-2022",2022-09-08 10:20:07,"2022-09-08","10H 20M 7S","Unknown","2.16.0","Unknown","Unknown",750,290,511,515,459,498,525,473,422,542,461,683,662,597,527,2.56,5.92,4.88,6.16,6.91,4.61,6.5,3.58,3,6.88,4.71,4.98,6.59,6.38,7.13,177257.84375,148333.078125,23464.890625,12620.6103515625,16171.650390625,7066.759765625,8755.1396484375,4188.7998046875,4397.43994140625,4278.39990234375,7064.9599609375,10882.2197265625,5169.27978515625,6081.52978515625,8937.1796875,NA,NA,NA,NA,NA,NA,NA,NA,750,750,290,290,511,515,459,498,525,473,422,542,461,683,662,597,527,0.81,2.33,0.82,5.36,4.34,5.87,6.65,4.54,7.04,3.99,3.37,9.12,5.4,4.9,6.81,6.44,6.98,64175.83984375,181006,63197.0078125,153690,25401,13725,17669,7411,9201,4680,4921,4795,8615,14142,6683,7870,11635,NA
"07-SEP-2022",2022-09-07 13:48:20,"2022-09-07","13H 48M 20S","Unknown","2.16.0","Unknown","Unknown",750,290,511,515,459,498,525,473,422,542,461,683,662,597,527,2.88,6.9,4.22,5.74,6.45,5.94,6.62,3.46,3.01,6.7,4.42,4.34,6.2,5.83,6.57,177453.0390625,153318.2734375,26513.73046875,14069.7001953125,18024.5244140625,7332.43994140625,9186.4599609375,4468.47998046875,4681.28002929688,4624.9599609375,8312.3193359375,14344.669921875,6742.0400390625,8071.26000976562,11932.6396484375,NA,NA,NA,NA,NA,NA,NA,NA,750,750,290,290,511,515,459,498,525,473,422,542,461,683,662,597,527,0.91,2.38,0.96,6.37,5.19,6.65,7.34,5.72,7.45,4.24,3.44,8.69,5.47,4.84,6.74,6.12,6.6,64305.39453125,180742,64385.9453125,155982,26461.5,14151,18380.5,7487,9328.5,4613,4915,4838,8696,14200,6701,7929,11779.5,NA
"07-SEP-2022",2022-09-07 13:46:26,"2022-09-07","13H 46M 26S","Unknown","2.16.0","Unknown","Unknown",750,290,511,515,459,498,525,473,422,542,461,683,662,597,527,2.83,6.78,5.3,6.63,7.28,5.92,6.95,3.54,3.04,6.84,4.7,4.78,6.42,6.16,6.91,176126.71875,150233.84375,24495.615234375,13113.8999023438,16901.4609375,7213.94995117188,8856.41015625,4178.56005859375,4452.15991210938,4326.39990234375,7060.47998046875,11014.6499023438,5212.125,6163.73486328125,9192.60986328125,NA,NA,NA,NA,NA,NA,NA,NA,750,750,290,290,511,515,459,498,525,473,422,542,461,683,662,597,527,0.89,2.35,0.92,6.05,5.2,6.55,7.25,5.62,7.44,4.12,3.28,8.55,5.38,4.62,6.62,6.07,6.62,64191.16015625,179766.5,63132.712890625,155684,26581,14301,18564.5,7518,9321,4609,4927,4828,8702,14205,6711.5,7925.5,11792.5,NA
"06-SEP-2022",2022-09-06 14:28:07,"2022-09-06","14H 28M 7S","Unknown","2.16.0","Unknown","Unknown",750,290,511,515,459,498,525,473,422,542,461,683,662,597,527,3.18,7.24,4.8,6.07,6.86,6.28,6.88,3.52,2.99,6.58,4.3,4.41,6.27,5.93,6.54,177715.609375,153387.96875,25593.5703125,13637.16015625,17370.44921875,7274.2197265625,9079.4501953125,4480.64013671875,4627.83984375,4606.080078125,8281.599609375,14191.125,6688.73999023438,7991.31005859375,11808,NA,NA,NA,NA,NA,NA,NA,NA,750,750,290,290,511,515,459,498,525,473,422,542,461,683,662,597,527,0.93,2.61,0.96,6.49,5.76,7.15,7.75,5.94,7.5,4.07,3.48,8.51,5.23,4.8,6.9,6.37,6.63,64280.9296875,180951,64545.205078125,155517,25578,13748.5,17734.5,7388,9186.5,4569.5,4789.5,4764,8621,14090,6678,7871,11693,NA
"06-SEP-2022",2022-09-06 14:26:16,"2022-09-06","14H 26M 16S","Unknown","2.16.0","Unknown","Unknown",750,290,511,515,459,498,525,473,422,542,461,683,662,597,527,3.09,7.15,5.76,7.01,7.33,6.19,7.49,3.55,2.99,6.85,4.75,4.88,6.68,6.15,7.06,176716.53125,150060,24085.349609375,12910.58984375,16569.359375,7091.35986328125,8818.2802734375,4217.60009765625,4406.39990234375,4323.19970703125,7190.39990234375,10988.41015625,5150.009765625,6121.2998046875,9063.0498046875,NA,NA,NA,NA,NA,NA,NA,NA,750,750,290,290,511,515,459,498,525,473,422,542,461,683,662,597,527,1.02,2.56,0.95,6.33,5.67,7.05,7.4,5.8,7.76,4.09,3.33,8.68,5.57,4.92,6.89,6.09,6.58,64132.64453125,180497,63245.20703125,155215,25659,13837,17847,7415,9194,4572,4803,4782,8625,14106,6666,7890,11714,NA
"02-SEP-2022",2022-09-02 12:48:42,"2022-09-02","12H 48M 42S","Unknown","2.16.0","Unknown","Unknown",750,290,511,515,459,498,525,473,422,542,461,683,662,597,527,2.49,6.61,5.01,6.22,7.21,5.2,7.45,4.11,3.77,6.91,4.46,4.44,6.3,5.93,6.4,179413.84375,151873.84375,24973.919921875,13910.1298828125,17840.25,7222.56005859375,9188.099609375,4035.83984375,4358.39990234375,4256.64013671875,7197.43994140625,10983.080078125,5190.18994140625,6341.8798828125,9483.2998046875,NA,NA,NA,NA,NA,NA,NA,NA,750,750,290,290,511,515,459,498,525,473,422,542,461,683,662,597,527,0.9,2.04,0.88,5.75,5.39,5.82,7.57,5.02,7.19,4.25,3.61,8.62,5.07,4.62,6.59,6.01,6.22,64252.796875,183002,63771.2890625,155809,26009,14572,18725,7473,9489,5054,5499,5351,8831,14109,6681,8116,12183,NA
"30-AUG-2022",2022-08-30 10:30:25,"2022-08-30","10H 30M 25S","Unknown","2.16.0","Unknown","Unknown",750,290,511,515,459,498,525,473,422,542,461,683,662,597,527,2.45,6.38,4.01,6.05,7.29,4.77,6.17,3.28,2.94,6.46,4.44,4.38,6.25,6.1,7.4,183274.625,155945.953125,25516.619140625,14935.58984375,19733.220703125,7439.85986328125,9640.740234375,4477.43994140625,4577.919921875,4567.0400390625,8244.4794921875,13932.6201171875,6549.33984375,8474.7001953125,13097.4501953125,NA,NA,NA,NA,NA,NA,NA,NA,750,750,290,290,511,515,459,498,525,473,422,542,461,683,662,597,527,0.83,2.16,0.9,5.97,5.03,6.76,7.93,4.89,7.34,4.01,3.57,8.82,5.52,4.77,6.9,6.38,7.6,65130.91796875,184435,65305.53125,156560,25175,14855,19887,7496,9678,4547,4739,4709,8518,13954,6577,8417,13050,NA
"30-AUG-2022",2022-08-30 10:28:01,"2022-08-30","10H 28M 1S","Unknown","2.16.0","Unknown","Unknown",750,290,511,515,459,498,525,473,422,542,461,683,662,597,527,2.41,6.26,4.49,6.25,7.21,4.76,6.31,3.53,3,6.8,4.51,4.89,6.53,6.45,7.49,182893.46875,152737.703125,24457.544921875,14314.7250976562,19067.400390625,7296.35986328125,9418.51953125,4224,4364.7998046875,4311.6796875,7283.19970703125,10911.125,5121.10498046875,6609.19970703125,10245.490234375,NA,NA,NA,NA,NA,NA,NA,NA,750,750,290,290,511,515,459,498,525,473,422,542,461,683,662,597,527,0.81,2.21,0.86,5.7,4.87,6.77,7.51,4.82,7.02,4.1,3.48,8.94,5.21,4.91,6.85,6.48,7.17,64871.259765625,184712,63987.671875,156186.5,25190,14874,19953.5,7476,9634,4552,4735,4718,8514,13948,6579,8429.5,13074,NA
"29-AUG-2022",2022-08-29 12:06:06,"2022-08-29","12H 6M 6S","Unknown","2.16.0","Unknown","Unknown",750,290,511,515,459,498,525,473,422,542,461,683,662,597,527,2.04,6.16,4.55,6.68,7.73,4.23,6.05,2.91,2.45,6.77,4.36,4.64,6.31,6.41,8.09,187954.6875,156858.6171875,24317.4150390625,15380.6850585938,20948.2197265625,7463.64013671875,10029.8295898438,4183.0400390625,4306.8798828125,4273.27978515625,7283.51977539062,10948.2299804688,5159.84985351562,7041.33984375,11294.064453125,NA,NA,NA,NA,NA,NA,NA,NA,750,750,290,290,511,515,459,498,525,473,422,542,461,683,662,597,527,0.8,2.05,0.86,5.61,4.95,7.06,8.15,4.63,6.46,3.71,3,9.07,5.29,4.9,6.76,6.31,7.9,65327.765625,188544.5,64402.46875,159422,25196.5,16092,22014.5,7600.5,10224.5,4491.5,4646,4623.5,8488,13921,6581,8975,14368,NA
"29-AUG-2022",2022-08-29 12:05:19,"2022-08-29","12H 5M 19S","Unknown","2.16.0","Unknown","Unknown",750,290,511,515,459,498,525,473,422,542,461,683,662,597,527,1.98,5.82,4.1,6.52,7.49,4.48,5.82,2.98,2.53,6.26,4.32,4.42,5.91,6.51,8.07,188295.796875,159055.40625,25302.779296875,16002.3603515625,21729.060546875,7539.080078125,10233.599609375,4433.27978515625,4508.7998046875,4501.759765625,8216.9599609375,13910.0703125,6530.89013671875,9062.6396484375,14365.580078125,NA,NA,NA,NA,NA,NA,NA,NA,750,750,290,290,511,515,459,498,525,473,422,542,461,683,662,597,527,0.81,1.88,0.9,5.29,5.01,7.14,8.2,4.7,7.08,4.16,3.16,9,5.47,5.01,6.5,6.61,8.36,65490.2890625,188232,65622.15625,158821,25161,16033,21958,7573,10245,4494,4643,4596,8455,13969,6565,8972,14352,NA
"26-AUG-2022",2022-08-26 10:30:21,"2022-08-26","10H 30M 21S","Unknown","2.16.0","Unknown","Unknown",750,290,511,515,459,498,525,473,422,542,461,683,662,597,527,2.75,5.54,3.71,4.06,4.39,4.47,5.81,4.77,4.4,7.33,4.52,4.28,5.71,4.7,4.24,73608.25,160072.96875,21010.19921875,11518.5595703125,14979.599609375,7516.47998046875,9508.4794921875,6613.92041015625,7023.240234375,6754.3203125,13320.720703125,14476.3798828125,6796.580078125,8401.33984375,12449.7900390625,NA,NA,NA,NA,NA,NA,NA,NA,750,750,290,290,511,515,459,498,525,473,422,542,461,683,662,597,527,1.42,2.9,0.82,4.91,4.38,4.8,4.92,4.48,6.52,4.55,3.93,8.57,5.12,4.6,6.61,5.04,4.36,62501.5625,77258,66271.53125,158184,22756,12565,16465,7454,9396,4300,4644,4463,8777,14044,6616,8087,12034,NA
"26-AUG-2022",2022-08-26 10:27:12,"2022-08-26","10H 27M 12S","Unknown","2.16.0","Unknown","Unknown",750,290,511,515,459,498,525,473,422,542,461,683,662,597,527,2.78,5.7,4.44,4.92,5.16,4.54,5.85,6.3,5.62,8.21,7.05,4.65,6.31,5.26,4.84,73063.9453125,152909.234375,19554.798828125,10652.919921875,13952.83984375,7177.83984375,9092.6494140625,5392.4404296875,5950.80029296875,5658.1201171875,9290.16015625,10305.3798828125,4846.10009765625,5927.55029296875,8834.3505859375,NA,NA,NA,NA,NA,NA,NA,NA,750,750,290,290,511,515,459,498,525,473,422,542,461,683,662,597,527,1.46,2.88,0.89,5.06,4.24,4.68,4.78,4.34,6.67,4.44,4.04,8.99,5.3,4.34,6.43,4.96,4.42,62138.94921875,77119,63177.70703125,158418,22817,12576,16492,7475,9420,4309,4660,4470,8779,14044,6621,8100,12052,NA
"25-AUG-2022",2022-08-25 09:19:49,"2022-08-25","9H 19M 49S","Unknown","2.16.0","Unknown","Unknown",750,290,511,515,459,498,525,473,422,542,461,683,662,597,527,2.96,5.43,3.76,4.04,4.31,4.18,5.66,4.88,4.78,7.72,4.65,4.18,6.12,4.94,4.45,72467.88671875,159730.5859375,20934.958984375,11527.6796875,15137.2998046875,7535.98486328125,9471.9599609375,6463.80029296875,6769.4404296875,6575.0400390625,13127.9404296875,14525.830078125,6822.1650390625,8358.7705078125,12469.5703125,NA,NA,NA,NA,NA,NA,NA,NA,750,750,290,290,511,515,459,498,525,473,422,542,461,683,662,597,527,1.47,2.96,0.75,4.91,4.38,4.64,4.97,4.23,6.62,4.81,4.46,8.71,5.14,4.41,6.68,5.21,4.54,62318.638671875,76283.5,66038.80859375,158476,22702.5,12578,16651,7516,9399,4396,4686,4526,8774,14057,6628,8030,12041,NA
"25-AUG-2022",2022-08-25 09:17:46,"2022-08-25","9H 17M 46S","Unknown","2.16.0","Unknown","Unknown",750,290,511,515,459,498,525,473,422,542,461,683,662,597,527,2.9,5.53,5.06,5.21,5.55,4.42,5.65,7.66,7.11,9.34,8.5,4.85,6.49,5.67,5,72244.31640625,152012,18950.9794921875,10575.3994140625,13817.5595703125,7153.77001953125,8755.669921875,4857.84033203125,5079.7802734375,4853.52001953125,7629.1201171875,10181.5400390625,4775.14990234375,5800.05517578125,8731.150390625,NA,NA,NA,NA,NA,NA,NA,NA,750,750,290,290,511,515,459,498,525,473,422,542,461,683,662,597,527,1.44,2.87,0.87,5.01,4.19,4.65,4.76,4.39,6.27,4.7,4.18,8.72,5.12,4.36,6.65,5.02,4.43,61884.19140625,76591.5,62854.666015625,158351.5,22724.5,12584,16658.5,7501,9370,4383,4686,4523,8737.5,14063.5,6614,8029,12059,NA
"24-AUG-2022",2022-08-24 09:07:51,"2022-08-24","9H 7M 51S","Unknown","2.16.0","Unknown","Unknown",750,290,511,515,459,498,525,473,422,542,461,683,662,597,527,2.93,5.39,3.7,4.21,4.4,3.92,5.41,4.57,4.43,7.29,4.62,4.37,6,4.64,4.18,73346.3671875,165079.9375,21455.1796875,12038.3994140625,15714.1396484375,7779.58984375,9772.419921875,6940.080078125,7270.02026367188,6993.54028320312,13530.240234375,14522.60546875,6817.22021484375,8416.60546875,12744.9853515625,NA,NA,NA,NA,NA,NA,NA,NA,750,750,290,290,511,515,459,498,525,473,422,542,461,683,662,597,527,1.44,3.05,0.78,4.69,4.32,4.69,4.97,4.2,6.18,4.7,3.84,9.07,5.37,4.7,6.43,4.95,4.35,63345.96484375,75866.5,67130.1015625,160850,23236.5,13110,17271.5,7629.5,9548,4353,4637,4462,8783,14110,6630,8108.5,12359,NA
"24-AUG-2022",2022-08-24 09:06:22,"2022-08-24","9H 6M 22S","Unknown","2.16.0","Unknown","Unknown",750,290,511,515,459,498,525,473,422,542,461,683,662,597,527,2.92,5.62,4.54,4.94,5.19,3.99,5.77,7.59,7.45,9.68,8.98,4.9,6.74,5.62,4.87,73199.8203125,154236.40625,19886.16015625,11175.0400390625,14698.3994140625,7342.1796875,9013.7998046875,5488.56005859375,5736.96044921875,5456.16015625,8556.8408203125,10347.08984375,4855.1298828125,5950.77001953125,9098.7998046875,NA,NA,NA,NA,NA,NA,NA,NA,750,750,290,290,511,515,459,498,525,473,422,542,461,683,662,597,527,1.45,2.93,0.99,4.84,4.22,4.56,4.89,4.16,6.3,4.65,4.2,8.94,5.2,4.85,6.51,5.26,4.49,62816.140625,76372,62901.3046875,160372,23059,13031,17196,7598,9507,4336,4624,4429,8774,14066,6630,8114,12356,NA
"22-AUG-2022",2022-08-22 10:36:27,"2022-08-22","10H 36M 27S","Unknown","2.16.0","Unknown","Unknown",750,290,511,515,459,498,525,473,422,542,461,683,662,597,527,3.05,5.38,3.61,4.07,4.13,3.93,5.19,4.3,3.87,7.13,4.29,4.4,6.12,4.67,4.24,72402.7109375,163557.71875,21603.3798828125,12919.6201171875,17377.7802734375,7695.3447265625,10072.46484375,7218.18017578125,7537.8603515625,7295.400390625,13897.4404296875,14463.6953125,6800.23510742188,8998.1796875,14209.7802734375,NA,NA,NA,NA,NA,NA,NA,NA,750,750,290,290,511,515,459,498,525,473,422,542,461,683,662,597,527,1.38,3.04,0.86,4.94,4.42,4.82,4.76,4.15,6.1,4.32,3.8,8.94,4.99,4.71,6.8,5.01,4.38,63039.50390625,75303.5,66855.0625,160422.5,23419,14092,19110,7583.5,9886,4409,4687,4543,8848,14008.5,6604,8656.5,13717,NA
"22-AUG-2022",2022-08-22 10:34:35,"2022-08-22","10H 34M 35S","Unknown","2.16.0","Unknown","Unknown",750,290,511,515,459,498,525,473,422,542,461,683,662,597,527,3.06,5.2,4.48,4.87,5.12,3.9,5.62,5.73,5.32,8.1,7.81,4.71,6.55,5.14,4.99,72206,155889.765625,19938.599609375,11962.3994140625,16061.83984375,7326.40966796875,9501.83984375,6011.2802734375,6287.76025390625,6010.2001953125,8899.2001953125,10296.3505859375,4839.64990234375,6365.72021484375,10116.1796875,NA,NA,NA,NA,NA,NA,NA,NA,750,750,290,290,511,515,459,498,525,473,422,542,461,683,662,597,527,1.49,3.02,0.92,4.91,4.22,4.53,4.75,4.12,6.34,4.3,3.64,8.54,5.11,4.54,6.76,4.82,4.61,62596.75,75651,63629.98046875,160522,23419,14094,19103,7597,9895,4417,4682,4530,8823,14012,6601,8640,13736,NA
"18-AUG-2022",2022-08-18 10:26:09,"2022-08-18","10H 26M 9S","Unknown","2.16.0","Unknown","Unknown",750,290,511,515,459,498,525,473,422,542,461,683,662,597,527,2.81,5.67,3.77,4.9,5.36,4.31,5.54,5.15,4.86,7.44,4.61,4.24,6.19,5.18,5.38,70366.09375,161854.984375,21204,12605.359375,16445.640625,7616.90966796875,9776.5693359375,6624.72021484375,6913.080078125,6669.00048828125,13273.2001953125,14389.08984375,6763.0400390625,8753.509765625,13627.990234375,NA,NA,NA,NA,NA,NA,NA,NA,750,750,290,290,511,515,459,498,525,473,422,542,461,683,662,597,527,1.49,2.92,0.78,5.14,4.45,5.57,5.95,4.26,6.36,4.79,4.16,8.96,5.31,4.61,6.75,5.49,5.46,62449.671875,73886,66436.1171875,159734,22934,13738,18051,7545,9670,4612,4917,4681,8854,13997,6593,8433,13212,NA
"18-AUG-2022",2022-08-18 10:24:05,"2022-08-18","10H 24M 5S","Unknown","2.16.0","Unknown","Unknown",750,290,511,515,459,498,525,473,422,542,461,683,662,597,527,2.98,5.08,4.71,5.57,6.23,4.16,5.51,7.26,7.21,9.08,8.67,4.78,6.47,6.02,5.87,70125.9296875,153490.234375,19492.48046875,11585.439453125,15217.4794921875,7215.18994140625,9178.9697265625,5118.1201171875,5354.64013671875,5326.56005859375,8602.2001953125,10101.560546875,4758.81005859375,6077.6201171875,9526.650390625,NA,NA,NA,NA,NA,NA,NA,NA,750,750,290,290,511,515,459,498,525,473,422,542,461,683,662,597,527,1.51,2.83,0.89,4.63,4.31,5.2,5.76,4.29,6.17,4.41,3.86,8.79,4.92,4.33,6.51,5.44,5.47,62041.20703125,74093,63143.90625,159225,22987,13703,18048,7534,9619,4602,4914,4689,8821,13935,6582,8395,13141,NA
"17-AUG-2022",2022-08-17 10:27:41,"2022-08-17","10H 27M 41S","Unknown","2.16.0","Unknown","Unknown",750,290,511,515,459,498,525,473,422,542,461,683,662,597,527,2.73,5.51,3.57,4.33,4.8,4.2,5.42,4.79,4.56,7.73,4.66,4.24,5.81,4.85,4.85,69957.6640625,159869.609375,21286.83984375,13613.1201171875,18338.0390625,7499.0498046875,10096.1201171875,6489.72021484375,6747.84033203125,6542.64013671875,13255.9208984375,14372.75,6784.1103515625,9571.7998046875,15424.1005859375,NA,NA,NA,NA,NA,NA,NA,NA,750,750,290,290,511,515,459,498,525,473,422,542,461,683,662,597,527,1.44,2.77,0.73,4.96,4.24,4.9,5.4,4.29,6.15,4.77,4.3,9.12,5.03,4.6,6.47,5.1,5,62334.38671875,73590,66105.1875,158357,22975,14803,20037,7459,9997,4664,4968,4762,8952,13910,6574,9187,14870,NA
"17-AUG-2022",2022-08-17 10:24:53,"2022-08-17","10H 24M 53S","Unknown","2.16.0","Unknown","Unknown",750,290,511,515,459,498,525,473,422,542,461,683,662,597,527,2.71,5.13,4.28,4.99,5.63,4.08,5.45,6.58,5.76,8.42,7.88,4.68,6.46,5.35,5.46,69762.53125,151859.28125,19563.919921875,12391.7998046875,16794.48046875,7121.39990234375,9502.669921875,4987.4404296875,5421.60009765625,5208.84033203125,7985.5205078125,10144.560546875,4748.919921875,6670.16015625,10854.490234375,NA,NA,NA,NA,NA,NA,NA,NA,750,750,290,290,511,515,459,498,525,473,422,542,461,683,662,597,527,1.49,2.73,0.83,4.66,4.11,4.68,5.52,4.05,6.21,4.53,3.96,8.51,5.08,4.58,6.67,4.9,5.04,61818.73046875,73981,62806.79296875,158328,23044,14813,20073,7465,10021,4683,4981,4789,8988,13898,6555,9190,14862,NA
"16-AUG-2022",2022-08-16 13:07:42,"2022-08-16","13H 7M 42S","Unknown","2.16.0","Unknown","Unknown",750,290,511,515,459,498,525,473,422,542,461,683,662,597,527,2.7,5.47,3.45,3.92,4.02,4.35,5.54,5.57,5.45,7.97,4.7,4.08,5.81,4.68,4.32,70315.53125,155231.9921875,21309.259765625,13900.3994140625,18795.560546875,7262.9150390625,9937.1748046875,6291.00048828125,6541.02026367188,6334.740234375,13175.4609375,14214.294921875,6693.1650390625,9600.1796875,15853.455078125,NA,NA,NA,NA,NA,NA,NA,NA,750,750,290,290,511,515,459,498,525,473,422,542,461,683,662,597,527,1.43,2.74,0.77,4.95,4.09,4.54,4.66,4.41,6.4,5.68,5.5,9.35,5.2,4.46,6.54,4.88,4.39,62392.201171875,73921.5,65882.5625,154446,22783.5,14952.5,20350.5,7246,9864.5,4487,4781.5,4568,8904,13789,6516,9241,15304,NA
"16-AUG-2022",2022-08-16 13:05:45,"2022-08-16","13H 5M 45S","Unknown","2.16.0","Unknown","Unknown",750,290,511,515,459,498,525,473,422,542,461,683,662,597,527,2.81,5.51,3.8,4.26,4.42,4.17,5.71,6.58,6.25,9.5,7.44,4.74,6.49,5.17,4.98,69773.1953125,148837.671875,19516.798828125,12758.5,17359.5400390625,6878.2099609375,9316.75,5327.64013671875,5589,5336.2802734375,9500.220703125,9988.900390625,4687.21508789062,6747.34521484375,11185.58984375,NA,NA,NA,NA,NA,NA,NA,NA,750,750,290,290,511,515,459,498,525,473,422,542,461,683,662,597,527,1.51,2.6,0.89,4.93,4.07,4.44,4.51,4.3,6.29,5.71,5.1,9.83,5.14,4.48,6.49,4.94,4.47,61948.609375,73809,63307.837890625,153961,22754.5,14950.5,20369.5,7244,9827,4468,4780.5,4556,8921.5,13789,6490,9245,15318.5,NA
"15-AUG-2022",2022-08-15 15:27:03,"2022-08-15","15H 27M 3S","Unknown","2.16.0","Unknown","Unknown",750,290,511,515,459,498,525,473,422,542,461,683,662,597,527,2.69,6.39,3.84,4.1,4.32,5.44,6.15,7.69,7.78,9.45,5.3,4.29,5.94,4.69,4.12,72913.0546875,156127.140625,21607.560546875,14364.759765625,19855,7334.7099609375,10118.5302734375,6227.2802734375,6563.16015625,6306.1201171875,13200.8408203125,14221.390625,6701.1201171875,9919.669921875,16645.30078125,NA,NA,NA,NA,NA,NA,NA,NA,750,750,290,290,511,515,459,498,525,473,422,542,461,683,662,597,527,1.46,2.7,1.06,5.74,4.73,5.09,5.12,5.3,6.69,7.6,7.2,10.76,5.47,4.61,6.53,4.9,4.16,62017.6875,77061,65583.2421875,155808,23297,15576,21673,7359,10090,4583,4944,4683,9054,13772,6516,9534,16068,NA
"15-AUG-2022",2022-08-15 15:25:53,"2022-08-15","15H 25M 53S","Unknown","2.16.0","Unknown","Unknown",750,290,511,515,459,498,525,473,422,542,461,683,662,597,527,2.72,6.47,5.94,5.27,5.86,5.22,6.2,8.93,9.27,10.69,9.34,4.91,6.42,5.5,4.87,72601.7890625,150816.8125,19465.87890625,13094.7998046875,17995.279296875,7066.61962890625,9679.4599609375,5036.0400390625,5097.60009765625,5060.88037109375,8211.240234375,10025.0205078125,4735.16015625,6939.77001953125,11738.140625,NA,NA,NA,NA,NA,NA,NA,NA,750,750,290,290,511,515,459,498,525,473,422,542,461,683,662,597,527,1.46,2.73,0.98,5.76,4.72,4.94,5.13,5.03,6.72,7.24,6.67,10.24,5.48,4.73,6.65,4.89,4.17,61648.98828125,77190,63143.01171875,156147,23369,15621,21733,7372,10125,4586,4959,4689,9058,13773,6512,9548,16089,NA
"12-AUG-2022",2022-08-12 11:54:03,"2022-08-12","11H 54M 3S","Unknown","2.16.0","Unknown","Unknown",750,290,511,515,459,498,525,473,422,542,461,683,662,597,527,2.83,6.2,3.89,5.94,7.17,5.25,6.2,6.52,6.47,8.75,4.84,4.44,6.19,5.98,7.39,69997.953125,160036.453125,21800.599609375,13190.5595703125,17710.279296875,7497.3896484375,9968.2998046875,6625.80029296875,6981.1201171875,6699.240234375,13501.080078125,14287.1806640625,6734.66015625,9154.7001953125,14654.400390625,NA,NA,NA,NA,NA,NA,NA,NA,750,750,290,290,511,515,459,498,525,473,422,542,461,683,662,597,527,1.48,2.91,1.06,5.61,4.79,6.52,7.74,5.14,6.89,6.32,5.99,9.84,5.36,4.64,6.87,6.08,7.48,62238.41015625,73824,65994.953125,158896,23514,14307,19394,7472,9883,4340,4657,4460,8908,13818,6538,8783,14131,NA
"12-AUG-2022",2022-08-12 11:52:36,"2022-08-12","11H 52M 36S","Unknown","2.16.0","Unknown","Unknown",750,290,511,515,459,498,525,473,422,542,461,683,662,597,527,3.33,6.01,4.74,6.32,7.38,5.13,5.93,7.56,8.1,9.72,8.34,4.66,6.49,6.26,7.55,72729.37890625,153148.6875,20198.1396484375,12187.359375,16498.080078125,7141.73486328125,9513.875,5557.14013671875,5671.080078125,5401.080078125,8897.0400390625,10108.2250976562,4771.7099609375,6443.33520507812,10401.2705078125,NA,NA,NA,NA,NA,NA,NA,NA,750,750,290,290,511,515,459,498,525,473,422,542,461,683,662,597,527,1.44,3.36,1.03,5.46,4.72,6.29,7.26,4.7,6.61,6.02,5.62,9.58,5.34,4.47,6.54,6.08,7.33,61983.3046875,76916,62950.197265625,159074,23518,14314.5,19404,7455.5,9874,4336,4666,4474,8913,13822,6531,8782,14185,NA
"04-AUG-2022",2022-08-04 09:49:14,"2022-08-04","9H 49M 14S","Unknown","2.16.0","Unknown","Unknown",750,290,511,515,459,498,525,473,422,542,461,683,662,597,527,2.95,5.98,3.91,4.78,5.39,4.76,6.31,5.24,5.37,7.89,4.93,4.46,6.33,5.18,5.39,70685.25,156623.484375,20557.240234375,12907.080078125,17315.83984375,7313.9599609375,9809.76953125,6477.84033203125,6834.240234375,6571.80029296875,13325.041015625,14644.080078125,6898.490234375,9507.2998046875,15116.220703125,NA,NA,NA,NA,NA,NA,NA,NA,750,750,290,290,511,515,459,498,525,473,422,542,461,683,662,597,527,1.49,2.88,0.96,5.52,4.7,5.5,6.09,4.6,6.91,5.13,4.75,9.51,5.36,4.75,6.86,5.33,5.48,61765.85546875,75068,65864.53125,156006,22228,14037,18984,7309,9759,4278,4589,4396,8844,14169,6680,9116,14565,NA
"04-AUG-2022",2022-08-04 09:47:26,"2022-08-04","9H 47M 26S","Unknown","2.16.0","Unknown","Unknown",750,290,511,515,459,498,525,473,422,542,461,683,662,597,527,2.86,5.89,5.93,6.26,6.61,4.6,5.82,7.33,7,9.15,7.84,5.23,6.6,5.94,5.47,70317.8984375,150518.421875,18419.359375,11548.2001953125,15584.9399414062,6949.58984375,9330.02978515625,5234.76025390625,5532.84033203125,5231.52001953125,9145.4404296875,10227.3349609375,4841.15502929688,6567.39013671875,10551.9853515625,NA,NA,NA,NA,NA,NA,NA,NA,750,750,290,290,511,515,459,498,525,473,422,542,461,683,662,597,527,1.49,2.78,0.9,5.37,4.54,5.08,5.66,4.55,6.42,4.8,4.44,9.09,5.08,4.65,6.53,5.28,5.09,61371.64453125,75126,63261.828125,155845.5,22316,14050.5,19028,7324,9738,4290,4608,4404,8822.5,14148,6681.5,9129,14552.5,NA
"03-AUG-2022",2022-08-03 10:15:53,"2022-08-03","10H 15M 53S","Unknown","2.16.0","Unknown","Unknown",750,290,511,515,459,498,525,473,422,542,461,683,662,597,527,3.01,5.77,3.8,4.48,4.81,4.26,5.77,5.27,5.12,7.67,4.41,4.2,6.03,5.01,4.83,76746.921875,160544.40625,21040.599609375,13218.6796875,17670.759765625,7481.61962890625,9974.939453125,6530.76025390625,6970.3203125,6558.84033203125,13213.80078125,14718.0400390625,6919.56005859375,9489.669921875,15180.2900390625,NA,NA,NA,NA,NA,NA,NA,NA,750,750,290,290,511,515,459,498,525,473,422,542,461,683,662,597,527,1.38,3.05,0.8,5.17,4.6,5.15,5.41,4.33,6.41,5.19,4.56,8.89,5.27,4.41,6.37,5.21,4.92,63036.8984375,79806,66600.4609375,157964,22674,14326,19319,7399,9814,4281,4654,4371,8749,14234,6702,9114,14637,NA
"03-AUG-2022",2022-08-03 10:13:39,"2022-08-03","10H 13M 39S","Unknown","2.16.0","Unknown","Unknown",750,290,511,515,459,498,525,473,422,542,461,683,662,597,527,3.14,5.64,4.91,5.43,5.82,4.52,5.88,7.1,7.01,9.51,7.55,4.68,6.41,5.49,5.37,76035.1328125,152870.234375,19352.640625,12261.83984375,16409.16015625,7027.60986328125,9418.83984375,5319,5688.3603515625,5287.68017578125,9306.3603515625,10504.0400390625,4945,6750.14013671875,10832.990234375,NA,NA,NA,NA,NA,NA,NA,NA,750,750,290,290,511,515,459,498,525,473,422,542,461,683,662,597,527,1.42,3.16,0.92,5.05,4.48,5.35,5.58,4.39,6.27,5.16,4.72,9.28,5.47,4.45,6.52,5.31,4.78,62622.80859375,79646,63551.1953125,157519,22683,14382,19370,7395,9818,4279,4650,4376,8762,14219,6710,9126,14674,NA
"02-AUG-2022",2022-08-02 09:17:29,"2022-08-02","9H 17M 29S","Unknown","2.16.0","Unknown","Unknown",750,290,511,515,459,498,525,473,422,542,461,683,662,597,527,2.75,5.99,3.69,4.65,5.03,4.47,5.61,5.16,4.92,7.73,4.55,4.31,6.12,5.02,5.21,75426.8359375,158568.171875,21365.119140625,13673.16015625,18196.6796875,7426.009765625,10138.4501953125,6583.68017578125,7057.80029296875,6791.0400390625,13609.080078125,14635.48046875,6904.51025390625,9848.7197265625,15905.2705078125,NA,NA,NA,NA,NA,NA,NA,NA,750,750,290,290,511,515,459,498,525,473,422,542,461,683,662,597,527,1.4,2.61,0.93,5.39,4.55,5.24,5.57,4.41,6.39,5.08,4.46,9.23,5.12,4.62,6.65,5.17,5.23,62401.28125,79265,66031.953125,157145,23167,14897,19982,7395,10068,4229,4619,4415,8947,14151,6687,9435,15302,NA
"02-AUG-2022",2022-08-02 09:15:50,"2022-08-02","9H 15M 50S","Unknown","2.16.0","Unknown","Unknown",750,290,511,515,459,498,525,473,422,542,461,683,662,597,527,2.7,5.61,5.67,5.9,6.3,4.43,5.67,6.4,5.92,8.82,7.39,4.86,6.43,5.45,5.59,75199.3125,152430.328125,18848.759765625,12231.439453125,16359,7134.6796875,9570.7294921875,5230.4404296875,5973.48046875,5448.60009765625,9030.9599609375,10372.4599609375,4918.77001953125,6944.0703125,11248.3701171875,NA,NA,NA,NA,NA,NA,NA,NA,750,750,290,290,511,515,459,498,525,473,422,542,461,683,662,597,527,1.33,2.71,0.91,5.09,4.35,5.39,5.82,4.43,6.36,4.95,4.35,8.87,5.27,4.51,6.44,5.03,5.05,61942.77734375,79594,63565.984375,156942,23191,14879,19958,7399,10071,4227,4631,4430,8976,14158,6702,9466,15289,NA
"29-JUL-2022",2022-07-29 09:25:18,"2022-07-29","9H 25M 18S","Unknown","2.16.0","Unknown","Unknown",750,290,511,515,459,498,525,473,422,542,461,683,662,597,527,2.71,5.48,3.51,4.2,4.53,4.06,5.57,5.04,4.59,7.44,4.53,4.35,5.99,4.88,4.49,75658.69921875,159432.203125,20684.5400390625,11709.3203125,15067.759765625,7487.4296875,9473.205078125,6605.2802734375,7109.64013671875,6743.5205078125,13268.880859375,14663.4306640625,6898.06005859375,8533.5654296875,12968.5849609375,NA,NA,NA,NA,NA,NA,NA,NA,750,750,290,290,511,515,459,498,525,473,422,542,461,683,662,597,527,1.35,2.73,0.91,5.12,4.34,5.12,5.34,4.19,6.33,4.78,4.4,9.28,5.28,4.55,6.54,5.15,4.64,62854.478515625,78872,66516.28125,157183,22337.5,12734,16546.5,7410.5,9333.5,4189.5,4585,4344,8688.5,14203,6707,8190.5,12518,NA
"29-JUL-2022",2022-07-29 09:23:06,"2022-07-29","9H 23M 6S","Unknown","2.16.0","Unknown","Unknown",750,290,511,515,459,498,525,473,422,542,461,683,662,597,527,2.87,5.44,4.9,5.28,5.53,4.13,5.56,5.66,5.45,8.25,6.76,4.69,6.31,5.51,5.12,75178.7734375,149905.46875,18643.560546875,10579.2001953125,13841.8798828125,7037.56982421875,8784.7197265625,5576.0400390625,6021,5631.1201171875,9313.919921875,10439.1103515625,4929.08984375,6051.39013671875,9220.919921875,NA,NA,NA,NA,NA,NA,NA,NA,750,750,290,290,511,515,459,498,525,473,422,542,461,683,662,597,527,1.32,2.8,0.95,5.02,4.3,4.85,5.22,4.04,6.3,4.73,4.39,9.12,5.27,4.5,6.32,5.15,4.59,62506.82421875,78896,62581.4140625,156890,22319,12707,16491,7412,9339,4196,4588,4325,8724,14206,6706,8183,12530,NA
"28-JUL-2022",2022-07-28 09:36:28,"2022-07-28","9H 36M 28S","Unknown","2.16.0","Unknown","Unknown",750,290,511,515,459,498,525,473,422,542,461,683,662,597,527,3.03,5.73,3.16,3.81,4.08,4.25,5.6,5.14,5.11,7.63,4.65,4.28,6.03,4.74,4.57,75869.234375,160861.46875,22874.48046875,14329.7998046875,18960.48046875,7554.65966796875,10025.5693359375,6757.56005859375,7332.1201171875,6949.80029296875,13705.2001953125,14656.1201171875,6896.77001953125,9447.9599609375,15030.220703125,NA,NA,NA,NA,NA,NA,NA,NA,750,750,290,290,511,515,459,498,525,473,422,542,461,683,662,597,527,1.46,3.05,0.91,5.2,3.97,4.59,4.85,4.3,6.44,4.87,4.6,9.21,5.16,4.66,6.6,4.96,4.73,62997.55078125,78887,66687.359375,158051,24217,15280,20413,7453,9875,4171,4606,4362,8820,14245,6744,9093,14561,NA
"28-JUL-2022",2022-07-28 09:35:02,"2022-07-28","9H 35M 2S","Unknown","2.16.0","Unknown","",750,290,511,515,459,498,525,473,422,542,461,683,662,597,527,2.99,5.6,9.62,9.59,10.99,4.29,5.76,5.81,5.2,7.99,6.83,4.9,6.56,5.17,5.2,75584.83203125,153529.2421875,18623.0400390625,11717.6796875,15096.6401367188,7201.080078125,9461.5849609375,5789.88037109375,6462.72021484375,6070.14013671875,9901.98046875,10502.96484375,4958.54516601562,6712.30029296875,10740.5400390625,NA,NA,NA,NA,NA,NA,NA,NA,750,750,290,290,511,515,459,498,525,473,422,542,461,683,662,597,527,1.43,2.87,0.92,5.16,4.03,4.48,4.81,4.32,6.51,4.86,4.35,9.52,5.45,4.75,6.5,4.98,4.73,62594.5546875,79187,63638.38671875,157839,24114.5,15233.5,20349,7458.5,9880,4167.5,4596,4353,8818.5,14277,6739.5,9080,14553,NA
"27-JUL-2022",2022-07-27 09:33:01,"2022-07-27","9H 33M 1S","Unknown","2.16.0","Unknown","Unknown",750,290,511,515,459,498,525,473,422,542,461,683,662,597,527,2.85,5.46,3.74,4.15,4.48,4.2,5.57,5.1,4.84,7.42,4.68,4.24,5.93,4.79,4.37,76038.2890625,158859.5,20741.919921875,12983.080078125,17387.279296875,7477.4697265625,9955.849609375,6499.4404296875,6953.0400390625,6644.16015625,13509.720703125,14819.5205078125,6979.76025390625,9605.33984375,15249.9501953125,NA,NA,NA,NA,NA,NA,NA,NA,750,750,290,290,511,515,459,498,525,473,422,542,461,683,662,597,527,1.4,2.84,0.93,5.13,4.51,4.81,5.16,4.25,6.44,4.91,4.35,8.95,5.22,4.69,6.44,5.1,4.43,62562.67578125,79698,66348.8125,157051,22412,14108,19067,7430,9846,4195,4564,4375,8864,14311,6765,9195,14685,NA
"27-JUL-2022",2022-07-27 09:31:18,"2022-07-27","9H 31M 18S","Unknown","2.16.0","Unknown","Unknown",750,290,511,515,459,498,525,473,422,542,461,683,662,597,527,2.87,5.7,4.44,4.96,5.14,4.35,5.73,5.79,5.93,8.51,6.64,4.68,6.39,5.26,4.93,75841.5859375,151816.953125,19139.83984375,11982.919921875,16144.6796875,7154.60009765625,9434.609375,5694.84033203125,5971.3203125,5665.68017578125,10200.6005859375,10569.830078125,4987.14013671875,6804.75,10852.33984375,NA,NA,NA,NA,NA,NA,NA,NA,750,750,290,290,511,515,459,498,525,473,422,542,461,683,662,597,527,1.34,2.83,0.89,5.25,4.35,5,5.13,4.38,6.49,4.8,4.49,9.22,5.25,4.64,6.35,5.17,4.44,62262.23828125,79855,63341.8125,157078,22398,14096,19050,7450,9866,4202,4558,4375,8874,14318,6750,9207,14718,NA
"26-JUL-2022",2022-07-26 09:47:40,"2022-07-26","9H 47M 40S","Unknown","LSRII","1","Administrator",750,290,511,515,459,498,525,473,422,542,461,683,662,597,527,2.75,5.75,4.62,4.93,5.11,4.54,5.74,5.36,5.36,7.86,6.01,4.91,6.66,5.27,4.98,75037.359375,151796.203125,19353.400390625,12125.0400390625,16460.080078125,7123.8896484375,9385.6396484375,5822.2802734375,6247.80029296875,5992.92041015625,10169.2802734375,10523.390625,4968.22021484375,6803.0302734375,11088.41015625,56.55,0,20.6,38.44,0.76,0.83,1.08,0.43,750,750,290,290,511,515,459,498,525,473,422,542,461,683,662,597,527,1.4,2.75,0.89,5.27,4.56,4.8,4.98,4.46,6.49,4.85,4.25,9.1,5.33,4.67,6.62,4.94,4.54,62126.71484375,79229,63207.62109375,157085,22737,14257,19471,7418,9852,4220,4643,4382,8874,14272,6742,9211,15005,NA
"26-JUL-2022",2022-07-26 09:45:47,"2022-07-26","9H 45M 47S","Unknown","2.16.0","Unknown","Unknown",750,290,511,515,459,498,525,473,422,542,461,683,662,597,527,2.78,5.41,3.59,4.02,4.28,4.15,5.6,4.9,4.58,7.54,4.45,4.28,5.99,4.72,4.27,75379.03515625,158681.890625,21058.080078125,13171.9399414062,17828.83984375,7504.85986328125,9960.4150390625,6741.3603515625,7273.80029296875,6883.38037109375,13601.5205078125,14816.7250976562,6998.03515625,9633.5048828125,15636.0903320312,NA,NA,NA,NA,NA,NA,NA,NA,750,750,290,290,511,515,459,498,525,473,422,542,461,683,662,597,527,1.38,2.83,0.91,4.99,4.48,4.74,4.9,4.26,6.33,4.88,4.22,9.25,5.04,4.74,6.6,4.96,4.41,62494.361328125,79131.5,66273.328125,156926.5,22696,14308,19528.5,7453,9844,4224,4638,4381.5,8855,14263,6742,9199,15002,NA
"25-JUL-2022",2022-07-25 09:51:38,"2022-07-25","9H 51M 38S","Unknown","2.16.0","Unknown","Unknown",750,290,511,515,459,498,525,473,422,542,461,683,662,597,527,2.68,5.33,3.5,3.86,4.17,4.05,5.44,4.46,4.18,7.01,4.32,4.19,5.96,4.55,4.28,74121.75,157037.65625,21109.759765625,14082.0400390625,18932.359375,7377.86962890625,10296.1494140625,6607.4404296875,7120.4404296875,6786.72021484375,13522.6806640625,14590.759765625,6896.34033203125,10219.3798828125,16892.55078125,NA,NA,NA,NA,NA,NA,NA,NA,750,750,290,290,511,515,459,498,525,473,422,542,461,683,662,597,527,1.41,2.68,0.87,4.95,4.14,4.58,4.75,4.26,6.09,4.57,4,9.02,4.95,4.52,6.47,5.02,4.45,62669.23046875,77509,66149.34375,155585,22821,15313,20751,7338,10229,4152,4561,4341,8861,14095,6689,9812,16268,NA
"25-JUL-2022",2022-07-25 09:48:57,"2022-07-25","9H 48M 57S","Unknown","2.16.0","Unknown","Unknown",750,290,511,515,459,498,525,473,422,542,461,683,662,597,527,2.67,5.26,4.34,4.77,4.85,3.99,5.64,5.27,5.03,7.95,6.51,4.72,6.4,5.28,4.92,73602.71875,150329.59375,18668.640625,12460.2001953125,16837.798828125,7031.759765625,9606.419921875,5471.2802734375,5921.64013671875,5581.4404296875,8654.0400390625,10298.0703125,4899.419921875,7202.5,11867.140625,NA,NA,NA,NA,NA,NA,NA,NA,750,750,290,290,511,515,459,498,525,473,422,542,461,683,662,597,527,1.41,2.74,0.82,4.88,4.16,4.53,4.83,4.14,6.28,4.7,4.18,8.88,5.19,4.53,6.58,4.98,4.46,62279.26171875,77427,63089.4296875,156087,22945,15352,20792,7350,10241,4163,4571,4359,8890,14126,6693,9831,16300,NA
"22-JUL-2022",2022-07-22 10:32:27,"2022-07-22","10H 32M 27S","Unknown","2.16.0","Unknown","Unknown",750,290,511,515,459,498,525,473,422,542,461,683,662,597,527,2.72,5.98,3.71,4.17,4.27,4.32,5.65,5.21,4.86,7.71,4.75,4.37,6,4.88,4.51,75003.390625,158332.453125,20909.87890625,13310.6396484375,17881.279296875,7401.93994140625,9980.75,6602.0400390625,7020.00048828125,6707.88037109375,13507.560546875,14755.8798828125,6966.43017578125,9764.8701171875,15768.1005859375,NA,NA,NA,NA,NA,NA,NA,NA,750,750,290,290,511,515,459,498,525,473,422,542,461,683,662,597,527,1.37,2.65,0.91,5.45,4.66,5.14,5.11,4.61,6.48,5.12,4.59,9.59,5.37,4.59,6.6,5.01,4.72,62516.05859375,78695,66239.4140625,156688,22608,14457,19614,7368,9880,4200,4550,4346,8858,14270,6758,9348,15198,NA
"22-JUL-2022",2022-07-22 10:29:30,"2022-07-22","10H 29M 30S","Unknown","2.16.0","Unknown","Unknown",750,290,511,515,459,498,525,473,422,542,461,683,662,597,527,2.7,5.89,4.8,5.12,5.2,4.33,5.51,5.79,5.61,8.16,6.35,4.58,6.38,5.18,4.74,74801.9453125,151294.0625,18514.359375,11807.359375,16264.759765625,7051.6796875,9410.5400390625,5417.2802734375,5798.52001953125,5652.72021484375,9049.3203125,10453.73046875,4922.64013671875,6904.93994140625,11157.2099609375,NA,NA,NA,NA,NA,NA,NA,NA,750,750,290,290,511,515,459,498,525,473,422,542,461,683,662,597,527,1.39,2.67,0.93,5.35,4.58,4.88,5.1,4.23,6.27,5.04,4.42,9.3,5.09,4.67,6.67,4.94,4.35,62106.42578125,79008,63159.0625,156874,22641,14465,19681,7359,9868,4210,4563,4337,8858,14278,6733,9390,15238,NA
"21-JUL-2022",2022-07-21 09:46:04,"2022-07-21","9H 46M 4S","Unknown","2.16.0","Unknown","Unknown",750,290,511,515,459,498,525,473,422,542,461,683,662,597,527,2.66,5.84,2.93,3.38,3.54,4.41,5.69,5.23,4.84,7.72,4.72,4.25,6.15,4.68,4.3,74022.2109375,157721.578125,23419.400390625,15084.4794921875,20405.240234375,7344.669921875,10014.7802734375,6710.0400390625,7178.76025390625,6804.00048828125,13583.16015625,14652.25,6898.919921875,9798.41015625,15882.48046875,NA,NA,NA,NA,NA,NA,NA,NA,750,750,290,290,511,515,459,498,525,473,422,542,461,683,662,597,527,1.4,2.63,0.98,5.2,3.87,4.15,4.25,4.46,6.54,5.3,4.63,9.26,5.17,4.78,6.44,4.96,4.48,62730.87890625,77367,66373.0078125,155594,24391,15830,21658,7275,9891,4165,4548,4289,8812,14271,6742,9453,15406,NA
"21-JUL-2022",2022-07-21 09:43:09,"2022-07-21","9H 43M 9S","Unknown","2.16.0","Unknown","Unknown",750,290,511,515,459,498,525,473,422,542,461,683,662,597,527,2.86,5.95,10.28,11.32,11.56,4.75,5.92,6.31,5.97,8.76,7.05,5.23,7.37,5.86,5.48,73590.078125,149439.84375,15336.0400390625,9317.599609375,12749,6999.3896484375,9493.5400390625,5661.3603515625,6090.1201171875,5846.0400390625,9656.2802734375,10390.5205078125,4906.72998046875,6924.2900390625,11266,NA,NA,NA,NA,NA,NA,NA,NA,750,750,290,290,511,515,459,498,525,473,422,542,461,683,662,597,527,1.53,2.77,1.07,5.24,4.21,4.72,4.87,4.63,6.49,4.93,4.71,9.37,5.27,4.62,6.43,4.95,4.53,62154.296875,77643,63085.1171875,154955,24262,15818,21570,7235,9850,4149,4532,4273,8799,14210,6731,9467,15402,NA
"20-JUL-2022",2022-07-20 13:20:58,"2022-07-20","13H 20M 58S","Unknown","2.16.0","Unknown","Unknown",750,290,511,515,459,498,525,473,422,542,461,683,662,597,527,2.85,5.44,3.02,3.32,3.4,4.23,5.6,5.15,5.22,7.61,4.43,4.22,6.14,4.73,4.17,76506.765625,162269.984375,23617.759765625,15647.6396484375,20881,7628.52978515625,10377.490234375,6865.56005859375,7210.080078125,6963.84033203125,13710.6005859375,14558.509765625,6847.75,9780.3505859375,16175.740234375,NA,NA,NA,NA,NA,NA,NA,NA,750,750,290,290,511,515,459,498,525,473,422,542,461,683,662,597,527,1.38,2.91,0.75,4.9,3.8,3.99,4.09,4.23,6.52,4.93,4.65,9.28,4.99,4.34,6.41,4.82,4.27,63463.14453125,79062,67040.7734375,158795,24792,16545,22322,7493,10170,4273,4557,4408,8878,14344,6756,9532,15849,NA
"20-JUL-2022",2022-07-20 13:18:38,"2022-07-20","13H 18M 38S","Unknown","2.16.0","Unknown","Unknown",750,290,511,515,459,498,525,473,422,542,461,683,662,597,527,2.89,5.36,6.66,6.79,7.38,4.18,5.81,6.03,5.76,8.08,6.06,4.76,6.34,4.95,4.9,76402.484375,155407.53125,15984.3193359375,10681.7998046875,13531.7998046875,7181.15966796875,9850.439453125,5654.88037109375,5944.3203125,5902.2001953125,9224.2802734375,10535.8603515625,4968.22021484375,6968.580078125,11627.6298828125,NA,NA,NA,NA,NA,NA,NA,NA,750,750,290,290,511,515,459,498,525,473,422,542,461,683,662,597,527,1.38,2.97,0.84,4.94,3.66,4.14,4.21,4.19,6.32,4.89,4.43,9.07,5.14,4.72,6.59,4.73,4.49,63011.24609375,79396,63983.12109375,159054,24796,16584,22454,7498,10210,4272,4551,4431,8857,14337,6774,9560,15897,NA
"19-JUL-2022",2022-07-19 09:53:20,"2022-07-19","9H 53M 20S","Unknown","2.16.0","Unknown","Unknown",750,290,511,515,459,498,525,473,422,542,461,683,662,597,527,2.58,5.47,3.62,3.79,3.92,3.97,5.3,4.68,4.43,7.76,4.53,4.21,6.05,4.6,4.09,74715.828125,159301.890625,21098.359375,13840.359375,18610.119140625,7446.759765625,10199.8701171875,6811.56005859375,7055.64013671875,6889.3203125,13727.880859375,14524.1103515625,6833.56005859375,9881.830078125,16278.080078125,NA,NA,NA,NA,NA,NA,NA,NA,750,750,290,290,511,515,459,498,525,473,422,542,461,683,662,597,527,1.35,2.59,0.68,5.08,4.39,4.61,4.69,4.19,6.24,4.58,4.08,9.21,5.24,4.54,6.87,4.85,4.19,62987.734375,77761,66509.6328125,157016,22638,14950,20251,7361,10054,4275,4508,4393,8920,13988,6602,9424,15616,NA
"19-JUL-2022",2022-07-19 09:50:37,"2022-07-19","9H 50M 37S","Unknown","2.16.0","Unknown","Unknown",750,290,511,515,459,498,525,473,422,542,461,683,662,597,527,2.62,5.74,4.41,4.76,5.12,4.17,5.65,5.18,4.82,7.96,5.66,4.62,6.18,5.16,4.68,74447.62890625,152175.515625,19349.599609375,12681.359375,17167.640625,7149.61962890625,9635.0546875,5762.34033203125,6249.96044921875,6035.0400390625,10018.080078125,10325.58984375,4870.18017578125,7004.9150390625,11599.4653320312,NA,NA,NA,NA,NA,NA,NA,NA,750,750,290,290,511,515,459,498,525,473,422,542,461,683,662,597,527,1.34,2.66,0.81,5.33,4.39,4.79,5.05,4.1,6.19,4.75,4.1,9.22,5.09,4.5,6.54,5.03,4.36,62529.357421875,78053.5,63396.541015625,157182,22683,14970.5,20310.5,7364.5,10070.5,4276,4515,4391,8966,13980,6601,9457,15653,NA
"18-JUL-2022",2022-07-18 09:41:29,"2022-07-18","9H 41M 29S","Unknown","2.16.0","Unknown","Unknown",750,290,511,515,459,498,525,473,422,542,461,683,662,597,527,2.57,5.25,3.64,4,4.09,3.99,5.57,4.51,4.23,6.95,4.44,4.11,6.17,4.66,4.19,74227.609375,159790.765625,21071.759765625,14388.3193359375,19590.51953125,7472.48974609375,10453.849609375,6958.4404296875,7267.3203125,7072.92041015625,13895.2802734375,14828.5498046875,6984.919921875,10424.490234375,17603.76953125,NA,NA,NA,NA,NA,NA,NA,NA,750,750,290,290,511,515,459,498,525,473,422,542,461,683,662,597,527,1.41,2.69,0.89,4.97,4.51,4.69,4.81,4.3,6.4,4.57,4.05,8.9,5.31,4.5,6.39,4.82,4.24,62898.2421875,77378,66688.5703125,157255,22581,15517,21313,7378,10261,4344,4614,4498,8990,14275,6750,9971,16891,NA
"18-JUL-2022",2022-07-18 09:37:54,"2022-07-18","9H 37M 54S","Unknown","2.16.0","Unknown","Unknown",750,290,511,515,459,498,525,473,422,542,461,683,662,597,527,2.47,4.95,4.38,4.69,4.75,3.9,5.53,4.83,4.77,7.58,5.9,4.6,6.09,4.91,4.39,74305.42578125,152256.4453125,19293.359375,13170.7998046875,18069,7122.64501953125,9874.509765625,6011.2802734375,6131.16015625,5880.06005859375,9675.720703125,10558.8647460938,4964.13500976562,7379.01513671875,12512.140625,NA,NA,NA,NA,NA,NA,NA,NA,750,750,290,290,511,515,459,498,525,473,422,542,461,683,662,597,527,1.38,2.52,0.84,4.61,4.39,4.6,4.67,4,6.25,4.46,3.81,8.81,5.09,4.45,6.17,4.72,4.01,62327.419921875,78117,63483.31640625,157023.5,22676,15542,21357,7402,10292.5,4351,4626,4495,9007.5,14271,6731,9968,16907.5,NA
"14-JUL-2022",2022-07-14 09:45:44,"2022-07-14","9H 45M 44S","Unknown","2.16.0","Unknown","Unknown",750,290,511,515,459,498,525,473,422,542,461,683,662,597,527,3.13,5.61,4.72,8.19,9.3,4.25,8.64,4.96,4.83,7.47,4.35,4.07,6.14,8,8.47,74426.6953125,160748.59375,19297.919921875,13482.3994140625,18748.439453125,7474.97998046875,10434.759765625,6623.64013671875,6991.92041015625,6733.80029296875,13413.6005859375,14732.23046875,6930.740234375,10489.8505859375,18217.810546875,NA,NA,NA,NA,NA,NA,NA,NA,750,750,290,290,511,515,459,498,525,473,422,542,461,683,662,597,527,1.47,2.9,0.69,5.18,6.03,10.17,11.59,4.5,9.27,4.86,4.46,8.73,5.01,4.39,6.44,8.45,8.56,63132.9453125,77229,66736.9921875,157919,20344,14219,19980,7372,10232,4420,4751,4536,8843,14227,6699,10031,17534,NA
"14-JUL-2022",2022-07-14 09:43:11,"2022-07-14","9H 43M 11S","Unknown","2.16.0","Unknown","Unknown",750,290,511,515,459,498,525,473,422,542,461,683,662,597,527,3.19,5.54,6.35,11.23,12.1,4.67,9.16,5.95,5.27,8.08,6.02,4.79,6.45,8.87,9.74,73374.41015625,150402.6328125,17010.3203125,11787.599609375,16574.4599609375,7089.85986328125,9634.224609375,5620.3203125,5990.76025390625,5823.3603515625,9582.30078125,10477.810546875,4929.73510742188,7414.27490234375,12928.5952148438,NA,NA,NA,NA,NA,NA,NA,NA,750,750,290,290,511,515,459,498,525,473,422,542,461,683,662,597,527,1.52,2.93,0.92,5.02,5.8,10.8,11.63,4.68,9.6,5.15,4.55,9.23,5,4.46,6.58,8.57,8.44,62674.189453125,76708.5,62684.625,156963,20261,14128,19901,7342,10195.5,4404,4760,4512,8857.5,14194,6690,10034,17562.5,NA
"12-JUL-2022",2022-07-12 11:17:28,"2022-07-12","11H 17M 28S","Unknown","2.16.0","Unknown","Unknown",750,290,511,515,459,498,525,473,422,542,461,683,662,597,527,3.36,5.91,3.98,5.37,6.35,4.18,5.78,4.89,4.52,7.33,4.62,4.21,6.22,5.58,6.31,77363.125,168167.125,21918.400390625,12210.919921875,15249.3994140625,7894.1298828125,9958.33984375,7263.00048828125,7470.3603515625,7144.2001953125,13722.48046875,14850.0498046875,6985.35009765625,8506.6904296875,12740.4697265625,NA,NA,NA,NA,NA,NA,NA,NA,750,750,290,290,511,515,459,498,525,473,422,542,461,683,662,597,527,1.42,3.48,0.76,5.28,5.39,6.66,7.25,4.27,6.53,4.58,4.15,9.02,5.41,4.52,6.65,5.97,6.42,64509.27734375,78618,68489.1796875,160814,22433,12564,15865,7596,9537,4500,4717,4504,8707,14474,6824,8223,12379,NA
"12-JUL-2022",2022-07-12 11:15:23,"2022-07-12","11H 15M 23S","Unknown","2.16.0","Unknown","Unknown",750,290,511,515,459,498,525,473,422,542,461,683,662,597,527,3.09,5.25,4.54,6.07,6.83,3.96,5.75,4.52,4.15,7.2,4.92,4.91,6.84,6.29,6.78,76552.9765625,156911.9140625,19834.48046875,11038.6201171875,13896.9799804688,7357.94970703125,9334.1796875,6567.48046875,6834.240234375,6494.0400390625,11293.560546875,10248.6201171875,4732.14990234375,5788.66015625,8777.37548828125,NA,NA,NA,NA,NA,NA,NA,NA,750,750,290,290,511,515,459,498,525,473,422,542,461,683,662,597,527,1.39,3.23,0.89,4.84,4.94,6.52,7.22,4.04,6.49,4.61,4.06,9.05,5.25,4.47,6.29,5.86,6.29,64003.154296875,78409,64355.4609375,159642.5,22219.5,12429.5,15706,7545.5,9474.5,4466,4677,4466.5,8700,14457.5,6824,8198,12321.5,NA
"11-JUL-2022",2022-07-11 09:14:35,"2022-07-11","9H 14M 35S","Unknown","2.16.0","Unknown","Unknown",750,290,511,515,459,498,525,473,422,542,461,683,662,597,527,2.9,6.16,4.95,6.52,7.73,4.61,6.19,5.2,5.13,7.68,4.57,4.21,5.91,6.05,6.64,75719.921875,158923.421875,19260.6796875,11175.7998046875,14446.83984375,7502.36962890625,9768.26953125,6773.76025390625,7150.68017578125,6794.2802734375,13527.0009765625,14711.16015625,6929.02001953125,9008.5,14122.490234375,NA,NA,NA,NA,NA,NA,NA,NA,750,750,290,290,511,515,459,498,525,473,422,542,461,683,662,597,527,1.41,2.75,0.92,5.67,6.46,8.17,9.23,4.69,7.13,5.14,4.87,9.28,5.24,4.56,6.66,6.08,6.76,62668.4921875,79141,66126.4453125,157668,20195,11766,15358,7454,9671,4474,4808,4554,8946,14178,6701,8607,13557,NA
"11-JUL-2022",2022-07-11 09:12:39,"2022-07-11","9H 12M 39S","Unknown","2.16.0","Unknown","Unknown",750,290,511,515,459,498,525,473,422,542,461,683,662,597,527,3.16,6.25,7.66,8.99,9.71,5.02,6.48,6.39,5.59,8.47,5.96,4.81,6.46,6.37,6.86,75053.1640625,153638.390625,16810.0595703125,9737.5,12723.919921875,7150.44970703125,9234.9951171875,5721.30029296875,6241.3203125,5898.96044921875,10034.8203125,10483.1850585938,4956.39501953125,6382.490234375,10033.4052734375,NA,NA,NA,NA,NA,NA,NA,NA,750,750,290,290,511,515,459,498,525,473,422,542,461,683,662,597,527,1.56,2.79,0.93,5.65,7.13,8.48,9.49,4.87,6.87,5.5,5,9.75,5.37,4.63,6.71,6.13,6.53,62245.923828125,79094.5,63738.626953125,157710.5,20215,11751,15406,7453,9662,4474,4803,4570,8949,14177,6719,8632.5,13595,NA
"08-JUL-2022",2022-07-08 13:20:49,"2022-07-08","13H 20M 49S","Unknown","2.16.0","Unknown","Unknown",750,290,511,515,459,498,525,473,422,542,461,683,662,597,527,2.98,6.66,5.22,6.74,7.95,5.45,6.37,5.99,5.66,7.92,4.6,4.08,5.92,5.76,6.76,74075.53515625,157194.9375,18853.3203125,9962.4599609375,12826.1396484375,7421.44482421875,9218.8095703125,6740.2802734375,7156.080078125,6786.18017578125,13461.1201171875,14613.1201171875,6887.52514648438,8245.03515625,12411.9501953125,NA,NA,NA,NA,NA,NA,NA,NA,750,750,290,290,511,515,459,498,525,473,422,542,461,683,662,597,527,1.45,2.8,0.95,6.01,7.32,8.83,9.69,5.26,6.98,5.78,5.23,9.47,5.28,4.56,6.51,6.01,6.84,62426.802734375,77797.5,65764.89453125,156479.5,19791,10475,13647,7409,9163.5,4428.5,4794,4509,8921,14067,6649,7876,11913,NA
"08-JUL-2022",2022-07-08 13:18:44,"2022-07-08","13H 18M 44S","Unknown","2.16.0","Unknown","Unknown",750,290,511,515,459,498,525,473,422,542,461,683,662,597,527,2.9,6.42,8.14,9.1,9.82,5.5,6.51,6.49,6.32,8.53,6.33,4.78,6.33,6.01,6.58,74001.27734375,149940.328125,16284.1396484375,8607.3798828125,11122.2197265625,7142.14990234375,8698.814453125,5799.60009765625,6180.84033203125,5810.9404296875,9269.1005859375,10283.0205078125,4888.88500976562,5763.72021484375,8704.705078125,NA,NA,NA,NA,NA,NA,NA,NA,750,750,290,290,511,515,459,498,525,473,422,542,461,683,662,597,527,1.52,2.73,1.01,5.77,7.47,8.81,9.25,5.14,6.57,5.59,5.18,9.58,5.15,4.53,6.4,5.73,6.2,62018.6015625,78234,62738.673828125,156319,19813.5,10507,13692.5,7408,9167.5,4429,4776,4505,8889,14039,6662,7837,11891,NA
"07-JUL-2022",2022-07-07 10:09:04,"2022-07-07","10H 9M 4S","Unknown","LSRII","1","Administrator",750,290,511,515,459,498,525,473,422,542,461,683,662,597,527,2.91,4.99,5.79,6.18,6.7,3.91,5.63,4.19,3.81,7.41,5.59,4.48,5.95,5.01,5.13,79368.140625,154089.0859375,16754.19921875,10260.759765625,13815.2802734375,7339.27490234375,9723.4501953125,6269.400390625,6659.8203125,6245.64013671875,10458.720703125,10462.7602539062,4973.81005859375,6779.38012695312,11150.9750976562,56.55,0,20.6,38.44,0.76,0.83,1.08,0.43,750,750,290,290,511,515,459,498,525,473,422,542,461,683,662,597,527,1.42,2.78,0.77,4.75,5.5,6.04,6.34,3.95,6.44,4.11,3.79,8.31,5.02,4.45,6.48,5.02,4.8,62883.65625,82738.5,63654.50390625,158713,20087,12332,16654.5,7550.5,10017,4491.5,4816,4620,9005,14030,6677,9073,14921,NA
"07-JUL-2022",2022-07-07 10:05:14,"2022-07-07","10H 5M 14S","Unknown","2.16.0","Unknown","Unknown",750,290,511,515,459,498,525,473,422,542,461,683,662,597,527,2.76,5.9,5.03,5.53,5.68,4.9,5.96,5.1,4.85,7.52,4.48,4.36,6.04,5,4.63,81026.3515625,160979.328125,19598.87890625,12000.3994140625,16070.2001953125,7589.52001953125,10187.419921875,6967.080078125,7359.1201171875,7085.88037109375,13735.4404296875,14608.8203125,6908.3798828125,9554.169921875,15697.150390625,NA,NA,NA,NA,NA,NA,NA,NA,750,750,290,290,511,515,459,498,525,473,422,542,461,683,662,597,527,1.34,2.87,0.83,5.38,7,7.55,7.68,4.82,6.55,5.08,4.41,9.14,5.23,4.78,6.42,5.07,4.73,63182.47265625,84047,66326.4921875,159000,20235,12458,16883,7543,10055,4491,4838,4625,8993,14044,6652,9121,15044,NA
"05-JUL-2022",2022-07-05 13:35:53,"2022-07-05","13H 35M 53S","Unknown","2.16.0","Unknown","Unknown",750,290,511,515,459,498,525,473,422,542,461,683,662,597,527,2.83,6.83,5.54,5.84,6.09,5.32,6.38,6.72,6.59,8.95,5.11,4.69,6.32,4.93,4.75,81178.8203125,160308.6875,19751.640625,12763.439453125,17217.0390625,7513.15966796875,10392.4296875,6459.48046875,6825.60009765625,6622.56005859375,13477.3203125,14686.650390625,6960.41015625,10213.7900390625,16986.720703125,NA,NA,NA,NA,NA,NA,NA,NA,750,750,290,290,511,515,459,498,525,473,422,542,461,683,662,597,527,1.36,2.81,0.88,6.14,7.34,7.7,7.79,5.39,7.02,6.28,5.89,10.27,5.49,5.04,7.14,5.12,4.68,63056.86328125,84385,66092.890625,158805,20367,13251,18062,7479,10307,4627,4987,4805,9069,14125,6728,9761,16289,NA
"05-JUL-2022",2022-07-05 13:34:37,"2022-07-05","13H 34M 37S","Unknown","2.16.0","Unknown","Unknown",750,290,511,515,459,498,525,473,422,542,461,683,662,597,527,2.83,6.56,7.94,8.37,8.69,5.61,6.41,7.2,6.67,9.62,6.57,4.98,6.79,5.37,4.92,80306.6640625,151616.09375,17278.599609375,11133.240234375,15152.1201171875,7128.0400390625,9716.8095703125,5495.0400390625,6003.72021484375,5590.080078125,9554.7607421875,10493.7197265625,4997.4599609375,7265.2802734375,12104.0703125,NA,NA,NA,NA,NA,NA,NA,NA,750,750,290,290,511,515,459,498,525,473,422,542,461,683,662,597,527,1.37,2.85,0.95,5.88,7.23,7.54,8,5.39,7.03,6.27,5.7,9.83,5.32,4.78,6.82,5.06,4.48,62748.09765625,83951,62581.09765625,158365,20494,13273,18086,7507,10287,4634,4994,4781,9033,14102,6700,9732,16256,NA
"01-JUL-2022",2022-07-01 09:05:05,"2022-07-01","9H 5M 5S","Unknown","2.16.0","Unknown","Unknown",750,290,511,515,459,498,525,473,422,542,461,683,662,597,527,2.41,5.41,3.94,5.8,6.95,3.99,5.89,4.13,4.03,6.75,4.1,3.96,6.11,5.56,6.46,73398.109375,157848.5625,18487,12147.83984375,16756.48046875,7401.10986328125,10106.91015625,6670.080078125,6947.64013671875,6715.4404296875,13394.16015625,14509.490234375,6862.3701171875,10049.1005859375,17012.51953125,NA,NA,NA,NA,NA,NA,NA,NA,750,750,290,290,511,515,459,498,525,473,422,542,461,683,662,597,527,1.42,2.59,0.64,5.09,5.09,6.88,7.6,4.23,6.49,4,3.76,8.62,4.88,4.29,6.4,5.76,6.84,62796.12109375,76749,66285.640625,156097,18748,12372,17293,7323,9980,4674,4963,4749,8900,14126,6695,9698,16443,NA
"01-JUL-2022",2022-07-01 08:58:25,"2022-07-01","8H 58M 25S","Unknown","LSRII","1","Administrator",750,290,511,515,459,498,525,473,422,542,461,683,662,597,527,2.51,5.27,5.82,7.36,7.8,3.94,5.83,4.55,4.23,7.66,5.17,4.6,6.35,5.95,6.55,73158.7421875,151514,15536.6796875,10260,14325.240234375,7002.7099609375,9626.33984375,5946.48046875,6246.72021484375,5853.60009765625,10471.6806640625,10344.9404296875,4897.27001953125,7082.9599609375,12072.6806640625,56.55,0,20.6,38.44,0.76,0.83,1.08,0.43,750,750,290,290,511,515,459,498,525,473,422,542,461,683,662,597,527,1.37,2.48,0.75,4.94,5.4,7.02,7.65,4.14,6.37,4.47,3.82,8.61,5.09,4.43,6.54,5.91,6.27,62269.84765625,77092,63829.20703125,155432,18683,12353,17277,7302,9983,4677,4965,4752,8885,14094,6669,9666,16491,NA
"30-JUN-2022",2022-06-30 11:05:36,"2022-06-30","11H 5M 36S","Unknown","2.16.0","Unknown","Unknown",750,290,511,515,459,498,525,473,422,542,461,683,662,597,527,3.77,9,11.93,13.04,13.12,8.12,8.44,10.17,10.34,11.39,5.89,5.04,6.37,6.74,7.95,73212.06640625,164586.09375,19924.919921875,13699.759765625,19011.01953125,7616.49487304688,10655.125,6791.0400390625,7082.10034179688,6823.98022460938,13587.48046875,14885.0952148438,7005.56005859375,10663.5703125,18486.990234375,NA,NA,NA,NA,NA,NA,NA,NA,750,750,290,290,511,515,459,498,525,473,422,542,461,683,662,597,527,1.44,3.85,1.51,7.69,14.73,15.67,15.53,7.14,8.05,8.95,8.74,11.22,5.44,5.38,6.72,7.17,7.98,62657.33203125,76639.5,66584.328125,161706.5,20873.5,14358.5,20118.5,7546.5,10451,4911.5,5239,4964,8984.5,14368,6798,10243,17842.5,NA
"30-JUN-2022",2022-06-30 11:04:33,"2022-06-30","11H 4M 33S","Unknown","2.16.0","Unknown","Unknown",750,290,511,515,459,498,525,473,422,542,461,683,662,597,527,3.35,8.02,14.53,15.5,16.27,7.18,7.7,9.45,9.4,10.43,5.75,4.98,6.56,6.65,7.47,72994.421875,155768.5859375,17294.9404296875,11878.7998046875,16677.439453125,7291.96484375,10113.96484375,5913.5400390625,6275.34033203125,6004.26025390625,10491.66015625,10550.91015625,4994.02001953125,7518.76513671875,13136.5004882812,NA,NA,NA,NA,NA,NA,NA,NA,750,750,290,290,511,515,459,498,525,473,422,542,461,683,662,597,527,1.44,3.51,1.24,7.01,12.58,14.03,14.67,6.71,8.1,8.44,8.16,10.67,4.86,4.96,6.74,6.7,7.37,62228.087890625,76836.5,63395.271484375,160616,20537,14167,19888.5,7486,10429,4857,5171,4933,8995,14334.5,6796.5,10262.5,17895,NA
"29-JUN-2022",2022-06-29 15:32:25,"2022-06-29","15H 32M 25S","Unknown","2.16.0","Unknown","Unknown",750,290,511,515,459,498,525,473,422,542,461,683,662,597,527,2.66,6.32,5.65,6.11,6.15,5.55,6.17,7.12,7.3,8.7,4.97,4.14,6.08,4.56,4.14,74326.359375,158548.25,19504.640625,12603.83984375,17348.51953125,7426.83984375,10130.1494140625,6211.080078125,6604.2001953125,6333.1201171875,13009.6806640625,14987.220703125,7075.64990234375,10174.66015625,17094.650390625,NA,NA,NA,NA,NA,NA,NA,NA,750,750,290,290,511,515,459,498,525,473,422,542,461,683,662,597,527,1.37,2.97,0.91,5.74,7.73,8.27,8.32,5.22,6.69,7.04,6.68,9.56,4.96,4.58,6.62,4.75,4.25,62174.09375,78366,65643.6953125,158111,20265,13155,18350,7445,10105,4847,5284,4980,9096,14413,6804,9703,16378,NA
"29-JUN-2022",2022-06-29 15:30:20,"2022-06-29","15H 30M 20S","Unknown","2.16.0","Unknown","Unknown",750,290,511,515,459,498,525,473,422,542,461,683,662,597,527,2.65,6.18,7.7,8.19,8.19,5.52,6.24,7.43,7.26,9.31,6.6,4.79,6.53,5.1,4.78,73723.59375,151137.1875,16530.759765625,10694.7197265625,14863.3193359375,7133.85009765625,9686.099609375,5258.52001953125,5624.64013671875,5367.60009765625,8789.0400390625,10460.1796875,4946.72021484375,7048.1298828125,11947.5498046875,NA,NA,NA,NA,NA,NA,NA,NA,750,750,290,290,511,515,459,498,525,473,422,542,461,683,662,597,527,1.35,2.88,0.92,5.73,7.34,7.85,7.55,5.39,6.63,6.64,6.36,9.65,5.3,4.48,6.45,4.97,4.28,61824.60546875,78220,62674.98046875,157860,20189,13089,18217,7430,10108,4820,5243,4979,9059,14409,6824,9673,16340,NA
"28-JUN-2022",2022-06-28 12:44:47,"2022-06-28","12H 44M 47S","Unknown","2.16.0","Unknown","Unknown",750,290,511,515,459,498,525,473,422,542,461,683,662,597,527,2.88,5.75,5.3,5.28,5.45,4.78,5.84,7.41,7.33,9.44,5.09,4.12,5.98,4.37,4.11,74771.1328125,161259.0390625,19829.16015625,13206.51953125,18198.19921875,7548.02001953125,10481.240234375,5879.52001953125,6234.30029296875,5977.26025390625,12644.640625,15051.5053710938,7103.38500976562,10447.7099609375,17732.7705078125,NA,NA,NA,NA,NA,NA,NA,NA,750,750,290,290,511,515,459,498,525,473,422,542,461,683,662,597,527,1.3,3.14,0.92,5.33,6.75,6.9,7.2,4.61,6.45,7.3,7.06,10.51,5.13,4.6,6.47,4.69,4.13,62437.27734375,78552,65833.76953125,160518.5,20820.5,13953,19449,7554,10400.5,4731,5157,4858,9108,14531.5,6870,10026,17067.5,NA
"28-JUN-2022",2022-06-28 12:43:22,"2022-06-28","12H 43M 22S","Unknown","2.16.0","Unknown","Unknown",750,290,511,515,459,498,525,473,422,542,461,683,662,597,527,2.93,5.98,6.8,7.31,7.2,4.98,5.59,8.57,8.04,10.63,6.78,4.79,6.54,5.15,4.61,74205.4921875,153603.953125,16623.48046875,11279.919921875,15684.8798828125,7089.85986328125,9885.2998046875,4539.240234375,5020.92041015625,4563,7835.400390625,10299.3603515625,4932.10009765625,7160.7900390625,12229.2001953125,NA,NA,NA,NA,NA,NA,NA,NA,750,750,290,290,511,515,459,498,525,473,422,542,461,683,662,597,527,1.4,3.11,0.89,5.42,6.46,7.14,7.21,4.88,6.15,7.44,7.01,10.5,5.17,4.52,6.52,4.93,4.14,62078.3671875,78313,62878.78125,159827,20769,13893,19345,7531,10421,4705,5115,4843,9093,14475,6871,10016,17026,NA
"27-JUN-2022",2022-06-27 10:21:12,"2022-06-27","10H 21M 12S","Unknown","2.16.0","Unknown","Unknown",750,290,511,515,459,498,525,473,422,542,461,683,662,597,527,2.57,6.29,5.14,5.6,5.76,5.31,5.94,4.65,4.45,7.16,4.48,4.12,5.72,4.54,4.12,75226.9609375,159593.234375,19209,13331.16015625,18412.51953125,7464.18994140625,10662.1796875,7026.48046875,7480.080078125,7134.48046875,13986.0009765625,14987.650390625,7091.990234375,10915.5498046875,18789.28125,NA,NA,NA,NA,NA,NA,NA,NA,750,750,290,290,511,515,459,498,525,473,422,542,461,683,662,597,527,1.41,2.67,0.91,5.69,7.8,7.87,8.04,5.28,6.45,4.49,3.88,8.4,5.02,4.49,6.17,4.82,4.33,62782.22265625,78560,66336.4765625,157462,19634,13735,19195,7388,10531,4553,4929,4695,9043,14351,6819,10387,17935,NA
"27-JUN-2022",2022-06-27 10:19:49,"2022-06-27","10H 19M 49S","Unknown","2.16.0","Unknown","Unknown",750,290,511,515,459,498,525,473,422,542,461,683,662,597,527,2.64,6.48,8.33,8.72,8.95,5.39,6.19,4.97,4.85,7.42,4.99,4.88,6.12,5.2,4.69,74656.578125,152616.25,16354.8198242188,11340.33984375,15852.83984375,7192.36474609375,10195.7197265625,6188.400390625,6620.9404296875,6391.4404296875,10971.720703125,10650.669921875,5034.8701171875,7703.23510742188,13295.1704101562,NA,NA,NA,NA,NA,NA,NA,NA,750,750,290,290,511,515,459,498,525,473,422,542,461,683,662,597,527,1.36,2.74,0.9,6.02,7.55,7.9,8.16,5.24,6.71,4.56,3.96,8.76,5.12,4.65,6.56,4.92,4.26,62440.65234375,78374.5,63398.578125,157462,19710,13722,19194,7391,10543,4555,4924.5,4688,9036,14386,6811.5,10386.5,17950,NA
"23-JUN-2022",2022-06-23 10:45:27,"2022-06-23","10H 45M 27S","Unknown","2.16.0","Unknown","Unknown",750,290,511,515,459,498,525,473,422,542,461,683,662,597,527,2.56,5.69,4.29,4.74,4.92,4.09,5.52,4.2,3.77,7.24,4.57,4.17,6.05,4.74,4.23,70973.6015625,154678.3828125,18465.720703125,12453.7397460938,17126.2197265625,7210.625,10088.234375,6746.76025390625,7131.240234375,6835.3203125,13404.9609375,14667.73046875,6947.080078125,10286.890625,17486.810546875,NA,NA,NA,NA,NA,NA,NA,NA,750,750,290,290,511,515,459,498,525,473,422,542,461,683,662,597,527,1.42,2.55,0.78,5.14,5.9,6.2,6.29,4.45,6.59,4.3,3.88,8.86,5.1,4.64,6.6,4.88,4.34,62138.736328125,74909.5,65844.421875,153850,19268,13077,18220,7218.5,10052,5071,5470,5179,9047.5,14175.5,6732,9869.5,16858,NA
"23-JUN-2022",2022-06-23 10:41:42,"2022-06-23","10H 41M 42S","Unknown","2.16.0","Unknown","Unknown",750,290,511,515,459,498,525,473,422,542,461,683,662,597,527,2.87,5.13,5.81,6.15,6.37,4.12,5.66,4.37,4.1,7.03,5.2,4.68,6.37,5.1,4.67,72337.140625,148721.890625,15638.51953125,10550.3203125,14846.599609375,6841.68994140625,9590.6494140625,5942.16015625,6203.52001953125,5994,10189.80078125,10316.560546875,4862.43994140625,7104.0302734375,12279.080078125,NA,NA,NA,NA,NA,NA,NA,NA,750,750,290,290,511,515,459,498,525,473,422,542,461,683,662,597,527,1.42,2.75,0.76,4.82,5.65,5.87,6.14,4.24,6.47,4.07,3.73,8.35,4.97,4.52,6.44,4.67,4.14,61838.29296875,76611,63354.359375,153894,19221,12997,18192,7211,9996,5067,5488,5165,9070,14161,6741,9865,16864,NA
"22-JUN-2022",2022-06-22 09:57:31,"2022-06-22","9H 57M 31S","Unknown","2.16.0","Unknown","Unknown",750,290,511,515,459,498,525,473,422,542,461,683,662,597,527,2.55,5.8,5.25,5.6,5.62,4.38,5.66,4.65,4.2,7.83,4.95,4.34,5.87,4.55,4.26,71071.5625,160774.3125,19195.3203125,13220.9599609375,18039.359375,7471.65966796875,10502.8193359375,6581.52001953125,7052.400390625,6727.3203125,13293.720703125,15031.509765625,7113.919921875,10765.91015625,18320.150390625,NA,NA,NA,NA,NA,NA,NA,NA,750,750,290,290,511,515,459,498,525,473,422,542,461,683,662,597,527,1.41,2.61,0.6,5.3,6.61,6.94,6.75,4.49,6.61,4.77,4.43,8.85,5.24,4.67,6.02,4.94,4.35,62530.8984375,74549,66219.28125,159237,20371,14127,19491,7430,10414,5469,5997,5614,9474,14503,6895,10353,17698,NA
"22-JUN-2022",2022-06-22 09:54:29,"2022-06-22","9H 54M 29S","Unknown","2.16.0","Unknown","Unknown",750,290,511,515,459,498,525,473,422,542,461,683,662,597,527,2.93,5.8,7,7.59,7.51,4.6,5.76,5.17,4.96,7.94,5.34,4.68,6.25,4.95,4.69,73225.49609375,152133.6015625,17356.119140625,12020.919921875,16484.7802734375,7091.10498046875,9897.3349609375,5865.48046875,6273.18017578125,5837.400390625,10157.400390625,10674.75,5042.18017578125,7566.4951171875,13034.58984375,NA,NA,NA,NA,NA,NA,NA,NA,750,750,290,290,511,515,459,498,525,473,422,542,461,683,662,597,527,1.39,2.89,0.87,5.53,6.56,7.02,7.39,4.78,6.77,4.98,4.54,8.59,4.89,4.56,6.04,4.61,4.1,62120.72265625,77318.5,62337.736328125,159929.5,20771,14370,19794.5,7506,10539,5517,6119,5645,9466,14559,6895,10412.5,17771,NA
"21-JUN-2022",2022-06-21 11:55:50,"2022-06-21","11H 55M 50S","Unknown","2.16.0","Unknown","Unknown",750,290,511,515,459,498,525,473,422,542,461,683,662,597,527,2.49,5.39,4.7,4.84,5.02,4.18,5.63,5.01,4.82,8.09,4.53,4.11,6.06,4.41,3.97,72211.53125,156601.90625,18202.759765625,12628.919921875,17194.240234375,7279.9296875,10312.75,5979.96044921875,6380.64013671875,6077.16015625,12679.2001953125,14580.009765625,6885.59033203125,10527.6904296875,17894.451171875,NA,NA,NA,NA,NA,NA,NA,NA,750,750,290,290,511,515,459,498,525,473,422,542,461,683,662,597,527,1.47,2.47,0.67,4.9,5.92,6.14,6.4,4.32,6.44,5.36,4.89,9.08,4.85,4.47,6.55,4.8,4.11,62276.921875,76005,66124.9921875,155177,18832,13145,18084,7243,10224,5501,6034,5634,9939,14209,6726,10216,17433,NA
"21-JUN-2022",2022-06-21 11:54:32,"2022-06-21","11H 54M 32S","Unknown","2.16.0","Unknown","Unknown",750,290,511,515,459,498,525,473,422,542,461,683,662,597,527,2.42,5.47,6.5,6.44,6.31,4.33,5.5,5.79,5.27,8.69,6.05,4.71,6.35,5.09,4.59,71845.765625,148872.953125,15763.919921875,10975.16015625,15088.2802734375,6825.08984375,9715.1494140625,4977.72021484375,5497.2001953125,5009.0400390625,8713.4404296875,10172.080078125,4859.85986328125,7340.5302734375,12573.2001953125,NA,NA,NA,NA,NA,NA,NA,NA,750,750,290,290,511,515,459,498,525,473,422,542,461,683,662,597,527,1.37,2.57,0.76,4.99,5.75,5.98,6.11,4.26,6.12,5.37,4.69,9.3,4.84,4.49,6.31,5.11,4.24,61860.45703125,76155,62972.9375,154757,18772,13093,18045,7239,10230,5491,6008,5614,9929,14158,6748,10208,17441,NA
"17-JUN-2022",2022-06-17 09:45:12,"2022-06-17","9H 45M 12S","Unknown","2.16.0","Unknown","Unknown",750,290,511,515,459,498,525,473,422,542,461,683,662,597,527,2.61,5.84,4.85,5.25,5.51,4.59,5.86,5.19,5.11,7.8,4.76,4.33,6.24,4.68,4.19,75438.6796875,158035.3125,17913.958984375,10903.7197265625,14538.7998046875,7429.330078125,9781.5498046875,6696.00048828125,6929.2802734375,6729.48046875,13361.7607421875,14986.3603515625,7058.8798828125,9461.2900390625,15172.1201171875,NA,NA,NA,NA,NA,NA,NA,NA,750,750,290,290,511,515,459,498,525,473,422,542,461,683,662,597,527,1.35,2.8,0.71,5.37,6.93,7.42,7.53,4.69,6.6,5.42,4.92,9.09,5.37,4.66,6.67,5.02,4.35,63025.83984375,78497,66114.5390625,156775,18823,11502,15543,7402,9710,4347,4579,4436,8755,14374,6802,9014,14528,NA
"17-JUN-2022",2022-06-17 09:41:58,"2022-06-17","9H 41M 58S","Unknown","2.16.0","Unknown","Unknown",750,290,511,515,459,498,525,473,422,542,461,683,662,597,527,2.56,5.67,6.85,7.34,7.52,4.43,5.8,5.09,4.78,7.81,5.5,4.6,6.46,5.33,4.72,74665.2734375,151655.9375,15131.599609375,9209.6796875,12554.439453125,7108.11962890625,9190.58984375,5879.52001953125,6160.3203125,5883.84033203125,9813.9599609375,10488.560546875,4983.7001953125,6547.18017578125,10662.2802734375,NA,NA,NA,NA,NA,NA,NA,NA,750,750,290,290,511,515,459,498,525,473,422,542,461,683,662,597,527,1.38,2.63,0.73,5.25,6.45,6.99,7.16,4.52,6.32,5.09,4.41,9.16,5.15,4.54,6.39,5.04,4.22,62458.4921875,78463,63620.19140625,156319,18679,11389,15450,7374,9662,4315,4573,4403,8774,14322,6779,9000,14499,NA
"16-JUN-2022",2022-06-16 10:25:14,"2022-06-16","10H 25M 14S","Unknown","2.16.0","Unknown","Unknown",750,290,511,515,459,498,525,473,422,542,461,683,662,597,527,2.63,5.58,4.79,5.05,5.18,4.11,5.64,5.15,4.94,7.7,4.56,4.26,6.02,4.67,4.21,75032.625,157384.59375,17582.599609375,10792.759765625,14452.919921875,7389.48974609375,9836.330078125,6557.76025390625,6839.64013671875,6569.64013671875,13242.9609375,14774.3701171875,6972.4501953125,9495.6904296875,15389.7001953125,NA,NA,NA,NA,NA,NA,NA,NA,750,750,290,290,511,515,459,498,525,473,422,542,461,683,662,597,527,1.38,2.76,0.69,5.13,6.71,7.15,7.06,4.24,6.35,5.18,4.77,9.2,5.21,4.58,6.37,4.93,4.35,62947.953125,78157,65972.6484375,156360,17934,11047,14967,7380,9762,4408,4694,4478,8794,14367,6795,9163,14899,NA
"16-JUN-2022",2022-06-16 10:22:07,"2022-06-16","10H 22M 7S","Unknown","2.16.0","Unknown","Unknown",750,290,511,515,459,498,525,473,422,542,461,683,662,597,527,2.55,5.96,7.48,7.65,7.76,4.59,5.95,5.55,5.34,8.46,5.5,4.86,6.56,5.19,4.83,74640.78125,150677.359375,14769.080078125,9044,12277.0400390625,7070.77001953125,9320.8994140625,5798.52001953125,5971.3203125,5697,9951.1201171875,10528.1201171875,4957.47021484375,6678.76025390625,10952.5302734375,NA,NA,NA,NA,NA,NA,NA,NA,750,750,290,290,511,515,459,498,525,473,422,542,461,683,662,597,527,1.34,2.6,0.76,5.52,6.8,7.08,7.3,4.59,6.61,5.4,5.04,9.72,5.21,4.64,6.46,5.04,4.48,62394.3515625,78408,63519.81640625,155320,17735,10875,14779,7328,9694,4368,4650,4453,8765,14294,6770,9142,14867,NA
"15-JUN-2022",2022-06-15 10:45:07,"2022-06-15","10H 45M 7S","Unknown","2.16.0","Unknown","Unknown",750,290,511,515,459,498,525,473,422,542,461,683,662,597,527,2.24,5.28,7.45,7.76,7.89,4.51,5.88,5.09,5,8.01,5.07,4.68,6.2,5.31,4.77,90494.50390625,152833.703125,15110.6997070312,9431.2197265625,12828.0400390625,7148.7900390625,9622.6044921875,5981.0400390625,6245.64013671875,5937.84033203125,10882.080078125,10915.5498046875,5149.89501953125,7144.23510742188,11667.6201171875,NA,NA,NA,NA,NA,NA,NA,NA,750,750,290,290,511,515,459,498,525,473,422,542,461,683,662,597,527,1.25,2.24,0.72,4.76,6.72,7.08,7.24,4.47,6.6,5.03,4.7,9.19,5.3,4.55,6.29,4.92,4.46,63649.126953125,93283,64416.955078125,155266.5,18060,11292.5,15371,7365.5,9869,4366,4670,4455,8821.5,14411,6813,9408,15400,NA
"15-JUN-2022",2022-06-15 10:41:02,"2022-06-15","10H 41M 2S","Unknown","2.16.0","Unknown","Unknown",750,290,511,515,459,498,525,473,422,542,461,683,662,597,527,2.36,5.21,6.47,6.74,6.89,4.21,5.54,4.75,4.59,7.69,5.05,4.61,6.26,5.09,4.68,91603.6640625,152803,15187.080078125,9468.080078125,12894.919921875,7153.77001953125,9657.8798828125,5968.080078125,6207.84033203125,5935.68017578125,10852.9208984375,10946.9404296875,5173.76025390625,7167.669921875,11718.7900390625,NA,NA,NA,NA,NA,NA,NA,NA,750,750,290,290,511,515,459,498,525,473,422,542,461,683,662,597,527,1.21,2.36,0.69,4.69,6.11,6.34,6.35,4.23,6.26,4.71,4.32,9.01,5.25,4.39,6.38,4.96,4.18,63465.01171875,94628,64382.7265625,155424,18152,11348,15441,7367,9896,4380,4667,4475,8839,14405,6831,9444,15456,NA
"14-JUN-2022",2022-06-14 10:27:05,"2022-06-14","10H 27M 5S","Unknown","2.16.0","Unknown","Unknown",750,290,511,515,459,498,525,473,422,542,461,683,662,597,527,2.67,5.35,4.12,4.53,4.66,4.26,5.61,4.8,4.48,7.35,4.52,4.19,5.86,4.58,4.21,83859.6875,154117.296875,17519.8994140625,11000.6201171875,14767.939453125,7251.7099609375,9846.2900390625,6652.80029296875,6855.84033203125,6706.80029296875,13569.1206054688,14806.8349609375,7000.830078125,9903.544921875,16148.0053710938,NA,NA,NA,NA,NA,NA,NA,NA,750,750,290,290,511,515,459,498,525,473,422,542,461,683,662,597,527,1.3,2.8,0.68,4.97,6.19,6.46,6.56,4.55,6.42,5.09,4.48,8.82,5.27,4.44,6.39,4.83,4.46,63140.255859375,87047.5,65693.83984375,153917.5,17759,11204,15258.5,7256.5,9796,4338,4551.5,4430.5,8953,14331,6782.5,9487,15539.5,NA
"14-JUN-2022",2022-06-14 10:23:55,"2022-06-14","10H 23M 55S","Unknown","2.16.0","Unknown","Unknown",750,290,511,515,459,498,525,473,422,542,461,683,662,597,527,2.56,5.5,6.47,6.67,6.84,4.23,5.76,5.01,4.64,7.76,5.2,4.73,6.64,5.34,4.8,82656.9140625,148079.46875,14552.4794921875,9155.7197265625,12523.2802734375,6944.60986328125,9385.6396484375,5943.240234375,6104.16015625,5862.240234375,10661.7607421875,10576.7099609375,5030.14013671875,6988.7900390625,11462.9404296875,NA,NA,NA,NA,NA,NA,NA,NA,750,750,290,290,511,515,459,498,525,473,422,542,461,683,662,597,527,1.34,2.64,0.77,5.09,6.23,6.39,6.56,4.38,6.43,4.83,4.46,8.99,5.23,4.45,6.74,5.04,4.38,62815.59375,86319,63068.1328125,153832,17789,11200,15285,7249,9849,4329,4584,4434,8954,14291,6771,9497,15543,NA
"13-JUN-2022",2022-06-13 13:05:56,"2022-06-13","13H 5M 56S","Unknown","LSRII","1","Administrator",750,290,511,515,459,498,525,473,422,542,461,683,662,597,527,5.96,4.01,4.42,4.93,4.89,2.86,4.55,4.96,4.9,7.38,4.51,4.06,5.48,4.44,4.26,69747.5234375,174801.3125,26508.0390625,16900.119140625,23173.919921875,8183.7998046875,10861.3798828125,7324.56005859375,7648.560546875,7225.2001953125,13719.240234375,15243.0703125,7192.18017578125,10061.5703125,16600.150390625,56.55,0,20.6,38.44,0.76,0.83,1.08,0.43,750,750,290,290,511,515,459,498,525,473,422,542,461,683,662,597,527,1.61,5.63,0.72,3.89,3.69,4.4,4.28,3.47,5.79,6.15,5.99,9.81,5.66,4.4,6.15,4.92,4.35,63849.8359375,71416,68463.421875,167552,27074,17508,24253,7896,10448,4414,4680,4400,8514,14811,6989,9666,16034,NA
"13-JUN-2022",2022-06-13 13:03:05,"2022-06-13","13H 3M 5S","Unknown","2.16.0","Unknown","Unknown",750,290,511,515,459,498,525,473,422,542,461,683,662,597,527,5.85,4.49,3.99,4.54,4.64,3.41,5.07,5.36,5.01,7.45,5.15,4.83,6.26,5.24,5.11,69143.9609375,163804.640625,24196.119140625,15497.919921875,21423.640625,7651.77001953125,10080.349609375,6596.64013671875,6870.96044921875,6405.48046875,10882.080078125,10788.7001953125,5061.5302734375,6977.6103515625,11604.41015625,NA,NA,NA,NA,NA,NA,NA,NA,750,750,290,290,511,515,459,498,525,473,422,542,461,683,662,597,527,1.59,5.62,0.9,4.12,3.77,4.28,4.54,3.63,5.84,5.93,5.63,9.26,5.4,4.35,6.17,4.74,4.22,63361.67578125,71465,64000.71484375,167663,27020,17469,24320,7921,10493,4429,4690,4434,8538,14767,6990,9662,16059,NA
"10-JUN-2022",2022-06-10 11:24:07,"2022-06-10","11H 24M 7S","Unknown","2.16.0","Unknown","Unknown",750,290,511,515,459,498,525,473,422,542,461,683,662,597,527,2.42,6.4,3.96,4.7,4.74,5.6,6.92,7.47,7.4,9.88,5.59,4.1,5.8,5.02,4.35,95042.92578125,156244.171875,18517.400390625,12900.6201171875,18179.19921875,7360.43994140625,10609.0595703125,6159.240234375,6480.00048828125,6197.580078125,13079.880859375,15074.9404296875,7162.080078125,11347.4848632812,19866.8603515625,NA,NA,NA,NA,NA,NA,NA,NA,750,750,290,290,511,515,459,498,525,473,422,542,461,683,662,597,527,1.22,2.37,0.91,5.85,5.06,5.88,5.86,5.44,7.35,7.37,7.06,10.64,5.42,4.39,6.4,5.27,4.49,63306.1640625,98480.5,65283.58203125,156767,17744,12431,17725,7409,10635,4825.5,5195.5,4907,9137,14562.5,6925,10895,19154,NA
"10-JUN-2022",2022-06-10 11:22:45,"2022-06-10","11H 22M 45S","Unknown","2.16.0","Unknown","Unknown",750,290,511,515,459,498,525,473,422,542,461,683,662,597,527,2.39,6.71,5.15,6.1,6.13,5.45,7,7.97,7.61,9.57,5.86,4.72,6.58,5.66,5.08,95104.15625,150379.390625,14861.7998046875,10402.8798828125,14768.3193359375,7048.35986328125,10106.080078125,5365.4404296875,5809.3203125,5518.80029296875,9968.400390625,10937.0498046875,5191.39013671875,8153.66015625,14465.2001953125,NA,NA,NA,NA,NA,NA,NA,NA,750,750,290,290,511,515,459,498,525,473,422,542,461,683,662,597,527,1.22,2.28,0.86,6.13,5.04,5.87,5.87,5.39,7.61,7.25,7.04,10.57,5.2,4.65,6.52,5.4,4.8,62940.88671875,99111,62953.19921875,156539,17682,12399,17647,7371,10599,4782,5157,4883,9147,14535,6910,10882,19147,NA
"08-JUN-2022",2022-06-08 13:50:20,"2022-06-08","13H 50M 20S","Unknown","LSRII","1","Administrator",750,290,511,515,459,498,525,473,422,542,461,683,662,597,527,2.44,6.31,3.74,4.69,4.62,4.9,6.35,4.51,4.26,7.24,4.53,4.13,5.96,5.11,4.69,90186.40625,153828.875,17603.119140625,12821.2001953125,18086.48046875,7178.669921875,10614.0400390625,6922.80029296875,7294.3203125,6921.72021484375,13638.240234375,14730.509765625,6980.6201171875,11439.7197265625,20252.140625,56.55,0,20.6,38.44,0.76,0.83,1.08,0.43,750,750,290,290,511,515,459,498,525,473,422,542,461,683,662,597,527,1.21,2.33,0.77,5.73,4.64,5.68,5.52,5.02,7.22,4.52,4,8.79,5.26,4.52,6.56,5.42,4.78,63315.0078125,93360,65561.2421875,153685,16953,12423,17721,7209,10596,4853,5221,4911,8912,14396,6845,11104,19721,NA
"08-JUN-2022",2022-06-08 13:33:51,"2022-06-08","13H 33M 51S","Unknown","LSRII","1","Administrator",750,290,511,515,459,498,525,473,422,542,461,683,662,597,527,2.4,5.3,4.19,4.81,4.95,3.99,5.74,3.8,3.39,7.07,4.62,4.61,6.11,5.1,4.75,89638.53515625,150667.8203125,14340.8198242188,8917.080078125,12177.8598632812,7063.71484375,9457.849609375,6403.3203125,6821.8203125,6418.98022460938,11153.16015625,10986.7153320312,5177.2001953125,7131.1201171875,11743.0849609375,56.55,0,20.6,38.44,0.76,0.83,1.08,0.43,750,750,290,290,511,515,459,498,525,473,422,542,461,683,662,597,527,1.29,2.49,0.67,4.88,4.35,4.76,4.96,4.32,6.23,4.28,3.5,8.23,4.92,4.56,6.35,4.96,4.29,63268.64453125,92889.5,63896.1875,154480,17060.5,10627.5,14576,7341,9788,5001.5,5378,5046,8913,14556,6893,9453,15545.5,NA
"06-JUN-2022",2022-06-06 15:59:51,"2022-06-06","15H 59M 51S","Unknown","2.16.0","Unknown","Unknown",750,290,511,515,459,498,525,473,422,542,461,683,662,597,527,5.54,4.53,3.27,3.78,3.84,3.22,5.09,4.09,3.63,7.06,4.52,4.2,5.98,4.68,4.44,102083.8046875,176234.71875,21134.080078125,13500.6396484375,18365.400390625,8288.3798828125,11089.6298828125,7207.92041015625,7412.04052734375,7214.400390625,13792.6806640625,15175.560546875,7185.30029296875,10118.330078125,16735.169921875,NA,NA,NA,NA,NA,NA,NA,NA,750,750,290,290,511,515,459,498,525,473,422,542,461,683,662,597,527,1.13,5.43,0.72,4.62,3.98,4.56,4.61,3.93,6.17,4.23,3.53,8.04,5.02,4.52,6.4,5.09,4.51,65331.11328125,102358,67964.078125,170275,21476,13848,19039,8071,10771,6771,7140,6825,10631,14833,7040,9842,16377,NA
"06-JUN-2022",2022-06-06 15:56:12,"2022-06-06","15H 56M 12S","Unknown","2.16.0","Unknown","Unknown",750,290,511,515,459,498,525,473,422,542,461,683,662,597,527,6.6,5.04,3.85,4.33,4.65,3.7,5.48,5.09,4.83,7.91,6.4,5.06,6.85,5.62,5.23,98489.3046875,168921.59375,18986.3203125,12169.1201171875,16640.19921875,7974.6396484375,10589.9697265625,6735.96044921875,6988.68017578125,6780.240234375,11383.2001953125,11223.8603515625,5296.31005859375,7447.60009765625,12392.169921875,NA,NA,NA,NA,NA,NA,NA,NA,750,750,290,290,511,515,459,498,525,473,422,542,461,683,662,597,527,1.25,6.33,0.98,4.91,3.98,4.45,4.55,4.03,6.44,4.13,3.28,8.3,5.12,4.66,6.92,5.19,4.77,65006.734375,99203,65115.3359375,170140,21789,14057,19351,8027,10709,6885,7240,6914,10651,14768,7005,9805,16329,NA
"03-JUN-2022",2022-06-03 13:56:01,"2022-06-03","13H 56M 1S","Unknown","2.16.0","Unknown","Unknown",750,290,511,515,459,498,525,473,422,542,461,683,662,597,527,2.42,6.12,3.97,4.21,4.55,4.6,6.11,6.94,6.91,8.93,5.22,4.53,6.17,4.64,4.41,104296.59375,156269.90625,18454.3203125,11762.51953125,16235.8798828125,7417.7099609375,10265.439453125,6161.400390625,6368.76025390625,6183.00048828125,12231,15251.240234375,7195.6201171875,10444.2705078125,17444.240234375,NA,NA,NA,NA,NA,NA,NA,NA,750,750,290,290,511,515,459,498,525,473,422,542,461,683,662,597,527,0.79,2.34,0.91,5.7,5.18,5.2,5.43,4.82,6.65,6.8,6.55,10.17,6.1,4.8,6.6,4.87,4.52,63963.04296875,106950,65302.546875,156917,17781,11406,15963,7476,10330,4429,4664,4490,8270,14697,6946,9992,16764,NA
"03-JUN-2022",2022-06-03 13:53:48,"2022-06-03","13H 53M 48S","Unknown","2.16.0","Unknown","Unknown",750,290,511,515,459,498,525,473,422,542,461,683,662,597,527,2.47,6.78,5.95,6.21,6.36,5.22,6.62,8.37,7.98,10.23,6.92,4.88,6.78,5.69,4.96,103381.7734375,152369.734375,14953.759765625,9615.51953125,13294.6796875,7262.5,9945.8896484375,5397.84033203125,5822.2802734375,5477.76025390625,9371.16015625,11252.240234375,5291.14990234375,7589.93017578125,12856.140625,NA,NA,NA,NA,NA,NA,NA,NA,750,750,290,290,511,515,459,498,525,473,422,542,461,683,662,597,527,0.85,2.39,0.86,6.33,5.55,6.02,6.03,5.21,7.29,7.71,7.28,10.75,6.36,4.86,6.83,5.39,4.59,63723.32421875,106433,63232.34765625,157641,17908,11519,16075,7509,10338,4443,4707,4511,8302,14696,6971,10017,16813,NA
"02-JUN-2022",2022-06-02 11:57:33,"2022-06-02","11H 57M 33S","Unknown","2.16.0","Unknown","Unknown",750,290,511,515,459,498,525,473,422,542,461,683,662,597,527,2.58,8.16,4.72,4.85,5.17,6.76,7.12,7.46,7.41,9.39,5.59,4.44,6.37,4.85,4.36,104634.31640625,155478.5,18747.2998046875,12313.51953125,17304.439453125,7366.6650390625,10369.189453125,6552.900390625,6879.06030273438,6660.3603515625,12692.7001953125,15093.2153320312,7169.60522460938,10869.7548828125,18543.75,NA,NA,NA,NA,NA,NA,NA,NA,750,750,290,290,511,515,459,498,525,473,422,542,461,683,662,597,527,1.19,2.56,0.96,7.48,5.93,5.91,6.32,6.5,7.76,6.92,6.63,10.35,6.25,4.8,7.06,5.14,4.63,63732.138671875,107694,65079.494140625,156313,18094.5,11951,17029,7453,10466,4403,4715,4532,8379,14508,6905,10361,17777,NA
"02-JUN-2022",2022-06-02 11:55:56,"2022-06-02","11H 55M 56S","Unknown","2.16.0","Unknown","Unknown",750,290,511,515,459,498,525,473,422,542,461,683,662,597,527,2.56,7.47,5.88,6.04,6.06,6.51,7.01,7.36,7.35,9.32,6.07,4.91,6.6,5.24,4.95,104594.421875,148837.25,15021.3994140625,9925.599609375,13935.359375,7055.830078125,9990.7099609375,5658.1201171875,6030.72021484375,5704.56005859375,9683.2802734375,10992.5205078125,5168.169921875,7822.56005859375,13451.259765625,NA,NA,NA,NA,NA,NA,NA,NA,750,750,290,290,511,515,459,498,525,473,422,542,461,683,662,597,527,1.24,2.59,1,6.82,5.58,5.93,5.92,6.28,7.38,6.73,6.23,9.99,6.03,4.71,6.54,4.87,4.37,63394.078125,108230,62319.87109375,156305,18198,12018,17092,7456,10480,4406,4762,4543,8354,14497,6892,10380,17773,NA
"01-JUN-2022",2022-06-01 15:34:47,"2022-06-01","15H 34M 47S","Unknown","2.16.0","Unknown","Unknown",750,290,511,515,459,498,525,473,422,542,461,683,662,597,527,2.36,6.24,4.3,4.42,4.37,5.21,5.99,5.92,5.85,8.43,5.01,4.28,5.95,4.63,4.13,100445.34375,155315.8203125,18040.119140625,12011.0400390625,16843.87890625,7344.669921875,10370.849609375,6650.64013671875,6942.240234375,6683.0400390625,12786.1201171875,14951.7456054688,7088.1201171875,10771.5,18425.9296875,NA,NA,NA,NA,NA,NA,NA,NA,750,750,290,290,511,515,459,498,525,473,422,542,461,683,662,597,527,1.25,2.45,0.84,5.82,5.13,5.43,5.18,5.17,6.64,5.8,5.23,9.75,5.66,4.6,6.75,4.8,4.21,64090.1796875,102795,65689.19921875,154931,17324,11609,16473,7359,10368.5,4374,4661.5,4462,8354.5,14501,6904,10371.5,17809.5,NA
"01-JUN-2022",2022-06-01 15:30:49,"2022-06-01","15H 30M 49S","Unknown","2.16.0","Unknown","Unknown",750,290,511,515,459,498,525,473,422,542,461,683,662,597,527,2.41,6.26,5.05,5.24,5.48,5.25,6.26,5.96,5.92,8.26,5.96,4.73,6.21,5.01,4.62,100717.890625,147710.953125,14557.7998046875,9761.439453125,13810.7197265625,7049.18994140625,9757.4794921875,5882.76025390625,6247.80029296875,6025.3203125,9996.48046875,10969.2998046875,5229.22998046875,7809.66015625,13489.9599609375,NA,NA,NA,NA,NA,NA,NA,NA,750,750,290,290,511,515,459,498,525,473,422,542,461,683,662,597,527,1.19,2.41,0.86,5.77,4.82,5.02,5.4,5.22,6.82,5.84,5.44,9.52,5.8,4.66,6.55,4.85,4.36,63569.9453125,103835,62672.76171875,154098,17229,11581,16422,7324,10325,4340,4662,4452,8355,14477,6884,10356,17832,NA
"31-MAY-2022",2022-05-31 09:18:26,"2022-05-31","9H 18M 26S","Unknown","2.16.0","Unknown","Unknown",750,290,511,515,459,498,525,473,422,542,461,683,662,597,527,2.28,5.95,3.95,3.99,4.07,4.92,5.68,5.04,4.65,7.46,4.84,4.15,5.86,4.61,3.98,104287.90234375,155161.4453125,18545.1396484375,12866.0400390625,18236.958984375,7318.10986328125,10720.279296875,6793.2001953125,7216.02026367188,6924.42041015625,12973.5004882812,15016.890625,7148.3203125,11486.16015625,19990.9150390625,NA,NA,NA,NA,NA,NA,NA,NA,750,750,290,290,511,515,459,498,525,473,422,542,461,683,662,597,527,1.12,2.27,0.84,5.48,4.77,4.95,5,4.91,6.32,4.92,4.19,9.09,5.47,4.47,6.28,4.74,4.15,63899.7578125,106988.5,65228.396484375,155842.5,17874,12490,17912.5,7383,10782.5,4488,4862,4632,8449,14471,6899,10986.5,19187,NA
"31-MAY-2022",2022-05-31 09:16:19,"2022-05-31","9H 16M 19S","Unknown","2.16.0","Unknown","Unknown",750,290,511,515,459,498,525,473,422,542,461,683,662,597,527,2.38,6.9,5.53,5.85,5.81,5.54,6.38,5.93,5.69,8.62,5.96,4.94,7.05,5.28,4.94,104453.8046875,151895.8125,15211.3994140625,10607.3203125,15182.51953125,7147.9599609375,10345.9501953125,6129,6589.080078125,6256.4404296875,10268.640625,11078.5205078125,5246.85986328125,8324.7998046875,14583.4501953125,NA,NA,NA,NA,NA,NA,NA,NA,750,750,290,290,511,515,459,498,525,473,422,542,461,683,662,597,527,1.14,2.46,0.86,6.47,5.31,5.52,5.58,5.21,6.79,5.43,5.02,9.71,5.58,4.86,6.97,5.03,4.47,63526.40625,107912,63647.4609375,156409,18007,12601,18035,7401,10851,4503,4902,4671,8478,14522,6918,11029,19251,NA
"27-MAY-2022",2022-05-27 11:32:24,"2022-05-27","11H 32M 24S","Unknown","2.16.0","Unknown","Unknown",750,290,511,515,459,498,525,473,422,542,461,683,662,597,527,3.24,7.66,4.51,4.93,5.3,5.51,6.84,6.05,5.68,8.78,5.52,4.88,6.81,5.32,4.91,101609.8046875,155897.234375,17603.119140625,10877.1201171875,14920.3193359375,7299.849609375,9857.91015625,6859.080078125,7021.080078125,6801.84033203125,12771.0009765625,15099.4501953125,7125.9599609375,9965.25,16279.7998046875,NA,NA,NA,NA,NA,NA,NA,NA,750,750,290,290,511,515,459,498,525,473,422,542,461,683,662,597,527,1.39,3.16,0.84,7.04,5.76,5.94,6.45,5.43,7.72,5.68,5.07,9.95,6.37,5.24,7.56,5.74,5.13,64148.98828125,103937,65812.640625,155342,16916,10515,14584,7292,9835,4696,4916,4708,8305,14719,6981,9656,15867,NA
"27-MAY-2022",2022-05-27 11:28:25,"2022-05-27","11H 28M 25S","Unknown","2.16.0","Unknown","Unknown",750,290,511,515,459,498,525,473,422,542,461,683,662,597,527,3.11,7.79,5.97,6.4,6.41,5.91,7.21,6.15,5.52,8.67,6.12,5.46,7.22,6.42,5.66,100248.6328125,151793.71875,14180.83984375,8825.1201171875,12217,7043.3798828125,9438.759765625,6327.72021484375,6555.60009765625,6242.400390625,10754.640625,11168.8203125,5298.89013671875,7362.4599609375,12045.16015625,NA,NA,NA,NA,NA,NA,NA,NA,750,750,290,290,511,515,459,498,525,473,422,542,461,683,662,597,527,1.36,3.02,0.81,7.21,5.68,5.96,6.21,5.69,7.71,5.87,5.13,10.67,6.72,5.37,7.21,5.9,5.22,63823.84375,103060,63981.0546875,155441,16943,10567,14602,7301,9822,4701,4913,4712,8323,14731,6994,9679,15887,NA
"26-MAY-2022",2022-05-26 10:49:28,"2022-05-26","10H 49M 28S","Unknown","2.16.0","Unknown","Unknown",750,290,511,515,459,498,525,473,422,542,461,683,662,597,527,2.7,6.86,4.15,4.52,4.67,5.27,6.2,7.04,6.79,8.94,5.33,4.46,6.19,4.84,4.5,99069.953125,152362.265625,17442.759765625,11053.439453125,15247.1201171875,7187.7998046875,9837.990234375,5985.3603515625,6205.68017578125,6017.76025390625,12043.080078125,14937.7705078125,7085.97021484375,10192.7197265625,16903.30078125,NA,NA,NA,NA,NA,NA,NA,NA,750,750,290,290,511,515,459,498,525,473,422,542,461,683,662,597,527,1.29,2.65,0.77,6.21,5.28,5.57,5.71,5.06,7.07,7.14,6.65,10.24,5.6,4.85,6.67,5.03,4.52,63711.7734375,102015,65180.1640625,153196,16745,10676,14904,7241,9893,4880,5192,4954,8574,14640,6957,9929,16552,NA
"26-MAY-2022",2022-05-26 10:46:47,"2022-05-26","10H 46M 47S","Unknown","2.16.0","Unknown","Unknown",750,290,511,515,459,498,525,473,422,542,461,683,662,597,527,2.81,6.72,5.21,5.58,5.75,5.4,6.54,6.95,6.72,9.34,6.15,5.04,6.31,5.38,5.01,98538.28125,148529.328125,14252.2802734375,9033.3603515625,12600.7998046875,6926.35009765625,9375.6796875,5414.0400390625,5674.3203125,5436.72021484375,9818.2802734375,10810.6298828125,5172.0400390625,7389.1201171875,12196.08984375,NA,NA,NA,NA,NA,NA,NA,NA,750,750,290,290,511,515,459,498,525,473,422,542,461,683,662,597,527,1.28,2.66,0.83,6.12,5.13,5.51,5.55,5.06,6.9,6.66,6.3,9.98,5.5,4.74,6.39,5,4.48,63497.6484375,101871,63051.72265625,154296,16869,10732,14996,7299,9944,4918,5246,4977,8597,14680,6960,9968,16599,NA
"25-MAY-2022",2022-05-25 12:08:17,"2022-05-25","12H 8M 17S","Unknown","2.16.0","Unknown","Unknown",750,290,511,515,459,498,525,473,422,542,461,683,662,597,527,2.47,6.59,4.01,4.36,4.53,5.02,5.98,7.19,7.13,9.31,5.24,4.35,6.22,4.82,4.41,100980.9609375,158783.140625,18515.119140625,11835.4794921875,16356.7197265625,7532.25,10399.0693359375,6164.64013671875,6423.84033203125,6228.3603515625,12309.8408203125,15192.759765625,7195.18994140625,10550.48046875,17579.259765625,NA,NA,NA,NA,NA,NA,NA,NA,750,750,290,290,511,515,459,498,525,473,422,542,461,683,662,597,527,1.18,2.59,0.79,5.93,5.27,5.52,5.65,4.91,6.88,6.77,6.86,10.5,5.59,4.76,6.56,5.05,4.43,64086.37890625,103316,65617.6875,158737,17883,11498,16067,7546,10402,4951,5295,5041,8641,14827,7034,10252,17139,NA
"25-MAY-2022",2022-05-25 12:05:56,"2022-05-25","12H 5M 56S","Unknown","2.16.0","Unknown","Unknown",750,290,511,515,459,498,525,473,422,542,461,683,662,597,527,2.37,6.5,5.13,5.46,5.43,5.04,6.16,7.07,6.67,9.58,5.87,4.59,6.42,5.05,4.58,100410.5859375,154638.125,15076.1201171875,9686.2001953125,13524.9599609375,7274.11962890625,9949.2099609375,5597.64013671875,5904.3603515625,5649.47998046875,10206,11121.08984375,5319.10009765625,7723.22998046875,12877.640625,NA,NA,NA,NA,NA,NA,NA,NA,750,750,290,290,511,515,459,498,525,473,422,542,461,683,662,597,527,1.25,2.54,0.78,5.93,4.96,5.35,5.24,4.97,6.58,6.76,6.49,10.43,5.55,4.56,6.33,4.87,4.15,63708.83984375,103405,63872.34375,158538,17947,11510,16106,7552,10387,4938,5297,5044,8649,14762,7031,10227,17142,NA
"24-MAY-2022",2022-05-24 14:47:33,"2022-05-24","14H 47M 33S","Unknown","2.16.0","Unknown","Unknown",750,290,511,515,459,498,525,473,422,542,461,683,662,597,527,2.44,6.48,4.07,4.39,4.6,4.94,6.08,5.92,5.67,8.5,5.16,4.61,6.4,4.91,4.44,104536.75,155765.265625,18012.759765625,11716.919921875,16039.0400390625,7354.6298828125,10346.7802734375,6462.72021484375,6693.84033203125,6498.3603515625,12605.7607421875,15098.16015625,7187.02001953125,10695.8203125,17780.0703125,NA,NA,NA,NA,NA,NA,NA,NA,750,750,290,290,511,515,459,498,525,473,422,542,461,683,662,597,527,1.17,2.38,0.9,6.04,5.05,5.36,5.59,4.99,6.91,5.85,5.25,9.68,5.76,4.92,6.76,5.22,4.51,64145.390625,106865,65546.5703125,155891,17299,11320,15706,7399,10356,4814,5108,4914,8475,14642,6992,10329,17255,NA
"24-MAY-2022",2022-05-24 14:45:02,"2022-05-24","14H 45M 2S","Unknown","2.16.0","Unknown","Unknown",750,290,511,515,459,498,525,473,422,542,461,683,662,597,527,2.34,6.39,5.28,5.58,5.54,5.2,6.41,6.16,5.83,8.5,5.53,4.88,6.61,5.24,4.86,104603.109375,150929.6875,14658.8798828125,9545.599609375,13210.3203125,7128.0400390625,9946.7197265625,5925.96044921875,6266.16015625,6027.48046875,10573.2001953125,11121.9501953125,5293.72998046875,7839.76025390625,13189.390625,NA,NA,NA,NA,NA,NA,NA,NA,750,750,290,290,511,515,459,498,525,473,422,542,461,683,662,597,527,1.19,2.4,0.87,5.99,5.29,5.48,5.35,5.1,6.91,6.17,5.59,10.05,5.61,4.82,6.5,5.07,4.47,63762.99609375,107679,63374.37890625,155950,17363,11318,15715,7407,10391,4833,5121,4913,8464,14635,6977,10377,17262,NA
"20-MAY-2022",2022-05-20 10:12:16,"2022-05-20","10H 12M 16S","Unknown","2.16.0","Unknown","Unknown",750,290,511,515,459,498,525,473,422,542,461,683,662,597,527,2.54,6.45,6.63,8.2,9.22,5.61,9.19,5.9,5.89,8.57,8.88,4.25,5.84,8.23,8.44,98286.66796875,150973.265625,17028.1796875,9268.95947265625,12226.8798828125,7238.42993164062,8826.2197265625,6241.3203125,6510.7802734375,6220.80029296875,11903.7607421875,15159.865234375,7188.740234375,8758.669921875,13337.0952148438,NA,NA,NA,NA,NA,NA,NA,NA,750,750,290,290,511,515,459,498,525,473,422,542,461,683,662,597,527,1.25,2.33,0.74,5.85,7.84,8.8,10.05,5.53,9.45,5.78,5.78,9.88,9.73,4.69,6.27,8.41,8.48,63643.6015625,101257.5,65112.421875,152014,16342.5,8966.5,11993,7296,8858.5,4876,5205,4908,8196,14801.5,7022,8479,13022,NA
"20-MAY-2022",2022-05-20 10:08:37,"2022-05-20","10H 8M 37S","Unknown","2.16.0","Unknown","Unknown",750,290,511,515,459,498,525,473,422,542,461,683,662,597,527,2.74,6.81,8.27,9.05,10.5,5.9,9.66,6.48,6.36,9.15,10.72,4.97,6.72,9.08,9.37,98704.97265625,147935.046875,13812.2397460938,7572.26000976562,10112.9399414062,7090.68994140625,8480.5244140625,5778,6132.240234375,5748.84033203125,9753.48046875,10941.9951171875,5243.85009765625,6321.64501953125,9718.43017578125,NA,NA,NA,NA,NA,NA,NA,NA,750,750,290,290,511,515,459,498,525,473,422,542,461,683,662,597,527,1.21,2.43,0.79,6.38,8.12,9.36,10.39,5.77,9.85,6.4,6.1,10.21,9.96,4.75,6.65,8.85,9.11,63290.00390625,102302,63420.0234375,152723.5,16473.5,9071,12132.5,7349,8891.5,4919.5,5249,4950,8220.5,14838.5,7034.5,8506,13058,NA
"19-MAY-2022",2022-05-19 11:15:30,"2022-05-19","11H 15M 30S","Unknown","2.16.0","Unknown","Unknown",750,290,511,515,459,498,525,473,422,542,461,683,662,597,527,2.81,6.59,6.92,8.41,9.41,5.93,8.91,6.53,6.47,9.2,9.38,4.26,6.07,8.12,8.75,98618.859375,148864.640625,17132.6796875,9694.5595703125,12906.3203125,7137.169921875,8837.009765625,5961.60009765625,6262.92041015625,6036.1201171875,11743.9208984375,15113.2099609375,7149.6103515625,9112.1298828125,14142.2705078125,NA,NA,NA,NA,NA,NA,NA,NA,750,750,290,290,511,515,459,498,525,473,422,542,461,683,662,597,527,1.23,2.54,0.77,6.17,7.67,8.97,9.8,5.95,9.42,6.59,6.31,10.01,10,4.6,6.58,8.26,8.78,63169.41015625,102365,64728.03515625,150850,16445,9390,12642,7246,8927,5016,5406,5124,8527,14730,6980,8818,13770,NA
"19-MAY-2022",2022-05-19 11:11:46,"2022-05-19","11H 11M 46S","Unknown","2.16.0","Unknown","Unknown",750,290,511,515,459,498,525,473,422,542,461,683,662,597,527,2.8,6.41,7.65,9.18,9.98,5.81,9.49,6.15,6.14,8.9,9.93,4.92,6.54,8.6,9.15,99786.484375,144684.765625,13908,7929.83984375,10703.83984375,6985.27978515625,8548.169921875,5465.88037109375,5814.72021484375,5632.2001953125,9695.16015625,10930.6005859375,5225.35986328125,6481.8203125,10228.41015625,NA,NA,NA,NA,NA,NA,NA,NA,750,750,290,290,511,515,459,498,525,473,422,542,461,683,662,597,527,1.27,2.57,0.82,6.04,7.54,9.32,9.8,5.71,9.65,6.12,6.2,9.6,9.61,4.6,6.44,8.19,8.77,63037.15625,103775,62696.8359375,151120,16586,9494,12813,7264,8987,5035,5425,5174,8582,14765,7003,8838,13843,NA
"18-MAY-2022",2022-05-18 11:24:03,"2022-05-18","11H 24M 3S","Unknown","2.16.0","Unknown","Unknown",750,290,511,515,459,498,525,473,422,542,461,683,662,597,527,2.35,6.4,6.73,8.96,9.77,5.55,8.94,9.19,9.29,11.38,10.35,4.29,5.95,8.46,9.22,103309.09375,156500.6484375,17476.580078125,10419.9799804688,13785.6396484375,7486.18481445312,9499.349609375,4893.48022460938,5103,4947.47998046875,10740.6005859375,15189.7504882812,7187.02001953125,9566.42529296875,15106.759765625,NA,NA,NA,NA,NA,NA,NA,NA,750,750,290,290,511,515,459,498,525,473,422,542,461,683,662,597,527,1.17,2.39,0.75,5.87,7.79,9.58,10.22,5.64,9.6,9.09,8.98,11.84,10.15,4.71,6.55,8.61,9.34,64096.6484375,105731,65771.640625,155940.5,16752,10053.5,13478.5,7491,9457,4556.5,4895.5,4652.5,8726,14936.5,7082,9362,14840,NA
"18-MAY-2022",2022-05-18 11:21:33,"2022-05-18","11H 21M 33S","Unknown","2.16.0","Unknown","Unknown",750,290,511,515,459,498,525,473,422,542,461,683,662,597,527,2.45,6.75,8.41,9.95,10.94,6.08,9.68,10.54,10.3,12.59,11.6,5.13,6.67,9.24,9.74,101926.59375,152297.53125,14007.5595703125,8366.83984375,11199.359375,7302.33984375,9179.7998046875,4526.2802734375,4789.80029296875,4578.1201171875,9224.2802734375,11225.150390625,5358.66015625,7045.55029296875,11126.6806640625,NA,NA,NA,NA,NA,NA,NA,NA,750,750,290,290,511,515,459,498,525,473,422,542,461,683,662,597,527,1.19,2.49,0.85,6.08,8.09,10.03,10.85,6,9.76,10.52,10.08,12.95,10.79,4.86,6.75,9,9.51,63791.9375,104831,64025.9765625,155798,16748,10033,13461,7506,9444,4550,4881,4661,8737,14919,7093,9362,14827,NA
"17-MAY-2022",2022-05-17 09:19:41,"2022-05-17","9H 19M 41S","Unknown","2.16.0","Unknown","Unknown",750,290,511,515,459,498,525,473,422,542,461,683,662,597,527,2.41,6.83,7.22,9.48,10.55,6.22,9.7,7.66,7.71,9.86,9.93,4.4,6.22,9,9.53,100576.87890625,153406.828125,17746.759765625,10432.1396484375,14053.1596679688,7396.1298828125,9351.19482421875,5895.72021484375,6167.88037109375,5951.88037109375,11821.6806640625,15419.5849609375,7293.01513671875,9662.5302734375,15369.9204101562,NA,NA,NA,NA,NA,NA,NA,NA,750,750,290,290,511,515,459,498,525,473,422,542,461,683,662,597,527,1.2,2.47,0.8,6.22,8.36,10.34,11.01,5.98,10.25,7.76,7.45,11.1,10.64,4.93,6.5,9.13,9.81,63847.888671875,103343,65246.490234375,154206.5,16995,10091,13761.5,7446.5,9398.5,4632.5,4964.5,4733.5,8259.5,14907,7071.5,9303.5,14875,NA
"17-MAY-2022",2022-05-17 09:16:44,"2022-05-17","9H 16M 44S","Unknown","LSRII","1","Administrator",750,290,511,515,459,498,525,473,422,542,461,683,662,597,527,2.51,6.89,8.17,9.64,10.91,6.03,9.51,7.48,7.61,9.8,10.32,5.07,6.51,9.05,9.67,99434.140625,146860.609375,14259.8798828125,8452.7197265625,11531.4794921875,7138,8897.599609375,5376.240234375,5692.14013671875,5522.0400390625,9684.3603515625,11184.5151367188,5354.35986328125,6980.18994140625,11194.1904296875,56.55,0,20.6,38.44,0.76,0.83,1.08,0.43,750,750,290,290,511,515,459,498,525,473,422,542,461,683,662,597,527,1.26,2.47,0.87,6.45,8.1,9.6,10.78,5.97,9.98,7.55,7.27,10.92,9.88,4.63,6.42,8.7,9.29,63544.466796875,102727,62362.37109375,154257,17021.5,10078,13814.5,7443,9429.5,4635,4968.5,4746.5,8315,14925,7093,9286.5,14840.5,NA
"16-MAY-2022",2022-05-16 12:25:53,"2022-05-16","12H 25M 53S","Unknown","2.16.0","Unknown","Unknown",750,290,511,515,459,498,525,473,422,542,461,683,662,597,527,2.24,6.46,7.16,9.58,10.16,5.85,9.51,4.72,4.57,7.5,9.08,4.34,6.01,9.08,9.54,101581.7578125,155046.8984375,19029.259765625,11435.33984375,15415.080078125,7497.8046875,9536.7001953125,7159.8603515625,7388.2802734375,7147.4404296875,12946.5004882812,15244.7900390625,7224.86010742188,9612.43505859375,15347.3452148438,NA,NA,NA,NA,NA,NA,NA,NA,750,750,290,290,511,515,459,498,525,473,422,542,461,683,662,597,527,1.23,2.25,0.93,6.01,8.05,10.08,10.59,5.91,10.19,4.95,4.31,9.18,10.65,4.54,6.49,9.02,9.63,64310.357421875,103586.5,66176.01171875,153490.5,18091,10955.5,15030.5,7448.5,9436,4520,4746,4579.5,8194,14898,7078,9321,14971,NA
"13-MAY-2022",2022-05-13 11:54:12,"2022-05-13","11H 54M 12S","Unknown","2.16.0","Unknown","Unknown",750,290,511,515,459,498,525,473,422,542,461,683,662,597,527,2.44,6.83,7.16,8.57,9.41,6.12,9.31,5.62,5.49,7.9,8.03,4.16,6.07,7.89,8.13,99555.8046875,149734.484375,16844.640625,10351.2001953125,14121.5595703125,7173.68994140625,9250.349609375,6637.68017578125,6828.84033203125,6651.72021484375,12339.0009765625,15135.140625,7152.6201171875,9743.7998046875,15758.2099609375,NA,NA,NA,NA,NA,NA,NA,NA,750,750,290,290,511,515,459,498,525,473,422,542,461,683,662,597,527,1.22,2.39,0.97,6.29,8.05,9.49,10.11,6.19,9.82,5.54,5.31,9.39,9.1,4.63,6.47,8.27,8.16,63931.80859375,102104,65648.3046875,149393,16749,10322,14243,7182,9221,5357,5637,5399,8508,14877,7033,9515,15500,NA
"13-MAY-2022",2022-05-13 11:51:41,"2022-05-13","11H 51M 41S","Unknown","2.16.0","Unknown","Unknown",750,290,511,515,459,498,525,473,422,542,461,683,662,597,527,2.37,6.68,8.34,9.69,10.27,6.15,9.52,5.57,5.23,8.1,8.74,5.2,6.73,8.43,8.37,98785.5546875,144724.1875,13946,8589.1396484375,11707.0400390625,6828.40966796875,8773.099609375,6179.76025390625,6462.72021484375,6197.580078125,10603.4404296875,11124.7451171875,5284.27001953125,7139.71997070312,11627.6303710938,NA,NA,NA,NA,NA,NA,NA,NA,750,750,290,290,511,515,459,498,525,473,422,542,461,683,662,597,527,1.23,2.32,0.9,6.17,8.03,9.41,9.92,6,9.69,5.52,5.16,9.35,8.65,4.69,6.56,8.09,8.19,63595.873046875,101920,63404.185546875,149478,16790,10341,14299.5,7159,9252.5,5376,5658,5417,8552,14887.5,7036.5,9549,15524,NA
"12-MAY-2022",2022-05-12 13:39:20,"2022-05-12","13H 39M 20S","Unknown","2.16.0","Unknown","Unknown",750,290,511,515,459,498,525,473,422,542,461,683,662,597,527,2.64,6.43,4.13,4.75,4.94,5.06,6.44,5.11,4.69,7.84,4.89,4.28,6.06,4.66,4.17,97211.08203125,149742.78125,17136.48046875,11308.0400390625,15901.4794921875,7022.21484375,9805.6201171875,6436.80029296875,6685.2001953125,6590.16015625,12470.220703125,15171.4750976562,7169.8203125,10713.6650390625,18047.3154296875,NA,NA,NA,NA,NA,NA,NA,NA,750,750,290,290,511,515,459,498,525,473,422,542,461,683,662,597,527,1.26,2.53,0.86,6.13,5.31,5.89,5.94,4.96,6.94,5.13,4.73,8.77,5.18,4.6,6.37,4.97,4.34,63845.53125,99730,65450.048828125,150065,16990.5,11254.5,15985.5,7037.5,9822,5966.5,6359,6122.5,9567.5,14936,7073,10497,17766,NA
"12-MAY-2022",2022-05-12 13:36:33,"2022-05-12","13H 36M 33S","Unknown","LSRII","1","",750,290,511,515,459,498,525,473,422,542,461,683,662,597,527,2.64,6.15,6.29,6.59,6.58,5.14,6.04,4.83,4.79,7.48,5.04,4.54,6.21,4.85,4.63,96332.6015625,144360.2421875,13632.5,8990.419921875,12959.1396484375,6737.10986328125,9365.7197265625,5996.16015625,6312.60009765625,6167.34033203125,10743.8408203125,11257.6147460938,5332,7891.7900390625,13354.7250976562,56.55,0,20.6,38.44,0.76,0.83,1.08,0.43,750,750,290,290,511,515,459,498,525,473,422,542,461,683,662,597,527,1.21,2.45,0.86,5.65,5.18,5.49,5.56,5.17,6.43,4.9,4.79,8.53,4.97,4.35,6.16,4.53,4.03,63406.296875,99472.5,63108.212890625,149822,16984,11214,16009,7033.5,9782,5957,6354,6118,9550,14922.5,7061,10464,17744,NA
"11-MAY-2022",2022-05-11 10:22:50,"2022-05-11","10H 22M 50S","Unknown","2.16.0","Unknown","Unknown",750,290,511,515,459,498,525,473,422,542,461,683,662,597,527,2.33,6.59,4.78,4.92,5.07,5.21,6.28,9.71,9.74,11.7,6.67,4.28,6.56,4.93,4.43,105690.94140625,158597.2265625,17700.400390625,12606.4995117188,18045.0595703125,7386.5849609375,10862.2099609375,4685.0400390625,4831.92041015625,4817.88037109375,10750.3203125,15203.509765625,7206.5849609375,11791.0302734375,20407.5859375,NA,NA,NA,NA,NA,NA,NA,NA,750,750,290,290,511,515,459,498,525,473,422,542,461,683,662,597,527,1.18,2.28,0.79,5.91,6,6.1,6.42,4.98,6.83,9.43,9.25,11.7,5.93,4.62,6.82,5.07,4.46,64834.6015625,106960.5,66722.7265625,155599.5,17503.5,12537,18090.5,7275,10670.5,4896.5,5211.5,5083,9730.5,15105,7178,11673,20311.5,NA
"11-MAY-2022",2022-05-11 10:20:05,"2022-05-11","10H 20M 5S","Unknown","2.16.0","Unknown","Unknown",750,290,511,515,459,498,525,473,422,542,461,683,662,597,527,2.32,6.25,16.57,18.62,16.71,5.08,6.06,9.24,9.14,10.98,6.35,5.21,6.46,5.16,4.93,105010.75,153213.84375,11581.6396484375,7789.23974609375,11805.080078125,7120.56982421875,10492.0302734375,4365.3603515625,4570.56005859375,4507.92041015625,9507.240234375,11219.1298828125,5315.66015625,8808.1201171875,15148.900390625,NA,NA,NA,NA,NA,NA,NA,NA,750,750,290,290,511,515,459,498,525,473,422,542,461,683,662,597,527,1.15,2.2,0.85,5.63,5.93,5.85,6.08,4.88,6.46,8.79,8.79,11.43,5.47,4.79,6.45,4.86,4.43,64447.53125,106813,64472.30859375,155684,17470,12528,18046,7265,10666,4877,5194,5058,9752,15096,7169,11688,20304,NA
"10-MAY-2022",2022-05-10 17:07:59,"2022-05-10","17H 7M 59S","Unknown","LSRII","1","Administrator",750,290,511,515,459,498,525,473,422,542,461,683,662,597,527,2.5,6.39,17.24,17.25,18.75,4.84,5.9,10.5,10.72,11.9,6.84,4.96,6.6,5.41,4.86,105988.37890625,157638.1640625,9539.52001953125,6765.51977539062,8944.43994140625,7251.7099609375,10613.2099609375,4482,4688.2802734375,4580.2802734375,9603.3603515625,11344.6899414062,5282.76513671875,8825.53515625,15341.7553710938,56.55,0,20.6,38.44,0.76,0.83,1.08,0.43,750,750,290,290,511,515,459,498,525,473,422,542,461,683,662,597,527,1.18,2.48,0.93,5.83,6.27,6.55,7.16,4.72,6.43,10.02,10.01,12.29,6.03,4.58,6.49,4.95,4.42,65136.04296875,106746,65184.37109375,158397,17685.5,12680,18354.5,7409,10906,5000,5302,5133.5,9729,15285,7229.5,11797,20615,NA
"10-MAY-2022",2022-05-10 17:04:30,"2022-05-10","17H 4M 30S","Unknown","2.16.0","Unknown","Unknown",750,290,511,515,459,498,525,473,422,542,461,683,662,597,527,2.34,6.49,4.81,5.12,5.17,4.83,5.79,10.3,10.35,11.88,6.5,4.45,6,4.59,4.1,107372.0625,163444.421875,17958.0390625,12875.919921875,18625.3203125,7623.5498046875,11269.740234375,4804.92041015625,4934.52001953125,4880.52001953125,10812.9599609375,15450.7607421875,7294.9501953125,12022.7998046875,20887.6796875,NA,NA,NA,NA,NA,NA,NA,NA,750,750,290,290,511,515,459,498,525,473,422,542,461,683,662,597,527,1.18,2.39,0.94,6.01,6.13,6.56,6.45,4.66,6.51,10.13,9.81,12.06,5.77,4.55,6.27,4.81,4.21,65582.6015625,107335,67438.3984375,158750,17774,12814,18697,7437,10969,5004,5304,5151,9739,15296,7238,11860,20716,NA
"10-MAY-2022",2022-05-10 09:23:22,"2022-05-10","9H 23M 22S","Unknown","2.16.0","Unknown","Unknown",750,290,511,515,459,498,525,473,422,542,461,683,662,597,527,2.22,6.03,4.52,4.63,4.72,4.38,5.69,9.17,9.3,11.5,6.59,4.33,6.2,4.55,4.03,105969.8125,159057.046875,18091.419921875,12852.359375,18669.400390625,7423.93481445312,11000.4047851562,4294.080078125,4476.60009765625,4471.2001953125,10257.8408203125,15400.0205078125,7295.81005859375,12011.4052734375,21091.28515625,NA,NA,NA,NA,NA,NA,NA,NA,750,750,290,290,511,515,459,498,525,473,422,542,461,683,662,597,527,1.12,2.27,0.96,5.52,5.7,5.81,5.78,4.4,6.52,8.71,8.86,11.99,5.9,4.64,6.61,4.79,4.15,63876.09375,108858,65326.759765625,159620,18377,13112.5,19217,7483,11073,4593.5,4971,4858,9694.5,15267.5,7248,11877.5,20956,NA
"10-MAY-2022",2022-05-10 09:21:16,"2022-05-10","9H 21M 16S","Unknown","2.16.0","Unknown","Unknown",750,290,511,515,459,498,525,473,422,542,461,683,662,597,527,2.43,6.3,6.36,6.58,6.69,4.82,5.94,10.53,10.57,12.54,7,4.81,6.45,5.47,4.88,105105.5546875,156616.015625,15770.759765625,11207.7197265625,16460.83984375,7245.06982421875,10673.7998046875,4015.44018554688,4258.43994140625,4202.2802734375,8893.80078125,11377.3701171875,5390.47998046875,8833.490234375,15779.7099609375,NA,NA,NA,NA,NA,NA,NA,NA,750,750,290,290,511,515,459,498,525,473,422,542,461,683,662,597,527,1.14,2.44,0.89,5.82,6.06,6.25,6.43,4.81,6.32,10.32,10.14,12.59,5.99,4.45,6.3,5.08,4.33,63704.609375,108259,63830.0390625,160686,18604,13264,19480,7521,11141,4655,5044,4923,9722,15294,7248,11933,21024,NA
"09-MAY-2022",2022-05-09 16:25:15,"2022-05-09","16H 25M 15S","Unknown","2.16.0","Unknown","Unknown",750,290,511,515,459,498,525,473,422,542,461,683,662,597,527,1.85,6.16,4.61,4.79,5.54,4.7,5.13,9.66,9.35,10.68,7.48,4.03,5.8,4.74,4.41,107931.3828125,158994.796875,15416.599609375,8359.240234375,11086.1201171875,7860.9296875,8591.330078125,4542.47998046875,4639.68017578125,4496.0400390625,8731.80078125,15470.1103515625,7270.43994140625,8321.7900390625,12543.9599609375,NA,NA,NA,NA,NA,NA,NA,NA,750,750,290,290,511,515,459,498,525,473,422,542,461,683,662,597,527,1.32,2.22,0.9,5.62,6.22,6.03,6.72,4.26,6.8,8.81,8.16,9.59,6.26,4.37,6.73,4.96,4.14,64986.59765625,109195,66707.1328125,156615,15264,8306,11104,7732,8441,4710,4941,4748,7864,15257,7249,8220,12440,NA
"09-MAY-2022",2022-05-09 12:49:32,"2022-05-09","12H 49M 32S","Unknown","2.16.0","Unknown","Unknown",750,260,511,515,459,498,525,473,422,542,461,683,662,597,527,2.25,5.72,4.32,4.63,4.93,4.24,5.74,8.61,8.39,10.82,6.16,3.9,5.76,4.7,4.25,104955.453125,71711.171875,15749.4794921875,9433.8798828125,12687.439453125,7841.009765625,8958.189453125,4498.2001953125,4673.16015625,4600.80029296875,8762.0400390625,15560.83984375,7366.330078125,9118.150390625,14581.73046875,NA,NA,NA,NA,NA,NA,NA,NA,750,750,260,260,511,515,459,498,525,473,422,542,461,683,662,597,527,1.14,2.33,0.57,5.18,5.56,5.86,6.21,4.5,6.76,8.27,7.85,11.13,5.95,4.22,6.21,4.95,4.45,64375.265625,106999,65156.57421875,72039,15665,9433,12805,7809,8922,4681,5026,4849,7977,15324,7280,8956,14385,NA
"09-MAY-2022",2022-05-09 12:44:53,"2022-05-09","12H 44M 53S","Unknown","2.16.0","Unknown","Unknown",750,260,511,515,459,498,525,473,422,542,461,683,662,597,527,2.2,6.14,6.29,6.65,7.05,4.73,6.13,9.14,9.1,11.56,6.9,4.48,6.35,5.27,4.86,102949.640625,68774.62890625,12686.2998046875,7596.19970703125,10144.8598632812,7416.0498046875,8387.564453125,4030.56005859375,4258.97998046875,4142.88037109375,7557.84033203125,11630.4252929688,5496.68994140625,6823.88500976562,10950.5952148438,NA,NA,NA,NA,NA,NA,NA,NA,750,750,260,260,511,515,459,498,525,473,422,542,461,683,662,597,527,1.2,2.32,0.67,5.72,5.76,5.96,6.3,4.55,6.86,8.71,8.62,11.71,6.2,4.37,6.44,4.95,4.45,64006.267578125,105544.5,62955.857421875,71481.5,15460,9297,12617,7729,8820,4543,4877,4686,7917,15286,7224.5,8957,14385.5,NA
"06-MAY-2022",2022-05-06 12:48:28,"2022-05-06","12H 48M 28S","Unknown","2.16.0","Unknown","Unknown",750,260,511,515,459,498,525,473,422,542,461,683,662,597,527,3.17,8.86,7.21,7.48,7.6,7.95,8.16,6.79,6.82,8.73,5.04,4.27,5.99,4.81,4.29,101127.5078125,70705.2109375,15444.33984375,9457.43994140625,12912.7797851562,7652.599609375,8822.8994140625,6742.4404296875,6939.54028320312,6642.00048828125,10614.240234375,15445.3852539062,7281.19018554688,8986.5703125,14370.8154296875,NA,NA,NA,NA,NA,NA,NA,NA,750,750,260,260,511,515,459,498,525,473,422,542,461,683,662,597,527,1.19,3.23,1.13,8.01,9.39,9.85,9.98,7.17,8.29,6.27,6.11,9.7,5.76,4.61,6.31,5.05,4.37,64235.73828125,103317.5,65128.8125,71019,15598,9615,13260.5,7596,8778,5010,5279.5,4992,7000,15206,7171,8813.5,14166.5,NA
"06-MAY-2022",2022-05-06 12:47:31,"2022-05-06","12H 47M 31S","Unknown","2.16.0","Unknown","Unknown",750,260,511,515,459,498,525,473,422,542,461,683,662,597,527,3.53,9.24,11.45,11.69,11.59,8.36,8.24,6.45,6.39,8.53,5.49,5,6.39,5.44,5.12,100841.1328125,68973.83203125,13208.7998046875,8099.31982421875,11156.0395507812,7445.099609375,8538.2099609375,6313.14013671875,6580.98022460938,6262.38037109375,9164.8798828125,11391.5600585938,5378.8701171875,6615.1201171875,10691.3051757812,NA,NA,NA,NA,NA,NA,NA,NA,750,750,260,260,511,515,459,498,525,473,422,542,461,683,662,597,527,1.26,3.54,1.12,8.37,10.05,10.57,10.61,7.62,8.2,6.13,5.93,9.39,5.59,4.55,6.22,5.11,4.47,63972.21484375,103323.5,63128.02734375,71424.5,15758.5,9698.5,13376.5,7652.5,8822,5031,5291.5,5022,7000,15210,7191,8814,14211,NA
"06-MAY-2022",2022-05-06 12:25:33,"2022-05-06","12H 25M 33S","Unknown","2.16.0","Unknown","Unknown",570,260,467,473,408,518,532,491,439,554,461,688,664,597,489,5.2,19.69,10.07,6.7,13.66,9.88,4.18,11.31,14.6,6.72,6.12,2.04,16.27,11.24,7.83,50523.66015625,146846.09375,8127.43994140625,5097.31982421875,5583.7197265625,10821.5400390625,9868.7001953125,10007.2802734375,9771.8408203125,8122.68017578125,11410.2001953125,16516.30078125,7854.38037109375,9478.060546875,8262.8798828125,NA,NA,NA,NA,NA,NA,NA,NA,570,570,260,260,467,473,408,518,532,491,439,554,461,688,664,597,489,2.45,3.08,0.52,19.24,5.44,10.9,11.23,3.76,6.81,12.68,5.57,17.95,3.59,2.33,19.08,13.92,9.09,72755.84375,45510,70410.5546875,121406,7706,5167,5503,10093,9738,7274,7245,6185,7224,16363,7839,9471,8235,NA
"06-MAY-2022",2022-05-06 12:20:23,"2022-05-06","12H 20M 23S","Unknown","LSRII","1","Administrator",570,260,467,473,408,518,532,491,439,554,461,688,664,597,489,58.51,29.99,137.23,146.32,145.65,117.06,139.28,86.3,98.95,76.03,136.59,137.03,140.86,143.86,142.12,80388.822265625,218038.8984375,7064.57983398438,4319.4599609375,3557.55993652344,8771.43994140625,9002.1796875,20065.8603515625,11749.3208007812,14524.3803710938,8343.00024414062,12798.7348632812,5919.59497070312,7082.31494140625,6196.94506835938,56.55,0,20.6,38.44,0.76,0.83,1.08,0.43,570,570,260,260,467,473,408,518,532,491,439,554,461,688,664,597,489,22.96,67.68,3.06,45.59,138.39,144.57,144.92,101.5,131.72,59.51,102.29,69.26,125.02,135.69,134.56,140.48,140.28,86381.0546875,61616.5,68420.3046875,196086.5,6859.5,4097.5,2420,6421,7342.5,11882.5,6918,6000.5,4561.5,15854,7640,8968,7144,NA
"05-MAY-2022",2022-05-05 12:02:35,"2022-05-05","12H 2M 35S","Unknown","2.16.0","Unknown","Unknown",570,260,467,473,408,518,532,491,439,554,461,688,664,597,489,39.41,6.09,105.71,108.89,109.32,102.1,117.36,70.37,68.34,75.68,127.78,109.82,107.64,114.22,114.14,65021.7421875,251801.25,1972.9599609375,953.039978027344,555.559997558594,6409.259765625,3687.68994140625,15667.560546875,8568.720703125,8564.400390625,4104,6403.56005859375,3654.14013671875,3068.05004882812,1332.14001464844,NA,NA,NA,NA,NA,NA,NA,NA,570,570,260,260,467,473,408,518,532,491,439,554,461,688,664,597,489,23.13,37.55,20.61,47.73,103.03,108.66,103.45,117.16,112.17,56.49,79.23,63.95,119.61,106.21,102.76,108.62,108.93,87470.1796875,47524,77853.6640625,177555,1606,775,407,4620,2210,9188,5906,6343,2091,5186,3154,2375,1112,NA
"05-MAY-2022",2022-05-05 12:01:17,"2022-05-05","12H 1M 17S","Unknown","2.16.0","Unknown","Unknown",570,260,467,473,408,518,532,491,439,554,461,688,664,597,489,49.27,0,118.25,117.3,120.72,104.7,109.39,84.5,96.33,78.1,107.04,112.41,94.12,112.29,126.06,84225.8515625,262143,2797.56005859375,1121,564.679992675781,9313.4296875,6172.7099609375,19811.521484375,8907.8408203125,9890.640625,7253.2802734375,9914.080078125,5428.75,4360.2001953125,1723.01000976562,NA,NA,NA,NA,NA,NA,NA,NA,570,570,260,260,467,473,408,518,532,491,439,554,461,688,664,597,489,29.88,43.15,14.55,50.43,115.02,113.71,114.32,104.12,118.22,64.51,88.7,72.16,119.49,120.43,103.28,119.09,119.34,101234.4765625,56807,74300.6875,181915,1998,781,450,7698,3460,10413,7099,6984,3154,8002,5294,3710,1415,NA
"04-MAY-2022",2022-05-04 09:44:21,"2022-05-04","9H 44M 21S","Unknown","2.16.0","Unknown","Unknown",570,260,467,473,408,518,532,491,439,554,461,688,664,597,489,41.84,0,121.38,120.57,124.25,107.36,119.77,75.2,89.7,73.44,121.49,122.04,103.53,120.48,122.42,73761.51171875,262143,1985.11993408203,895.279998779297,506.919998168945,6454.49487304688,3640.794921875,17719.0205078125,9023.9404296875,9752.9404296875,4304.34008789062,7597.455078125,5822.63012695312,3445.16003417969,1265.49005126953,NA,NA,NA,NA,NA,NA,NA,NA,570,570,260,260,467,473,408,518,532,491,439,554,461,688,664,597,489,24.93,36.87,17.48,52.22,108.67,120.01,116.65,106.31,114.29,64.57,92.74,64.55,115.07,118.12,109.81,119.32,121.02,91784.8203125,54650.5,75968.32421875,180927.5,1355.5,687.5,363.5,3879,2743,10326,5625.5,7038,2164.5,5806.5,4348,2769,996,NA
"04-MAY-2022",2022-05-04 09:43:15,"2022-05-04","9H 43M 15S","Unknown","2.16.0","Unknown","Unknown",570,260,467,473,408,518,532,491,439,554,461,688,664,597,489,47.69,0.76,112.5,120.37,114.85,104.34,115.9,76.74,97.74,84.08,107.67,116.19,96.72,116.23,112.23,72160.97265625,260811.2890625,1967.63995361328,896.799987792969,462.079986572266,8159.31518554688,4403.97973632812,16551.541015625,8938.080078125,9352.80029296875,6175.44018554688,7040.82006835938,4204.10986328125,3060.09509277344,1135.20001220703,NA,NA,NA,NA,NA,NA,NA,NA,570,570,260,260,467,473,408,518,532,491,439,554,461,688,664,597,489,27.74,51.72,21.34,50.29,111.99,120.65,113.59,116.24,112.32,71.86,96.77,91.8,120.19,118.97,108.92,107.88,107.47,97821.2734375,50045,78834.609375,170836.5,1451,703.5,387,5148.5,2943,10411,7624,7007,2730.5,6044,4126.5,3036.5,1090.5,NA
"02-MAY-2022",2022-05-02 13:17:23,"2022-05-02","13H 17M 23S","Unknown","2.16.0","Unknown","Unknown",570,260,467,473,408,518,532,491,439,554,461,688,664,597,489,0,0,0,0,0,0,0,0,0,0,0,0,0,0,0,51023.73046875,132130.1875,7864.47998046875,5512.27978515625,5741.7998046875,9786.5302734375,9859.5693359375,8340.83984375,8292.240234375,5864.400390625,10045.080078125,16242.390625,7569.72021484375,10202.1796875,8944,NA,NA,NA,NA,NA,NA,NA,NA,570,570,260,260,467,473,408,518,532,491,439,554,461,688,664,597,489,0,0,0,0,0,0,0,0,0,0,0,0,0,0,0,0,0,133622.03125,25025,124327.4609375,69649,7437,5149,5481,9430,9433,7541,8038,5666,8130,15967,7343,10027,8635,NA
"02-MAY-2022",2022-05-02 13:16:42,"2022-05-02","13H 16M 42S","Unknown","2.16.0","Unknown","Unknown",570,260,467,473,408,518,532,491,439,554,461,688,664,597,489,27.48,15.95,25.78,28.1,29.01,28.09,22.68,31.83,26.32,25.29,13.25,32.24,34.14,19.93,24.68,47266.88671875,235951.1484375,6382.10009765625,4338.07983398438,4685.39990234375,9225.44970703125,9559.10986328125,9324.720703125,7758.72045898438,6613.92041015625,9133.0205078125,13307.4252929688,6767.55517578125,7588.42504882812,7079.30517578125,NA,NA,NA,NA,NA,NA,NA,NA,570,570,260,260,467,473,408,518,532,491,439,554,461,688,664,597,489,3.08,22.98,5.02,36.36,21.04,23.5,22.65,28.55,28.18,29.34,28.53,21.49,17.09,26.87,19.78,16.85,14.75,73635.5625,44474.5,70195.64453125,191078,7581.5,5123.5,5577.5,9400.5,9827.5,8002.5,8088.5,6888.5,8576.5,16978.5,7683.5,10038.5,9238.5,NA
"29-APR-2022",2022-04-29 08:52:02,"2022-04-29","8H 52M 2S","Unknown","2.16.0","Unknown","Unknown",570,260,467,473,408,518,532,491,439,554,461,688,664,597,489,20.16,30.78,135.19,131.72,141.5,98.36,130.86,72.17,106.23,68.88,122.79,133.89,125.36,129.61,138.31,53828.23046875,164690.25,7792.27978515625,4522.759765625,4636,10699.529296875,9293.509765625,5854.68017578125,5485.3203125,4647.240234375,8247.9599609375,16985,7370.6298828125,8648.58984375,7176.7001953125,NA,NA,NA,NA,NA,NA,NA,NA,570,570,260,260,467,473,408,518,532,491,439,554,461,688,664,597,489,5.7,21.25,5.01,41.41,99.14,73.28,82.11,79.54,90.51,24.14,83.71,58.71,71.54,129.68,100.85,105.43,114.13,75467.2421875,45301,71564.78125,147117,7836,4433,4572,10427,9669,5785,5967,4985,7595,16876,7493,8571,7115,NA
"29-APR-2022",2022-04-29 08:49:03,"2022-04-29","8H 49M 3S","Unknown","2.16.0","Unknown","Unknown",570,260,467,473,408,518,532,491,439,554,461,688,664,597,489,63.26,9.16,146.13,122.13,157.69,86.81,132.61,90.67,108.54,94.17,117.25,138.19,130.17,132.45,136.54,61879.91015625,246894.28125,1006.23999023438,198.360000610352,83.5999984741211,10243.0302734375,2587.10986328125,5594.400390625,3664.44018554688,4487.400390625,1435.32006835938,3463.65014648438,2195.580078125,1866.63000488281,734.440002441406,NA,NA,NA,NA,NA,NA,NA,NA,570,570,260,260,467,473,408,518,532,491,439,554,461,688,664,597,489,14.78,46.25,1.87,39.72,115.33,107.71,89.27,85.33,126.4,95.24,115.63,97.22,110.17,132.24,128.52,121.4,130.64,77914.3203125,47870,67015.1484375,202196,905,117,93,8104,2116,5962,2217,3872,903,2748,2080,1485,648,NA
"28-APR-2022",2022-04-28 07:48:20,"2022-04-28","7H 48M 20S","Unknown","2.16.0","Unknown","Unknown",570,260,467,473,408,518,532,491,439,554,461,688,664,597,489,5.18,24.39,13.06,8.22,6.08,5.89,8.64,11.26,12.63,6.08,10.32,5.33,2.08,7.03,5.78,60378.12109375,201550.5625,8003.56005859375,4690.7197265625,4838.919921875,10641.4296875,10251.330078125,6326.64013671875,5842.80029296875,5268.240234375,8938.080078125,17701.810546875,7878.4599609375,8737.6005859375,7593.3701171875,NA,NA,NA,NA,NA,NA,NA,NA,570,570,260,260,467,473,408,518,532,491,439,554,461,688,664,597,489,2.1,18.45,6.39,24.1,15.56,18.78,8.88,7.71,10.59,3.14,14.15,7.92,9.29,6.94,5.24,7.63,7.73,74308.7421875,53250,70524.5625,189218,7975,4483,4742,10574,10034,6086,6286,5407,8170,17038,7583,8554,7422,NA
"28-APR-2022",2022-04-28 07:46:58,"2022-04-28","7H 46M 58S","Unknown","2.16.0","Unknown","Unknown",570,260,467,473,408,518,532,491,439,554,461,688,664,597,489,38.13,47.28,19.16,14.46,13.98,15.81,16.09,27.19,24.81,19.13,13.25,11.71,14.88,15.02,14.31,42403.646484375,163876.8515625,7562.759765625,4157.580078125,4352.13989257812,11252.724609375,9833.83984375,6484.3203125,6485.94018554688,5343.30029296875,8124.84033203125,13726.4604492188,6314.55004882812,6901.5,5893.79516601562,NA,NA,NA,NA,NA,NA,NA,NA,570,570,260,260,467,473,408,518,532,491,439,554,461,688,664,597,489,10.05,21.17,4.39,55.45,17.62,14.85,15.39,17.89,12.92,26.74,19.05,21.08,13.86,17.66,18.79,12.64,12.57,71113.7890625,35124.5,67093.34375,135441,8954,4897,5134.5,11628,10139,7209.5,7247,6203.5,8372,17226.5,8076.5,8960.5,7496,NA
"27-APR-2022",2022-04-27 09:54:26,"2022-04-27","9H 54M 26S","Unknown","2.16.0","Unknown","Unknown",570,260,467,473,408,518,532,491,439,554,461,688,664,597,489,14.08,54.23,14.88,15.74,15.26,19.54,20.15,20.9,21.75,20.41,12,16.51,20.35,12.16,14.79,33247.94140625,132082.046875,8301.4794921875,5111,5256.16015625,11281.359375,10248.83984375,8276.0400390625,8208,6620.400390625,10460.880859375,17943.470703125,8190.64013671875,9525.7900390625,8104.64013671875,NA,NA,NA,NA,NA,NA,NA,NA,570,570,260,260,467,473,408,518,532,491,439,554,461,688,664,597,489,8.46,6.59,7.94,49.24,17.05,15.32,16.75,16.7,19.23,21.39,24.67,20.98,13.47,17.72,20.77,11.96,14.12,72294.671875,30051,67760.125,120704,8373,5120,5301,11446,10449,7673,8005,6616,8784,17465,7829,9313,8009,NA
"27-APR-2022",2022-04-27 09:52:50,"2022-04-27","9H 52M 50S","Unknown","2.16.0","Unknown","Unknown",570,260,467,473,408,518,532,491,439,554,461,688,664,597,489,25.11,21.39,55.75,63.51,59.69,84.45,36.32,82.48,77.68,74.26,33.96,28.3,29.29,43.65,41.89,62044.23046875,229086.640625,7441.919921875,4415.60009765625,4693,10775.0595703125,10192.3994140625,8145.3603515625,7572.96044921875,6673.3203125,9439.2001953125,14034.33984375,6546.3203125,7556.39013671875,6594.91015625,NA,NA,NA,NA,NA,NA,NA,NA,570,570,260,260,467,473,408,518,532,491,439,554,461,688,664,597,489,7.85,31.06,1.49,41.27,84.13,72.13,60.74,72.77,77.06,62.46,75.06,58.84,57.29,72.39,73.53,55.71,63.99,73594.203125,50055,67615.4140625,200537,7574,4744,4940,10507,10012,7805,7512,6302,7903,16517,8081,9081,7732,NA
"26-APR-2022",2022-04-26 09:37:14,"2022-04-26","9H 37M 14S","Unknown","2.16.0","Unknown","Unknown",570,260,467,473,408,518,532,491,439,554,461,688,664,597,489,41.74,21.22,116.2,118.72,142.95,107.4,122.63,59.62,89.95,64.66,116.12,132.68,126.3,127.99,111.14,68849.689453125,229327.3359375,9312.65991210938,5031.19995117188,4409.89990234375,11741.5947265625,11846.1748046875,15075.1801757812,11374.560546875,10567.2607421875,12434.0405273438,19182.515625,8461.97021484375,10612.830078125,9450.1103515625,NA,NA,NA,NA,NA,NA,NA,NA,570,570,260,260,467,473,408,518,532,491,439,554,461,688,664,597,489,12.51,38.3,6.51,31.81,133.05,146.13,146.25,118.91,123.89,67.01,104.97,67.38,118.92,132.8,124.95,111.72,132.4,81698.859375,55643,71927.33203125,210604,5458,2848,3024,9825.5,10028.5,9919,7897.5,6914,8181.5,18480.5,8350.5,10120.5,7437.5,NA
"26-APR-2022",2022-04-26 09:34:59,"2022-04-26","9H 34M 59S","Unknown","2.16.0","Unknown","Unknown",570,260,467,473,408,518,532,491,439,554,461,688,664,597,489,12.11,25.49,104.19,100.93,92.64,115.09,101.62,87.72,116.69,100.11,106.62,103.01,99.79,93.58,93.56,54147.390625,223682.5,7346.15991210938,4469.56005859375,4848.7998046875,10937.7397460938,10396.9946289062,10526.220703125,9744.84033203125,8080.02026367188,10696.8603515625,14722.9853515625,6699.615234375,8048.31030273438,6993.52001953125,NA,NA,NA,NA,NA,NA,NA,NA,570,570,260,260,467,473,408,518,532,491,439,554,461,688,664,597,489,8.21,23.1,4.7,33.28,61.22,54.77,55.98,65.82,61.03,48.1,49.75,51.59,38.33,81.59,77.92,72.21,69.84,75928.4140625,47341,69202.8984375,209374,8308.5,5132.5,5466.5,10916.5,10495,8636,8786.5,7194,8664,17612.5,7990,9864.5,8386.5,NA
"25-APR-2022",2022-04-25 14:56:01,"2022-04-25","14H 56M 1S","Unknown","2.16.0","Unknown","Unknown",570,260,467,473,408,518,532,491,439,554,461,688,664,597,489,10.49,45.44,15.16,4.4,7.47,9.88,8.93,10.97,10.01,13.07,12.46,11.84,15.32,6.96,9.44,32621.0751953125,121551.8359375,8244.09985351562,5172.18017578125,5322.27978515625,11129.884765625,10785.4345703125,9613.08056640625,9681.66015625,8284.68017578125,11194.7407226562,17360.3896484375,8024.66015625,9525.1455078125,8283.3046875,NA,NA,NA,NA,NA,NA,NA,NA,570,570,260,260,467,473,408,518,532,491,439,554,461,688,664,597,489,8.85,1.36,12.39,33.98,4.14,3.6,6.83,11.39,15.38,9.54,9.03,16.22,10.41,11.51,14.15,8.91,8.73,74210.015625,28940.5,71586.171875,108648.5,8222,5084,5429.5,11192,10509.5,8802.5,9128,7774.5,8706.5,17234.5,7988.5,9430.5,8260.5,NA
"25-APR-2022",2022-04-25 08:46:21,"2022-04-25","8H 46M 21S","Unknown","2.16.0","Unknown","Unknown",570,260,467,473,408,518,532,491,439,554,461,688,664,597,489,40.71,44.77,102.23,114.66,106.01,96.44,103.18,65.1,67.46,35.84,94.99,115.7,101.5,91.95,110.84,64989.3515625,201343.890625,8956.599609375,5506.19970703125,5899.8798828125,11465.6201171875,10518.58984375,14532.48046875,9835.560546875,8511.48046875,11507.400390625,17769.75,8217.73046875,10625.2998046875,9290.580078125,NA,NA,NA,NA,NA,NA,NA,NA,570,570,260,260,467,473,408,518,532,491,439,554,461,688,664,597,489,8.63,43.96,2.87,41.86,88.66,97.56,80.8,96.21,107.18,56.6,70.19,41.97,93.48,114.63,95.46,92.81,106.46,75088.1328125,60228,68330.484375,186746,8709,5313,6033,10989,10037,12148,9097,7753,8493,17116,7804,10328,9048,NA
"25-APR-2022",2022-04-25 08:44:28,"2022-04-25","8H 44M 28S","Unknown","LSRII","1","Administrator",570,260,467,473,408,518,532,491,439,554,461,688,664,597,489,24.16,36.79,45.96,22.05,33.48,41.49,77.9,25.38,44.8,30.68,56.52,75.64,50.46,28.23,36.18,45598.01171875,203164.90625,7200.23974609375,4604.080078125,5326.83984375,10583.330078125,9344.9697265625,9330.1201171875,8206.919921875,6951.96044921875,8703.720703125,12078.2705078125,6053.5400390625,6971.59033203125,6004.52001953125,56.55,0,20.6,38.44,0.76,0.83,1.08,0.43,570,570,260,260,467,473,408,518,532,491,439,554,461,688,664,597,489,4.52,21.62,2.64,27.49,50.08,28.85,40.34,46.22,64.76,40.39,52.61,61.94,22.12,42.48,29.85,35.65,34.63,72386.5078125,41724,68123.3203125,191666,8423,5175,5950,11307,9823,8310,8863,7353,8363,17428,8378,10117,8613,NA
"22-APR-2022",2022-04-22 09:22:48,"2022-04-22","9H 22M 48S","Unknown","2.16.0","Unknown","Unknown",570,260,467,473,408,518,532,491,439,554,461,688,664,597,489,24.88,19.26,32.23,23.38,28.46,42.64,43.28,37.08,46.35,55.68,10.3,46.64,55.48,33.26,33.24,62782.08984375,143406.5625,9045.51953125,8216.3603515625,8582.6796875,13153.83984375,15159.94921875,12234.240234375,10594.80078125,8175.60009765625,16794,18075.91015625,8302.8701171875,12466.1298828125,11047.560546875,NA,NA,NA,NA,NA,NA,NA,NA,570,570,260,260,467,473,408,518,532,491,439,554,461,688,664,597,489,2.97,19.06,2.65,15.89,26.37,31.68,25.99,36.85,37.15,34.44,36.14,36.74,36.09,28.22,36.92,28.63,28.05,71961.1875,57568,69736.90625,128545,9517,8596,9428,13035,15965,10260,10687,8559,13710,21957,9681,16956,15589,NA
"21-APR-2022",2022-04-21 10:10:57,"2022-04-21","10H 10M 57S","Unknown","2.16.0","Unknown","Unknown",570,260,467,473,408,518,532,491,439,554,461,688,664,597,489,17.76,0,50.22,49.54,43.88,66.09,60.25,31.07,82.84,68.21,37.06,66.01,64.16,33.95,31.12,53143.302734375,262143,7772.89990234375,5309.35986328125,5792.34008789062,10233.0698242188,9784.455078125,7345.62036132812,6293.7001953125,4993.92016601562,8708.04052734375,16684.8603515625,7705.81518554688,9994.06005859375,9153.19482421875,NA,NA,NA,NA,NA,NA,NA,NA,570,570,260,260,467,473,408,518,532,491,439,554,461,688,664,597,489,13.83,29.71,5.12,35.37,44.3,43.83,42.04,70.98,56.44,55.29,64.06,76.73,33.44,68.06,52.57,31.43,32.83,83020.9609375,42023,69406.40234375,206990.5,7572.5,5206,5736.5,10038,9720.5,6547,6750,5406.5,7738.5,16435,7770.5,9897.5,8896,NA
"21-APR-2022",2022-04-21 10:07:20,"2022-04-21","10H 7M 20S","Unknown","2.16.0","Unknown","Unknown",570,260,467,473,408,518,532,491,439,554,461,688,664,597,489,20.87,28.59,17.35,18.55,14.06,27.77,22.87,49.16,26.95,26.08,10.47,32.57,31.19,20.14,23.41,53522.896484375,219764.484375,7576.05981445312,5220.05981445312,5550.65991210938,10519.8349609375,10980.0698242188,7835.94018554688,6262.38012695312,5651.64013671875,8347.3203125,13453.8403320312,6044.29516601562,8369.09033203125,7761.93017578125,NA,NA,NA,NA,NA,NA,NA,NA,570,570,260,260,467,473,408,518,532,491,439,554,461,688,664,597,489,10.05,23.26,3.66,44.9,12.49,10.92,17.22,17.81,21.38,23.02,21.23,30.7,12.15,20.92,14.29,18.34,14.5,72630.671875,48217.5,68708.859375,196780,8412,5903.5,6165,10431,10848.5,7495,6984.5,5918.5,8601.5,18006.5,7939.5,10644,9834,NA
"20-APR-2022",2022-04-20 10:00:57,"2022-04-20","10H 0M 57S","Unknown","2.16.0","Unknown","Unknown",570,260,467,473,408,518,532,491,439,554,461,688,664,597,489,14.17,24.17,10.74,15.41,13.31,14.28,17.22,33.59,21.13,20.34,8.59,21.7,18.76,10.98,14.2,53096.294921875,164658.7109375,8093.23974609375,5540.02001953125,5899.5,10145.5048828125,10009.7998046875,6177.60034179688,5535.00024414062,4596.48022460938,8131.86010742188,16980.4853515625,7616.59008789062,10012.98046875,9016.455078125,NA,NA,NA,NA,NA,NA,NA,NA,570,570,260,260,467,473,408,518,532,491,439,554,461,688,664,597,489,1.81,26.1,2.01,20.87,26.56,18.17,12.61,15.26,24.78,16.92,18.53,21.97,13.32,19.6,19.32,14.17,14.18,72544.63671875,47916,69834.26171875,152434.5,8095.5,5517,5855,10287.5,9449.5,5920,6101.5,5058.5,7608,16638,7630.5,9565.5,8983.5,NA
"20-APR-2022",2022-04-20 09:58:44,"2022-04-20","9H 58M 44S","Unknown","2.16.0","Unknown","Unknown",570,260,467,473,408,518,532,491,439,554,461,688,664,597,489,23.03,61.71,13.3,22.67,19.74,11.88,14.09,26.49,22.25,22.74,16.72,17.64,17.6,17.82,17.48,37590.5703125,165062.09375,7226.83984375,5094.27978515625,5497.83984375,10044.66015625,10087.8193359375,5276.88037109375,5470.2001953125,4563,7458.48046875,13046.2001953125,5880.25,7568.8603515625,7270.8701171875,NA,NA,NA,NA,NA,NA,NA,NA,570,570,260,260,467,473,408,518,532,491,439,554,461,688,664,597,489,6.13,13.74,1.7,70.97,10.58,15.29,12.82,9.44,12.54,20.26,20.76,19.69,14.18,12.14,11.25,10.96,15.27,71008.3046875,33719,67010.96875,161195,8228,5712,6324,10461,10736,5855,6248,5241,7842,17020,7866,10281,9679,NA
"19-APR-2022",2022-04-19 11:12:40,"2022-04-19","11H 12M 40S","Unknown","2.16.0","Unknown","Unknown",570,260,467,473,408,518,532,491,439,554,461,688,664,597,489,19.16,14.04,109.31,102.84,96.51,119.6,119.67,97.66,78.23,53.97,110.39,126.69,129.76,107.05,93.98,62022.11328125,239464.125,8719.4794921875,5976.64013671875,6442.52001953125,10967.6201171875,11556.919921875,7297.56005859375,7179.84033203125,5758.56005859375,9512.640625,17056.810546875,7975.64013671875,10989.080078125,10007.390625,NA,NA,NA,NA,NA,NA,NA,NA,570,570,260,260,467,473,408,518,532,491,439,554,461,688,664,597,489,3.68,22.84,4.28,15.15,101.49,103.38,93.73,123.64,122.32,112.52,93.92,63.72,113.31,127.58,132.1,110.48,95.02,74675.765625,54908,73274.078125,191409,8511,6015,6571,10760,11374,7068,7550,5610,8568,17462,7926,10834,9906,NA
"19-APR-2022",2022-04-19 11:11:15,"2022-04-19","11H 11M 15S","Unknown","LSRII","1","Administrator",570,260,467,473,408,518,532,491,439,554,461,688,664,597,489,25.98,21.68,84.78,76.06,78.36,104.59,85.73,30.72,93.97,72.34,54.39,86.71,91.52,71.59,72.47,55198.08984375,152444.4375,7481.43994140625,4986.35986328125,5524.43994140625,10384.9599609375,10384.1298828125,6603.1201171875,6258.60009765625,4513.3203125,7469.2802734375,12560.2998046875,5946.0400390625,8148.93017578125,7569.2900390625,56.55,0,20.6,38.44,0.76,0.83,1.08,0.43,570,570,260,260,467,473,408,518,532,491,439,554,461,688,664,597,489,2.03,21.63,2.03,19.55,98.87,93.6,98.57,115.75,96.8,70.2,92.72,104.4,87.98,99.07,104.3,88.04,88.13,71706.765625,49767,67939.5546875,144623,8336,5796,6484,11097,11008,6659,7165,5101,7961,15975,7987,10715,9951,NA
"18-APR-2022",2022-04-18 13:38:36,"2022-04-18","13H 38M 36S","Unknown","2.16.0","Unknown","Unknown",570,260,467,473,408,518,532,491,439,554,461,688,664,597,489,25.35,17.24,87.11,109.26,102.52,74.96,76.77,35.26,73.65,77.29,90.25,80.45,54.52,80.56,84.59,57479.61328125,234841.859375,9342.6796875,6377.16015625,7026.19970703125,13202.8095703125,13598.7197265625,7901.2802734375,6846.1201171875,6037.2001953125,9815.0400390625,22466.640625,10538.8701171875,13501.5703125,12322.509765625,NA,NA,NA,NA,NA,NA,NA,NA,570,570,260,260,467,473,408,518,532,491,439,554,461,688,664,597,489,4.93,30.36,4.59,16.99,17.3,19.45,16.93,20.96,33.39,22.44,21.02,20.26,16.05,30.47,37.76,33.1,31.46,76151.671875,51168,72404.1796875,206487,8594,6015,6699,11344,10923,6852,6954,5928,8526,21776,9424,13060,11960,NA
"18-APR-2022",2022-04-18 13:35:57,"2022-04-18","13H 35M 57S","Unknown","2.16.0","Unknown","Unknown",570,260,467,473,408,518,532,491,439,554,461,688,664,597,489,21.81,58.79,14.88,18.63,16.82,16.92,19.02,21.51,21.42,27.1,19.64,22.02,19.57,11.34,10.62,35333.935546875,156747.9921875,6956.65991210938,4995.47998046875,5433.99975585938,10345.9497070312,10968.4497070312,5569.02026367188,5540.400390625,4502.52001953125,8021.16040039062,13864.490234375,6299.5,8373.81982421875,7824.4951171875,NA,NA,NA,NA,NA,NA,NA,NA,570,570,260,260,467,473,408,518,532,491,439,554,461,688,664,597,489,3.59,11.52,6.79,54.03,16.7,15.2,14.52,22.37,20.4,27.47,25.02,28.49,19.51,24.78,27.13,12.91,9.04,71759.40234375,31865.5,67513.90625,153953.5,8236.5,5935.5,6431,10568,11412.5,6278.5,6400,5260.5,8342,17890.5,8056,11056,10472,NA
"15-APR-2022",2022-04-15 10:42:01,"2022-04-15","10H 42M 1S","Unknown","LSRII","1","Administrator",570,260,467,473,408,518,532,491,439,554,461,688,664,597,489,45.18,17.14,38.53,77.55,79.45,34.1,44.28,73.8,40.21,55.91,78.59,69.22,36.54,37.08,91.17,43540.8515625,234977.1484375,7775.55981445312,4998.13989257812,5500.11987304688,12427.1748046875,11178.8549804688,13231.0805664062,9121.68017578125,10726.560546875,8996.9404296875,15671.5649414062,7161.22021484375,8487.125,7601.96997070312,56.55,0,20.6,38.44,0.76,0.83,1.08,0.43,570,570,260,260,467,473,408,518,532,491,439,554,461,688,664,597,489,15.5,25.6,0.45,33.48,46.5,73.6,81.91,66.86,81.58,39.94,34.52,44.2,85.48,47.82,35.19,71.66,113.96,74402.1796875,36034.5,67013.5859375,209138,8754.5,5743,6491,12399.5,11287,10220,8088,7042.5,8821,19502,8912,10705,9643,NA
"15-APR-2022",2022-04-15 10:38:57,"2022-04-15","10H 38M 57S","Unknown","2.16.0","Unknown","Unknown",570,260,467,473,408,518,532,491,439,554,461,688,664,597,489,29.83,55.37,58.13,72.73,95.4,66.24,84.71,43.14,45.24,37.88,102.69,99.72,86.31,82.86,103.66,37901.830078125,190858.078125,7696.89990234375,5044.1201171875,5236.78002929688,10467.9599609375,10086.1596679688,8068.68017578125,6656.04028320312,5877.3603515625,8800.38037109375,16743.33984375,7595.73510742188,9495.68994140625,8426.92529296875,NA,NA,NA,NA,NA,NA,NA,NA,570,570,260,260,467,473,408,518,532,491,439,554,461,688,664,597,489,12,20.53,8.06,66.58,64.67,91.26,108.34,74.51,97.75,47.69,70.07,53.97,114.51,87.65,86.37,85.5,108.67,75018.7734375,32157,69079.70703125,159189,7492.5,4970.5,5258.5,10036,10091,7345,6644,5572.5,7732.5,16632,7464.5,9315,8378.5,NA
"14-APR-2022",2022-04-14 10:24:52,"2022-04-14","10H 24M 52S","Unknown","LSRII","1","Administrator",570,260,467,473,408,518,532,491,439,554,461,688,664,597,489,15.83,20.44,47.01,51.8,55.71,48.46,44.29,45.59,38.8,44.81,32.58,38.13,36.4,34.32,38.56,50540.25,158449.484375,9791.080078125,6727.52001953125,7345.39990234375,13025.189453125,12869.1494140625,12351.9609375,11172.6005859375,9158.400390625,12165.1201171875,23182.16015625,10331.1796875,12396.4697265625,11159.3603515625,56.55,0,20.6,38.44,0.76,0.83,1.08,0.43,570,570,260,260,467,473,408,518,532,491,439,554,461,688,664,597,489,4.04,15.25,3.15,20.71,49.73,59.84,57.31,51.59,43.66,40.19,43.87,30.64,30.71,39.6,31.22,36.22,38.55,73444.625,43211,69759.5625,149003,9054,6682,7050,13167,13070,9550,9739,7291,8525,23005,9740,12232,10952,NA
"14-APR-2022",2022-04-14 10:22:26,"2022-04-14","10H 22M 26S","Unknown","2.16.0","Unknown","Unknown",570,260,467,473,408,518,532,491,439,554,461,688,664,597,489,22.78,23.55,32.42,112.29,114.96,56.03,113.53,25.86,11.11,49.94,106.04,86.58,34.16,87.34,112.75,46727.7109375,168884.25,6360.43994140625,4544.7998046875,4845.759765625,9159.0498046875,9665.349609375,8859.240234375,8128.08056640625,6858.00048828125,9223.2001953125,12887.5302734375,5792.10009765625,8075.830078125,7349.56005859375,NA,NA,NA,NA,NA,NA,NA,NA,570,570,260,260,467,473,408,518,532,491,439,554,461,688,664,597,489,4.65,19.9,0.72,23.94,18.59,32.53,41.39,20.35,23.73,14.03,12.74,18.8,25.76,46.46,53.64,51.31,58.37,71808.1484375,40259,67104.15625,161703,7529,5332,5821,9655,10335,7606,7392,5875,7683,16833,7596,10321,9647,NA
"13-APR-2022",2022-04-13 10:21:20,"2022-04-13","10H 21M 20S","Unknown","2.16.0","Unknown","Unknown",570,260,467,473,408,518,532,491,439,554,461,688,664,597,489,45.99,0,52.81,99.08,104.99,55.09,54.1,98.2,72.32,87.64,26.46,42.47,38.98,78.35,112.83,69046,262143,8429.919921875,4623.080078125,4773.56005859375,14451.1298828125,10219.7900390625,25210.44140625,16748.640625,18578.16015625,11230.9208984375,21909.791015625,8071.9599609375,9210.169921875,7748.60009765625,NA,NA,NA,NA,NA,NA,NA,NA,570,570,260,260,467,473,408,518,532,491,439,554,461,688,664,597,489,21.06,56.51,0.01,0.01,91.61,101.01,114.04,66.34,95.17,71.46,41.84,47.59,93.83,56.7,63.76,101.11,105.73,82493.3671875,62707,67013.328125,256364,7665,4440,4597,10662,9532,16375,10131,10127,8518,17573,7585,9109,7658,NA
"13-APR-2022",2022-04-13 10:19:10,"2022-04-13","10H 19M 10S","Unknown","2.16.0","Unknown","Unknown",570,260,467,473,408,518,532,491,439,554,461,688,664,597,489,33.57,23.12,116.9,117.33,121.73,113.08,120.98,57.45,79.44,62.69,114.45,131.32,130.58,127.42,124.02,61646.0703125,226775.921875,6392.35986328125,3967.19995117188,4068.28002929688,9871.189453125,8678.4794921875,13153.3203125,8608.6806640625,7922.88037109375,9131.400390625,14094.970703125,6120.6201171875,7101.8798828125,6069.8798828125,NA,NA,NA,NA,NA,NA,NA,NA,570,570,260,260,467,473,408,518,532,491,439,554,461,688,664,597,489,16.98,53.19,3.23,31.39,114.12,110.09,119.94,113.33,121.1,29.94,80.44,64.9,106.33,110.38,117.82,114.78,119.03,79405.859375,54073,68499.7578125,211575,7009,4304,4356,9906,8741,8709,7726,6666,7758,16409,7481,8537,7425,NA
"12-APR-2022",2022-04-12 10:56:17,"2022-04-12","10H 56M 17S","Unknown","2.16.0","Unknown","Unknown",570,260,467,473,408,518,532,491,439,554,461,688,664,597,489,41.09,0.18,125.2,126.63,132.29,119.51,130.31,41.46,85.36,51.59,111.15,125.4,132.86,116.55,118.85,66294.826171875,261818.90625,7782.39990234375,4875.02001953125,5022.080078125,10028.0595703125,9844.62939453125,10123.9204101562,7329.96020507812,5972.94018554688,9936.00048828125,17398.015625,7555.31518554688,9387.330078125,8172.79516601562,NA,NA,NA,NA,NA,NA,NA,NA,570,570,260,260,467,473,408,518,532,491,439,554,461,688,664,597,489,6.72,39.66,4.5,13.97,117.6,122.34,127.24,126.22,86.89,64.11,100.74,90.68,61.39,121.77,123.75,117.68,118.72,75729.14453125,56226.5,69105.1875,234312,7451.5,4704,4816.5,10058.5,9961,7444,7434.5,5983.5,8381,17546.5,7664,9249,8019,NA
"12-APR-2022",2022-04-12 10:54:08,"2022-04-12","10H 54M 8S","Unknown","2.16.0","Unknown","Unknown",570,260,467,473,408,518,532,491,439,554,461,688,664,597,489,33.13,49.11,124.71,133.57,131.43,121.15,122.58,69.27,77.5,70.18,124.29,127.87,124.36,125.45,123.14,58779.16015625,179977.203125,6502.56005859375,4318.31982421875,4446.759765625,10068.7294921875,10087.8193359375,12956.7607421875,7857.00048828125,6114.96044921875,9171.3603515625,13646.0498046875,6154.59033203125,7405.0302734375,6578.5703125,NA,NA,NA,NA,NA,NA,NA,NA,570,570,260,260,467,473,408,518,532,491,439,554,461,688,664,597,489,12.33,37.66,1.96,59.77,75.26,79.32,87.07,80.85,86.65,29.99,47.36,46.94,57.42,125.71,122.4,123.65,125.85,75605.328125,52576,67907.1484375,167804,7594,4918,5008,10475,9946,8286,7572,6200,8456,16894,7654,9258,8078,NA
"11-APR-2022",2022-04-11 13:08:02,"2022-04-11","13H 8M 2S","Unknown","2.16.0","Unknown","Unknown",570,260,467,473,408,518,532,491,439,554,461,688,664,597,489,1.84,14.39,14.68,10.46,11.72,16,15.17,12.67,17.23,15.65,8.54,21.86,19.74,10.47,7.54,30463.19140625,92013.796875,9688.4794921875,6024.52001953125,6248.7197265625,13412.7998046875,12124.6396484375,6583.68017578125,6839.64013671875,5689.4404296875,9129.240234375,22038.791015625,9532.240234375,11086.6904296875,9540.41015625,NA,NA,NA,NA,NA,NA,NA,NA,570,570,260,260,467,473,408,518,532,491,439,554,461,688,664,597,489,1.59,2.59,1.19,13.95,15.33,10.95,11.97,20.74,16.65,13.21,16.47,16,8.93,18.51,20.13,10.65,7.56,68604.8671875,29284,64346.3671875,93675,9470,5918,6194,12501,11858,6822,7383,6142,8618,20552,9116,10807,9450,NA
"11-APR-2022",2022-04-11 13:07:32,"2022-04-11","13H 7M 32S","Unknown","2.16.0","Unknown","Unknown",570,260,467,473,408,518,532,491,439,554,461,688,664,597,489,36.93,73.36,13.23,22.67,17.98,16.85,19.92,39.38,27.72,35.15,18.59,18.09,15.07,22.8,22.88,40724.5,152345.671875,7589.35986328125,4452.83984375,4989.39990234375,11144.41015625,10321.0498046875,6546.96044921875,6393.60009765625,5512.3203125,8579.5205078125,13549.2998046875,6330.89013671875,7296.669921875,6454.30029296875,NA,NA,NA,NA,NA,NA,NA,NA,570,570,260,260,467,473,408,518,532,491,439,554,461,688,664,597,489,5.48,29.33,2.42,66.95,19.97,19.95,13.41,19.86,22.55,35.3,32.2,43.47,18.17,21.46,11.3,17.04,18.51,68946.171875,37761,67008.8828125,150797,9110,5350,5814,11462,11106,7097,7672,6545,9156,18197,8161,9955,8587,NA
"08-APR-2022",2022-04-08 18:46:04,"2022-04-08","18H 46M 4S","Unknown","2.16.0","Unknown","Unknown",570,260,467,473,408,518,532,491,439,554,461,688,664,597,489,2.4,24.04,24.94,15.46,18.24,23.15,24.34,19.32,23.1,16.88,7.89,26.46,19.21,11.95,13.08,30554.830078125,96338.1015625,10949.3203125,7039.8798828125,7587.83984375,13862.66015625,12709.7900390625,8613,8809.560546875,6945.48046875,10607.7607421875,22038.361328125,9778.2001953125,11171.400390625,10097.6904296875,NA,NA,NA,NA,NA,NA,NA,NA,570,570,260,260,467,473,408,518,532,491,439,554,461,688,664,597,489,1.65,3.54,1.62,20.72,21.15,17.42,19.89,25.67,19.65,20.65,19.42,14.61,8.97,26.84,22.65,12.62,12.69,68996.1875,29104,65506.06640625,95082,10767,7099,7515,13821,12726,8616,9133,6962,9273,21851,9558,11058,10130,NA
"08-APR-2022",2022-04-08 18:45:30,"2022-04-08","18H 45M 30S","Unknown","2.16.0","Unknown","Unknown",570,260,467,473,408,518,532,491,439,554,461,688,664,597,489,46.38,65.34,133.18,139.86,142.28,121.42,130.8,43.98,109.59,83.1,134.44,133.62,117.05,127.24,138.08,53889.45703125,162892.4765625,7063.81982421875,4367.71984863281,4533.01989746094,9610.56982421875,8578.46484375,8080.0205078125,6374.16015625,5590.62036132812,8202.06005859375,12390.2353515625,5751.67993164062,7073.71508789062,5775.330078125,NA,NA,NA,NA,NA,NA,NA,NA,570,570,260,260,467,473,408,518,532,491,439,554,461,688,664,597,489,17.42,35.12,13.81,51.69,138.29,140.84,142.38,126.81,135.01,63.22,122.73,103.7,136.32,136.12,115.82,131.66,140.89,78126.484375,36980.5,71588.26171875,144676,7643.5,4817.5,5031.5,9456.5,8685.5,6843,5998.5,5588.5,7648,14930,7088.5,8972,7484,NA
"08-APR-2022",2022-04-08 12:16:47,"2022-04-08","12H 16M 47S","Unknown","2.16.0","Unknown","Unknown",570,260,467,473,408,518,532,491,439,554,461,688,664,597,489,2.46,7.18,4.81,5.03,5.22,5.65,6.5,9.06,8.95,10.91,6.13,4.27,5.91,4.96,4.47,57045.12109375,71367.546875,8447.1005859375,5474.52001953125,5763.1201171875,10435.58984375,9935.099609375,8107.23974609375,8336.919921875,6889.23974609375,10380.83984375,16658.630859375,7578.75,9236.830078125,8121.41015625,NA,NA,NA,NA,NA,NA,NA,NA,570,570,260,260,467,473,408,518,532,491,439,554,461,688,664,597,489,0.75,2.29,0.93,6.81,6.87,7.09,7.25,5.45,7.21,9.52,9.01,11.63,5.98,4.68,6.51,5.31,4.75,65740.71875,56921,65116.55859375,71818,8632,5628,6016,10383,9889,7364,7784,6347,8029,16566,7538,9150,8083,NA
"08-APR-2022",2022-04-08 12:15:26,"2022-04-08","12H 15M 26S","Unknown","2.16.0","Unknown","Unknown",570,260,467,473,408,518,532,491,439,554,461,688,664,597,489,2.62,7.29,33.37,32.29,34.3,5.78,6.87,9.21,9,10.48,6.31,5.9,7.39,6.77,6,55891.091796875,69013.25390625,2174.86010742188,1423.76000976562,1311.28002929688,10097.7802734375,9522.58984375,7440.23974609375,7741.83984375,6372.4599609375,8965.6396484375,12149.0048828125,5517.76025390625,6629.955078125,6009.68017578125,NA,NA,NA,NA,NA,NA,NA,NA,570,570,260,260,467,473,408,518,532,491,439,554,461,688,664,597,489,0.78,2.3,0.92,6.74,23.37,23.59,28.41,5.53,7.34,9.55,9.06,11.05,5.95,4.6,6.44,5.25,4.59,64579.33203125,56782.5,63695.521484375,70918,6568.5,4276.5,4099,10292,9836,7218.5,7631.5,6213,7952,16495,7516.5,9138.5,8077,NA
"07-APR-2022",2022-04-07 15:02:30,"2022-04-07","15H 2M 30S","Unknown","2.16.0","Unknown","Unknown",570,260,467,473,408,518,532,491,439,554,461,688,664,597,489,2.92,6.61,4.02,4.56,4.54,4.86,5.71,5.62,5.35,7.99,4.86,3.96,5.73,4.71,4.46,77332.9609375,78138.2734375,9336.2099609375,6385.4599609375,6772.85009765625,11361.0400390625,11007.044921875,9911.0400390625,10261.359375,8529.4794921875,11549.5400390625,17362.5400390625,7976.93017578125,10202.6098632812,9221.7802734375,NA,NA,NA,NA,NA,NA,NA,NA,570,570,260,260,467,473,408,518,532,491,439,554,461,688,664,597,489,0.65,2.67,0.9,6.12,5.69,6.13,6.23,4.77,6.81,5.57,5.35,9.24,5.34,4.18,6.15,5.06,4.53,69635.375,72801,69693.76171875,73405,9131.5,6289,6769.5,10603,10276,7993.5,8483,6934.5,7704,16922,7778,9912.5,8989.5,NA
"07-APR-2022",2022-04-07 15:00:34,"2022-04-07","15H 0M 34S","Unknown","LSRII","1","Administrator",570,260,467,473,408,518,532,491,439,554,461,688,664,597,489,2.64,6.11,21.75,22.16,20.98,4.43,5.72,6.38,6.02,8.72,5.71,12.93,13.8,12.53,12.26,77897.94921875,79321.8515625,5451.2099609375,3685.56994628906,4174.7099609375,11557.3349609375,11138.599609375,8435.51953125,8951.1396484375,7379.33984375,10248.599609375,7227.01000976562,3298.74499511719,4407.0703125,3930.20007324219,58.34,0,20.7,38.88,0.74,0.83,1.16,0.43,570,570,260,260,467,473,408,518,532,491,439,554,461,688,664,597,489,0.66,2.35,0.77,5.66,6.59,6.66,6.21,4.42,6.43,4.84,4.45,8.48,5.47,4.43,6.34,4.95,4.44,68998.5859375,74084,68862.80078125,75491,9340,6459,7017,10894.5,10513,8264,8780.5,7176.5,7775.5,16895,7731,9906,8983,NA
"05-APR-2022",2022-04-05 13:48:56,"2022-04-05","13H 48M 56S","Unknown","2.16.0","Unknown","Unknown",570,260,467,473,408,518,532,491,439,554,461,688,664,597,489,4.39,4.67,3.13,7.38,7.39,3.35,6.72,3.08,2.39,6.54,4.38,4.13,6.06,8.68,9.18,71940.578125,81742.546875,9540.8203125,6514.22021484375,7111.39990234375,11570.2001953125,11178.439453125,9841.439453125,10355.3193359375,8572.3994140625,11343.6396484375,15676.5107421875,7213.25,9476.7705078125,8583.66015625,NA,NA,NA,NA,NA,NA,NA,NA,570,570,260,260,467,473,408,518,532,491,439,554,461,688,664,597,489,0.54,4.75,0.65,4.73,3.88,8.56,8.13,4.02,7.4,3.02,2.65,7.17,4.91,4.34,6.47,9.03,9.13,66844.125,70484,66524.8359375,80734,10368,7136,7882,11317,10886,9663,10415,8504,9181,15550,7174,9356,8538,NA
"05-APR-2022",2022-04-05 13:47:50,"2022-04-05","13H 47M 50S","Unknown","2.16.0","Unknown","Unknown",570,260,467,473,408,518,532,491,439,554,461,688,664,597,489,4.17,4.63,12.73,14.42,16.34,3.23,6.88,3.08,2.55,6.89,5.37,5.37,6.98,9.84,10.35,71114.7421875,80161.8125,5572.2001953125,3698.89001464844,4054.82995605469,11283.01953125,10887.109375,9206.919921875,9829.83984375,8065.47998046875,9851.8798828125,10912.1103515625,5011.64990234375,6626.08520507812,6089.23022460938,NA,NA,NA,NA,NA,NA,NA,NA,570,570,260,260,467,473,408,518,532,491,439,554,461,688,664,597,489,0.55,4.45,0.57,4.73,4.03,7.95,7.67,3.77,7.39,3.11,2.58,7.57,4.93,4.36,6.23,9.25,9.1,65859.12109375,70721.5,65185.509765625,80790.5,10379.5,7140,7883,11354,10920,9658,10412,8501,9199,15555,7171.5,9363,8543,NA
"01-APR-2022",2022-04-01 08:32:02,"2022-04-01","8H 32M 2S","Unknown","2.16.0","Unknown","Unknown",570,260,467,473,408,518,532,491,439,554,461,688,664,597,489,1.98,4.54,4.23,9.71,9.64,2.89,6.79,3.39,2.85,6.47,4.51,4.16,5.88,9.21,9.26,75289.44921875,80986.41796875,9158.97998046875,6471.30029296875,7099.19018554688,11631.6201171875,11309.1650390625,10103.599609375,10848.3193359375,8782.359375,11541.419921875,16723.775390625,7620.03002929688,9988.25537109375,9405.60546875,NA,NA,NA,NA,NA,NA,NA,NA,570,570,260,260,467,473,408,518,532,491,439,554,461,688,664,597,489,0.55,2.21,0.58,4.25,5.11,10.65,11.38,3.39,7.41,3.39,2.86,7.43,5.18,4.39,6.46,9.59,9.47,66955.45703125,73801,66542.6640625,79796,9942.5,7068,7837.5,11380,11045,9251,10171,8121,8730,16541.5,7562,9841,9308,NA
"01-APR-2022",2022-04-01 08:31:06,"2022-04-01","8H 31M 6S","Unknown","2.16.0","Unknown","Unknown",570,260,467,473,408,518,532,491,439,554,461,688,664,597,489,2.08,4.77,15.22,18.31,22.07,2.92,6.82,3.59,3.06,6.74,5.21,5.4,6.86,9.79,11.29,74056.98046875,78377.31640625,6238.2001953125,4266.09985351562,4353.05004882812,11372.2451171875,10951.4345703125,9532.8798828125,10344.2998046875,8325.8994140625,10044.439453125,12758.3149414062,5821.55517578125,7485.8701171875,7106.18017578125,NA,NA,NA,NA,NA,NA,NA,NA,570,570,260,260,467,473,408,518,532,491,439,554,461,688,664,597,489,0.62,2.12,0.66,4.49,5.28,10.34,10.37,3.32,7.24,3.51,2.83,7.45,4.94,4.37,6.45,8.77,8.96,65909.79296875,73730,64784.23046875,79356,9889.5,7018.5,7785,11376.5,11053,9227,10155,8083,8729,16493.5,7549.5,9812,9299,NA
"31-MAR-2022",2022-03-31 09:04:40,"2022-03-31","9H 4M 40S","Unknown","2.16.0","Unknown","Unknown",570,260,467,473,408,518,532,491,439,554,461,688,664,597,489,5.33,7.42,5.14,9.8,9.88,6.51,8.37,9.47,9.35,11.05,6.17,4.6,6.11,8.74,8.53,86965.5390625,67621.7578125,7263.84033203125,5193.31982421875,5720.94018554688,9728.4296875,9833.4248046875,7255.2197265625,7535.35986328125,6255.8798828125,9935.9794921875,16273.7802734375,7420.72509765625,10081.5654296875,9617.38037109375,NA,NA,NA,NA,NA,NA,NA,NA,570,570,260,260,467,473,408,518,532,491,439,554,461,688,664,597,489,0.76,4.84,0.71,6.88,7.45,11.84,12.85,6.11,8.88,9.47,9.11,11.35,5.94,4.73,6.78,8.73,8.58,65469.453125,87136.5,64032.4453125,69102.5,7304,5204,5773,9820,9904,7062,7556.5,6160.5,8353.5,16290,7462,10080.5,9638,NA
"31-MAR-2022",2022-03-31 09:03:38,"2022-03-31","9H 3M 38S","Unknown","LSRII","1","Administrator",570,260,467,473,408,518,532,491,439,554,461,688,664,597,489,5.26,6.9,9.93,12.99,15.07,6.06,8.37,9.19,9.04,10.57,5.92,5.65,6.75,10.58,11.15,85603.9375,65945.15625,4815.919921875,3565.32006835938,3749.580078125,9503.5,9492.7099609375,6680.43994140625,7022.6396484375,5823.19970703125,8628.080078125,11426.8203125,5203.43017578125,6883.01025390625,6640.919921875,58.34,0,20.7,38.88,0.74,0.83,1.16,0.43,570,570,260,260,467,473,408,518,532,491,439,554,461,688,664,597,489,0.74,4.58,0.66,6.29,6.78,11.1,12.92,5.62,8.65,8.97,8.68,11.09,5.56,4.48,6.13,9.52,8.8,64648.15625,86789,63320.37109375,68150,7217,5128,5693,9760,9805,6939,7429,6069,8316,16246,7399,10011,9603,NA
"30-MAR-2022",2022-03-30 11:52:42,"2022-03-30","11H 52M 42S","Unknown","2.16.0","Unknown","Unknown",570,260,467,473,408,518,532,491,439,554,461,688,664,597,489,4.59,6.87,5.44,10.71,10.47,5.71,8.41,13.6,13.7,15.21,8.74,4.57,6.13,9.28,9.27,92770.84375,70903.578125,7160.97998046875,5225.14013671875,5723.16015625,10186.58984375,10360.8896484375,5322.080078125,5471.7197265625,4546.0400390625,8420.439453125,16068.669921875,7330.2099609375,10142.83984375,9800.560546875,NA,NA,NA,NA,NA,NA,NA,NA,570,570,260,260,467,473,408,518,532,491,439,554,461,688,664,597,489,0.7,4.12,0.71,6.33,7.75,12.72,13.5,5.37,8.58,12.99,13.15,15.05,7.63,4.86,6.59,9.45,9.33,65950.546875,92201,64660.18359375,71784,7119,5174,5723,10193,10347,5320,5681,4631,7563,16247,7442,10246,9915,NA
"30-MAR-2022",2022-03-30 11:51:49,"2022-03-30","11H 51M 49S","Unknown","LSRII","1","Administrator",570,260,467,473,408,518,532,491,439,554,461,688,664,597,489,4.79,7.49,8.77,13.06,14.36,6.1,8.54,14.61,14.12,15.46,9.07,5.56,7.2,10.44,10.97,91354.48046875,70129.19140625,5528.5400390625,4016.34997558594,4434.07983398438,10032.2099609375,10201.9448242188,5013.51977539062,5201.43994140625,4309.39990234375,7545.7998046875,12146.4252929688,5535.17504882812,7531.02001953125,7161.00512695312,60.39,0,21.82,40.05,0.76,0.78,1.1,0.42,570,570,260,260,467,473,408,518,532,491,439,554,461,688,664,597,489,0.74,4.34,0.72,6.81,7.77,12.56,13.23,5.73,9.15,14.04,13.8,15.37,7.97,5.01,6.83,9.67,9.42,65273.2109375,91691,64052.359375,71636,7158,5206,5775,10201,10366,5345,5696,4635.5,7580.5,16258.5,7420.5,10279,9942,NA
"29-MAR-2022",2022-03-29 13:11:24,"2022-03-29","13H 11M 24S","Unknown","2.16.0","Unknown","Unknown",570,260,467,473,408,518,532,491,439,554,461,688,664,597,489,2.24,4.81,4.07,4.62,4.75,2.91,5.12,6.17,5.87,8.34,5.24,3.97,5.84,4.84,4.52,99358.3515625,78031.5859375,9514.43994140625,6334.60009765625,6717.64013671875,11029.19921875,10528.0493164062,8639.400390625,8979.30029296875,7431.60009765625,10575.400390625,26023.07421875,11841.69921875,14565.849609375,13126.7495117188,NA,NA,NA,NA,NA,NA,NA,NA,570,570,260,260,467,473,408,518,532,491,439,554,461,688,664,597,489,0.53,2.43,0.82,5.12,5.14,5.3,5.2,3.68,6.44,6.02,5.57,9.02,5.25,4.33,6.47,5.19,4.62,64791.7109375,100621,64017.208984375,80147,9772,6572.5,7036,11221.5,10727,8970.5,9556,7799.5,9168.5,17205,7860,9597,8689,NA
"29-MAR-2022",2022-03-29 13:09:31,"2022-03-29","13H 9M 31S","Unknown","2.16.0","Unknown","Unknown",570,260,467,473,408,518,532,491,439,554,461,688,664,597,489,2.2,4.63,4.8,4.81,4.86,3,5.08,6.01,5.61,8.09,4.9,4.28,5.97,5.13,4.84,97897.1015625,76402.5546875,8522.6396484375,5690.1201171875,6118,10832.6396484375,10290.5400390625,8191.7001953125,8605.2998046875,7136.80029296875,9861.5,21290.099609375,9694.75,11835.849609375,10682.099609375,NA,NA,NA,NA,NA,NA,NA,NA,570,570,260,260,467,473,408,518,532,491,439,554,461,688,664,597,489,0.54,2.42,0.72,4.97,4.67,4.94,5.01,3.6,6.35,5.78,5.34,8.52,4.9,4.39,6.35,5.16,4.7,64135.51171875,100164,63092.9140625,79564,9785,6573,7046,11154,10648,8954,9570,7815,9165,17163,7820,9573,8676,NA
"29-MAR-2022",2022-03-29 11:09:39,"2022-03-29","11H 9M 39S","Unknown","2.16.0","Unknown","Unknown",570,260,467,473,408,518,532,491,439,554,461,688,664,597,489,1.88,4.9,5.51,5.46,5.43,3.05,5.18,7.38,7.2,9.73,5.61,4.3,6.22,5,4.57,96467.3515625,75918.1796875,8769.259765625,6174.23974609375,6753.73999023438,10788.1796875,10601.3696289062,7561.400390625,8094.35034179688,6679.75024414062,9485.2998046875,21253.69921875,9730.1748046875,12602.849609375,11793.2744140625,NA,NA,NA,NA,NA,NA,NA,NA,570,570,260,260,467,473,408,518,532,491,439,554,461,688,664,597,489,0.53,1.94,0.66,5.05,5.52,5.81,5.63,3.55,6.21,7.18,6.92,10.14,5.14,4.44,6.49,5.06,4.56,62847.0703125,100733,61443.900390625,81159.5,9781,6921,7588,11413.5,11239.5,8256.5,8981.5,7339,9041.5,16985,7784,10053,9417,NA
"29-MAR-2022",2022-03-29 11:09:05,"2022-03-29","11H 9M 5S","Unknown","2.16.0","Unknown","Unknown",570,260,467,473,408,518,532,491,439,554,461,688,664,597,489,1.9,4.85,4.51,5.08,5.03,2.77,5.03,7.27,7.15,9.71,5.9,4.24,5.72,4.72,4.23,97613.6015625,77074.9140625,9421.7197265625,6592.23974609375,7168.31982421875,10901.279296875,10756.19921875,7896.900390625,8395.2001953125,6917.900390625,10205.7998046875,25733.5,11688.94921875,15176.849609375,14156.349609375,NA,NA,NA,NA,NA,NA,NA,NA,570,570,260,260,467,473,408,518,532,491,439,554,461,688,664,597,489,0.54,2,0.75,4.91,5.27,5.91,5.61,3.31,6.01,7.3,6.98,9.68,5.3,4.56,6.05,5.19,4.07,63415.71875,100998,62216.21484375,81484,9793,6945,7612,11424,11221,8264,9002,7322,9039,17053,7765,10023,9394,NA
"25-MAR-2022",2022-03-25 09:05:01,"2022-03-25","9H 5M 1S","Unknown","2.16.0","Unknown","Unknown",570,260,467,473,408,518,532,491,439,554,461,688,664,597,489,3.5,5.98,4.75,5.27,5.63,4.31,5.67,5.99,5.86,8.27,5.09,3.91,5.47,4.76,4.17,100965.19921875,74459.578125,8498.31982421875,5581.43994140625,5920.39990234375,10735.5297851562,10352.1591796875,8826.400390625,9340.1005859375,7602.65014648438,10837.2001953125,17642.099609375,8056.22973632812,9931.73974609375,8884.0498046875,NA,NA,NA,NA,NA,NA,NA,NA,570,570,260,260,467,473,408,518,532,491,439,554,461,688,664,597,489,0.54,3.29,0.81,5.58,6.55,6.9,6.97,4.21,6.56,6.26,5.93,9.56,5.51,4.34,6.23,4.9,4.35,65216.658203125,101541.5,64226.248046875,76028.5,8175,5411,5794.5,10878,10467.5,8300.5,9006,7206,8474,17264,7900,9684,8712.5,NA
"25-MAR-2022",2022-03-25 09:04:02,"2022-03-25","9H 4M 2S","Unknown","LSRII","1","Administrator",570,260,467,473,408,518,532,491,439,554,461,688,664,597,489,3.69,6.1,7.03,6.88,7.11,4.44,6,6.29,6.2,8.55,6.01,4.17,6.12,4.97,4.66,99823.84765625,73903.046875,7544.13989257812,4949.1201171875,5308.59985351562,10572.1196289062,10122.4497070312,8353.9501953125,8910,7197.85034179688,9584.30029296875,14375.759765625,6581.81982421875,8126.15966796875,7317.86962890625,60.39,0,21.82,40.05,0.76,0.78,1.1,0.42,570,570,260,260,467,473,408,518,532,491,439,554,461,688,664,597,489,0.68,3.35,0.95,5.61,6.67,7.03,6.91,4.31,6.9,6.2,6.31,9.43,5.84,4.3,6.11,5.13,4.55,64577.419921875,101435,63424.15234375,76270.5,8194.5,5402,5804.5,10914,10482,8299,9026,7207.5,8491.5,17310.5,7922.5,9717,8729,NA
"24-MAR-2022",2022-03-24 14:19:57,"2022-03-24","14H 19M 57S","Unknown","2.16.0","Unknown","Unknown",570,260,467,473,408,518,532,491,439,554,461,688,664,597,489,3.1,4.84,3.22,3.65,3.91,3.5,5.52,3.31,2.85,6.22,4.54,4.25,5.93,5.03,4.8,104327.296875,77767.94921875,9742.439453125,6349.0400390625,6923.60009765625,10863.83984375,10544.8193359375,9819.7001953125,10308.1005859375,8385.2998046875,11180.400390625,16052.189453125,7304.2197265625,9013.2001953125,7997.849609375,NA,NA,NA,NA,NA,NA,NA,NA,570,570,260,260,467,473,408,518,532,491,439,554,461,688,664,597,489,0.61,3.54,0.72,4.91,4.03,4.19,4.3,4.27,6.63,3.77,3.44,7.36,5.45,4.65,6.43,5.37,4.86,65079.70703125,105077,64333.05078125,79397.5,10074,6647,7310,11017,10670,9198,9874,7932.5,8645,16165,7381,9021,8048,NA
"24-MAR-2022",2022-03-24 10:22:48,"2022-03-24","10H 22M 48S","Unknown","2.16.0","Unknown","Unknown",570,260,467,473,408,518,532,491,439,554,461,688,664,597,489,15.18,0,69.89,92.25,92.44,57.46,84.47,103.03,70.15,87.75,54.53,83.26,81.75,88.35,86.3,55367.19921875,262143,2087.71997070312,1641.59997558594,1849.07995605469,1855.61987304688,2634.05981445312,7921.10009765625,1906.30004882812,1646.70007324219,2838,3608.63989257812,1920.23999023438,3321.77978515625,2904.2998046875,NA,NA,NA,NA,NA,NA,NA,NA,570,570,260,260,467,473,408,518,532,491,439,554,461,688,664,597,489,7.69,26.65,10.51,18.26,95.89,62.88,43.79,30.71,77.98,72.54,19.28,70.87,32.35,67.42,66.15,73.62,76.41,69252.96875,46796,72115.03125,228284,1339,995,1063,1207,1943,2522,838,1090,1251,3160,1580,2604,2408,NA
"24-MAR-2022",2022-03-24 10:22:07,"2022-03-24","10H 22M 7S","Unknown","2.16.0","Unknown","Unknown",570,260,467,473,408,518,532,491,439,554,461,688,664,597,489,9.79,0,98.8,78.9,81.08,91.81,92.24,47.15,100.06,81.24,86.97,73.96,79.82,64.34,73.25,39314.44921875,262143,8067.01977539062,6298.11987304688,6935,12747.1494140625,13793.51953125,13073.5,10358.7001953125,8894.60009765625,12370.6000976562,16570.8891601562,7328.78979492188,11373.8095703125,10345.439453125,NA,NA,NA,NA,NA,NA,NA,NA,570,570,260,260,467,473,408,518,532,491,439,554,461,688,664,597,489,34.64,36.5,1.24,6.29,44.92,43.49,42.89,32.8,52.56,20.12,25.04,29.8,32.93,72.48,56.07,53.47,54.78,87812.34375,34896.5,67566.29296875,245982,8324,6164,6734,12029,12510.5,9409,9397.5,7671,8680,19366.5,8376.5,12109,11187,NA
"22-MAR-2022",2022-03-22 15:03:17,"2022-03-22","15H 3M 17S","Unknown","2.16.0","Unknown","Unknown",570,260,467,473,408,518,532,491,439,554,461,688,664,597,489,0,0,87.35,70.91,62.63,42.09,41.34,57.83,44.41,59.1,45.99,55.55,61.98,60.15,60.53,262143,262143,771.399963378906,139.839996337891,88.1599960327148,3201.11987304688,1636.43994140625,22305.80078125,6201.80029296875,8490.900390625,2205.5,2391.05981445312,1491.83996582031,1168.85998535156,558.599975585938,NA,NA,NA,NA,NA,NA,NA,NA,570,570,260,260,467,473,408,518,532,491,439,554,461,688,664,597,489,0.55,9.1,18,43.58,35.83,32.12,27.64,77.39,53.83,39.46,81.03,78.74,68.23,32.93,29.71,35.33,44.89,65540.75,246976,76275.4609375,198123,360,60,59,1502,829,6681,1901,2896,628,1031,534,470,251,NA
"22-MAR-2022",2022-03-22 11:35:06,"2022-03-22","11H 35M 6S","Unknown","2.16.0","Unknown","Unknown",570,260,467,473,408,518,532,491,439,554,461,688,664,597,489,7.79,7.64,7.67,8.04,8.37,6.35,7.37,8.44,8.47,10.3,6,4.28,5.91,5.04,4.76,88082.75,73766.15625,7014.419921875,4450.56005859375,4646.26000976562,10309.6499023438,9671.2197265625,8473.85009765625,8880.30029296875,7209.9501953125,10208.5502929688,17170.01953125,7825.85986328125,9366.83984375,8087.72973632812,NA,NA,NA,NA,NA,NA,NA,NA,570,570,260,260,467,473,408,518,532,491,439,554,461,688,664,597,489,0.57,8.11,0.62,7.99,8.97,8.78,9.15,7.09,8.81,9.1,8.79,11.23,6.31,4.51,6.48,5.31,4.93,66435.70703125,86828.5,65928.65625,73614.5,7225.5,4620.5,4879,10207,9534.5,8068,8666,6937.5,7971,17251,7876,9316.5,8099.5,NA
"22-MAR-2022",2022-03-22 11:33:43,"2022-03-22","11H 33M 43S","Unknown","2.16.0","Unknown","Unknown",570,260,467,473,408,518,532,491,439,554,461,688,664,597,489,9.34,8.05,9.79,9.82,10.25,7.46,8.48,9.86,9.5,11.3,6.42,4.62,6.35,5.37,5.01,85873.1953125,72120.74609375,6456.19995117188,4061.81994628906,4277.27978515625,10033.919921875,9406.7998046875,7929.90014648438,8411.150390625,6734.2001953125,8856.1005859375,13962.8994140625,6368.25,7527.65966796875,6549.47998046875,NA,NA,NA,NA,NA,NA,NA,NA,570,570,260,260,467,473,408,518,532,491,439,554,461,688,664,597,489,0.53,9.68,0.54,8.35,9.62,10.02,10.5,8.18,9.82,10.15,9.67,12.13,6.22,4.45,6.51,5.06,4.64,65619.02734375,85699,64842.947265625,73128,7194,4558.5,4834,10156,9482,8034,8635.5,6872.5,7922.5,17202,7838,9316,8083,NA
"21-MAR-2022",2022-03-21 10:02:15,"2022-03-21","10H 2M 15S","Unknown","2.16.0","Unknown","Unknown",570,260,467,473,408,518,532,491,439,554,461,688,664,597,489,2.09,4.38,3.5,3.71,4.07,2.73,4.87,3.33,2.7,6.67,4.46,4,5.87,4.89,4.31,110747,80153.578125,8209.51953125,5257.68017578125,5392.19970703125,11576.759765625,10836.5400390625,10040.7998046875,10679.900390625,8677.900390625,11140.7998046875,17416.138671875,7936.73974609375,9520.9794921875,8366.3994140625,NA,NA,NA,NA,NA,NA,NA,NA,570,570,260,260,467,473,408,518,532,491,439,554,461,688,664,597,489,0.47,2.12,0.75,4.74,4.28,4.29,4.86,3.47,5.88,3.55,3.1,7.51,5.25,4.4,6.41,5.11,4.52,65990.1171875,110025,65507.3984375,80480,8385,5393,5584,11526,10797,9762,10652,8514,8759,17219,7858,9375,8274,NA
"21-MAR-2022",2022-03-21 10:00:22,"2022-03-21","10H 0M 22S","Unknown","2.16.0","Unknown","Unknown",570,260,467,473,408,518,532,491,439,554,461,688,664,597,489,2.54,4.9,4.47,4.42,4.66,3.12,5.46,3.94,3.33,7.25,5.47,4.34,5.98,5,4.7,108609.8984375,78547.5546875,7667.64013671875,4914.919921875,5082.1201171875,11405.939453125,10603.3193359375,9446.7998046875,10183.7998046875,8186.2001953125,9837.2998046875,14578.19921875,6668.33984375,7947.65966796875,7012.73974609375,NA,NA,NA,NA,NA,NA,NA,NA,570,570,260,260,467,473,408,518,532,491,439,554,461,688,664,597,489,0.54,2.71,0.77,5.27,4.73,4.67,4.91,3.7,6.45,4.33,3.74,8.03,5.52,4.43,6.38,4.95,4.54,65458.12109375,108800,64544.21875,80052,8331,5362,5561,11504,10751,9656,10551,8381,8674,17279,7898,9378,8293,NA
"18-MAR-2022",2022-03-18 08:52:26,"2022-03-18","8H 52M 26S","Unknown","2.16.0","Unknown","Unknown",570,260,467,473,408,518,532,491,439,554,461,688,664,597,489,1.4,4.68,4.82,6.53,8.32,3.5,5.68,5.51,5.06,7.77,5.22,4.21,5.82,6.34,7.73,111945.3984375,79966.765625,7583.65991210938,4694.52001953125,4580.13989257812,11461.3193359375,10808.4599609375,8538.2001953125,8872.6005859375,7213.25024414062,10228.3500976562,17385.4794921875,7911.53955078125,9206.3994140625,7574.27978515625,NA,NA,NA,NA,NA,NA,NA,NA,570,570,260,260,467,473,408,518,532,491,439,554,461,688,664,597,489,0.45,1.22,0.87,4.78,5.95,7.4,8.79,3.6,7.05,5.9,5.29,9.03,6.15,4.52,6.68,6.83,7.79,65651.640625,111741.5,65048.810546875,80744,7644.5,4737,4657,11462.5,10840.5,7174,7643.5,6130,7016.5,17086,7787,8993,7427.5,NA
"18-MAR-2022",2022-03-18 08:50:25,"2022-03-18","8H 50M 25S","Unknown","2.16.0","Unknown","Unknown",570,260,467,473,408,518,532,491,439,554,461,688,664,597,489,1.47,4.69,5.72,6.73,8.48,3.23,5.56,6.11,5.54,8.7,5.7,4.37,6.24,6.69,7.8,111076,79170,7049.759765625,4351.759765625,4266.64013671875,11347.439453125,10686.779296875,8035.5,8473.2998046875,6882.7001953125,9334.6005859375,14432.4599609375,6547.3798828125,7637.69970703125,6280.259765625,NA,NA,NA,NA,NA,NA,NA,NA,570,570,260,260,467,473,408,518,532,491,439,554,461,688,664,597,489,0.49,1.27,0.8,4.9,5.86,7.13,8.81,3.68,6.76,6.74,5.72,10,6.27,4.56,6.45,6.66,7.59,65079.23046875,111835,64398.50390625,80812,7669,4764,4679,11482,10861,7083,7548,6096,6979,17206,7812,9067,7465,NA
"17-MAR-2022",2022-03-17 11:12:16,"2022-03-17","11H 12M 16S","Unknown","2.16.0","Unknown","Unknown",570,260,467,473,408,518,532,491,439,554,461,688,664,597,489,1.46,4.78,3.63,3.86,3.76,3.05,4.89,4.75,4.3,7.39,4.91,4.1,5.69,4.98,4.6,112319.8984375,80973.359375,8033.19970703125,5747.1201171875,6225.919921875,11635.259765625,11678.1591796875,9169.6005859375,9630.5,7834.2001953125,10728.2998046875,17283.419921875,7861.1396484375,10481.939453125,9824.6396484375,NA,NA,NA,NA,NA,NA,NA,NA,570,570,260,260,467,473,408,518,532,491,439,554,461,688,664,597,489,0.52,1.43,0.73,4.27,4.86,4.6,4.57,3.58,5.89,5.46,4.99,8.8,5.93,4.36,6.2,5.24,4.72,66238.421875,111170,65616.90625,80803,8057,5800,6324,11555,11605,8424,9063,7241,7948,17076,7777,10305,9697,NA
"17-MAR-2022",2022-03-17 11:10:55,"2022-03-17","11H 10M 55S","Unknown","2.16.0","Unknown","Unknown",570,260,467,473,408,518,532,491,439,554,461,688,664,597,489,1.43,4.74,4.58,4.23,4.57,3.17,4.91,4.94,4.27,7.87,5.48,4.61,6.09,4.89,4.7,111216.6953125,79171.5546875,7332.47998046875,5241.7197265625,5669.60009765625,11435.5791015625,11431.6796875,8813.2001953125,9365.400390625,7540.5,9813.1005859375,14319.4794921875,6506.6396484375,8689.3798828125,8135.81982421875,NA,NA,NA,NA,NA,NA,NA,NA,570,570,260,260,467,473,408,518,532,491,439,554,461,688,664,597,489,0.49,1.37,0.65,4.2,4.86,4.31,4.63,3.52,5.79,5.48,4.78,8.6,5.87,4.5,6.39,4.95,4.53,65659.3515625,110974,64628.99609375,80158,8055,5785,6309,11556,11576,8436,9097,7244,7954,17099,7771,10312,9685,NA
"16-MAR-2022",2022-03-16 09:57:55,"2022-03-16","9H 57M 55S","Unknown","2.16.0","Unknown","Unknown",570,260,467,473,408,518,532,491,439,554,461,688,664,597,489,1.66,4.95,3.53,3.87,3.87,3.3,5.11,3.32,2.77,6.69,4.66,4.86,6.48,5.48,4.9,120268.3984375,78861.8984375,8002.7998046875,5557.1201171875,5963.7197265625,11270.2197265625,11146.19921875,9528.2001953125,10081.5,8287.400390625,10888.900390625,16847.87890625,7657.01953125,9971.2197265625,9182.8798828125,NA,NA,NA,NA,NA,NA,NA,NA,570,570,260,260,467,473,408,518,532,491,439,554,461,688,664,597,489,0.54,1.55,1.08,4.99,5.28,5.07,5.1,3.74,6.08,3.66,3.1,7.52,5.39,5.29,6.9,5.64,4.98,64894.81640625,121475,64246.83203125,80575,8119,5672,6133,11419,11318,9550,10347,8374,8891,16845,7653,9917,9170,NA
"16-MAR-2022",2022-03-16 09:56:05,"2022-03-16","9H 56M 5S","Unknown","2.16.0","Unknown","Unknown",570,260,467,473,408,518,532,491,439,554,461,688,664,597,489,1.43,4.63,4.37,3.97,4.14,2.69,4.91,3.11,2.63,6.74,5.19,4.36,6.07,5.08,4.55,119981.75,77959.4375,7569.97998046875,5247.7998046875,5646.7998046875,11242.919921875,11092.3798828125,9165.75,9829.6005859375,7994.80029296875,9840.6005859375,14226.2392578125,6451.61962890625,8367.029296875,7719.3896484375,NA,NA,NA,NA,NA,NA,NA,NA,570,570,260,260,467,473,408,518,532,491,439,554,461,688,664,597,489,0.51,1.31,0.91,4.4,4.96,4.5,4.71,3.32,6.03,3.49,2.94,7.46,5.32,4.51,6.34,4.95,4.41,64478.802734375,121984,63730.38671875,80130.5,8150.5,5671,6116.5,11481.5,11398,9614,10495,8397,8909,16841,7648,9933,9165,NA
"15-MAR-2022",2022-03-15 14:42:05,"2022-03-15","14H 42M 5S","Unknown","2.16.0","Unknown","Unknown",570,260,467,473,408,518,532,491,439,554,461,688,664,597,489,1.53,4.32,3.56,3.73,3.81,2.74,4.77,3,2.52,6.66,4.48,4.27,5.86,4.86,4.34,118952.05078125,79193.7890625,8016.09985351562,5793.47998046875,6355.1201171875,11355.2392578125,11536.19921875,9540.2998046875,10112.2998046875,8295.1005859375,10982.400390625,17028.26953125,7760.5498046875,10463.4599609375,9887.2197265625,NA,NA,NA,NA,NA,NA,NA,NA,570,570,260,260,467,473,408,518,532,491,439,554,461,688,664,597,489,0.49,1.65,0.68,4.69,4.66,4.35,4.44,3.31,5.98,3.43,2.96,7.41,5.11,4.66,6.41,5,4.28,65513.64453125,119020.5,64778.447265625,80356.5,8153,5907.5,6540,11431.5,11625.5,9546,10375,8369,8904,17082.5,7791,10430,9899,NA
"15-MAR-2022",2022-03-15 14:40:12,"2022-03-15","14H 40M 12S","Unknown","2.16.0","Unknown","Unknown",570,260,467,473,408,518,532,491,439,554,461,688,664,597,489,1.48,4.34,4.48,3.9,4.04,2.82,4.71,3.05,2.5,6.85,5.12,4.61,6.09,5.04,4.65,117904.5,77788.6171875,7515.64013671875,5430.19970703125,6002.47998046875,11246.0400390625,11338.0791015625,9137.7001953125,9773.5,7956.30029296875,9929.7001953125,14344.259765625,6524.27978515625,8771.7001953125,8337.83984375,NA,NA,NA,NA,NA,NA,NA,NA,570,570,260,260,467,473,408,518,532,491,439,554,461,688,664,597,489,0.56,1.51,0.74,4.54,4.65,4.39,4.43,3.4,5.74,3.53,2.75,7.4,5.1,4.65,6.24,5.14,4.62,64815.6640625,119363,63975.20703125,79921,8096,5871,6521,11456,11604,9568,10390,8355,8932,16995,7750,10390,9874,NA
"14-MAR-2022",2022-03-14 11:10:47,"2022-03-14","11H 10M 47S","Unknown","2.16.0","Unknown","Unknown",570,260,467,473,408,518,532,491,439,554,461,688,664,597,489,1.52,4.43,3.48,3.57,3.76,2.73,4.77,3.06,2.4,6.65,4.32,4.12,5.82,4.87,4.38,120827.69921875,79652.03515625,8122.8798828125,5677.9599609375,6085.69995117188,11442.599609375,11333.7895507812,9631.6005859375,10177.2001953125,8426.00048828125,11012.1005859375,16968.83984375,7757.39990234375,10066.9794921875,9316.439453125,NA,NA,NA,NA,NA,NA,NA,NA,570,570,260,260,467,473,408,518,532,491,439,554,461,688,664,597,489,0.47,1.51,0.58,4.32,4.85,4.18,4.43,3.45,5.87,3.25,2.59,7.39,5.08,4.42,6.47,5.12,4.57,65480.001953125,120955,64534.04296875,80968.5,8307,5815,6287,11566.5,11443,9754,10584,8621,9112,17023,7795,10054,9343,NA
"14-MAR-2022",2022-03-14 11:08:59,"2022-03-14","11H 8M 59S","Unknown","LSRII","1","Administrator",570,260,467,473,408,518,532,491,439,554,461,688,664,597,489,1.61,4.63,4.4,3.91,4.01,2.76,4.95,3.1,2.58,6.79,5.11,4.42,6.14,5.17,4.68,119780.5,78634.9140625,7767.19970703125,5384.60009765625,5793.47998046875,11300.6396484375,11221.0791015625,9213.6005859375,9812,8089.400390625,9959.400390625,14371.5595703125,6577.19970703125,8506.259765625,7897.6796875,60.39,0,21.82,40.05,0.76,0.78,1.1,0.42,570,570,260,260,467,473,408,518,532,491,439,554,461,688,664,597,489,0.53,1.53,0.59,4.6,4.65,4.33,4.59,3.27,6.18,3.26,2.62,7.28,5.13,4.53,6.46,5.14,4.5,64945.25,120915,63815.48828125,80886,8359,5821,6298,11563,11483,9770,10573,8634,9132,17039,7802,10092,9363,NA
"11-MAR-2022",2022-03-11 08:19:49,"2022-03-11","8H 19M 49S","Unknown","2.16.0","Unknown","Unknown",570,260,467,473,408,518,532,491,439,554,461,688,664,597,489,1.56,4.59,3.56,3.75,3.8,2.93,4.93,3.01,2.44,6.87,4.69,4.49,5.91,4.89,4.53,121835,79721.4609375,8128.19970703125,5649.83984375,6045.7998046875,11389.5595703125,11338.859375,9688.7998046875,10178.2998046875,8379.7998046875,11047.2998046875,17125.919921875,7817.4599609375,10274.0400390625,9416.3994140625,NA,NA,NA,NA,NA,NA,NA,NA,570,570,260,260,467,473,408,518,532,491,439,554,461,688,664,597,489,0.57,1.51,0.83,4.75,4.78,4.67,4.73,3.48,6.16,3.4,2.71,7.61,5.39,4.76,6.42,4.97,4.56,65427.96875,122197,64759.84765625,80957,8223,5741,6202,11493,11432,9678,10412,8434,8961,16992,7764,10148,9325,NA
"11-MAR-2022",2022-03-11 08:18:04,"2022-03-11","8H 18M 4S","Unknown","2.16.0","Unknown","Unknown",570,260,467,473,408,518,532,491,439,554,461,688,664,597,489,1.63,4.86,4.72,4.53,4.45,3.04,4.98,3.05,2.74,6.77,5.24,4.88,6.29,5.48,4.98,120579.1953125,78078.7734375,7561.23974609375,5246.27978515625,5647.56005859375,11263.19921875,11093.1591796875,9260.900390625,9934.1005859375,8021.2001953125,9836.2001953125,14319.4794921875,6544.02001953125,8558.759765625,7870.3798828125,NA,NA,NA,NA,NA,NA,NA,NA,570,570,260,260,467,473,408,518,532,491,439,554,461,688,664,597,489,0.64,1.45,0.88,4.98,5.01,4.95,4.92,3.48,5.89,3.39,2.94,7.32,5.3,4.94,6.82,5.31,4.8,64750.80859375,122168,63651.12109375,80541,8165,5692,6152,11514,11437,9703,10557,8427,8972,16849,7717,10060,9264,NA
"10-MAR-2022",2022-03-10 08:41:50,"2022-03-10","8H 41M 50S","Unknown","2.16.0","Unknown","Unknown",570,260,467,473,408,518,532,491,439,554,461,688,664,597,489,1.24,4.58,3.54,3.69,3.72,2.8,5.02,2.99,2.35,6.67,4.51,4.37,6.03,4.79,4.42,118533.44921875,78534.6875,8120.60009765625,5635.78002929688,6060.23974609375,11290.1098632812,11243.3095703125,9731.150390625,10186,8405.1005859375,11073.7001953125,17058.9287109375,7787.009765625,10238.1298828125,9378.8095703125,NA,NA,NA,NA,NA,NA,NA,NA,570,570,260,260,467,473,408,518,532,491,439,554,461,688,664,597,489,0.5,1.32,0.65,4.22,4.98,4.55,4.58,3.33,6.01,3.17,2.58,7.47,5.31,4.6,6.67,4.97,4.51,65255.025390625,119060.5,64498.6875,79797,8219,5730,6219,11413.5,11355,9721,10416,8447.5,8984,16920.5,7726.5,10103.5,9294,NA
"10-MAR-2022",2022-03-10 08:37:52,"2022-03-10","8H 37M 52S","Unknown","2.16.0","Unknown","Unknown",570,260,467,473,408,518,532,491,439,554,461,688,664,597,489,1.29,4.59,4.53,3.9,4.12,2.73,4.78,3.05,2.42,6.86,4.79,4.37,6.16,5,4.48,117555.8984375,77313.98828125,7613.6796875,5275.5400390625,5693.16015625,11163.359375,11106.419921875,9314.7998046875,9829.6005859375,8055.30029296875,10001.2001953125,14340.689453125,6563.1298828125,8621.9697265625,7917.20971679688,NA,NA,NA,NA,NA,NA,NA,NA,570,570,260,260,467,473,408,518,532,491,439,554,461,688,664,597,489,0.48,1.38,0.59,4.22,4.75,4.34,4.41,3.22,5.84,3.27,2.6,7.35,5.26,4.59,6.55,5.1,4.51,64665.49609375,119165,63766.310546875,79398,8217.5,5725.5,6219,11426,11407.5,9711,10404.5,8431.5,8942,16939,7733.5,10154,9330,NA
"09-MAR-2022",2022-03-09 08:51:06,"2022-03-09","8H 51M 6S","Unknown","2.16.0","Unknown","Unknown",570,260,467,473,408,518,532,491,439,554,461,688,664,597,489,1.47,4.55,3.54,3.83,3.9,2.88,5.05,3.08,2.57,6.66,4.41,4.26,6.25,4.85,4.44,121431.1015625,78951.59375,8048.39990234375,5583.7197265625,6010.080078125,11333.3994140625,11318.5791015625,9697.6005859375,10109,8393,11023.1005859375,16776.478515625,7664.57958984375,10082.51953125,9330.2998046875,NA,NA,NA,NA,NA,NA,NA,NA,570,570,260,260,467,473,408,518,532,491,439,554,461,688,664,597,489,0.56,1.32,0.88,4.63,4.95,4.45,4.63,3.45,6.19,3.29,2.68,7.52,5.35,4.62,6.7,5.12,4.56,65058.2109375,122391,64212.9453125,80786,8169,5698,6176,11504,11479,9690,10328,8441,8987,16703,7615,9987,9262,NA
"09-MAR-2022",2022-03-09 08:48:16,"2022-03-09","8H 48M 16S","Unknown","2.16.0","Unknown","Unknown",570,260,467,473,408,518,532,491,439,554,461,688,664,597,489,1.62,4.37,4.08,3.85,3.73,2.75,4.88,2.95,2.45,6.53,5.1,4.33,6.11,4.99,4.39,120269.796875,78360.359375,7670.2998046875,5323.0400390625,5750.16015625,11263.19921875,11190.6596679688,9301.6005859375,9771.2998046875,8033.30029296875,9937.9501953125,14394.869140625,6582.02978515625,8610.6298828125,7963.82958984375,NA,NA,NA,NA,NA,NA,NA,NA,570,570,260,260,467,473,408,518,532,491,439,554,461,688,664,597,489,0.54,1.56,0.75,4.49,4.58,4.31,4.29,3.28,6.07,3.17,2.75,7.48,5.24,4.45,6.68,5.08,4.36,64705.4453125,121870.5,63969.1875,80474,8295.5,5784,6275,11510,11471.5,9670,10337,8395.5,8921,16931,7754.5,10115.5,9375,NA
"08-MAR-2022",2022-03-08 11:10:36,"2022-03-08","11H 10M 36S","Unknown","2.16.0","Unknown","Unknown",570,260,467,473,408,518,532,491,439,554,461,688,664,597,489,1.95,4.53,3.65,3.66,3.76,2.83,4.97,3.39,3,6.26,4.52,4.33,5.93,4.9,4.36,118500.8984375,78067.078125,8142.64013671875,5700,6168.919921875,11284.259765625,11201.5791015625,9764.7001953125,10106.7998046875,8389.7001953125,11083.6005859375,17181.779296875,7811.57958984375,10284.9599609375,9507.9599609375,NA,NA,NA,NA,NA,NA,NA,NA,570,570,260,260,467,473,408,518,532,491,439,554,461,688,664,597,489,0.48,2.14,0.68,4.87,5.02,4.46,4.5,3.54,6.32,4.01,3.48,7.55,5.62,4.61,6.58,5.06,4.45,65801.7421875,118044,65259.66015625,78657,8333,5855,6388,11280,11167,9272,9836,8028,8516,16987,7728,10113,9394,NA
"08-MAR-2022",2022-03-08 11:07:43,"2022-03-08","11H 7M 43S","Unknown","2.16.0","Unknown","Unknown",570,260,467,473,408,518,532,491,439,554,461,688,664,597,489,2.08,4.79,4.68,4.15,4.15,2.95,4.89,3.57,3.14,6.87,4.98,4.45,5.92,4.87,4.42,117223.3984375,77407.1953125,7714.3798828125,5399.7998046875,5878.60009765625,11156.33984375,10999.1694335938,9354.400390625,9769.1005859375,8043.2001953125,10120,14482.2294921875,6607.43994140625,8694.6298828125,8072.39990234375,NA,NA,NA,NA,NA,NA,NA,NA,570,570,260,260,467,473,408,518,532,491,439,554,461,688,664,597,489,0.45,2.25,0.59,5.11,4.97,4.51,4.45,3.43,5.97,4.15,3.65,7.95,5.65,4.62,6.25,5.02,4.48,65341.16015625,117555,64687.658203125,78712,8385,5903,6443.5,11253,11141.5,9235,9793,7981,8483.5,17047,7781,10161,9453.5,NA
"07-MAR-2022",2022-03-07 08:31:16,"2022-03-07","8H 31M 16S","Unknown","2.16.0","Unknown","Unknown",570,260,467,473,408,518,532,491,439,554,461,688,664,597,489,1.47,4.53,3.64,3.59,3.57,2.9,4.87,6.49,5.98,9.04,5.69,4.13,5.9,4.85,4.31,128565.84765625,79731.98828125,7902.47998046875,5594.35986328125,6004.3798828125,11393.4599609375,11488.619140625,8036.60009765625,8322.6005859375,6844.2001953125,10133.75,16893.8701171875,7709.51977539062,10305.75,9567.8095703125,NA,NA,NA,NA,NA,NA,NA,NA,570,570,260,260,467,473,408,518,532,491,439,554,461,688,664,597,489,0.55,1.22,0.77,4.6,4.84,4.38,4.33,3.48,5.97,6.86,6.1,10.38,6.39,4.38,6.41,5.16,4.31,65171.654296875,129363,64462.49609375,81220.5,8037.5,5715,6182,11527.5,11622.5,6751,7192,5828,7049,16750.5,7671.5,10188.5,9469.5,NA
"07-MAR-2022",2022-03-07 08:30:22,"2022-03-07","8H 30M 22S","Unknown","LSRII","1","Administrator",570,260,467,473,408,518,532,491,439,554,461,688,664,597,489,2.83,5.94,12.94,12.09,14.64,3.89,5.41,6.35,5.83,9.14,6.39,10.4,12.35,10.95,10.18,126939.74609375,79344.32421875,7356.80004882812,5188.13989257812,5596.63989257812,11245.259765625,11384.8798828125,7763.25024414062,8136.7001953125,6662.15014648438,9359.35009765625,14888.7895507812,6741.41967773438,9072.41943359375,8486.939453125,60.39,0,21.82,40.05,0.76,0.78,1.1,0.42,570,570,260,260,467,473,408,518,532,491,439,554,461,688,664,597,489,1.64,1.62,2.16,5.34,5.13,4.67,5.11,3.25,6.05,7.2,6.1,10.62,6.26,5.43,6.86,5.56,4.92,64835.26171875,128610.5,63639.25390625,81546.5,7954.5,5668.5,6126,11501.5,11658,6866,7315.5,5931,7133.5,16586,7614.5,10098,9426.5,NA
"04-MAR-2022",2022-03-04 08:26:39,"2022-03-04","8H 26M 39S","Unknown","2.16.0","Unknown","Unknown",570,260,467,473,408,518,532,491,439,554,461,688,664,597,489,1.62,4.13,3.55,3.62,3.84,2.82,4.84,2.94,2.45,6.83,4.45,4.27,6.17,4.83,4.29,127519.3515625,78547.16796875,8295.01953125,5866.81982421875,6507.8798828125,11099.7895507812,11297.1293945312,9449.55029296875,9857.1005859375,8227.4501953125,11096.25,17102.189453125,7824.59985351562,10554.3896484375,9837.66015625,NA,NA,NA,NA,NA,NA,NA,NA,570,570,260,260,467,473,408,518,532,491,439,554,461,688,664,597,489,0.48,1.62,0.78,4.32,4.85,4.45,4.78,3.61,6.02,3.08,2.61,7.52,4.92,4.43,6.47,4.77,4.07,64982.875,128677,64120.2578125,80511,8252,5858,6563,11286.5,11459,9529.5,10178.5,8335.5,9146.5,17069,7819.5,10469,9788,NA
"04-MAR-2022",2022-03-04 08:25:49,"2022-03-04","8H 25M 49S","Unknown","2.16.0","Unknown","Unknown",570,260,467,473,408,518,532,491,439,554,461,688,664,597,489,2.28,5.41,7.16,8.57,7.77,3.58,5.37,4.2,3.85,7.35,6.07,6.86,8.54,8.31,7.38,127083.25,78397.40625,7834.07983398438,5529.759765625,6162.07983398438,11060.3994140625,11256.1796875,9083.25,9536.4501953125,7901.85034179688,10104.0502929688,15423.029296875,7032.05981445312,9430.4697265625,8868.08984375,NA,NA,NA,NA,NA,NA,NA,NA,570,570,260,260,467,473,408,518,532,491,439,554,461,688,664,597,489,1.22,1.55,1.71,4.68,5.05,5.14,4.82,3.65,6.37,3.83,2.87,7.55,5.77,5.09,7.2,5.58,4.67,64777.568359375,128726,63581.525390625,80680,8226,5853.5,6551,11350,11572,9497,10133.5,8326,9180,17041,7801.5,10473,9813,NA
"03-MAR-2022",2022-03-03 12:33:39,"2022-03-03","12H 33M 39S","Unknown","2.16.0","Unknown","Unknown",570,260,467,473,408,518,532,491,439,554,461,688,664,597,489,1.87,4.42,5.92,5.22,6,2.83,4.97,2.97,2.65,6.37,4.95,4.81,6.85,5.1,4.66,125950.296875,77946.56640625,7482.9599609375,5411.9599609375,6070.5,10964.4599609375,11370.83984375,9041.4501953125,9493.55029296875,7881.50024414062,10211.3002929688,15400.76953125,7047.1796875,9820.859375,9241.259765625,NA,NA,NA,NA,NA,NA,NA,NA,570,570,260,260,467,473,408,518,532,491,439,554,461,688,664,597,489,0.6,1.88,0.81,4.84,5.17,4.39,4.41,3.47,6.07,3.31,2.73,7.05,5.23,4.36,6.77,4.6,4.09,64687.15234375,127714,63519.453125,80675.5,8027,5827.5,6583,11265.5,11697,9505.5,10148,8332.5,9187.5,17004,7744,10833,10232.5,NA
"03-MAR-2022",2022-03-03 12:32:40,"2022-03-03","12H 32M 40S","Unknown","2.16.0","Unknown","Unknown",570,260,467,473,408,518,532,491,439,554,461,688,664,597,489,1.95,4.37,3.31,3.17,3.55,2.86,5.05,3.17,2.45,6.42,4.41,4.11,5.78,4.34,3.88,125939.1015625,77831.515625,7935.15966796875,5758.52001953125,6471.39990234375,11026.859375,11492.51953125,9361,9771.2998046875,8126.80029296875,11089.1005859375,17180.939453125,7810.31982421875,10999.3798828125,10376.939453125,NA,NA,NA,NA,NA,NA,NA,NA,570,570,260,260,467,473,408,518,532,491,439,554,461,688,664,597,489,0.62,1.93,0.88,4.61,4.6,4.09,4.53,3.46,6.25,3.51,2.74,7.23,5.28,4.44,6.36,4.46,3.95,64726.76171875,127602,63810.109375,80173,8031,5835,6608,11281,11771,9509,10161,8307,9158,17105,7787,10893,10297,NA
"02-MAR-2022",2022-03-02 09:22:49,"2022-03-02","9H 22M 49S","Unknown","2.16.0","Unknown","Unknown",570,260,467,473,408,518,532,491,439,554,461,688,664,597,489,1.9,4.77,3.65,3.7,3.85,3.1,5.04,3.2,2.59,6.68,4.51,4.46,6.05,4.79,4.42,125862.1015625,78945.359375,7896.39990234375,5665.7998046875,6327,11027.6396484375,11350.5595703125,9587.6005859375,9902.2001953125,8109.2001953125,11168.2998046875,16810.5,7648.19970703125,10408.01953125,9639.419921875,NA,NA,NA,NA,NA,NA,NA,NA,570,570,260,260,467,473,408,518,532,491,439,554,461,688,664,597,489,0.72,1.9,0.98,4.34,4.98,4.65,4.77,3.64,6.31,3.53,2.78,7.61,5.46,4.66,6.65,5.14,4.56,66174.015625,124743,65355.546875,79212,7827,5643,6347,10993,11323,9622,10185,8186,9039,16832,7689,10365,9629,NA
"02-MAR-2022",2022-03-02 09:21:15,"2022-03-02","9H 21M 15S","Unknown","2.16.0","Unknown","Unknown",570,260,467,473,408,518,532,491,439,554,461,688,664,597,489,1.89,4.71,4.09,3.89,4.01,2.94,4.92,3.17,2.64,6.79,4.6,4.69,6.07,5.15,4.7,125634.94921875,78580.70703125,7553.64013671875,5404.73999023438,6064.7998046875,10974.599609375,11275.6796875,9290.6005859375,9667.900390625,7868.30029296875,10356.5,15294.7197265625,6971.78979492188,9438.8701171875,8777.7900390625,NA,NA,NA,NA,NA,NA,NA,NA,570,570,260,260,467,473,408,518,532,491,439,554,461,688,664,597,489,0.7,1.91,1,4.21,5.03,4.54,4.8,3.61,6.07,3.32,2.67,7.58,5,4.76,6.53,5.1,4.54,66074.65234375,124792.5,64971.53125,79236.5,7818,5622,6327,11011,11335,9607,10178,8183.5,9046,16778,7661,10349,9617.5,NA
"01-MAR-2022",2022-03-01 09:15:46,"2022-03-01","9H 15M 46S","Unknown","2.16.0","Unknown","Unknown",570,260,467,473,408,518,532,491,439,554,461,688,664,597,489,25.2,23.93,128.46,125.36,127.76,129.28,123.61,96.93,126.02,120.66,117.68,130.64,126.82,116.05,124.2,42670.251953125,167667.6015625,9582.5146484375,7013.02490234375,7859.69970703125,11157.2001953125,11740.400390625,10295.8046875,10452.3154296875,8674.09521484375,11640.0151367188,17240.419921875,7954.35522460938,10956.830078125,10604.66015625,NA,NA,NA,NA,NA,NA,NA,NA,570,570,260,260,467,473,408,518,532,491,439,554,461,688,664,597,489,3.08,23.54,4.23,25.6,124.3,127.3,124.85,124.35,115.7,100.57,115.18,109.65,106.74,131.32,124.19,118.85,127.07,72075.94140625,37237.5,71490.31640625,152397,9878.5,7186,8247.5,10676.5,11082.5,9602.5,10438.5,8390.5,9306.5,16939,7917,10790.5,10473,NA
"01-MAR-2022",2022-03-01 09:14:23,"2022-03-01","9H 14M 23S","Unknown","2.16.0","Unknown","Unknown",570,260,467,473,408,518,532,491,439,554,461,688,664,597,489,21.61,33.46,24.09,22.42,25,23.56,22.67,28.5,22.59,19.65,23.08,24.18,18.8,21.56,22.73,54510.990234375,181084.40625,10182.8198242188,7453.57983398438,8349.95458984375,11653.2001953125,12342.3999023438,11985.7797851562,11246.5200195312,9001.54541015625,12928.169921875,16586.17578125,7557.25024414062,10694.9604492188,10144.1303710938,NA,NA,NA,NA,NA,NA,NA,NA,570,570,260,260,467,473,408,518,532,491,439,554,461,688,664,597,489,4.73,14.88,5.35,39.53,18.87,11.84,18.17,18.73,18.76,22.03,18.98,15.73,16.59,21.49,14.71,14.94,16.81,72327.9296875,50413,73447.76953125,166285,10615,7759,8749.5,11156,11982.5,10526,11292.5,8982,10229,18157.5,8226.5,11449,11087,NA
"28-FEB-2022",2022-02-28 09:14:34,"2022-02-28","9H 14M 34S","Unknown","2.16.0","Unknown","Unknown",570,260,467,473,408,518,532,491,439,554,461,688,664,597,489,20.75,33.25,58.19,37.79,40.53,81.48,42.74,34.67,71.07,77.44,18.39,79.7,74.47,31.35,38.74,49062,214118.40625,10009.580078125,7303.0595703125,8054.23974609375,11412,11872,10902.419921875,10864.6796875,8687.9697265625,12367.6201171875,17264.9296875,7882.76025390625,11035.08984375,10588.75,NA,NA,NA,NA,NA,NA,NA,NA,570,570,260,260,467,473,408,518,532,491,439,554,461,688,664,597,489,3.31,19.05,6.6,31.75,65.11,37.29,42.61,88.33,59.12,42.11,87.51,94.17,47.34,84.08,75.55,33.26,37.5,72446.8125,44176,72780.6796875,184254,10095,7519,8378,10824,11486,9918,10833,8385,9665,17018,7779,10791,10387,NA
"28-FEB-2022",2022-02-28 09:12:02,"2022-02-28","9H 12M 2S","Unknown","2.16.0","Unknown","Unknown",570,260,467,473,408,518,532,491,439,554,461,688,664,597,489,11.94,13.06,104.58,100.79,99.73,118.88,105.15,49.07,113.81,108.57,94.8,111.6,103.7,97.01,97.73,50331.1015625,240918.40625,9263.3701171875,7118.4599609375,7904.4296875,11119.2001953125,12020.7998046875,10447.3203125,10553.8798828125,8454.8701171875,11575.080078125,14938.2001953125,6691.66015625,9746.3798828125,9647.48046875,NA,NA,NA,NA,NA,NA,NA,NA,570,570,260,260,467,473,408,518,532,491,439,554,461,688,664,597,489,3.62,15.48,9.27,28.88,37.78,19.93,19.03,44.5,26.26,28.34,35.33,23.83,22.91,49.93,48.71,22.68,19.57,73180.84375,44800,71995.890625,214571,10058,7638,8502,10889,11519,9982,10798,8561,9473,17723,7807,11199,10984,NA
"25-FEB-2022",2022-02-25 10:30:45,"2022-02-25","10H 30M 45S","Unknown","2.16.0","Unknown","Unknown",570,260,467,473,408,518,532,491,439,554,461,688,664,597,489,11.48,11.47,67.99,74.02,79.29,28.21,50.54,62.45,19.85,56.9,28.38,56.51,52.94,65.66,74.35,57729.990234375,243313.203125,10334.759765625,6087.53979492188,6497.56469726562,12127.6000976562,11201.6005859375,18112.42578125,11906.4150390625,13523.6845703125,12291.0302734375,19221.4306640625,8829.4052734375,10224.3247070312,8710.509765625,NA,NA,NA,NA,NA,NA,NA,NA,570,570,260,260,467,473,408,518,532,491,439,554,461,688,664,597,489,12.77,11.45,18.73,42.19,64.38,61.71,64.82,9.49,60.02,37.83,22.47,29.23,36.39,59.47,57.18,69.14,75.3,76414.58984375,49970,76951.57421875,192990,10167,6159,6551,11010.5,10682.5,12956,11133,10485.5,9485.5,18358.5,8454.5,9703.5,8249.5,NA
"25-FEB-2022",2022-02-25 10:27:30,"2022-02-25","10H 27M 30S","Unknown","2.16.0","Unknown","Unknown",570,260,467,473,408,518,532,491,439,554,461,688,664,597,489,66.47,41.06,137.74,136.63,139.38,96.41,137.24,56.27,93.42,70.17,122.15,118.83,119.84,135.43,136.22,62517.421875,205290.40625,3202.80981445312,968.43994140625,545.279968261719,6729.60009765625,3240,15558.8701171875,9902.310546875,9087.5703125,3459.8701171875,3602.96997070312,1899.73999023438,1808.580078125,1197.11999511719,NA,NA,NA,NA,NA,NA,NA,NA,570,570,260,260,467,473,408,518,532,491,439,554,461,688,664,597,489,12.16,57.18,9.88,41.1,121.94,132.18,128.49,114.64,129.3,64.06,94.1,80.92,114.27,115.13,115.09,128.91,128.69,76673.9296875,48028,71794.234375,173400,2124,848,480,5451,2041,11097,7263,8399,2395,2900,1685,1785,1068,NA
"24-FEB-2022",2022-02-24 12:27:33,"2022-02-24","12H 27M 33S","Unknown","2.16.0","Unknown","Unknown",570,260,467,473,408,518,532,491,439,554,461,688,664,597,489,36.69,9.49,74.68,117.77,127,80.87,112.44,47.88,90.04,45.72,81.66,95.77,95.51,90.27,118.5,70751.76953125,246375.203125,8458.58447265625,5709.46484375,6105.64477539062,11372.8002929688,9421.6005859375,14267.9399414062,10933.5,9258.509765625,11863.6801757812,16084.3657226562,7419.65014648438,9002.6953125,8062.0703125,NA,NA,NA,NA,NA,NA,NA,NA,570,570,260,260,467,473,408,518,532,491,439,554,461,688,664,597,489,8.8,20.08,10.12,23.1,102.93,113.87,128.9,73.09,107.88,41.85,75.98,61.34,73.3,111.4,108.41,114.32,123.86,76972.44921875,53663,72571.625,208133.5,8291,5723.5,6217.5,10047.5,8603.5,10585.5,10337.5,7717,8631,15586,7286,8730.5,7780.5,NA
"24-FEB-2022",2022-02-24 12:25:35,"2022-02-24","12H 25M 35S","Unknown","2.16.0","Unknown","Unknown",570,260,467,473,408,518,532,491,439,554,461,688,664,597,489,45.29,39.85,91.98,89.68,86.2,58.47,61.62,51.46,74.44,60.47,66.89,93.4,75.85,80.35,88.42,50127.599609375,175348.8046875,9168.939453125,6034.28979492188,6512.11962890625,11174.400390625,10799.2001953125,11339.205078125,10596.615234375,8837.26513671875,11167.7099609375,16047.3852539062,7189.60009765625,8882.080078125,7911.57006835938,NA,NA,NA,NA,NA,NA,NA,NA,570,570,260,260,467,473,408,518,532,491,439,554,461,688,664,597,489,3.63,36.83,4.52,39.31,97.47,90.35,88.04,68.86,62.21,52.49,70.35,58.46,53.28,87.69,73.43,87.74,91.15,72603.0625,44197.5,71992.05859375,160472.5,9668.5,6432.5,7003.5,10670.5,10456.5,10186.5,10757,8536.5,9221,17678.5,7996,9736,8598,NA
"24-FEB-2022",2022-02-24 10:25:39,"2022-02-24","10H 25M 39S","Unknown","2.16.0","Unknown","Unknown",570,260,467,473,408,518,532,491,439,554,461,688,664,597,489,0,0,0,0,0,0,0,0,0,0,0,0,0,0,0,91025.921875,80472,87.3299942016602,11.3599996566772,15.6199998855591,1767.20007324219,228,16695.509765625,3727.38012695312,2608.5,224.220001220703,414.950012207031,313.470001220703,257.570007324219,97.6100006103516,NA,NA,NA,NA,NA,NA,NA,NA,570,570,260,260,467,473,408,518,532,491,439,554,461,688,664,597,489,0,0,0,0,0,0,0,0,0,0,0,0,0,0,0,0,0,133333.53125,44741,97488.09375,54097,193,33,85,1131,277,4689,1151,815,235,422,322,210,118,NA
"23-FEB-2022",2022-02-23 08:43:09,"2022-02-23","8H 43M 9S","Unknown","2.16.0","Unknown","Unknown",570,260,467,473,408,518,532,491,439,554,461,688,664,597,489,11.23,24.18,30.27,54.74,61.36,58.02,45.61,31.21,27.35,32.3,54,49.41,47.55,79.61,96.46,42601.80078125,176536.796875,10121.759765625,7284.599609375,8049.26953125,11007.2001953125,11602.400390625,10118.759765625,8832.2705078125,7707.84033203125,10819.169921875,17857.900390625,8069.81005859375,11278.4697265625,11005.419921875,NA,NA,NA,NA,NA,NA,NA,NA,570,570,260,260,467,473,408,518,532,491,439,554,461,688,664,597,489,3.72,22.08,5.26,43.03,34.61,56.89,75.1,53.55,52.96,25.85,69.92,55.96,78.19,43.68,49.26,83.47,111.22,71896.09375,37539,71955.484375,146427,9900,7250,7806,10590,10966,7427,7447,6295,7708,17810,7846,11039,10162,NA
"23-FEB-2022",2022-02-23 08:41:43,"2022-02-23","8H 41M 43S","Unknown","LSRII","1","Administrator",570,260,467,473,408,518,532,491,439,554,461,688,664,597,489,17.22,22.1,105.2,115.7,115.48,85.87,120.19,79.32,107.8,91.06,90.36,86.95,86.81,92.5,72.35,38102.6015625,153495.203125,9188.8193359375,6613.64990234375,7279.6298828125,11550.400390625,11716.7998046875,9359.5205078125,8924.400390625,7899.8701171875,11081.1298828125,15562.1298828125,7321.18017578125,9650.060546875,9045.0498046875,61.11,0,20.66,40.87,0.71,0.8,1.11,0.43,570,570,260,260,467,473,408,518,532,491,439,554,461,688,664,597,489,2.63,18.72,3.65,39.38,93.97,96.5,92.29,55.82,98.51,67.7,91.95,67.23,90.61,80.18,67.21,82.29,101.86,71332.5,33601,71114.59375,140266,10132,7290,8256,11514,11342,7910,7886,6856,7926,17499,8435,10977,10486,NA
"22-FEB-2022",2022-02-22 08:57:14,"2022-02-22","8H 57M 14S","Unknown","LSRII","1","Administrator",570,260,467,473,408,518,532,491,439,554,461,688,664,597,489,11.3,26.61,66.78,66.58,64.38,75.23,69.05,60.12,73.97,57.52,73.32,74.19,64.54,65.19,63.28,42522.25,177758.0078125,9676.94482421875,7160.34985351562,7957.6796875,11102.8002929688,11793.2001953125,11235.9750976562,10594.9497070312,9295.14013671875,12197.2353515625,17433.9208984375,8272.55517578125,11212.4653320312,10428.1450195312,61.11,0,20.66,40.87,0.71,0.8,1.11,0.43,570,570,260,260,467,473,408,518,532,491,439,554,461,688,664,597,489,2.03,14.91,2.23,29.02,13.68,14.45,16.21,12.91,15.92,27.6,12.38,20.95,16.65,33.86,21.32,23.63,24.67,71528.54296875,37261.5,71785.79296875,160332,9946.5,7466.5,8170,10740.5,11413.5,9694.5,10349.5,8678,9409,17265,8236.5,10959,10326.5,NA
"22-FEB-2022",2022-02-22 08:53:45,"2022-02-22","8H 53M 45S","Unknown","2.16.0","Unknown","Unknown",570,260,467,473,408,518,532,491,439,554,461,688,664,597,489,28.53,26.35,103.7,119.07,118.58,76.68,102.32,82.44,100.54,91.17,97.8,82.25,68.97,86.48,121.88,41859.2109375,172601.609375,9839.53466796875,6982.1396484375,7592.02978515625,14130.7998046875,12175.6000976562,11190.4653320312,11429.1147460938,8956.03515625,12269.9404296875,16776.4506835938,8561.51513671875,9793.89501953125,9078.59033203125,NA,NA,NA,NA,NA,NA,NA,NA,570,570,260,260,467,473,408,518,532,491,439,554,461,688,664,597,489,2.06,26.38,3.21,24.36,104.06,112.97,112.43,64.94,110.29,65.19,72.02,65.77,76.7,106.89,60.02,104.84,116.61,71284.93359375,37775.5,70959.87109375,158899,10518,7576,8235.5,13896,11571.5,10506.5,11278.5,9088.5,10063,18576.5,10343.5,11515,10974.5,NA
"18-FEB-2022",2022-02-18 08:49:18,"2022-02-18","8H 49M 18S","Unknown","2.16.0","Unknown","Unknown",570,260,467,473,408,518,532,491,439,554,461,688,664,597,489,32.82,25.24,122.21,85.79,81.83,117.93,96.19,46.69,109.19,96.82,85.79,118.2,107.74,85.73,87.45,45365.69921875,162443.203125,9727.7099609375,7058.10986328125,7574.27978515625,11563.2001953125,11768.7998046875,13729.58984375,10369.6201171875,8548.1103515625,13346.640625,18002.810546875,8630.9599609375,11348.1298828125,9859.4697265625,NA,NA,NA,NA,NA,NA,NA,NA,570,570,260,260,467,473,408,518,532,491,439,554,461,688,664,597,489,3.18,33.54,4.6,37.32,55.26,68.16,65.91,98.86,72,51.23,69.67,78.32,55.78,86.28,83.37,76.05,74.68,71971.8828125,36031,72198.5625,150694,9839,6406,6703,10639,10599,8864,9363,7528,8572,17916,8381,10122,8910,NA
"18-FEB-2022",2022-02-18 08:47:38,"2022-02-18","8H 47M 38S","Unknown","2.16.0","Unknown","Unknown",570,260,467,473,408,518,532,491,439,554,461,688,664,597,489,33.27,35.19,92.37,87.36,86.8,120.7,99.89,66.02,103.99,92.39,92.41,114.51,117.06,85.32,87.99,41677.541015625,181626.0078125,8893.814453125,5601.18969726562,5910.03979492188,10843.6000976562,10463.2001953125,10231.98046875,9957.25537109375,7992.55493164062,11027.2954101562,15060.75,6699.18530273438,8078.19506835938,7253.240234375,NA,NA,NA,NA,NA,NA,NA,NA,570,570,260,260,467,473,408,518,532,491,439,554,461,688,664,597,489,3.91,28.5,3.99,41.65,82.7,70.04,71.51,84.88,80.02,50.82,55.81,53.04,51.82,86.56,87.49,75.52,72.58,72258.4296875,35573.5,71006.0859375,165894.5,9244.5,6075,6517.5,10538.5,10172.5,8805,9269.5,7396.5,8333.5,16970.5,7717,9085.5,8084.5,NA
"17-FEB-2022",2022-02-17 09:10:02,"2022-02-17","9H 10M 2S","Unknown","2.16.0","Unknown","Unknown",570,260,467,473,408,518,532,491,439,554,461,688,664,597,489,20.69,14.51,83.61,80.14,79.45,67.86,71.95,62.61,66.11,53.84,66.06,67.35,70.81,69.65,79.06,37128.021484375,154841.6015625,11265.9248046875,7295.60473632812,7808.224609375,14489.2001953125,13707.2001953125,17566.8603515625,13619.1450195312,13172.9252929688,14898.419921875,22729.80078125,10187.7749023438,12185.9853515625,10226.6899414062,NA,NA,NA,NA,NA,NA,NA,NA,570,570,260,260,467,473,408,518,532,491,439,554,461,688,664,597,489,1.28,19.01,1.14,12.88,86.35,83.99,75.9,74.89,79.03,38.84,65.99,69.03,67.93,70.14,76.53,80.25,82.81,70674.15234375,33455,70700.78515625,140950,11077,7232,7960,12948.5,12244,12381.5,11819,9222,10317,21847,9717,11331,9896.5,NA
"17-FEB-2022",2022-02-17 09:07:57,"2022-02-17","9H 7M 57S","Unknown","2.16.0","Unknown","Unknown",570,260,467,473,408,518,532,491,439,554,461,688,664,597,489,2.73,17.33,75.5,65.59,56.08,94.74,65.1,92.15,96.46,96,53.88,93.1,96.06,55.79,32.63,54480.28125,199897.609375,18633.240234375,13016.4296875,14073.619140625,31253.599609375,29574.400390625,27041.8203125,29907.83984375,23668.53125,30960.12109375,40972.55078125,19123.390625,20954.759765625,19001.26953125,NA,NA,NA,NA,NA,NA,NA,NA,570,570,260,260,467,473,408,518,532,491,439,554,461,688,664,597,489,0.95,11.8,4.28,5.14,67.89,24.07,15.5,89.67,70.41,85.95,89.39,89.01,51.96,86.47,87.43,47.19,25.78,71761.2734375,49441,72270.140625,186660,24097,16401,17781,28451,27313,23681,26407,19719,22723,43447,20691,25511,22867,NA
"15-FEB-2022",2022-02-15 11:12:13,"2022-02-15","11H 12M 13S","Unknown","2.16.0","Unknown","Unknown",570,260,467,473,408,518,532,491,439,554,461,688,664,597,489,46.45,27.43,113.31,122.05,126.06,90.24,100.55,70.76,58.81,69.58,101.46,113.75,98.73,111.9,124.55,51043.71875,165312,9719.189453125,7073.72998046875,7932.11962890625,13046.400390625,11519.2001953125,18759,17361.509765625,16484.609375,11785.98046875,17011.23046875,7862.1201171875,10938.7705078125,10133.810546875,NA,NA,NA,NA,NA,NA,NA,NA,570,570,260,260,467,473,408,518,532,491,439,554,461,688,664,597,489,3.07,41.99,6.45,38.22,119.93,125.38,129.07,85.49,111.16,59.14,78.31,60.42,107.85,117.94,104.12,115.56,126.58,72157.3828125,44511,72043.921875,141865,10013,7308,8260,10619,10662,16213,10411,9844,9386,16710,7625,10804,10038,NA
"15-FEB-2022",2022-02-15 11:10:42,"2022-02-15","11H 10M 42S","Unknown","2.16.0","Unknown","Unknown",570,260,467,473,408,518,532,491,439,554,461,688,664,597,489,49.98,51.12,93.68,108.98,124.09,54.88,84.69,76.1,55.4,76.64,78.55,92.54,68.36,84.57,113.83,50974.16015625,181036,9106.4599609375,6736.47998046875,7521.02978515625,11541.6005859375,11343.2001953125,17913.1796875,14885.1005859375,16108.3203125,10786.98046875,14531.8505859375,6778.9501953125,9202,8686,NA,NA,NA,NA,NA,NA,NA,NA,570,570,260,260,467,473,408,518,532,491,439,554,461,688,664,597,489,8.61,43.71,8.23,54.54,115.61,122.67,128.59,69.58,108.12,55.23,64.87,43.04,110.91,104.66,84.73,95.8,124.14,72205.21875,43289,70949.3203125,155506,9657,7132,8089,10516,10974,14815,10266,9035,9077,16317,7515,10375,9737,NA
"14-FEB-2022",2022-02-14 11:25:04,"2022-02-14","11H 25M 4S","Unknown","2.16.0","Unknown","Unknown",570,260,467,473,408,518,532,491,439,554,461,688,664,597,489,19.99,5.61,64.99,67.89,69.21,49.18,63.69,48.01,50.75,52.25,64.33,56.11,52.16,84.72,85.96,39688.421875,147705.609375,12486.76953125,9109.2998046875,9905.2099609375,15688.7998046875,15394.400390625,14219.1005859375,14708.6103515625,12010.2001953125,15168.150390625,22949.53125,10586.169921875,12895.7001953125,12095.900390625,NA,NA,NA,NA,NA,NA,NA,NA,570,570,260,260,467,473,408,518,532,491,439,554,461,688,664,597,489,1.38,19.14,1.61,4.82,60.45,54.07,59.77,47.02,51.14,42.38,40.86,45.18,61.93,55.58,50.08,82.98,85.48,71191.1875,34810,70852.0703125,134540,12332,9356,10049,15101,14952,12285,13378,11074,11045,22479,10259,12555,11751,NA
"14-FEB-2022",2022-02-14 11:23:04,"2022-02-14","11H 23M 4S","Unknown","2.16.0","Unknown","Unknown",570,260,467,473,408,518,532,491,439,554,461,688,664,597,489,24,13.73,67.58,54.97,57.34,60.62,67.68,48.31,36.31,60.06,56.1,51.32,54.14,50.13,48.8,43545.30078125,152522.8046875,10036.2045898438,7814.9697265625,8417.40454101562,12114.7998046875,12810,13069.6948242188,12183.3603515625,9739.14013671875,12900.4204101562,17344.2646484375,7993.05517578125,11120.23046875,10740.1103515625,NA,NA,NA,NA,NA,NA,NA,NA,570,570,260,260,467,473,408,518,532,491,439,554,461,688,664,597,489,1.72,20.85,1.66,14.65,29.34,26.55,23.3,33.67,32.5,36.88,36.46,30.12,23.35,35.98,38.74,22.27,21.08,71121.3515625,38787,70381.74609375,138625,10326,7727.5,8361.5,11294.5,12142.5,10931.5,11327,8898.5,10186,18627,8655,11684.5,11150.5,NA
"11-FEB-2022",2022-02-11 09:09:43,"2022-02-11","9H 9M 43S","Unknown","2.16.0","Unknown","Unknown",570,260,467,473,408,518,532,491,439,554,461,688,664,597,489,16.18,8.07,5.68,8.81,9.46,5.7,9.66,7.86,6.33,9.61,8.23,7.45,10.99,10.32,11.95,37210.162109375,153506,9207.98974609375,3889.3798828125,3605.73498535156,11267.2001953125,8962.400390625,10149.28515625,10667.1000976562,8786.76025390625,11372.5048828125,18035.060546875,8063.7900390625,6656.61499023438,4701.6201171875,NA,NA,NA,NA,NA,NA,NA,NA,570,570,260,260,467,473,408,518,532,491,439,554,461,688,664,597,489,1.11,14.22,0.95,8.04,8.83,8.32,11,6.12,10.89,7.34,6.22,12.41,9.92,7.78,12.15,9.44,13.06,71527.078125,33751.5,71735.18359375,138211,9434.5,4036.5,3768,10860,8537,9690.5,10644.5,8688.5,8913.5,17766,7956.5,6471,4592.5,NA
"11-FEB-2022",2022-02-11 09:07:06,"2022-02-11","9H 7M 6S","Unknown","2.16.0","Unknown","Unknown",570,260,467,473,408,518,532,491,439,554,461,688,664,597,489,24.72,11.5,26.18,28.9,31.14,16.6,31.36,25.88,30.31,30.07,22.98,22.07,26.85,31.32,34.83,38058.94140625,152767.203125,9172.4892578125,3901.44995117188,3728.2099609375,11373.6005859375,9261.6005859375,9953.3701171875,10479.509765625,8576.9697265625,10963.4697265625,16234.220703125,7729.68017578125,6129.64990234375,4339.990234375,NA,NA,NA,NA,NA,NA,NA,NA,570,570,260,260,467,473,408,518,532,491,439,554,461,688,664,597,489,1.33,20.2,1.77,10.92,18.31,26.02,28.57,13.92,24.95,32.85,17.2,19.37,18.07,17.88,28.48,23.12,32.25,71801.34375,34725,71403.8359375,140003,9731,4251,3964,10947,9007,9866,10863,8827,9237,18087,8642,6778,4869,NA
"10-FEB-2022",2022-02-10 09:30:47,"2022-02-10","9H 30M 47S","Unknown","2.16.0","Unknown","Unknown",570,260,467,473,408,518,532,491,439,554,461,688,664,597,489,2.37,3.9,2.68,3.12,3.15,2.43,4.25,2.76,2.18,5.46,3.85,3.76,5.13,4.32,3.92,31220.23046875,78526.40234375,9109.2998046875,5697.75,5921.39990234375,11082.400390625,10442.400390625,9287.3701171875,10187.580078125,8406.0302734375,11253.7348632812,17068.205078125,7769.669921875,9089.125,7928.12524414062,NA,NA,NA,NA,NA,NA,NA,NA,570,570,260,260,467,473,408,518,532,491,439,554,461,688,664,597,489,0.81,2.51,0.86,3.36,3.52,3.52,3.73,2.9,5.03,2.94,2.53,6.34,4.32,3.99,5.65,4.44,4.12,67071.83984375,30515,66987.7578125,76658.5,9532.5,6007,6284,10750,10089.5,9223,10347.5,8380.5,9069,16996.5,7720,8987.5,7872,NA
"10-FEB-2022",2022-02-10 09:29:46,"2022-02-10","9H 29M 46S","Unknown","2.16.0","Unknown","Unknown",570,260,467,473,408,518,532,491,439,554,461,688,664,597,489,2.13,3.79,5.93,6.1,6.06,2.57,4.12,2.46,2.22,5.79,4.01,6.71,7.68,6.84,6.86,31002.30078125,76469.6015625,8196.240234375,5125.48974609375,5349.1396484375,10875.2001953125,10171.2001953125,8815.6201171875,9782.4296875,7932.06005859375,10430.669921875,13049.2099609375,5929.27001953125,6980.6201171875,6018.2802734375,NA,NA,NA,NA,NA,NA,NA,NA,570,570,260,260,467,473,408,518,532,491,439,554,461,688,664,597,489,0.82,2.24,0.81,3.31,3.67,3.6,3.7,2.9,5.29,2.68,2.36,6.41,4.09,4.1,5.56,4.52,4.11,66645.359375,30494,65857.234375,75943,9499,5974,6246,10732,10067,9228,10363,8347,9099,16750,7633,8890,7795,NA
"09-FEB-2022",2022-02-09 10:11:04,"2022-02-09","10H 11M 4S","Unknown","2.16.0","Unknown","Unknown",570,260,467,473,408,518,532,491,439,554,461,688,664,597,489,0.99,4.92,2.36,3.52,4.54,3.33,4.15,2.9,3.14,5.38,3.38,4.14,6.03,5.17,4.95,30549.4208984375,76253.6015625,9076.28515625,3710.45983886719,3526.21484375,10972,8791.60009765625,9039.83984375,10096.0053710938,8275.05029296875,11048.9399414062,17724.384765625,7939.30493164062,6705.63500976562,4777.30004882812,NA,NA,NA,NA,NA,NA,NA,NA,570,570,260,260,467,473,408,518,532,491,439,554,461,688,664,597,489,0.93,1.09,0.65,4.86,3.04,4.71,4.54,3.27,4.64,2.52,3.18,7.23,4.79,3.12,6.93,5.66,4.28,65642.0859375,30428,65049.369140625,77096,9479,3888,3739.5,11008.5,8751,8972.5,10277,8204.5,8936.5,17138,7754,6444.5,4608.5,NA
"09-FEB-2022",2022-02-09 10:10:25,"2022-02-09","10H 10M 25S","Unknown","2.16.0","Unknown","Unknown",570,260,467,473,408,518,532,491,439,554,461,688,664,597,489,1.52,6.82,5.19,2.73,4.76,2.45,7.25,4.21,2.84,4.22,3.93,6.98,4.84,5.79,4.39,30532.400390625,75571.6015625,7836.26977539062,3252.86499023438,3192.86987304688,10733.2001953125,8435.2001953125,8666.88037109375,9687.525390625,7861.5751953125,10289.1450195312,14204.4052734375,6427.42504882812,5463.15014648438,3893.65002441406,NA,NA,NA,NA,NA,NA,NA,NA,570,570,260,260,467,473,408,518,532,491,439,554,461,688,664,597,489,0.92,1.5,0.8,8,3.74,4.16,5.84,2.09,4.77,4.43,2.55,4.32,4.07,4.45,3.06,5.95,4.36,65662.62890625,30576.5,64506.57421875,77313.5,9423,3886.5,3809,10801.5,8530.5,9080.5,10203,8176.5,8912.5,16960.5,7690.5,6496.5,4626.5,NA
"08-FEB-2022",2022-02-08 09:05:21,"2022-02-08","9H 5M 21S","Unknown","2.16.0","Unknown","Unknown",570,260,467,473,408,518,532,491,439,554,461,688,664,597,489,1.23,5.97,3.07,3.23,3.53,2.45,4.24,3.05,2.34,5.69,4.33,3.77,5.28,4.33,4.21,30396.98046875,79740,9395.4296875,6004.4697265625,6387.15966796875,11056.7998046875,10735.2001953125,9221.8798828125,10053.2705078125,8301.6904296875,11253.1796875,17571.951171875,7989.830078125,9730.0400390625,8607.740234375,NA,NA,NA,NA,NA,NA,NA,NA,570,570,260,260,467,473,408,518,532,491,439,554,461,688,664,597,489,0.9,1.42,0.44,5.8,3.56,3.25,3.95,3.12,5.47,3.05,2.53,6.41,4.37,4.07,5.8,4.79,4.43,66698.4140625,29898,66523.5078125,78529,9827,6342,6801,10825,10412,9101,10186,8256,8998,17460,7972,9594,8530,NA
"08-FEB-2022",2022-02-08 09:04:33,"2022-02-08","9H 4M 33S","Unknown","2.16.0","Unknown","Unknown",570,260,467,473,408,518,532,491,439,554,461,688,664,597,489,1.29,6.45,8.29,8.71,8.81,2.79,4.33,3.41,2.7,5.37,4.2,6.92,7.26,7.87,7.33,30407.7109375,78370,8432.669921875,5419.07470703125,5801.05493164062,10879.2001953125,10438.7998046875,8723.490234375,9644.7900390625,7836.60009765625,10456.7548828125,13915.0151367188,6347.01513671875,7713.55517578125,6807.330078125,NA,NA,NA,NA,NA,NA,NA,NA,570,570,260,260,467,473,408,518,532,491,439,554,461,688,664,597,489,0.88,1.5,0.87,6.53,3.35,4.34,4.38,3.05,5.64,3.11,2.69,6.17,4.68,4.11,5.62,5.21,4.47,66264.54296875,30120.5,65501.14453125,78743,9784,6306,6748,10853,10372,9193.5,10260,8224.5,9162,17232.5,7828.5,9547,8484.5,NA
"07-FEB-2022",2022-02-07 09:28:28,"2022-02-07","9H 28M 28S","Unknown","2.16.0","Unknown","Unknown",570,260,467,473,408,518,532,491,439,554,461,688,664,597,489,1.65,4.2,2.75,2.92,3.14,2.79,4.4,2.67,2.2,5.63,3.76,4.04,5.34,4.69,4.16,30720.361328125,76467.203125,9195.919921875,6003.759765625,6393.90478515625,10859.2001953125,10483.2001953125,9177.48046875,10125.9750976562,8322.7802734375,11258.73046875,16535.865234375,7526.0751953125,9174.0498046875,8257.2900390625,NA,NA,NA,NA,NA,NA,NA,NA,570,570,260,260,467,473,408,518,532,491,439,554,461,688,664,597,489,0.81,1.76,0.87,4.01,3.67,3.51,3.67,3.02,5.08,2.76,2.36,6.15,4.31,4.24,5.81,4.83,4.29,66282.90625,30412,65858.2578125,76048,9564.5,6296,6744,10715.5,10304,9200,10380,8383,9245,16504,7521,9106.5,8234.5,NA
"07-FEB-2022",2022-02-07 09:27:04,"2022-02-07","9H 27M 4S","Unknown","2.16.0","Unknown","Unknown",570,260,467,473,408,518,532,491,439,554,461,688,664,597,489,1.6,4.24,3.67,4.06,3.9,3,4.3,2.7,2.36,5.59,3.72,4.84,6.11,5.58,5.24,30642.66015625,75925.6015625,8711.7001953125,5601.18994140625,6051.32958984375,10789.6005859375,10354.400390625,8643.5703125,9693.6298828125,7918.740234375,10427.33984375,13600.470703125,6106.85986328125,7347.84033203125,6788.41015625,NA,NA,NA,NA,NA,NA,NA,NA,570,570,260,260,467,473,408,518,532,491,439,554,461,688,664,597,489,0.84,1.73,0.9,4.21,3.63,3.56,3.71,3.08,4.84,2.73,2.32,6.01,4.02,4.41,5.8,4.81,4.39,66279.5546875,30339,65562.453125,75989,9600,6291,6749,10729,10285,9186,10406,8362,9230,16505,7540,9124,8265,NA
"04-FEB-2022",2022-02-04 09:58:53,"2022-02-04","9H 58M 53S","Unknown","2.16.0","Unknown","Unknown",570,260,467,473,408,518,532,491,439,554,461,688,664,597,489,1.38,6.33,2.9,3.17,3.07,4.28,4.76,3.58,3.22,6.41,4.09,4.78,5.99,5.01,4.62,30490.9609375,74420,9047.529296875,5972.52001953125,6540.52001953125,10280.7998046875,10264.7998046875,8918.8505859375,9699.1796875,7957.59033203125,11137.740234375,16472.009765625,7502.2099609375,9470.3203125,8572.48046875,NA,NA,NA,NA,NA,NA,NA,NA,570,570,260,260,467,473,408,518,532,491,439,554,461,688,664,597,489,0.77,1.52,0.96,5.54,3.81,3.73,3.58,4.19,5.53,4.68,4.49,7.28,5.01,4.91,6.38,5.1,4.87,66277.21875,30210,65829.6484375,73873,9302,6199,6842,10149,10075,8292,9242,7435,8407,16171,7342,9187,8370,NA
"04-FEB-2022",2022-02-04 09:58:24,"2022-02-04","9H 58M 24S","Unknown","2.16.0","Unknown","Unknown",570,260,467,473,408,518,532,491,439,554,461,688,664,597,489,1.27,5.54,3.73,3.61,3.43,4.48,5.13,3.74,3.56,6.39,4.45,4.77,5.89,5.44,4.69,30475.0498046875,73433.6015625,8174.58471679688,5395.2900390625,5985.65478515625,10174.8002929688,10137.6000976562,8325,9204.6748046875,7403.7001953125,10217.5498046875,13300.9750976562,6027.52490234375,7311.2900390625,6789.48510742188,NA,NA,NA,NA,NA,NA,NA,NA,570,570,260,260,467,473,408,518,532,491,439,554,461,688,664,597,489,0.85,1.31,1.01,4.71,3.69,3.55,3.45,4.18,5.35,4.17,4.23,7.69,5.25,4.45,5.71,5.65,4.45,66275.765625,30182,65395.123046875,73412.5,9319,6194,6820.5,10117,10152.5,8290,9270.5,7451,8391,16108.5,7337.5,9124,8290,NA
"03-FEB-2022",2022-02-03 08:58:44,"2022-02-03","8H 58M 44S","Unknown","2.16.0","Unknown","Unknown",570,260,467,473,408,518,532,491,439,554,461,688,664,597,489,1.36,4.54,2.73,2.77,2.84,2.69,3.98,2.54,2.19,5.61,3.62,3.66,5.08,4.44,4.12,30479.4912109375,76318.00390625,9302.419921875,6786.1796875,7527.419921875,10766.0004882812,11259.2001953125,9130.8603515625,10034.400390625,8215.1103515625,11202.6752929688,17095.9404296875,7773.3251953125,10714.310546875,10243.0302734375,NA,NA,NA,NA,NA,NA,NA,NA,570,570,260,260,467,473,408,518,532,491,439,554,461,688,664,597,489,0.85,1.5,0.95,4.05,3.59,3.24,3.3,3.08,4.91,2.81,2.48,5.94,4.04,4.2,5.66,4.71,4.27,66528.75390625,30063,66129.17578125,75510.5,9651.5,7082,7890.5,10572.5,11022,9050,10162,8154.5,9084.5,16831,7652,10503,10078,NA
"03-FEB-2022",2022-02-03 08:57:36,"2022-02-03","8H 57M 36S","Unknown","2.16.0","Unknown","Unknown",570,260,467,473,408,518,532,491,439,554,461,688,664,597,489,1.21,5.74,6.11,7.11,5.82,3.29,4.37,2.98,2.53,5.71,4.3,6.67,7.55,7.07,6.84,30389.580078125,75171.203125,8480.2392578125,6067.65966796875,6855.0498046875,10577.6005859375,11000.7998046875,8554.7705078125,9577.080078125,7776.66015625,10407.3603515625,13430.6201171875,6120.18994140625,8355.759765625,7910.7099609375,NA,NA,NA,NA,NA,NA,NA,NA,570,570,260,260,467,473,408,518,532,491,439,554,461,688,664,597,489,0.86,1.37,1.04,5.47,3.57,3.42,3.31,3.46,5.16,2.78,2.38,6.44,4.28,4.3,5.69,5.04,4.58,66115.2890625,30171,65324.76171875,75302,9675,7068,7878,10545,10975,9081,10269,8171,9190,16667,7588,10472,10059,NA
"02-FEB-2022",2022-02-02 08:43:06,"2022-02-02","8H 43M 6S","Unknown","2.16.0","Unknown","Unknown",570,260,467,473,408,518,532,491,439,554,461,688,664,597,489,1.19,5.4,2.78,2.82,2.91,2.86,4.24,2.69,2.25,6.07,3.97,3.93,5.15,4.31,3.82,30378.48046875,76926.80078125,9395.07470703125,6973.974609375,7712.72973632812,10773.6000976562,11276.3999023438,9149.73046875,10258.0649414062,8274.4951171875,11393.0400390625,17091.2109375,7775.47509765625,10802.4599609375,10378.0498046875,NA,NA,NA,NA,NA,NA,NA,NA,570,570,260,260,467,473,408,518,532,491,439,554,461,688,664,597,489,0.82,1.44,0.59,5.39,3.42,3.28,3.29,3.02,4.83,2.94,2.43,6.62,4.17,4.27,5.76,4.47,4.09,66075.23046875,30180.5,65608.94921875,77021,9675,7262.5,8063,10664,11121,9064,10376,8194.5,9311,16903,7702.5,10622.5,10249,NA
"02-FEB-2022",2022-02-02 08:41:36,"2022-02-02","8H 41M 36S","Unknown","2.16.0","Unknown","Unknown",570,260,467,473,408,518,532,491,439,554,461,688,664,597,489,26.21,41,125.39,125.01,125.47,127.88,127.16,75.73,125.41,72.17,116.64,124.3,113.59,128.24,121.87,61487.7109375,205348.8046875,10135.9594726562,7502.9248046875,8281.0849609375,11768,11948,14986.1098632812,10861.9047851562,11023.41015625,12342.08984375,17444.455078125,8281.3701171875,11211.6049804688,10940.4897460938,NA,NA,NA,NA,NA,NA,NA,NA,570,570,260,260,467,473,408,518,532,491,439,554,461,688,664,597,489,16.15,30.76,10.59,53.25,122.88,121.99,118.89,121.13,127.72,73.63,112.66,94.26,111.96,131.04,120.89,124.55,120.44,76404.79296875,49606,74406.546875,159308.5,9991,7514.5,8201.5,11016.5,10894.5,9454.5,10523,8249,9507,17838,8556,11354,11148,NA
"01-FEB-2022",2022-02-01 08:57:30,"2022-02-01","8H 57M 30S","Unknown","2.16.0","Unknown","Unknown",570,260,467,473,408,518,532,491,439,554,461,688,664,597,489,1.81,4.34,2.64,2.77,2.82,2.47,4.05,2.71,2.17,5.75,3.86,3.88,5.22,4.48,4,30697.7900390625,77517.6015625,9575.0595703125,7213.599609375,7985.36962890625,10938.0004882812,11549.6005859375,9201.34521484375,10378.5,8326.1103515625,11439.66015625,17367.701171875,7882.97509765625,11034.8754882812,10653.2504882812,NA,NA,NA,NA,NA,NA,NA,NA,570,570,260,260,467,473,408,518,532,491,439,554,461,688,664,597,489,0.86,1.94,0.63,4.14,3.55,3.18,3.3,2.84,5.04,2.92,2.34,6.05,4.11,4.15,5.48,4.67,4.16,66545.28125,30261,66319.1171875,76631,9844,7464,8299,10717.5,11280,8943,10319,8118,9199,17217,7815,10863,10537,NA
"01-FEB-2022",2022-02-01 08:55:57,"2022-02-01","8H 55M 57S","Unknown","2.16.0","Unknown","Unknown",570,260,467,473,408,518,532,491,439,554,461,688,664,597,489,1.66,4.76,7.07,5.55,6.45,2.8,4.03,2.95,2.45,6.07,4.29,5.82,7.31,6.7,6.37,30587.16015625,75091.203125,8442.609375,6453.89990234375,7095.73974609375,10661.6005859375,11191.2001953125,8581.41015625,9802.41015625,7813.2900390625,10513.919921875,13593.58984375,6088.3701171875,8391.8798828125,8160.1103515625,NA,NA,NA,NA,NA,NA,NA,NA,570,570,260,260,467,473,408,518,532,491,439,554,461,688,664,597,489,0.85,1.71,0.67,4.66,3.56,3.48,3.41,3.04,4.78,2.86,2.7,6.56,4.44,4.35,5.79,4.45,4.44,65787.015625,30489,64852.08203125,75915,9706,7373,8218,10675,11230,8871,10208,8042,9211,16805,7652,10669,10329,NA
"31-JAN-2022",2022-01-31 10:09:18,"2022-01-31","10H 9M 18S","Unknown","2.16.0","Unknown","Unknown",570,260,467,473,408,518,532,491,439,554,461,688,664,597,489,2,4.02,2.83,3.04,3.52,2.42,4.38,2.45,2.01,5.45,3.77,4.31,5.47,4.63,4.57,30922.380859375,77648,9373.419921875,5928.5,6097.47998046875,11154.400390625,10579.2001953125,9272.9404296875,10376.2802734375,8368.2900390625,11217.66015625,16710.23046875,7608.419921875,8944.4296875,7888.7802734375,NA,NA,NA,NA,NA,NA,NA,NA,570,570,260,260,467,473,408,518,532,491,439,554,461,688,664,597,489,0.82,2.09,0.67,4.04,3.49,3.56,4.05,2.8,5.14,2.64,2.22,6.19,4.13,4.46,5.89,4.81,4.78,66844.8046875,30334,66727.3671875,76418,9735,6210,6438,10870,10271,9150,10480,8289,9073,16736,7625,8916,7904,NA
"31-JAN-2022",2022-01-31 10:08:00,"2022-01-31","10H 8M 0S","Unknown","2.16.0","Unknown","Unknown",570,260,467,473,408,518,532,491,439,554,461,688,664,597,489,1.96,3.9,6.21,6.27,5.64,2.44,3.97,2.48,2.06,5.52,3.81,7.42,8.04,7.52,7.76,30893.150390625,76277.6015625,8561.1796875,5401.6796875,5654.794921875,10991.2001953125,10335.2001953125,8800.63525390625,9948.375,7900.42504882812,10417.9052734375,13104.8955078125,6047.73510742188,7022.76025390625,6152.43994140625,NA,NA,NA,NA,NA,NA,NA,NA,570,570,260,260,467,473,408,518,532,491,439,554,461,688,664,597,489,0.85,2.08,0.82,3.93,3.48,3.63,3.75,2.81,5.04,2.64,2.05,6.08,3.97,4.5,6,5.09,4.49,66585.41015625,30434,65931.0703125,75896.5,9706.5,6166,6404.5,10853.5,10254.5,9164.5,10468,8262,9097,16580,7517,8836,7820,NA
"28-JAN-2022",2022-01-28 08:26:25,"2022-01-28","8H 26M 25S","Unknown","2.16.0","Unknown","Unknown",570,260,467,473,408,518,532,491,439,554,461,688,664,597,489,1.85,4.37,2.59,2.78,2.82,2.68,4.26,2.61,2.12,5.69,3.61,4.01,5.63,4.8,4.22,30710,77578.3984375,9550.2099609375,6862.14990234375,7574.27978515625,10967.2001953125,11201.6005859375,9216.330078125,10321.8896484375,8330.5498046875,11478.509765625,17215.48046875,7819.1201171875,10511.3505859375,9976.4296875,NA,NA,NA,NA,NA,NA,NA,NA,570,570,260,260,467,473,408,518,532,491,439,554,461,688,664,597,489,0.81,1.84,0.8,4.38,3.49,3.48,3.44,3.03,4.79,2.7,2.27,6.43,4.15,4.28,6.05,4.82,4.33,66435.5,30324,66295.6875,76793,9858,7151,7934,10754,10948,9008,10337,8186,9222,17065,7789,10386,9888,NA
"28-JAN-2022",2022-01-28 08:25:10,"2022-01-28","8H 25M 10S","Unknown","2.16.0","Unknown","Unknown",570,260,467,473,408,518,532,491,439,554,461,688,664,597,489,1.53,4.65,5.47,6.41,5.66,2.99,4.22,2.75,2.23,5.54,3.78,7.18,7.37,7.11,6.84,30541.650390625,75518.80078125,8695.72509765625,6142.919921875,6911.1396484375,10716.3999023438,10912,8684.6396484375,9809.0703125,7913.7451171875,10555.5454101562,13392.1352539062,6190.92504882812,8211.4951171875,7752.90014648438,NA,NA,NA,NA,NA,NA,NA,NA,570,570,260,260,467,473,408,518,532,491,439,554,461,688,664,597,489,0.86,1.53,0.93,4.27,3.5,3.52,3.38,3.09,4.83,2.77,2.33,6.13,4.07,4.59,5.79,5,4.37,65989.91796875,30368,65181.302734375,75936,9777.5,7058.5,7832.5,10695,10906.5,8976.5,10264,8195.5,9225,16729,7636,10192,9732.5,NA
"27-JAN-2022",2022-01-27 08:45:23,"2022-01-27","8H 45M 23S","Unknown","2.16.0","Unknown","Unknown",570,260,467,473,408,518,532,491,439,554,461,688,664,597,489,1.82,3.93,2.52,2.8,2.78,2.65,4.07,2.47,2.13,5.65,3.61,4.01,5.13,4.34,4.05,30800.2802734375,77644.40234375,9711.02490234375,7142.599609375,7846.56494140625,10977.2001953125,11402.0004882812,9259.6201171875,10406.25,8357.7451171875,11433,17291.3759765625,7858.46508789062,10776.875,10297.2099609375,NA,NA,NA,NA,NA,NA,NA,NA,570,570,260,260,467,473,408,518,532,491,439,554,461,688,664,597,489,0.85,1.92,0.54,3.73,3.67,3.26,3.2,2.85,5.04,2.87,2.29,6.13,4,4.36,5.33,4.61,4.07,66681.87109375,30302,66425.17578125,76597,9862,7324,8064.5,10746.5,11127,8890,10220,8096,9112,16975,7739,10542,10087,NA
"27-JAN-2022",2022-01-27 08:43:15,"2022-01-27","8H 43M 15S","Unknown","2.16.0","Unknown","Unknown",570,260,467,473,408,518,532,491,439,554,461,688,664,597,489,1.75,4.23,3.4,3.3,3.28,2.77,4.26,2.92,2.53,5.64,3.8,4.79,5.87,5.16,4.49,30698.16015625,75957.6015625,9097.939453125,6673.2900390625,7352.0498046875,10808.7998046875,11117.6005859375,8614.7099609375,9706.9501953125,7816.6201171875,10531.6796875,14470.7900390625,6582.01025390625,9002.91015625,8627.5205078125,NA,NA,NA,NA,NA,NA,NA,NA,570,570,260,260,467,473,408,518,532,491,439,554,461,688,664,597,489,0.89,1.74,0.76,4.12,3.29,3.27,3.3,3.07,5.03,2.94,2.54,6.37,3.99,4.24,5.8,4.55,4.07,66384.0078125,30336,65577.1796875,75984,9774,7250,8007,10725,11086,8835,10138,8012,9112,16759,7646,10422,9980,NA
"26-JAN-2022",2022-01-26 09:00:12,"2022-01-26","9H 0M 12S","Unknown","2.16.0","Unknown","Unknown",570,260,467,473,408,518,532,491,439,554,461,688,664,597,489,2.83,3.84,2.67,2.83,2.72,2.54,4.04,2.74,2.23,5.69,3.8,4.35,5.46,4.65,4.2,31336.041015625,77445.6015625,9602.0400390625,7148.27978515625,7807.15966796875,11048,11478.400390625,9256.2900390625,10347.419921875,8211.7802734375,11385.2705078125,17194.83984375,7854.38037109375,10810.2001953125,10353.5400390625,NA,NA,NA,NA,NA,NA,NA,NA,570,570,260,260,467,473,408,518,532,491,439,554,461,688,664,597,489,0.88,3.03,0.98,3.55,3.53,3.39,3.39,2.95,4.85,2.87,2.43,6.21,4.24,4.58,5.87,4.79,4.33,67114.90625,30610,66985.2890625,75789,9966,7470,8210,10707,11098,9092,10415,8121,9171,17089,7806,10688,10281,NA
"26-JAN-2022",2022-01-26 08:59:03,"2022-01-26","8H 59M 3S","Unknown","2.16.0","Unknown","Unknown",570,260,467,473,408,518,532,491,439,554,461,688,664,597,489,2.62,3.76,4.64,3.95,3.94,2.52,4.04,2.57,2.34,5.82,3.92,5.52,6.97,5.98,5.75,31302,75939.203125,8990.01953125,6688.19970703125,7366.25,10898.400390625,11239.2001953125,8787.8701171875,9862.3505859375,7747.80029296875,10549.4404296875,14259.23046875,6446.1298828125,8898.419921875,8571.6201171875,NA,NA,NA,NA,NA,NA,NA,NA,570,570,260,260,467,473,408,518,532,491,439,554,461,688,664,597,489,0.95,2.88,0.97,3.32,3.51,3.29,3.29,2.95,5.04,2.76,2.34,6.26,4.21,4.67,5.87,4.68,4.31,66709.1484375,30788,66022.4296875,75316,9892,7394,8155,10723,11091,9128,10458,8099,9185,16852,7705,10540,10152,NA
"25-JAN-2022",2022-01-25 09:39:05,"2022-01-25","9H 39M 5S","Unknown","2.16.0","Unknown","Unknown",570,260,467,473,408,518,532,491,439,554,461,688,664,597,489,30.85,32.11,127.92,119.74,132.62,93.5,118.79,62.25,68.66,99.92,119.15,132.56,127.32,126.52,133.85,67364.79296875,194906.8046875,5093.18469238281,4181.18994140625,4425.78491210938,7934.80029296875,6512.40026855469,15240.3002929688,10109.3251953125,8061.92993164062,6760.45520019531,9347.77026367188,4297.84997558594,6316.48498535156,6142.76513671875,NA,NA,NA,NA,NA,NA,NA,NA,570,570,260,260,467,473,408,518,532,491,439,554,461,688,664,597,489,32.7,54.54,11.07,58.4,128.69,130.45,133.68,91.34,123.46,47.22,86.84,87.77,134.96,136.33,128.68,128.31,138.45,91542.0703125,53301,72416.45703125,171186,5053,4051,4597,6897,5891,9822.5,7072.5,6432.5,4760.5,8588,4202.5,6110,5866,NA
"25-JAN-2022",2022-01-25 09:38:00,"2022-01-25","9H 38M 0S","Unknown","2.16.0","Unknown","Unknown",570,260,467,473,408,518,532,491,439,554,461,688,664,597,489,1.53,3.96,6.84,7.27,6.35,2.93,4.12,2.44,1.99,5.42,3.67,7.01,7.87,6.87,6.54,30581.98046875,74378.40234375,8446.16015625,6296.27978515625,7173.1298828125,10638.0004882812,11128.7998046875,8766.22509765625,9778.54541015625,7982.01025390625,10535.009765625,13187.455078125,5991.4052734375,8477.8798828125,8452.9404296875,NA,NA,NA,NA,NA,NA,NA,NA,570,570,260,260,467,473,408,518,532,491,439,554,461,688,664,597,489,0.91,1.61,0.9,3.34,3.23,3.23,3.36,2.94,4.93,2.73,2.12,6.05,4.01,4.79,6.16,4.73,4.4,66119.15234375,30336.5,65272.259765625,74552.5,9691,7421,8314,10581,11123,9134,10342,8314,9251.5,16492.5,7501,10529,10449,NA
"24-JAN-2022",2022-01-24 08:34:17,"2022-01-24","8H 34M 17S","Unknown","2.16.0","Unknown","Unknown",570,260,467,473,408,518,532,491,439,554,461,688,664,597,489,1.29,5.69,2.77,2.79,2.87,2.78,4.12,2.59,2.14,5.79,3.86,3.83,5.47,4.46,4.43,30418.439453125,77956.8046875,9637.5400390625,7316.5498046875,8096.1298828125,10927.2001953125,11517.6005859375,9262.9501953125,10234.2001953125,8391.6005859375,11289.810546875,17424.890625,7958.01025390625,11158.0703125,11041.5400390625,NA,NA,NA,NA,NA,NA,NA,NA,570,570,260,260,467,473,408,518,532,491,439,554,461,688,664,597,489,0.81,1.47,0.55,5.36,3.45,3.29,3.36,2.99,4.94,2.78,2.39,5.96,4.28,4.08,5.8,4.66,4.39,66241.5859375,30157,65708.6796875,77794,9956,7617,8463,10812,11398,9079,10283,8280,9186,17060,7796,10886,10784,NA
"24-JAN-2022",2022-01-24 08:33:00,"2022-01-24","8H 33M 0S","Unknown","2.16.0","Unknown","Unknown",570,260,467,473,408,518,532,491,439,554,461,688,664,597,489,1.16,5.47,4.06,3.99,3.7,2.8,4.25,2.86,2.28,5.76,4.35,4.59,5.74,5.64,5.08,30382.1796875,76931.203125,8983.6298828125,6803.9296875,7561.85473632812,10785.2001953125,11360.7998046875,8805.0751953125,9875.669921875,8039.17504882812,10523.3549804688,14524.3251953125,6562.87524414062,9118.365234375,9073.85986328125,NA,NA,NA,NA,NA,NA,NA,NA,570,570,260,260,467,473,408,518,532,491,439,554,461,688,664,597,489,0.86,1.34,0.61,5.4,3.52,3.31,3.38,3.12,4.81,2.91,2.43,6.24,4.5,4.28,5.68,4.84,4.49,66030.8203125,30215.5,65132.3984375,77524.5,9935,7579,8431,10793.5,11385,9069,10327,8276.5,9215.5,17001,7773.5,10821,10757,NA
"21-JAN-2022",2022-01-21 09:50:39,"2022-01-21","9H 50M 39S","Unknown","2.16.0","Unknown","Unknown",570,260,467,473,408,518,532,491,439,554,461,688,664,597,489,1.66,4.92,2.84,2.82,3.04,3.9,4.24,3.18,2.8,5.93,3.78,5.66,6.34,5.47,5.15,30756.62109375,75126.40234375,9466.4296875,6595.544921875,7020.8349609375,10652.7998046875,10818.8002929688,9147.509765625,10037.73046875,8316.1201171875,11333.6552734375,16440.1904296875,7487.15991210938,9803.35546875,9059.88525390625,NA,NA,NA,NA,NA,NA,NA,NA,570,570,260,260,467,473,408,518,532,491,439,554,461,688,664,597,489,0.91,1.89,0.86,4.34,3.63,3.69,3.69,3.84,5.08,3.26,2.9,6.48,4.26,5.49,6.54,5.27,5.01,65890.875,30623.5,65343.0859375,75382,9654.5,6784,7274,10591,10691.5,8937,10041.5,8166,9198,16170.5,7372,9576.5,8880.5,NA
"21-JAN-2022",2022-01-21 09:49:13,"2022-01-21","9H 49M 13S","Unknown","2.16.0","Unknown","Unknown",570,260,467,473,408,518,532,491,439,554,461,688,664,597,489,1.62,4.77,5.01,5.06,4.65,3.22,4.42,3.01,2.37,5.79,3.83,6.51,7.14,6.21,5.89,30676.701171875,74795.203125,8744.359375,6096.77001953125,6526.6748046875,10640.3999023438,10709.2001953125,8758.455078125,9761.89501953125,8004.21020507812,10562.205078125,13731.1899414062,6274.56005859375,8183.330078125,7600.68017578125,NA,NA,NA,NA,NA,NA,NA,NA,570,570,260,260,467,473,408,518,532,491,439,554,461,688,664,597,489,0.89,1.88,0.77,4.39,3.72,3.74,3.59,3.28,5.28,3.16,2.46,6.08,4.12,5.11,6.46,5.15,4.77,65843.32421875,30576,64845.8828125,75616,9694.5,6814,7307,10683,10737.5,8985.5,10118,8215,9187,16348,7459.5,9680.5,8951,NA
"20-JAN-2022",2022-01-20 09:19:18,"2022-01-20","9H 19M 18S","Unknown","2.16.0","Unknown","Unknown",570,260,467,473,408,518,532,491,439,554,461,688,664,597,489,1.63,4.48,2.53,2.84,2.75,2.79,3.95,2.69,2.28,5.73,3.79,4.36,5.37,4.91,4.52,30605.66015625,75888,9291.0595703125,6444.669921875,6891.9697265625,10769.6005859375,10832.7998046875,9042.060546875,9887.8798828125,8128.5302734375,11155.5,16871.05078125,7676.3603515625,9954.5,9219.6298828125,NA,NA,NA,NA,NA,NA,NA,NA,570,570,260,260,467,473,408,518,532,491,439,554,461,688,664,597,489,0.88,1.76,0.7,3.87,3.36,3.43,3.27,3.16,4.93,3.06,2.57,6.35,4.32,4.6,5.63,5.06,4.69,66391.5078125,30269,65993.1015625,75194,9625,6743,7253,10590,10622,8926,9984,8059,9002,16520,7526,9699,9012,NA
"20-JAN-2022",2022-01-20 09:18:00,"2022-01-20","9H 18M 0S","Unknown","2.16.0","Unknown","Unknown",570,260,467,473,408,518,532,491,439,554,461,688,664,597,489,1.54,4.7,5.28,5.04,4.71,2.95,4.29,2.63,2.28,5.5,3.9,6.06,7.18,6.33,5.94,30611.580078125,74534.3984375,8396.4599609375,5822,6345.27001953125,10628.7998046875,10624.7998046875,8689.080078125,9590.400390625,7838.8203125,10414.0205078125,13560.91015625,6041.93017578125,7880.18017578125,7357.30029296875,NA,NA,NA,NA,NA,NA,NA,NA,570,570,260,260,467,473,408,518,532,491,439,554,461,688,664,597,489,0.9,1.59,0.75,4.02,3.45,3.45,3.34,3.1,5.02,2.87,2.62,6.39,4.19,4.56,5.99,4.91,4.49,66176.3984375,30344,65349.4609375,74572,9631,6706,7232,10604,10623,8946,10019,8073,9016,16372,7456,9597,8925,NA
"19-JAN-2022",2022-01-19 08:40:23,"2022-01-19","8H 40M 23S","Unknown","2.16.0","Unknown","Unknown",570,260,467,473,408,518,532,491,439,554,461,688,664,597,489,1.18,5.74,2.65,2.86,3.03,2.72,4.27,2.81,2.09,6.03,3.97,3.51,5.27,4.57,4.39,30381.439453125,77493.6015625,9477.080078125,6626.4296875,7120.58984375,10893.6005859375,10932.7998046875,9328.4404296875,10173.150390625,8410.4697265625,11525.1298828125,17234.400390625,7834.169921875,10334.6201171875,9603.6201171875,NA,NA,NA,NA,NA,NA,NA,NA,570,570,260,260,467,473,408,518,532,491,439,554,461,688,664,597,489,0.84,1.4,0.59,5.78,3.46,3.25,3.73,2.98,4.94,2.85,2.24,6.29,4.34,4.07,5.74,4.69,4.53,66082.890625,30162,65581.4375,77450,9814,6934,7505,10814,10811,9259,10329,8411,9393,17036,7752,10125,9452,NA
"19-JAN-2022",2022-01-19 08:39:16,"2022-01-19","8H 39M 16S","Unknown","2.16.0","Unknown","Unknown",570,260,467,473,408,518,532,491,439,554,461,688,664,597,489,1.22,5,5.38,5.66,4.9,2.7,4.04,2.59,2.12,5.48,3.81,4.88,5.64,5.24,5.04,30391.80078125,75636.8046875,8311.61474609375,5774.78466796875,6366.21484375,10756.8002929688,10711.2001953125,8964.3603515625,9915.0751953125,8137.41015625,10638.240234375,13835.4653320312,6217.58520507812,8022.51025390625,7507.58520507812,NA,NA,NA,NA,NA,NA,NA,NA,570,570,260,260,467,473,408,518,532,491,439,554,461,688,664,597,489,0.78,1.31,0.71,5.08,3.64,3.38,3.52,3.11,5.46,2.8,2.26,6.05,4.19,3.79,5.31,4.49,4.3,65991.31640625,30211,64905.416015625,76351,9832,6860,7460,10782.5,10746,9262,10375,8395,9306,16870.5,7723,10041,9372.5,NA
"18-JAN-2022",2022-01-18 09:53:43,"2022-01-18","9H 53M 43S","Unknown","2.16.0","Unknown","Unknown",570,260,467,473,408,518,532,491,439,554,461,688,664,597,489,1.49,4.73,2.64,2.87,3.26,2.78,4.13,2.59,1.97,6.04,3.73,3.75,5.48,4.24,4.08,30512.419921875,77280.8046875,9361.349609375,6667.60986328125,7112.06982421875,10972.7998046875,11104.7998046875,9357.2998046875,10288.58984375,8440.4404296875,11516.25,16993.599609375,7751.6103515625,10260.23046875,9556.3203125,NA,NA,NA,NA,NA,NA,NA,NA,570,570,260,260,467,473,408,518,532,491,439,554,461,688,664,597,489,0.79,1.59,0.69,4.72,3.59,3.47,3.8,2.98,5.29,2.82,2.4,6.34,4,4.01,5.79,4.46,4.39,66419.5234375,30133,66145.46875,76689,9745,7001,7521,10790,10901,9268,10446,8421,9338,16831,7710,10107,9450,NA
"18-JAN-2022",2022-01-18 09:52:48,"2022-01-18","9H 52M 48S","Unknown","2.16.0","Unknown","Unknown",570,260,467,473,408,518,532,491,439,554,461,688,664,597,489,1.46,4.65,4.88,4.3,4.3,2.83,3.98,2.59,2.14,5.89,3.98,5,6.22,5.18,5.23,30553.12109375,76053.6015625,8653.83447265625,6159.60498046875,6618.2646484375,10861.6005859375,10905.6005859375,8998.21533203125,10047.7197265625,8174.59521484375,10697.625,13960.3803710938,6346.80004882812,8348.88037109375,7737.85009765625,NA,NA,NA,NA,NA,NA,NA,NA,570,570,260,260,467,473,408,518,532,491,439,554,461,688,664,597,489,0.8,1.55,0.79,4.63,3.25,3.21,3.43,2.81,5.24,2.87,2.26,6.1,4.24,3.99,5.79,4.6,4.12,66376.625,30176.5,65517.3203125,76288,9777,6956,7484,10805,10868.5,9309,10514.5,8426,9295.5,16850,7678,10047,9378.5,NA
"14-JAN-2022",2022-01-14 10:28:16,"2022-01-14","10H 28M 16S","Unknown","2.16.0","Unknown","Unknown",570,260,467,473,408,518,532,491,439,554,461,688,664,597,489,0.64,5.18,4.06,2.99,3.93,3.17,4.96,3.69,4.56,6.2,5.84,3.98,6.85,3.15,3.35,30283.01953125,80918.3984375,9611.9794921875,6558.27001953125,7174.5498046875,10884.7998046875,11001.6005859375,9538.23046875,10405.1396484375,8735.7001953125,11697.1796875,17625.26953125,8064.64990234375,10596.490234375,10026.310546875,NA,NA,NA,NA,NA,NA,NA,NA,570,570,260,260,467,473,408,518,532,491,439,554,461,688,664,597,489,0.71,0.7,0.46,4.07,5.6,1.81,5.86,3.06,6.16,3.94,5.22,7.26,3.45,5.41,6.9,4.48,3.93,66127.7890625,30102,65234.15234375,80948,9894,6873,7565,10815,11069,9520,10603,8743,9594,17334,7998,10291,9763,NA
"14-JAN-2022",2022-01-14 10:27:48,"2022-01-14","10H 27M 48S","Unknown","2.16.0","Unknown","Unknown",570,260,467,473,408,518,532,491,439,554,461,688,664,597,489,0.53,4.93,1.66,4.27,3.04,2.88,3.83,2.13,1.87,5.16,2.51,5.78,5.52,4.16,1.92,30167.580078125,79552,9345.7294921875,6455.31982421875,7144.02001953125,10920,11061.6005859375,9446.1005859375,10289.7001953125,8447.1005859375,11797.080078125,18076.33984375,7883.6201171875,10731.9404296875,10275.7099609375,NA,NA,NA,NA,NA,NA,NA,NA,570,570,260,260,467,473,408,518,532,491,439,554,461,688,664,597,489,0.74,0.38,0.63,4.07,2.16,2.25,1.9,3.84,4.59,1.93,2.55,10.46,2.45,4.82,5.15,4.04,2.67,65954.5234375,29921,65141.78515625,80149,9673,6799,7564,10959,10940,9444,10532,8632,9672,17635,7630,10466,10011,NA
"13-JAN-2022",2022-01-13 09:48:07,"2022-01-13","9H 48M 7S","Unknown","2.16.0","Unknown","Unknown",570,260,467,473,408,518,532,491,439,554,461,688,664,597,489,2.21,3.92,2.67,3.02,3.35,2.62,4.54,2.38,2.06,5.33,3.71,4.1,5.58,4.45,4.2,31175.0908203125,76185.203125,9100.779296875,5315.4150390625,5428.3046875,10881.6005859375,10113.6005859375,9526.5751953125,10213.1103515625,8315.009765625,11283.150390625,16856,7627.55517578125,8520.0205078125,7233.0302734375,NA,NA,NA,NA,NA,NA,NA,NA,570,570,260,260,467,473,408,518,532,491,439,554,461,688,664,597,489,0.85,2.44,0.83,3.32,3.7,3.67,4.18,2.99,5.4,2.7,2.25,6.33,4.06,4.28,6.17,4.73,4.3,66700.2890625,30657,66371.1640625,75088,9377,5527,5690.5,10648,9866.5,9437,10368,8300,9137.5,16659,7575,8369,7135,NA
"13-JAN-2022",2022-01-13 09:46:51,"2022-01-13","9H 46M 51S","Unknown","2.16.0","Unknown","Unknown",570,260,467,473,408,518,532,491,439,554,461,688,664,597,489,2.09,3.9,3.29,3.62,3.67,2.68,4.37,2.44,2.04,5.49,3.86,4.51,6.1,5.46,5.24,31069.640625,75289.203125,8629.33984375,5026.7998046875,5169.509765625,10764,9931.2001953125,9166.3798828125,9908.9697265625,8043.61499023438,10541.669921875,14071.53515625,6375.61010742188,6959.1201171875,5953.56518554688,NA,NA,NA,NA,NA,NA,NA,NA,570,570,260,260,467,473,408,518,532,491,439,554,461,688,664,597,489,0.91,2.29,0.74,3.26,3.61,3.68,3.92,3.08,5.23,2.77,2.27,6.15,4.09,3.94,5.95,4.79,4.3,66668.22265625,30561,65759.40234375,74858.5,9354,5515,5673,10624,9838,9436,10360,8306.5,9133,16651,7540.5,8349,7126,NA
"12-JAN-2022",2022-01-12 09:16:01,"2022-01-12","9H 16M 1S","Unknown","2.16.0","Unknown","Unknown",570,260,467,473,408,518,532,491,439,554,461,688,664,597,489,2.86,3.79,2.72,3.21,3.51,2.6,4.39,2.82,2.17,5.89,3.9,3.98,5.58,4.6,4.39,31831.83984375,78192.8046875,9433.76953125,5543.6796875,5670.77001953125,11158.400390625,10343.2001953125,9399.48046875,10176.48046875,8406.0302734375,11391.9296875,16837.080078125,7644.5400390625,8560.8701171875,7346.55029296875,NA,NA,NA,NA,NA,NA,NA,NA,570,570,260,260,467,473,408,518,532,491,439,554,461,688,664,597,489,0.8,3.04,0.57,3.99,3.64,3.98,4.13,2.92,5.5,2.98,2.42,6.43,4.28,4.47,6.16,4.96,4.62,66361.921875,31442,65797.609375,78028,9744,5768,5955,11020,10222,9244,10239,8307,9241,16730,7610,8463,7285,NA
"12-JAN-2022",2022-01-12 09:14:38,"2022-01-12","9H 14M 38S","Unknown","2.16.0","Unknown","Unknown",570,260,467,473,408,518,532,491,439,554,461,688,664,597,489,2.79,3.41,3.67,3.58,4.07,2.47,4.21,2.6,2.18,5.73,3.87,4.5,5.87,5.12,4.89,31788.919921875,77320,8518.580078125,5090.69970703125,5171.6396484375,11094.400390625,10204.7998046875,9068.7001953125,9908.9697265625,8100.7802734375,10591.6201171875,13532.9599609375,6254.7802734375,6893.76025390625,5869.5,NA,NA,NA,NA,NA,NA,NA,NA,570,570,260,260,467,473,408,518,532,491,439,554,461,688,664,597,489,0.77,2.89,0.59,3.56,3.6,3.82,4.08,2.93,5.31,2.83,2.3,6.53,4.12,4.28,5.95,4.77,4.44,66292.4453125,31440,65296.67578125,77737,9713,5749,5964,11041,10191,9234,10237,8282,9244,16715,7622,8451,7283,NA
"11-JAN-2022",2022-01-11 08:49:20,"2022-01-11","8H 49M 20S","Unknown","2.16.0","Unknown","Unknown",570,260,467,473,408,518,532,491,439,554,461,688,664,597,489,3.43,3.66,2.74,3.17,3.37,2.44,4.33,2.54,2.08,5.82,3.86,3.82,5.24,4.32,4.02,31838.5,78679.203125,9607.009765625,5686.3896484375,5838.32958984375,11213.6005859375,10427.2001953125,9526.0205078125,10301.91015625,8539.23046875,11552.8798828125,17406.830078125,7925.76025390625,8950.0205078125,7687.1103515625,NA,NA,NA,NA,NA,NA,NA,NA,570,570,260,260,467,473,408,518,532,491,439,554,461,688,664,597,489,0.77,3.55,0.49,3.72,3.62,3.64,3.88,2.88,5.44,2.91,2.32,6.63,4.12,4.27,5.58,4.67,4.16,66371.6875,31453,65871.0625,78430,9883,5902,6118,11068,10271,9283,10268,8359,9284,17033,7765,8698,7512,NA
"11-JAN-2022",2022-01-11 08:48:07,"2022-01-11","8H 48M 7S","Unknown","2.16.0","Unknown","Unknown",570,260,467,473,408,518,532,491,439,554,461,688,664,597,489,3.46,3.65,3.91,3.86,4.26,2.62,4.54,2.61,2.18,5.92,3.85,4.44,5.6,5.11,4.93,31991.6796875,77935.6015625,9034.75,5362.98486328125,5494.3349609375,11186.400390625,10323.2001953125,9178.03515625,10059.9296875,8296.69482421875,10731.48046875,14723.2001953125,6638.77026367188,7419.22021484375,6424.84497070312,NA,NA,NA,NA,NA,NA,NA,NA,570,570,260,260,467,473,408,518,532,491,439,554,461,688,664,597,489,0.84,3.49,0.63,3.75,3.59,3.83,3.88,2.94,5.4,2.81,2.35,6.36,4.21,4.14,5.52,4.69,4.04,66430.77734375,31560,65499.357421875,78056,9919,5883,6114,11117,10272.5,9303.5,10310.5,8401.5,9263,17056.5,7763,8700.5,7512.5,NA
"10-JAN-2022",2022-01-10 09:19:53,"2022-01-10","9H 19M 53S","Unknown","2.16.0","Unknown","Unknown",570,260,467,473,408,518,532,491,439,554,461,688,664,597,489,2.89,3.45,2.7,3.15,3.5,2.46,4.5,2.63,2.06,5.98,3.64,3.75,5.3,4.43,3.99,31816.30078125,78996,9423.830078125,5652.31005859375,5750.2900390625,11272.7998046875,10459.2001953125,9580.41015625,10384.0498046875,8638.0205078125,11475.1796875,17176.78125,7824.7099609375,8778.8798828125,7627.77001953125,NA,NA,NA,NA,NA,NA,NA,NA,570,570,260,260,467,473,408,518,532,491,439,554,461,688,664,597,489,0.77,3.06,0.56,3.78,3.53,3.85,4.12,2.91,5.12,2.93,2.29,6.32,4.24,4.14,5.86,4.67,4.23,66664.59375,31278,66124.828125,78435,9740,5891,6044,11106,10260,9517,10558,8612,9347,16871,7691,8564,7473,NA
"10-JAN-2022",2022-01-10 09:18:43,"2022-01-10","9H 18M 43S","Unknown","2.16.0","Unknown","Unknown",570,260,467,473,408,518,532,491,439,554,461,688,664,597,489,2.76,3.61,5.26,5.49,6.2,2.57,4.59,2.63,2.26,5.81,3.99,5.62,6.71,6.25,5.97,31815.9306640625,77887.19921875,8686.49462890625,5188.32470703125,5227.72998046875,11188,10298.8002929688,9262.9501953125,10154.2802734375,8366.625,10693.740234375,14029.1806640625,6365.72021484375,7058.44995117188,6189.205078125,NA,NA,NA,NA,NA,NA,NA,NA,570,570,260,260,467,473,408,518,532,491,439,554,461,688,664,597,489,0.86,2.97,0.78,3.67,3.74,3.81,4.03,2.7,5.4,2.85,2.53,6.65,4.44,4.09,5.67,4.79,4.4,66520.296875,31352,65556.1796875,77944.5,9781,5876,6028,11138,10247,9540.5,10614,8630,9346,16807,7665,8526.5,7442,NA
"07-JAN-2022",2022-01-07 10:17:02,"2022-01-07","10H 17M 2S","Unknown","2.16.0","Unknown","Unknown",570,260,467,473,408,518,532,491,439,554,461,688,664,597,489,3.18,3.96,2.84,2.91,3.02,2.52,4.26,2.61,2.15,5.91,3.85,4.12,5.61,4.35,3.86,32739.080078125,77835.203125,9443,7159.6396484375,7972.58984375,11030.400390625,11664,9594.83984375,10356.2998046875,8631.3603515625,11551.7705078125,17066.26953125,7737.419921875,10914.259765625,10806.330078125,NA,NA,NA,NA,NA,NA,NA,NA,570,570,260,260,467,473,408,518,532,491,439,554,461,688,664,597,489,0.75,3.34,0.63,4.18,3.62,3.38,3.57,2.97,5.26,2.81,2.36,6.81,4.49,4.35,6.09,4.54,4.03,66789.3046875,32113,66355.5703125,77060,9862,7539,8439,10832,11415,9603,10622,8683,9544,16781,7624,10681,10605,NA
"07-JAN-2022",2022-01-07 10:16:05,"2022-01-07","10H 16M 5S","Unknown","2.16.0","Unknown","Unknown",570,260,467,473,408,518,532,491,439,554,461,688,664,597,489,2.92,4.09,7.64,6.28,6.21,2.69,4.38,2.68,2.24,5.77,4.05,5.47,7.04,6.13,5.62,32847.490234375,76784.8046875,8261.91455078125,6365.85986328125,7132.65966796875,10956.3999023438,11475.6000976562,9280.7099609375,10126.5302734375,8367.73486328125,10739.8051757812,13666.6904296875,6132.01513671875,8466.7001953125,8594.84033203125,NA,NA,NA,NA,NA,NA,NA,NA,570,570,260,260,467,473,408,518,532,491,439,554,461,688,664,597,489,0.8,3.02,0.78,4.26,3.84,3.58,3.46,3.29,5.35,2.96,2.42,6.41,4.43,4.48,6.15,4.83,4.2,66601.39453125,32310,65734.78515625,76711.5,9849,7475,8398.5,10872,11426,9617,10647,8685,9519,16613.5,7587,10600,10484,NA
"06-JAN-2022",2022-01-06 09:15:52,"2022-01-06","9H 15M 52S","Unknown","2.16.0","Unknown","Unknown",570,260,467,473,408,518,532,491,439,554,461,688,664,597,489,3.24,3.67,2.76,2.82,2.77,2.56,4.43,2.55,2.03,6.02,3.65,4.13,5.32,4.07,3.84,32431.98046875,78535.6015625,9444.77490234375,7203.65966796875,8034.0048828125,11103.2001953125,11750.0004882812,9665.8798828125,10325.2197265625,8672.4296875,11597.2802734375,17010.80078125,7729.68017578125,10985.4252929688,10919.8500976562,NA,NA,NA,NA,NA,NA,NA,NA,570,570,260,260,467,473,408,518,532,491,439,554,461,688,664,597,489,0.78,3.43,0.71,3.19,3.61,3.45,3.32,3.13,5.45,2.82,2.43,6.65,4.26,4.23,5.9,4.25,3.92,66875.56640625,31789.5,66538.5,77274.5,9891,7606,8509.5,10872,11468.5,9659,10562,8689.5,9520.5,16703,7609,10719,10690,NA
"06-JAN-2022",2022-01-06 09:15:06,"2022-01-06","9H 15M 6S","Unknown","2.16.0","Unknown","Unknown",570,260,467,473,408,518,532,491,439,554,461,688,664,597,489,3.12,3.8,11.67,9.96,11.32,2.63,4.32,2.67,2.2,5.6,4.06,6.53,7.21,6.62,6.59,32454.919921875,76766.3984375,7856.85986328125,6173.44970703125,6744.2900390625,10944,11530.400390625,9319.560546875,10078.7998046875,8372.73046875,10770.330078125,13213.900390625,6134.3798828125,8531.6298828125,8414.240234375,NA,NA,NA,NA,NA,NA,NA,NA,570,570,260,260,467,473,408,518,532,491,439,554,461,688,664,597,489,0.84,3.2,0.74,3.19,3.64,3.39,3.47,3.04,5.14,2.89,2.35,6.09,4.27,4.52,5.98,4.66,4.02,66478.1015625,32022,65594.1171875,76604,9763,7527,8423,10867,11450,9658,10590,8673,9520,16479,7510,10571,10536,NA
"05-JAN-2022",2022-01-05 09:26:17,"2022-01-05","9H 26M 17S","Unknown","2.16.0","Unknown","Unknown",570,260,467,473,408,518,532,491,439,554,461,688,664,597,489,2.56,3.38,2.69,2.64,2.75,2.45,4.02,2.43,1.91,5.69,3.64,3.84,5.05,3.94,3.28,31253.900390625,78896.8046875,9604.8798828125,7243.419921875,8128.07958984375,11191.2001953125,11844.7998046875,9680.310546875,10451.759765625,8770.1103515625,11582.8505859375,17374.580078125,7915.43994140625,11158.9306640625,11126.6806640625,NA,NA,NA,NA,NA,NA,NA,NA,570,570,260,260,467,473,408,518,532,491,439,554,461,688,664,597,489,0.78,2.68,0.51,3.34,3.53,3.13,3.28,2.92,4.81,2.74,2.14,6.13,3.96,4.12,5.4,4.18,3.52,66758.015625,30704,66246.5703125,78119,9957,7572,8540,10982,11589,9681,10688,8797,9536,16839,7686,10771,10778,NA
"05-JAN-2022",2022-01-05 09:25:36,"2022-01-05","9H 25M 36S","Unknown","2.16.0","Unknown","Unknown",570,260,467,473,408,518,532,491,439,554,461,688,664,597,489,2.38,3.53,6.44,6.31,7.25,2.54,3.93,2.58,2.06,5.82,3.52,5.18,6.41,5.35,5.07,31164.361328125,77103.203125,8473.1396484375,6409.8798828125,7057.39990234375,11045.6005859375,11580,9315.1201171875,10158.7197265625,8452.650390625,10799.1904296875,13759.140625,6278.43017578125,8745.7705078125,8787.91015625,NA,NA,NA,NA,NA,NA,NA,NA,570,570,260,260,467,473,408,518,532,491,439,554,461,688,664,597,489,0.84,2.56,0.66,3.37,3.41,3.22,3.29,3.06,4.65,2.78,2.21,6.53,3.85,4.09,5.79,4.31,3.65,66344.109375,30785,65311.10546875,77377,9957,7544,8517,11000,11534,9662,10679,8765,9577,16666,7602,10689,10682,NA
"04-JAN-2022",2022-01-04 10:14:44,"2022-01-04","10H 14M 44S","Unknown","2.16.0","Unknown","Unknown",570,260,467,473,408,518,532,491,439,554,461,688,664,597,489,3.61,3.62,2.63,2.7,2.85,2.37,4.23,2.61,2.09,5.57,3.76,3.75,5.42,3.94,3.68,31765.240234375,79351.203125,9701.439453125,7397.48974609375,8247.359375,11152,11844.7998046875,9824.6103515625,10559.4296875,8974.3505859375,11701.6201171875,17300.189453125,7852.66015625,11025.2001953125,11167.5302734375,NA,NA,NA,NA,NA,NA,NA,NA,570,570,260,260,467,473,408,518,532,491,439,554,461,688,664,597,489,0.78,3.73,0.61,3.72,3.38,3.19,3.15,2.91,5.38,2.93,2.47,6.23,4.31,3.98,5.64,4.13,3.74,67206.4609375,30953,66926.9296875,77882,10086,7760,8697,10852,11496,9726,10694,8927,9503,16956,7702,10765,10941,NA
"04-JAN-2022",2022-01-04 10:13:54,"2022-01-04","10H 13M 54S","Unknown","2.16.0","Unknown","Unknown",570,260,467,473,408,518,532,491,439,554,461,688,664,597,489,3.56,3.57,3.13,2.91,2.82,2.38,4.23,2.6,2.15,5.7,3.92,4.1,5.68,4.3,4.08,32008.701171875,78520,9174.6201171875,7009.82958984375,7882.419921875,11095.2001953125,11709.6005859375,9552.66015625,10388.490234375,8745.6904296875,10998.990234375,14457.890625,6619.419921875,9212.3203125,9295.740234375,NA,NA,NA,NA,NA,NA,NA,NA,570,570,260,260,467,473,408,518,532,491,439,554,461,688,664,597,489,0.75,3.64,0.6,3.86,3.54,3.3,3.31,2.94,5.25,2.78,2.6,6.35,4.31,4.13,5.68,4.24,3.91,67234.5,31184,66549.453125,77551,10056,7736,8678,10910,11532,9754,10757,8943,9495,16921,7672,10732,10912,NA
